transaction_id,merchant_id,customer_id,transaction_ts,amount,currency,status,payment_channel
T1000001,M100,C01546,2026-09-01 19:58:53,3784.22,INR,SUCCESS,QR
T1000002,M121,C00414,2026-09-01 18:41:44,83519.53,INR,SUCCESS,ONLINE
T1000003,M107,C00024,2026-09-01 13:10:10,10607.49,INR,SUCCESS,ONLINE
T1000004,M118,C00169,2026-09-01 23:46:58,22793.18,INR,SUCCESS,ONLINE
T1000005,M118,C00825,2026-09-01 09:02:02,15391.79,INR,SUCCESS,QR
T1000006,M117,C02218,2026-09-01 19:33:25,7996.96,INR,SUCCESS,POS
T1000007,M112,C00391,2026-09-01 22:20:46,7519.39,INR,SUCCESS,QR
T1000008,M117,C01854,2026-09-01 15:45:09,17445.61,INR,SUCCESS,POS
T1000009,M104,C01788,2026-09-01 20:49:15,2958.10,INR,FAILED,QR
T1000010,M108,C00685,2026-09-01 21:37:29,15500.52,INR,SUCCESS,ONLINE
T1000011,M121,C02066,2026-09-01 11:05:29,51405.48,INR,FAILED,ONLINE
T1000012,M104,C00509,2026-09-01 15:49:29,4501.24,INR,SUCCESS,ONLINE
T1000013,M118,C02525,2026-09-01 06:42:45,53809.57,INR,SUCCESS,POS
T1000014,M101,C01423,2026-09-01 17:12:25,74266.53,INR,FAILED,POS
T1000015,M121,C00122,2026-09-01 22:26:14,25289.96,INR,SUCCESS,POS
T1000016,M107,C02534,2026-09-01 19:14:01,10107.56,INR,SUCCESS,ONLINE
T1000017,M109,C01119,2026-09-01 09:19:02,29695.66,INR,SUCCESS,POS
T1000018,M112,C02348,2026-09-01 09:47:49,37266.24,INR,SUCCESS,ONLINE
T1000019,M116,C02303,2026-09-01 19:29:09,2156.11,INR,SUCCESS,ONLINE
T1000020,M101,C02704,2026-09-01 10:36:05,25245.90,INR,SUCCESS,POS
T1000021,M101,C01237,2026-09-01 12:11:16,23138.19,INR,SUCCESS,QR
T1000022,M110,C00783,2026-09-01 16:50:25,48274.31,INR,SUCCESS,POS
T1000023,M112,C00530,2026-09-01 19:04:36,66240.29,INR,SUCCESS,ONLINE
T1000024,M110,C00438,2026-09-01 14:25:50,35064.29,INR,SUCCESS,POS
T1000025,M113,C02908,2026-09-01 14:50:43,2031.86,INR,SUCCESS,ONLINE
T1000026,M115,C01239,2026-09-01 07:10:22,3622.73,INR,SUCCESS,ONLINE
T1000027,M107,C01062,2026-09-01 19:08:31,9862.55,INR,SUCCESS,QR
T1000028,M120,C01245,2026-09-01 10:13:46,361.96,INR,SUCCESS,ONLINE
T1000029,M116,C02703,2026-09-01 20:15:18,4264.31,INR,SUCCESS,ONLINE
T1000030,M121,C02431,2026-09-01 17:50:23,72937.61,INR,SUCCESS,ONLINE
T1000031,M109,C00751,2026-09-01 11:32:33,39074.63,INR,SUCCESS,POS
T1000032,M117,C01448,2026-09-01 20:17:40,7277.36,INR,FAILED,ONLINE
T1000033,M104,C00436,2026-09-01 07:37:21,1663.50,INR,SUCCESS,ONLINE
T1000034,M105,C00010,2026-09-01 08:18:44,2669.12,INR,SUCCESS,POS
T1000035,M108,C01794,2026-09-01 12:27:09,17646.09,INR,SUCCESS,ONLINE
T1000036,M115,C02938,2026-09-01 12:59:49,5582.18,INR,SUCCESS,QR
T1000037,M101,C02553,2026-09-01 21:52:27,79375.68,INR,SUCCESS,ONLINE
T1000038,M104,C00091,2026-09-01 20:22:17,4184.46,INR,REVERSED,POS
T1000039,M101,C01929,2026-09-01 15:27:12,4906.29,INR,SUCCESS,QR
T1000040,M115,C01896,2026-09-01 19:33:49,4336.32,INR,REVERSED,ONLINE
T1000041,M115,C01520,2026-09-01 20:09:25,4210.19,INR,SUCCESS,POS
T1000042,M105,C00900,2026-09-01 18:47:36,2998.59,INR,SUCCESS,POS
T1000043,M110,C01577,2026-09-01 10:45:06,32784.93,INR,SUCCESS,QR
T1000044,M112,C01025,2026-09-01 12:45:13,88259.88,INR,FAILED,POS
T1000045,M112,C01362,2026-09-01 19:33:15,54581.40,INR,SUCCESS,QR
T1000046,M100,C00332,2026-09-01 19:35:49,3890.32,INR,SUCCESS,ONLINE
T1000047,M120,C01831,2026-09-01 11:14:13,1318.02,INR,SUCCESS,QR
T1000048,M101,C01523,2026-09-01 11:41:10,17829.02,INR,SUCCESS,POS
T1000049,M100,C01054,2026-09-01 10:09:56,2983.37,INR,SUCCESS,ONLINE
T1000050,M115,C02584,2026-09-01 20:44:08,4722.86,INR,SUCCESS,POS
T1000051,M113,C02981,2026-09-01 21:59:47,2770.42,INR,SUCCESS,ONLINE
T1000052,M117,C00527,2026-09-01 12:33:19,15959.70,INR,FAILED,POS
T1000053,M102,C02255,2026-09-01 07:13:05,617.24,INR,SUCCESS,QR
T1000054,M116,C02520,2026-09-01 20:07:02,4634.26,INR,SUCCESS,ONLINE
T1000055,M117,C01231,2026-09-01 12:18:54,2933.01,INR,SUCCESS,ONLINE
T1000056,M101,C02409,2026-09-01 08:31:17,80741.90,INR,SUCCESS,ONLINE
T1000057,M104,C02382,2026-09-01 10:58:07,2428.41,INR,SUCCESS,POS
T1000058,M105,C00048,2026-09-01 18:57:46,3626.55,INR,SUCCESS,QR
T1000059,M109,C01321,2026-09-01 20:17:27,20684.12,INR,SUCCESS,ONLINE
T1000060,M115,C00842,2026-09-01 19:26:30,1337.82,INR,SUCCESS,POS
T1000061,M104,C00276,2026-09-01 16:57:28,5971.30,INR,SUCCESS,POS
T1000062,M101,C02584,2026-09-01 10:00:16,19299.85,INR,SUCCESS,POS
T1000063,M101,C01625,2026-09-01 19:04:39,31277.36,INR,SUCCESS,ONLINE
T1000064,M117,C02443,2026-09-01 18:47:09,15695.29,INR,SUCCESS,POS
T1000065,M113,C00355,2026-09-01 09:43:59,1874.43,INR,SUCCESS,ONLINE
T1000066,M100,C00474,2026-09-01 17:32:42,1435.82,INR,SUCCESS,POS
T1000067,M102,C01384,2026-09-01 12:36:48,242.49,INR,SUCCESS,QR
T1000068,M113,C01748,2026-09-01 12:05:26,2863.69,INR,SUCCESS,POS
T1000069,M109,C01590,2026-09-01 18:09:59,18772.71,INR,SUCCESS,POS
T1000070,M105,C02317,2026-09-01 12:28:26,4605.11,INR,SUCCESS,QR
T1000071,M100,C01359,2026-09-01 17:05:42,112.44,INR,SUCCESS,ONLINE
T1000072,M106,C01909,2026-09-01 19:01:21,2717.84,INR,SUCCESS,ONLINE
T1000073,M111,C02984,2026-09-01 19:56:33,2140.79,INR,SUCCESS,QR
T1000074,M100,C01498,2026-09-01 09:24:02,2859.86,INR,FAILED,ONLINE
T1000075,M108,C01834,2026-09-01 09:37:32,10398.49,INR,SUCCESS,ONLINE
T1000076,M111,C00996,2026-09-01 21:08:57,3034.92,INR,SUCCESS,POS
T1000077,M114,C01332,2026-09-01 11:49:58,7616.04,INR,SUCCESS,QR
T1000078,M101,C02384,2026-09-01 18:37:41,13380.53,INR,SUCCESS,QR
T1000079,M119,C01359,2026-09-01 18:26:56,67460.94,INR,SUCCESS,POS
T1000080,M112,C01638,2026-09-01 07:59:29,73422.94,INR,SUCCESS,POS
T1000081,M100,C01814,2026-09-01 13:43:53,3310.93,INR,SUCCESS,POS
T1000082,M121,C02653,2026-09-01 20:08:54,46799.71,INR,SUCCESS,QR
T1000083,M103,C02651,2026-09-01 19:27:03,5805.82,INR,SUCCESS,POS
T1000084,M104,C02621,2026-09-01 13:48:02,2957.50,INR,SUCCESS,ONLINE
T1000085,M100,C01636,2026-09-01 11:22:33,1940.79,INR,SUCCESS,ONLINE
T1000086,M101,C00584,2026-09-01 08:41:23,22661.70,INR,SUCCESS,POS
T1000087,M102,C02931,2026-09-01 20:26:12,2797.02,INR,SUCCESS,POS
T1000088,M116,C02433,2026-09-01 12:46:37,1370.95,INR,FAILED,POS
T1000089,M107,C01003,2026-09-01 16:23:18,5469.23,INR,SUCCESS,ONLINE
T1000090,M111,C00992,2026-09-01 12:52:36,3012.36,INR,FAILED,QR
T1000091,M109,C01275,2026-09-01 12:27:12,12822.51,INR,SUCCESS,POS
T1000092,M117,C02174,2026-09-01 12:13:05,16945.75,INR,SUCCESS,ONLINE
T1000093,M113,C01230,2026-09-01 07:00:27,2290.05,INR,SUCCESS,QR
T1000094,M123,C02348,2026-09-01 13:29:17,2317.51,INR,SUCCESS,ONLINE
T1000095,M100,C01908,2026-09-01 14:08:30,588.32,INR,SUCCESS,POS
T1000096,M108,C02071,2026-09-01 19:03:11,16773.63,INR,SUCCESS,ONLINE
T1000097,M105,C02346,2026-09-01 15:26:28,1475.10,INR,SUCCESS,ONLINE
T1000098,M112,C02503,2026-09-01 17:25:39,74515.10,INR,SUCCESS,POS
T1000099,M115,C02156,2026-09-01 19:43:24,4425.60,INR,FAILED,QR
T1000100,M108,C00396,2026-09-01 19:02:10,6918.22,INR,SUCCESS,QR
T1000101,M124,C02219,2026-09-01 08:35:36,9576.84,INR,SUCCESS,ONLINE
T1000102,M100,C00263,2026-09-01 19:49:20,2262.94,INR,SUCCESS,QR
T1000103,M108,C02579,2026-09-01 20:17:31,2365.01,INR,REVERSED,POS
T1000104,M109,C02240,2026-09-01 19:54:32,39759.82,INR,SUCCESS,POS
T1000105,M111,C01946,2026-09-01 15:49:17,731.82,INR,SUCCESS,ONLINE
T1000106,M113,C02848,2026-09-01 19:59:31,1047.74,INR,SUCCESS,ONLINE
T1000107,M113,C01732,2026-09-01 11:00:16,1921.27,INR,SUCCESS,POS
T1000108,M103,C01198,2026-09-01 20:29:52,1058.05,INR,SUCCESS,QR
T1000109,M117,C01431,2026-09-01 08:04:00,9923.68,INR,SUCCESS,POS
T1000110,M100,C02814,2026-09-01 11:09:22,2801.94,INR,SUCCESS,QR
T1000111,M104,C02015,2026-09-01 15:37:03,3159.18,INR,SUCCESS,POS
T1000112,M104,C02099,2026-09-01 19:27:49,5129.56,INR,SUCCESS,ONLINE
T1000113,M102,C01300,2026-09-01 11:36:54,889.54,INR,SUCCESS,POS
T1000114,M113,C00423,2026-09-01 14:44:38,686.71,INR,FAILED,QR
T1000115,M122,C02375,2026-09-01 13:05:45,2098.02,INR,FAILED,POS
T1000116,M112,C02042,2026-09-01 18:51:18,3289.60,INR,REVERSED,POS
T1000117,M122,C02501,2026-09-01 11:26:50,1643.33,INR,SUCCESS,QR
T1000118,M113,C02281,2026-09-01 19:24:53,265.88,INR,SUCCESS,QR
T1000119,M100,C01886,2026-09-01 12:14:38,556.19,INR,SUCCESS,QR
T1000120,M102,C00439,2026-09-01 10:37:22,975.99,INR,SUCCESS,QR
T1000121,M108,C01090,2026-09-01 21:55:23,4049.95,INR,SUCCESS,QR
T1000122,M100,C02787,2026-09-01 13:01:01,2993.52,INR,SUCCESS,QR
T1000123,M117,C01559,2026-09-01 18:58:44,12775.03,INR,SUCCESS,QR
T1000124,M114,C00804,2026-09-01 11:11:41,617.04,INR,SUCCESS,ONLINE
T1000125,M100,C02203,2026-09-01 07:55:15,1448.41,INR,SUCCESS,QR
T1000126,M102,C00567,2026-09-01 12:15:41,670.97,INR,SUCCESS,POS
T1000127,M116,C01622,2026-09-01 08:19:22,552.38,INR,SUCCESS,QR
T1000128,M105,C01591,2026-09-02 20:39:32,1920.79,INR,SUCCESS,POS
T1000129,M104,C00463,2026-09-02 10:49:49,1094.68,INR,SUCCESS,QR
T1000130,M103,C00293,2026-09-02 13:47:11,10706.89,INR,SUCCESS,QR
T1000131,M111,C02033,2026-09-02 07:10:05,1151.46,INR,SUCCESS,POS
T1000132,M113,C02556,2026-09-02 19:27:49,543.89,INR,SUCCESS,ONLINE
T1000133,M121,C00106,2026-09-02 06:28:17,10129.37,INR,SUCCESS,ONLINE
T1000134,M106,C01150,2026-09-02 14:03:57,1892.15,INR,SUCCESS,POS
T1000135,M117,C01571,2026-09-02 12:09:12,7267.21,INR,SUCCESS,QR
T1000136,M115,C00456,2026-09-02 19:55:38,2331.00,INR,SUCCESS,ONLINE
T1000137,M114,C02427,2026-09-02 16:11:17,2896.62,INR,REVERSED,POS
T1000138,M117,C00227,2026-09-02 14:19:08,16990.22,INR,SUCCESS,ONLINE
T1000139,M115,C00461,2026-09-02 12:16:21,5052.99,INR,SUCCESS,ONLINE
T1000140,M118,C02741,2026-09-02 08:14:57,55767.87,INR,SUCCESS,ONLINE
T1000141,M111,C02996,2026-09-02 17:35:30,2950.64,INR,SUCCESS,QR
T1000142,M117,C01309,2026-09-02 10:33:05,16087.44,INR,SUCCESS,POS
T1000143,M115,C00838,2026-09-02 13:09:50,4453.01,INR,SUCCESS,POS
T1000144,M111,C02146,2026-09-02 17:59:28,1562.28,INR,SUCCESS,ONLINE
T1000145,M111,C02767,2026-09-02 18:48:18,1972.94,INR,SUCCESS,ONLINE
T1000146,M100,C00645,2026-09-02 09:19:27,1162.73,INR,SUCCESS,ONLINE
T1000147,M124,C02418,2026-09-02 12:58:18,3385.21,INR,FAILED,POS
T1000148,M100,C02101,2026-09-02 11:05:42,2719.31,INR,SUCCESS,ONLINE
T1000149,M100,C01151,2026-09-02 15:50:48,714.21,INR,SUCCESS,QR
T1000150,M104,C01217,2026-09-02 06:27:30,2599.73,INR,SUCCESS,ONLINE
T1000151,M111,C00324,2026-09-02 20:25:41,1400.24,INR,SUCCESS,POS
T1000152,M118,C02907,2026-09-02 11:27:25,47348.09,INR,SUCCESS,ONLINE
T1000153,M101,C02641,2026-09-02 13:41:33,45090.48,INR,SUCCESS,QR
T1000154,M108,C01604,2026-09-02 22:27:31,15826.64,INR,SUCCESS,ONLINE
T1000155,M106,C02835,2026-09-02 12:57:14,651.75,INR,SUCCESS,POS
T1000156,M124,C02708,2026-09-02 12:59:46,3815.91,INR,SUCCESS,POS
T1000157,M101,C02588,2026-09-02 08:33:45,22881.91,INR,SUCCESS,POS
T1000158,M118,C02880,2026-09-02 20:00:49,44337.79,INR,SUCCESS,ONLINE
T1000159,M116,C01123,2026-09-02 09:46:05,2402.93,INR,SUCCESS,POS
T1000160,M101,C02624,2026-09-02 18:03:28,32615.05,INR,SUCCESS,POS
T1000161,M113,C00898,2026-09-02 20:05:29,213.49,INR,SUCCESS,ONLINE
T1000162,M111,C02905,2026-09-02 12:12:26,1598.25,INR,SUCCESS,POS
T1000163,M114,C02371,2026-09-02 17:42:53,1515.33,INR,SUCCESS,ONLINE
T1000164,M105,C02715,2026-09-02 18:14:39,151.93,INR,SUCCESS,POS
T1000165,M108,C01107,2026-09-02 16:50:11,13955.62,INR,SUCCESS,QR
T1000166,M117,C00088,2026-09-02 11:31:22,15705.47,INR,SUCCESS,POS
T1000167,M115,C00958,2026-09-02 18:38:15,5048.32,INR,SUCCESS,QR
T1000168,M102,C00549,2026-09-02 19:47:21,2509.47,INR,SUCCESS,POS
T1000169,M119,C00005,2026-09-02 21:10:48,57881.38,INR,SUCCESS,QR
T1000170,M120,C00612,2026-09-02 11:13:14,3640.20,INR,SUCCESS,QR
T1000171,M124,C00109,2026-09-02 12:15:20,1080.61,INR,SUCCESS,POS
T1000172,M107,C00892,2026-09-02 20:45:16,5560.46,INR,SUCCESS,QR
T1000173,M122,C01441,2026-09-02 08:42:22,2076.91,INR,SUCCESS,POS
T1000174,M100,C01839,2026-09-02 17:49:57,228.09,INR,SUCCESS,QR
T1000175,M117,C01162,2026-09-02 17:23:34,2502.40,INR,SUCCESS,QR
T1000176,M116,C00759,2026-09-02 13:09:03,4280.59,INR,SUCCESS,POS
T1000177,M112,C00365,2026-09-02 12:14:07,64246.82,INR,SUCCESS,QR
T1000178,M108,C01786,2026-09-02 12:04:20,14754.08,INR,SUCCESS,POS
T1000179,M104,C02519,2026-09-02 16:50:44,453.66,INR,SUCCESS,POS
T1000180,M118,C02737,2026-09-02 10:23:28,46430.18,INR,SUCCESS,ONLINE
T1000181,M111,C00715,2026-09-02 13:07:13,3324.77,INR,SUCCESS,POS
T1000182,M113,C00399,2026-09-02 15:00:04,2029.13,INR,FAILED,POS
T1000183,M117,C01283,2026-09-02 10:14:41,19162.24,INR,SUCCESS,ONLINE
T1000184,M108,C01335,2026-09-02 14:34:34,4123.01,INR,SUCCESS,ONLINE
T1000185,M104,C01145,2026-09-02 10:33:20,3045.48,INR,SUCCESS,QR
T1000186,M107,C00771,2026-09-02 08:28:56,4148.08,INR,SUCCESS,ONLINE
T1000187,M104,C01351,2026-09-02 11:04:55,4085.72,INR,SUCCESS,POS
T1000188,M116,C01005,2026-09-02 20:14:48,3924.68,INR,SUCCESS,ONLINE
T1000189,M116,C02366,2026-09-02 09:27:23,565.62,INR,SUCCESS,POS
T1000190,M111,C00568,2026-09-02 13:44:27,3987.13,INR,SUCCESS,ONLINE
T1000191,M109,C02756,2026-09-02 17:19:31,18601.99,INR,SUCCESS,POS
T1000192,M108,C00014,2026-09-02 22:37:07,7077.25,INR,REVERSED,QR
T1000193,M102,C01453,2026-09-02 13:29:00,938.54,INR,REVERSED,POS
T1000194,M121,C01330,2026-09-02 10:50:19,78191.84,INR,SUCCESS,QR
T1000195,M103,C02959,2026-09-02 11:46:05,12443.56,INR,SUCCESS,POS
T1000196,M117,C02435,2026-09-02 18:31:25,338.14,INR,SUCCESS,POS
T1000197,M112,C00101,2026-09-02 18:10:23,8537.14,INR,SUCCESS,POS
T1000198,M101,C01103,2026-09-02 08:09:47,42771.86,INR,SUCCESS,POS
T1000199,M103,C01805,2026-09-02 20:32:20,13900.99,INR,SUCCESS,POS
T1000200,M117,C01576,2026-09-02 10:57:04,15011.59,INR,SUCCESS,POS
T1000201,M115,C01068,2026-09-02 14:58:42,4679.98,INR,SUCCESS,QR
T1000202,M117,C01571,2026-09-02 18:26:04,14007.28,INR,SUCCESS,POS
T1000203,M111,C00634,2026-09-02 11:10:20,1141.69,INR,SUCCESS,QR
T1000204,M122,C02255,2026-09-02 21:53:20,2967.64,INR,SUCCESS,ONLINE
T1000205,M114,C00894,2026-09-02 13:31:16,9464.06,INR,REVERSED,ONLINE
T1000206,M100,C02694,2026-09-02 14:50:03,798.41,INR,SUCCESS,QR
T1000207,M114,C01716,2026-09-02 06:58:53,2339.00,INR,SUCCESS,POS
T1000208,M100,C00155,2026-09-02 14:56:48,3336.78,INR,SUCCESS,POS
T1000209,M109,C02780,2026-09-02 17:29:18,25775.77,INR,SUCCESS,ONLINE
T1000210,M115,C01777,2026-09-02 16:19:00,5979.94,INR,SUCCESS,QR
T1000211,M108,C01739,2026-09-02 19:14:55,15878.17,INR,REVERSED,QR
T1000212,M109,C00381,2026-09-02 18:29:44,16069.99,INR,SUCCESS,ONLINE
T1000213,M108,C00959,2026-09-02 17:18:21,14632.45,INR,SUCCESS,ONLINE
T1000214,M100,C01047,2026-09-02 15:17:00,3721.69,INR,SUCCESS,QR
T1000215,M112,C01429,2026-09-02 16:30:19,77487.24,INR,SUCCESS,QR
T1000216,M113,C00866,2026-09-02 12:14:51,351.81,INR,SUCCESS,POS
T1000217,M102,C01753,2026-09-02 08:33:00,186.45,INR,SUCCESS,ONLINE
T1000218,M117,C01009,2026-09-02 13:22:23,10878.78,INR,FAILED,ONLINE
T1000219,M100,C00810,2026-09-02 14:33:24,2737.00,INR,SUCCESS,ONLINE
T1000220,M124,C01579,2026-09-02 13:16:54,8389.33,INR,SUCCESS,QR
T1000221,M116,C01319,2026-09-02 18:50:58,2313.58,INR,SUCCESS,POS
T1000222,M104,C01255,2026-09-02 16:20:06,2493.78,INR,SUCCESS,POS
T1000223,M102,C02292,2026-09-02 10:54:30,865.92,INR,SUCCESS,POS
T1000224,M112,C01976,2026-09-02 18:04:32,18333.69,INR,SUCCESS,QR
T1000225,M104,C01079,2026-09-02 12:09:10,1788.09,INR,SUCCESS,POS
T1000226,M118,C00668,2026-09-02 13:32:13,16303.18,INR,SUCCESS,ONLINE
T1000227,M113,C00500,2026-09-02 19:03:38,1986.26,INR,SUCCESS,POS
T1000228,M113,C01632,2026-09-02 09:31:56,948.79,INR,FAILED,QR
T1000229,M114,C00094,2026-09-02 23:59:55,11463.76,INR,SUCCESS,POS
T1000230,M100,C02561,2026-09-02 19:40:44,295.73,INR,SUCCESS,QR
T1000231,M104,C01876,2026-09-02 06:42:24,4281.86,INR,SUCCESS,QR
T1000232,M117,C00037,2026-09-02 12:35:30,9350.35,INR,SUCCESS,ONLINE
T1000233,M116,C01902,2026-09-02 11:15:14,2165.22,INR,SUCCESS,QR
T1000234,M110,C01994,2026-09-02 19:31:40,44322.03,INR,SUCCESS,POS
T1000235,M102,C02602,2026-09-02 21:14:26,2694.35,INR,SUCCESS,POS
T1000236,M113,C00469,2026-09-02 08:14:34,171.92,INR,SUCCESS,QR
T1000237,M113,C02292,2026-09-02 09:04:11,784.36,INR,SUCCESS,QR
T1000238,M115,C00798,2026-09-03 09:38:19,817.24,INR,SUCCESS,POS
T1000239,M122,C00170,2026-09-03 18:50:14,1048.68,INR,SUCCESS,POS
T1000240,M101,C02743,2026-09-03 22:23:47,38635.71,INR,SUCCESS,QR
T1000241,M106,C02550,2026-09-03 23:05:31,1748.02,INR,SUCCESS,ONLINE
T1000242,M118,C01514,2026-09-03 13:37:45,41856.56,INR,SUCCESS,QR
T1000243,M120,C01540,2026-09-03 15:14:07,2457.58,INR,SUCCESS,ONLINE
T1000244,M117,C02648,2026-09-03 13:43:38,15881.57,INR,SUCCESS,POS
T1000245,M116,C01998,2026-09-03 15:44:00,3436.39,INR,SUCCESS,POS
T1000246,M105,C02783,2026-09-03 16:30:54,4500.54,INR,SUCCESS,ONLINE
T1000247,M105,C01736,2026-09-03 21:17:52,1647.28,INR,SUCCESS,POS
T1000248,M105,C01746,2026-09-03 21:34:41,3694.76,INR,SUCCESS,POS
T1000249,M104,C00930,2026-09-03 20:52:42,3740.85,INR,SUCCESS,QR
T1000250,M120,C00712,2026-09-03 22:17:54,1088.91,INR,SUCCESS,ONLINE
T1000251,M108,C01727,2026-09-03 22:17:02,12638.65,INR,SUCCESS,QR
T1000252,M100,C01148,2026-09-03 19:57:30,3674.00,INR,SUCCESS,QR
T1000253,M122,C02128,2026-09-03 11:11:51,223.81,INR,SUCCESS,QR
T1000254,M111,C00511,2026-09-03 15:33:11,1428.47,INR,SUCCESS,POS
T1000255,M102,C00221,2026-09-03 08:38:11,405.53,INR,SUCCESS,ONLINE
T1000256,M116,C00985,2026-09-03 13:42:21,732.21,INR,SUCCESS,QR
T1000257,M108,C00710,2026-09-03 19:20:11,10617.77,INR,SUCCESS,ONLINE
T1000258,M104,C01601,2026-09-03 13:43:51,1894.65,INR,SUCCESS,QR
T1000259,M119,C00331,2026-09-03 12:32:12,32878.13,INR,FAILED,POS
T1000260,M122,C00828,2026-09-03 14:58:26,1581.61,INR,SUCCESS,ONLINE
T1000261,M111,C02145,2026-09-03 22:49:12,300.60,INR,SUCCESS,ONLINE
T1000262,M111,C01351,2026-09-03 17:59:04,1789.71,INR,SUCCESS,POS
T1000263,M104,C02660,2026-09-03 13:00:52,1151.76,INR,SUCCESS,QR
T1000264,M115,C01335,2026-09-03 21:08:48,1356.42,INR,SUCCESS,POS
T1000265,M105,C02940,2026-09-03 14:28:44,2568.54,INR,SUCCESS,POS
T1000266,M106,C00066,2026-09-03 20:49:15,1670.59,INR,SUCCESS,POS
T1000267,M100,C00213,2026-09-03 06:21:02,3794.34,INR,SUCCESS,POS
T1000268,M105,C00375,2026-09-03 15:46:29,1994.86,INR,SUCCESS,POS
T1000269,M101,C01278,2026-09-03 17:12:15,4145.54,INR,SUCCESS,ONLINE
T1000270,M116,C02948,2026-09-03 17:24:41,4549.53,INR,SUCCESS,POS
T1000271,M119,C00391,2026-09-03 18:28:26,74263.92,INR,SUCCESS,POS
T1000272,M117,C01278,2026-09-03 11:05:58,6421.28,INR,SUCCESS,ONLINE
T1000273,M113,C02037,2026-09-03 14:54:16,1661.78,INR,REVERSED,POS
T1000274,M113,C01434,2026-09-03 15:49:35,1820.09,INR,SUCCESS,POS
T1000275,M121,C02125,2026-09-03 13:13:29,21779.25,INR,SUCCESS,ONLINE
T1000276,M120,C01013,2026-09-03 17:27:41,1603.93,INR,SUCCESS,POS
T1000277,M119,C02741,2026-09-03 19:09:09,15620.30,INR,FAILED,ONLINE
T1000278,M104,C02290,2026-09-03 12:30:11,1228.62,INR,SUCCESS,POS
T1000279,M103,C01167,2026-09-03 07:34:00,4155.16,INR,FAILED,ONLINE
T1000280,M113,C01858,2026-09-03 08:59:27,192.26,INR,REVERSED,POS
T1000281,M118,C01694,2026-09-03 10:46:42,11002.99,INR,SUCCESS,QR
T1000282,M111,C02072,2026-09-03 13:56:42,1743.12,INR,SUCCESS,POS
T1000283,M105,C00928,2026-09-03 21:07:48,437.91,INR,SUCCESS,POS
T1000284,M112,C01742,2026-09-03 19:58:00,88827.02,INR,SUCCESS,ONLINE
T1000285,M122,C02392,2026-09-03 21:50:47,623.48,INR,SUCCESS,POS
T1000286,M122,C00744,2026-09-03 07:40:05,275.47,INR,SUCCESS,QR
T1000287,M111,C02758,2026-09-03 18:26:58,3745.25,INR,SUCCESS,ONLINE
T1000288,M111,C02047,2026-09-03 17:33:18,1589.24,INR,FAILED,QR
T1000289,M116,C00595,2026-09-03 14:08:59,3189.82,INR,SUCCESS,ONLINE
T1000290,M117,C00130,2026-09-03 15:32:27,2052.87,INR,SUCCESS,QR
T1000291,M121,C00717,2026-09-03 20:32:29,2433.69,INR,SUCCESS,POS
T1000292,M100,C02001,2026-09-03 12:30:45,2152.63,INR,FAILED,ONLINE
T1000293,M104,C00620,2026-09-03 14:21:47,5765.76,INR,SUCCESS,QR
T1000294,M103,C01051,2026-09-03 09:27:02,11689.30,INR,SUCCESS,ONLINE
T1000295,M104,C02107,2026-09-03 22:44:55,1514.07,INR,SUCCESS,POS
T1000296,M105,C01356,2026-09-03 17:41:19,456.61,INR,SUCCESS,QR
T1000297,M108,C01698,2026-09-03 21:23:06,16044.87,INR,REVERSED,ONLINE
T1000298,M119,C02921,2026-09-03 13:54:47,29792.83,INR,SUCCESS,POS
T1000299,M100,C02627,2026-09-03 19:58:11,3050.40,INR,SUCCESS,ONLINE
T1000300,M100,C01244,2026-09-03 18:20:16,2041.24,INR,SUCCESS,ONLINE
T1000301,M106,C01185,2026-09-03 19:09:13,1706.50,INR,SUCCESS,POS
T1000302,M106,C00304,2026-09-03 12:50:53,1967.48,INR,SUCCESS,ONLINE
T1000303,M100,C00804,2026-09-03 18:28:13,648.90,INR,SUCCESS,POS
T1000304,M122,C02348,2026-09-03 08:01:11,1641.87,INR,SUCCESS,ONLINE
T1000305,M107,C00626,2026-09-03 11:17:08,5098.76,INR,SUCCESS,POS
T1000306,M117,C00571,2026-09-03 11:56:33,17800.13,INR,SUCCESS,POS
T1000307,M109,C00028,2026-09-03 17:54:14,5317.13,INR,SUCCESS,POS
T1000308,M104,C00509,2026-09-03 13:52:37,2963.42,INR,SUCCESS,QR
T1000309,M113,C00986,2026-09-03 20:39:45,1642.53,INR,SUCCESS,QR
T1000310,M114,C00506,2026-09-03 09:55:53,2073.99,INR,SUCCESS,QR
T1000311,M122,C01007,2026-09-03 14:31:48,2241.69,INR,SUCCESS,POS
T1000312,M102,C02118,2026-09-03 07:54:40,288.71,INR,FAILED,ONLINE
T1000313,M102,C02358,2026-09-03 14:32:37,431.23,INR,SUCCESS,POS
T1000314,M112,C02169,2026-09-03 20:38:12,15809.18,INR,SUCCESS,QR
T1000315,M102,C02347,2026-09-03 12:39:46,332.07,INR,SUCCESS,QR
T1000316,M108,C02720,2026-09-03 13:05:13,10204.90,INR,SUCCESS,QR
T1000317,M108,C00219,2026-09-03 21:34:44,9017.24,INR,REVERSED,POS
T1000318,M104,C02350,2026-09-03 17:47:28,4878.57,INR,SUCCESS,ONLINE
T1000319,M101,C01740,2026-09-03 17:51:52,77038.34,INR,SUCCESS,POS
T1000320,M109,C00007,2026-09-03 14:01:46,30965.21,INR,SUCCESS,ONLINE
T1000321,M104,C01661,2026-09-03 10:13:16,1118.93,INR,FAILED,POS
T1000322,M102,C02292,2026-09-03 22:24:06,2531.06,INR,SUCCESS,POS
T1000323,M115,C01119,2026-09-03 12:33:03,3418.99,INR,SUCCESS,ONLINE
T1000324,M115,C02591,2026-09-03 18:56:08,4999.54,INR,SUCCESS,ONLINE
T1000325,M123,C02486,2026-09-03 08:41:47,1109.62,INR,SUCCESS,POS
T1000326,M102,C02177,2026-09-03 23:06:10,1922.46,INR,SUCCESS,POS
T1000327,M120,C02973,2026-09-03 14:42:37,2230.69,INR,SUCCESS,ONLINE
T1000328,M122,C00940,2026-09-03 20:19:03,352.17,INR,SUCCESS,POS
T1000329,M101,C00914,2026-09-03 11:10:00,31086.95,INR,SUCCESS,POS
T1000330,M104,C01303,2026-09-03 11:49:47,5477.98,INR,SUCCESS,QR
T1000331,M117,C00808,2026-09-03 09:09:41,10151.31,INR,SUCCESS,ONLINE
T1000332,M101,C01808,2026-09-03 18:12:25,79979.79,INR,SUCCESS,POS
T1000333,M108,C01321,2026-09-03 19:29:46,7249.83,INR,SUCCESS,POS
T1000334,M108,C01384,2026-09-03 10:01:29,6897.30,INR,SUCCESS,QR
T1000335,M115,C01476,2026-09-03 19:21:12,5725.80,INR,SUCCESS,ONLINE
T1000336,M100,C02606,2026-09-03 14:28:54,1081.61,INR,SUCCESS,QR
T1000337,M112,C00598,2026-09-03 19:45:03,45407.36,INR,SUCCESS,POS
T1000338,M119,C02788,2026-09-03 20:09:13,73012.16,INR,SUCCESS,POS
T1000339,M117,C00018,2026-09-03 10:49:38,8450.67,INR,SUCCESS,POS
T1000340,M104,C01641,2026-09-03 19:08:21,2823.75,INR,SUCCESS,ONLINE
T1000341,M117,C02032,2026-09-03 10:55:05,17951.75,INR,SUCCESS,ONLINE
T1000342,M104,C02453,2026-09-03 20:04:17,1316.54,INR,SUCCESS,ONLINE
T1000343,M119,C02681,2026-09-03 08:07:21,23346.37,INR,SUCCESS,POS
T1000344,M116,C02919,2026-09-03 21:45:51,1261.25,INR,SUCCESS,ONLINE
T1000345,M101,C02672,2026-09-03 17:38:44,73615.68,INR,SUCCESS,ONLINE
T1000346,M117,C01911,2026-09-03 15:01:59,13693.11,INR,SUCCESS,ONLINE
T1000347,M122,C01546,2026-09-03 13:58:55,1325.46,INR,SUCCESS,POS
T1000348,M102,C00709,2026-09-03 18:51:25,782.74,INR,SUCCESS,POS
T1000349,M111,C00304,2026-09-03 08:56:29,3456.35,INR,SUCCESS,QR
T1000350,M115,C02780,2026-09-03 10:58:19,2176.93,INR,SUCCESS,POS
T1000351,M122,C02315,2026-09-04 20:48:03,1789.54,INR,FAILED,QR
T1000352,M107,C01989,2026-09-04 18:58:03,3425.93,INR,FAILED,QR
T1000353,M109,C00296,2026-09-04 17:55:11,28739.01,INR,SUCCESS,QR
T1000354,M113,C01112,2026-09-04 13:23:32,1812.52,INR,SUCCESS,QR
T1000355,M117,C00987,2026-09-04 12:14:01,11861.67,INR,SUCCESS,QR
T1000356,M101,C00666,2026-09-04 10:55:42,25505.77,INR,SUCCESS,ONLINE
T1000357,M108,C01294,2026-09-04 19:31:10,16546.93,INR,SUCCESS,QR
T1000358,M108,C00255,2026-09-04 21:36:04,727.44,INR,REVERSED,ONLINE
T1000359,M124,C00550,2026-09-04 16:49:57,11764.83,INR,SUCCESS,POS
T1000360,M100,C00455,2026-09-04 18:21:19,3684.68,INR,SUCCESS,ONLINE
T1000361,M110,C01880,2026-09-04 19:10:21,25392.88,INR,SUCCESS,POS
T1000362,M113,C00191,2026-09-04 09:11:34,876.15,INR,SUCCESS,ONLINE
T1000363,M117,C00984,2026-09-04 16:32:09,900.14,INR,FAILED,QR
T1000364,M111,C00418,2026-09-04 14:12:24,3234.38,INR,SUCCESS,ONLINE
T1000365,M124,C02119,2026-09-04 17:13:36,5133.59,INR,SUCCESS,POS
T1000366,M101,C00098,2026-09-04 18:43:50,34104.36,INR,SUCCESS,ONLINE
T1000367,M100,C00733,2026-09-04 17:38:29,3613.60,INR,SUCCESS,QR
T1000368,M120,C00330,2026-09-04 15:38:28,3123.49,INR,SUCCESS,QR
T1000369,M109,C00297,2026-09-04 18:41:40,6268.15,INR,REVERSED,POS
T1000370,M122,C02078,2026-09-04 07:32:23,519.36,INR,SUCCESS,ONLINE
T1000371,M107,C00246,2026-09-04 11:17:33,9622.50,INR,SUCCESS,ONLINE
T1000372,M104,C02918,2026-09-04 19:03:22,3346.71,INR,SUCCESS,QR
T1000373,M105,C00056,2026-09-04 21:14:38,4725.19,INR,SUCCESS,POS
T1000374,M108,C01834,2026-09-04 11:29:51,905.63,INR,SUCCESS,POS
T1000375,M122,C01592,2026-09-04 15:18:23,1931.17,INR,SUCCESS,ONLINE
T1000376,M112,C02192,2026-09-04 12:45:46,12287.50,INR,SUCCESS,POS
T1000377,M111,C01519,2026-09-04 16:11:58,2122.59,INR,SUCCESS,QR
T1000378,M112,C02875,2026-09-04 11:24:40,57211.05,INR,SUCCESS,ONLINE
T1000379,M113,C01902,2026-09-04 12:02:08,749.84,INR,SUCCESS,ONLINE
T1000380,M109,C02911,2026-09-04 13:29:35,20371.75,INR,REVERSED,ONLINE
T1000381,M108,C00141,2026-09-04 08:03:22,1547.21,INR,SUCCESS,ONLINE
T1000382,M100,C01992,2026-09-04 09:10:50,1478.77,INR,SUCCESS,POS
T1000383,M111,C00907,2026-09-04 08:03:23,3887.58,INR,SUCCESS,ONLINE
T1000384,M102,C01119,2026-09-04 21:11:23,2874.53,INR,FAILED,ONLINE
T1000385,M107,C01350,2026-09-04 10:15:06,4085.21,INR,SUCCESS,POS
T1000386,M122,C01809,2026-09-04 16:13:32,1004.12,INR,FAILED,ONLINE
T1000387,M117,C02856,2026-09-04 16:07:59,11377.27,INR,FAILED,QR
T1000388,M121,C00446,2026-09-04 14:15:28,77616.01,INR,SUCCESS,ONLINE
T1000389,M105,C00184,2026-09-04 08:10:57,702.68,INR,SUCCESS,ONLINE
T1000390,M117,C01181,2026-09-04 20:56:36,12717.93,INR,SUCCESS,ONLINE
T1000391,M122,C02476,2026-09-04 08:35:43,324.39,INR,SUCCESS,QR
T1000392,M124,C01636,2026-09-04 11:39:15,7360.81,INR,SUCCESS,ONLINE
T1000393,M115,C00236,2026-09-04 10:52:01,2971.95,INR,SUCCESS,ONLINE
T1000394,M101,C02221,2026-09-04 11:12:38,7462.81,INR,SUCCESS,POS
T1000395,M116,C02979,2026-09-04 07:27:25,3622.87,INR,SUCCESS,ONLINE
T1000396,M101,C02849,2026-09-04 10:17:51,42608.62,INR,SUCCESS,POS
T1000397,M106,C02673,2026-09-04 18:03:15,1510.06,INR,SUCCESS,QR
T1000398,M114,C00647,2026-09-04 22:08:58,7330.90,INR,SUCCESS,POS
T1000399,M102,C01716,2026-09-04 13:00:48,561.80,INR,SUCCESS,ONLINE
T1000400,M123,C00105,2026-09-04 18:12:58,620.63,INR,SUCCESS,ONLINE
T1000401,M120,C02648,2026-09-04 09:02:48,706.88,INR,SUCCESS,POS
T1000402,M124,C00610,2026-09-04 08:34:30,2225.13,INR,SUCCESS,ONLINE
T1000403,M120,C00261,2026-09-04 18:13:02,1157.70,INR,SUCCESS,POS
T1000404,M108,C01451,2026-09-04 20:05:48,4717.35,INR,SUCCESS,POS
T1000405,M999,C02179,2026-09-04 12:21:59,1432.85,INR,SUCCESS,ONLINE
T1000406,M101,C00929,2026-09-04 11:41:30,4623.21,INR,SUCCESS,POS
T1000407,M117,C01630,2026-09-04 18:41:10,1905.86,INR,SUCCESS,QR
T1000408,M117,C02447,2026-09-04 11:11:51,12428.04,INR,SUCCESS,POS
T1000409,M100,C01914,2026-09-04 13:05:57,3549.03,INR,SUCCESS,ONLINE
T1000410,M109,C01613,2026-09-04 20:57:14,48770.72,INR,SUCCESS,QR
T1000411,M122,C01670,2026-09-04 15:03:38,2426.23,INR,SUCCESS,ONLINE
T1000412,M100,C01366,2026-09-04 09:06:28,2525.95,INR,SUCCESS,POS
T1000413,M104,C00081,2026-09-04 21:41:01,3949.87,INR,SUCCESS,POS
T1000414,M122,C00085,2026-09-04 13:13:29,1912.03,INR,SUCCESS,POS
T1000415,M119,C01627,2026-09-04 16:18:57,27497.92,INR,SUCCESS,ONLINE
T1000416,M116,C00373,2026-09-04 15:48:09,127.93,INR,SUCCESS,QR
T1000417,M110,C00658,2026-09-04 10:39:31,62546.98,INR,SUCCESS,ONLINE
T1000418,M114,C00347,2026-09-04 08:13:10,11434.50,INR,SUCCESS,ONLINE
T1000419,M117,C00819,2026-09-04 22:29:51,6597.92,INR,SUCCESS,ONLINE
T1000420,M104,C02447,2026-09-04 20:58:52,2001.93,INR,SUCCESS,ONLINE
T1000421,M114,C02715,2026-09-04 07:12:01,4419.37,INR,SUCCESS,POS
T1000422,M120,C02060,2026-09-04 09:04:52,665.88,INR,SUCCESS,QR
T1000423,M105,C00873,2026-09-04 12:05:55,1080.98,INR,SUCCESS,POS
T1000424,M122,C02256,2026-09-04 16:36:48,1192.55,INR,SUCCESS,ONLINE
T1000425,M121,C02297,2026-09-04 11:11:57,3678.99,INR,SUCCESS,ONLINE
T1000426,M101,C00522,2026-09-04 18:58:18,28617.73,INR,SUCCESS,QR
T1000427,M103,C02554,2026-09-04 14:42:12,4348.71,INR,SUCCESS,QR
T1000428,M113,C02228,2026-09-04 18:35:45,2691.33,INR,SUCCESS,ONLINE
T1000429,M116,C02745,2026-09-04 08:47:40,4052.75,INR,SUCCESS,ONLINE
T1000430,M113,C00113,2026-09-04 15:24:23,2266.33,INR,SUCCESS,POS
T1000431,M112,C02881,2026-09-04 22:00:57,43854.05,INR,SUCCESS,POS
T1000432,M115,C02525,2026-09-04 11:54:05,2856.02,INR,SUCCESS,POS
T1000433,M115,C00028,2026-09-04 13:39:18,1596.88,INR,SUCCESS,POS
T1000434,M114,C00713,2026-09-04 07:07:34,14392.18,INR,SUCCESS,ONLINE
T1000435,M101,C01514,2026-09-04 12:34:29,9822.31,INR,SUCCESS,POS
T1000436,M117,C00650,2026-09-04 17:57:08,3386.71,INR,SUCCESS,QR
T1000437,M101,C00619,2026-09-04 15:23:11,9509.42,INR,SUCCESS,ONLINE
T1000438,M104,C00512,2026-09-04 09:04:58,1543.90,INR,SUCCESS,POS
T1000439,M116,C00849,2026-09-04 17:51:44,1374.03,INR,SUCCESS,ONLINE
T1000440,M103,C00829,2026-09-04 19:04:37,3734.12,INR,SUCCESS,POS
T1000441,M102,C01249,2026-09-04 11:14:14,2147.00,INR,SUCCESS,POS
T1000442,M105,C00582,2026-09-04 12:20:36,4810.91,INR,SUCCESS,ONLINE
T1000443,M110,C00715,2026-09-04 10:02:21,13255.85,INR,SUCCESS,ONLINE
T1000444,M119,C02661,2026-09-04 15:05:05,33025.97,INR,SUCCESS,ONLINE
T1000445,M109,C01476,2026-09-04 20:18:39,38986.92,INR,SUCCESS,POS
T1000446,M101,C00170,2026-09-04 08:33:49,19135.66,INR,REVERSED,POS
T1000447,M120,C01740,2026-09-04 15:03:06,228.04,INR,SUCCESS,POS
T1000448,M101,C00513,2026-09-04 11:37:01,49691.60,INR,FAILED,POS
T1000449,M113,C02232,2026-09-04 18:24:29,1517.94,INR,REVERSED,QR
T1000450,M100,C01696,2026-09-04 10:36:41,1624.51,INR,SUCCESS,ONLINE
T1000451,M115,C00385,2026-09-04 11:48:26,2591.20,INR,SUCCESS,ONLINE
T1000452,M112,C01986,2026-09-04 15:25:30,85736.06,INR,SUCCESS,ONLINE
T1000453,M116,C01480,2026-09-04 14:35:38,4795.47,INR,SUCCESS,ONLINE
T1000454,M120,C00100,2026-09-04 13:46:03,1990.06,INR,SUCCESS,ONLINE
T1000455,M111,C02374,2026-09-04 06:34:02,1612.41,INR,SUCCESS,POS
T1000456,M107,C02434,2026-09-04 19:45:23,7887.22,INR,SUCCESS,ONLINE
T1000457,M111,C00370,2026-09-04 14:17:14,393.23,INR,SUCCESS,ONLINE
T1000458,M111,C02551,2026-09-04 11:55:19,2361.11,INR,SUCCESS,POS
T1000459,M124,C02455,2026-09-04 19:23:21,4330.32,INR,SUCCESS,POS
T1000460,M121,C02133,2026-09-04 10:26:15,78883.04,INR,SUCCESS,QR
T1000461,M117,C01856,2026-09-04 10:42:46,8880.57,INR,SUCCESS,ONLINE
T1000462,M113,C00146,2026-09-04 18:28:08,1259.81,INR,SUCCESS,ONLINE
T1000463,M102,C00932,2026-09-04 09:06:34,1089.85,INR,SUCCESS,ONLINE
T1000464,M124,C02618,2026-09-05 19:30:41,1644.42,INR,SUCCESS,POS
T1000465,M113,C01616,2026-09-05 14:15:33,1813.54,INR,SUCCESS,POS
T1000466,M103,C00207,2026-09-05 17:15:41,9353.91,INR,SUCCESS,POS
T1000467,M116,C01551,2026-09-05 11:11:32,1109.73,INR,SUCCESS,QR
T1000468,M101,C02500,2026-09-05 11:04:23,84696.80,INR,SUCCESS,QR
T1000469,M101,C02709,2026-09-05 09:22:18,52501.56,INR,SUCCESS,ONLINE
T1000470,M102,C01959,2026-09-05 08:25:50,1653.21,INR,SUCCESS,ONLINE
T1000471,M120,C01071,2026-09-05 14:27:58,515.15,INR,SUCCESS,QR
T1000472,M108,C02332,2026-09-05 10:56:31,3329.49,INR,SUCCESS,POS
T1000473,M107,C01492,2026-09-05 06:08:58,4616.24,INR,SUCCESS,QR
T1000474,M111,C02050,2026-09-05 15:52:11,2027.66,INR,SUCCESS,ONLINE
T1000475,M122,C01773,2026-09-05 18:56:02,2359.39,INR,SUCCESS,QR
T1000476,M116,C01007,2026-09-05 08:05:26,2228.83,INR,SUCCESS,POS
T1000477,M115,C01914,2026-09-05 21:25:03,910.08,INR,SUCCESS,ONLINE
T1000478,M113,C02859,2026-09-05 14:16:36,1557.63,INR,SUCCESS,QR
T1000479,M104,C00900,2026-09-05 07:46:50,2517.85,INR,SUCCESS,ONLINE
T1000480,M105,C02546,2026-09-05 19:53:18,3912.80,INR,SUCCESS,POS
T1000481,,C00556,2026-09-05 10:11:48,10206.19,INR,SUCCESS,POS
T1000482,M116,C00294,2026-09-05 19:56:21,4688.37,INR,SUCCESS,ONLINE
T1000483,M109,C00271,2026-09-05 20:51:38,24006.71,INR,SUCCESS,POS
T1000484,M121,C01148,2026-09-05 12:16:56,52709.83,INR,FAILED,QR
T1000485,M103,C02204,2026-09-05 17:48:28,6988.20,INR,SUCCESS,ONLINE
T1000486,M101,C02375,2026-09-05 22:37:09,20700.62,INR,SUCCESS,QR
T1000487,M115,C01934,2026-09-05 09:51:01,2392.45,INR,SUCCESS,ONLINE
T1000488,M103,C02182,2026-09-05 22:30:54,12401.77,INR,FAILED,POS
T1000489,M117,C00641,2026-09-05 12:28:43,18139.84,INR,SUCCESS,ONLINE
T1000490,M117,C02515,2026-09-05 11:24:38,1363.52,INR,SUCCESS,POS
T1000491,M104,C01434,2026-09-05 10:19:08,1558.05,INR,SUCCESS,POS
T1000492,M100,C01785,2026-09-05 08:08:34,3894.44,INR,SUCCESS,QR
T1000493,M115,C00261,2026-09-05 16:01:16,4861.28,INR,SUCCESS,POS
T1000494,M104,C01125,2026-09-05 20:24:36,4922.32,INR,SUCCESS,ONLINE
T1000495,M114,C01340,2026-09-05 11:28:45,711.86,INR,SUCCESS,ONLINE
T1000496,M112,C01996,2026-09-05 12:58:18,73193.92,INR,SUCCESS,QR
T1000497,M119,C02389,2026-09-05 20:32:03,39915.48,INR,SUCCESS,POS
T1000498,M113,C00633,2026-09-05 07:21:50,663.78,INR,SUCCESS,ONLINE
T1000499,M115,C01121,2026-09-05 18:20:11,1537.05,INR,REVERSED,QR
T1000500,M100,C00501,2026-09-05 11:02:32,3830.28,INR,SUCCESS,ONLINE
T1000501,M104,C01390,2026-09-05 13:03:03,5808.18,INR,FAILED,ONLINE
T1000502,M108,C00429,2026-09-05 12:06:48,16034.85,INR,SUCCESS,POS
T1000503,M115,C02445,2026-09-05 15:13:04,2853.87,INR,SUCCESS,POS
T1000504,M113,C01937,2026-09-05 14:35:34,933.68,INR,SUCCESS,QR
T1000505,M102,C00039,2026-09-05 10:03:48,2512.92,INR,SUCCESS,QR
T1000506,M104,C01155,2026-09-05 13:37:53,1939.72,INR,SUCCESS,ONLINE
T1000507,M111,C00951,2026-09-05 08:01:12,3011.07,INR,SUCCESS,QR
T1000508,M109,C01952,2026-09-05 18:33:19,6317.82,INR,SUCCESS,POS
T1000509,M105,C01456,2026-09-05 09:32:51,777.52,INR,SUCCESS,QR
T1000510,M103,C00214,2026-09-05 11:39:03,13583.70,INR,SUCCESS,POS
T1000511,M120,C01236,2026-09-05 22:00:13,1477.41,INR,SUCCESS,POS
T1000512,M110,C02070,2026-09-05 18:50:58,7479.17,INR,SUCCESS,POS
T1000513,M100,C00361,2026-09-05 15:36:16,2921.51,INR,SUCCESS,POS
T1000514,M116,C00509,2026-09-05 13:00:21,1705.78,INR,SUCCESS,POS
T1000515,M108,C00155,2026-09-05 12:57:36,11991.13,INR,SUCCESS,ONLINE
T1000516,M122,C01824,2026-09-05 18:50:20,1744.09,INR,SUCCESS,ONLINE
T1000517,M111,C00129,2026-09-05 15:03:38,1155.07,INR,SUCCESS,POS
T1000518,M122,C02444,2026-09-05 19:24:09,172.00,INR,SUCCESS,POS
T1000519,M120,C01141,2026-09-05 07:20:55,1294.25,INR,SUCCESS,QR
T1000520,M104,C02017,2026-09-05 20:21:00,493.17,INR,SUCCESS,POS
T1000521,M105,C02403,2026-09-05 10:09:10,4843.71,INR,SUCCESS,QR
T1000522,M117,C02333,2026-09-05 18:32:38,3864.64,INR,SUCCESS,POS
T1000523,M100,C00810,2026-09-05 14:31:59,818.58,INR,SUCCESS,QR
T1000524,M102,C01751,2026-09-05 13:17:33,2812.88,INR,FAILED,ONLINE
T1000525,M100,C00800,2026-09-05 11:47:44,1261.48,INR,SUCCESS,ONLINE
T1000526,M117,C02570,2026-09-05 11:40:34,13378.91,INR,SUCCESS,QR
T1000527,M114,C01075,2026-09-05 22:28:54,2981.04,INR,FAILED,POS
T1000528,M113,C02263,2026-09-05 11:45:40,2130.59,INR,SUCCESS,POS
T1000529,M101,C02492,2026-09-05 10:11:07,49509.43,INR,SUCCESS,ONLINE
T1000530,M115,C01662,2026-09-05 09:05:41,4409.40,INR,SUCCESS,ONLINE
T1000531,M118,C02469,2026-09-05 17:15:29,21099.69,INR,SUCCESS,ONLINE
T1000532,M101,C02199,2026-09-05 14:05:04,60494.80,INR,SUCCESS,ONLINE
T1000533,M122,C01442,2026-09-05 19:46:14,1129.47,INR,SUCCESS,POS
T1000534,M109,C00711,2026-09-05 22:36:52,38239.32,INR,FAILED,ONLINE
T1000535,M115,C00804,2026-09-05 14:33:00,1309.46,INR,SUCCESS,ONLINE
T1000536,M117,C00910,2026-09-05 20:58:03,16487.92,INR,SUCCESS,ONLINE
T1000537,M117,C00305,2026-09-05 19:02:55,14735.77,INR,SUCCESS,ONLINE
T1000538,M110,C00854,2026-09-05 20:40:40,10837.44,INR,SUCCESS,QR
T1000539,M110,C01598,2026-09-05 09:54:29,16253.14,INR,SUCCESS,ONLINE
T1000540,M100,C00584,2026-09-05 22:10:29,1956.72,INR,SUCCESS,ONLINE
T1000541,M117,C02408,2026-09-05 15:16:03,780.24,INR,SUCCESS,ONLINE
T1000542,M113,C01404,2026-09-05 16:52:27,1515.75,INR,FAILED,ONLINE
T1000543,M115,C00703,2026-09-05 17:46:04,707.93,INR,SUCCESS,POS
T1000544,M100,C00404,2026-09-05 13:58:46,3430.93,INR,SUCCESS,POS
T1000545,M102,C02725,2026-09-05 18:23:05,1566.25,INR,SUCCESS,QR
T1000546,M112,C00256,2026-09-05 12:39:42,21168.00,INR,SUCCESS,POS
T1000547,M118,C02187,2026-09-05 11:25:39,35167.16,INR,FAILED,QR
T1000548,M120,C03000,2026-09-05 13:24:04,2268.13,INR,SUCCESS,ONLINE
T1000549,M118,C00842,2026-09-05 10:24:47,59507.30,INR,SUCCESS,ONLINE
T1000550,M108,C01946,2026-09-05 11:59:15,7993.56,INR,SUCCESS,POS
T1000551,M104,C02293,2026-09-05 12:04:14,5445.18,INR,SUCCESS,QR
T1000552,M117,C00851,2026-09-05 12:59:59,12641.05,INR,SUCCESS,ONLINE
T1000553,M117,C02464,2026-09-05 09:39:00,6225.15,INR,SUCCESS,POS
T1000554,M105,C02407,2026-09-05 12:06:13,107.15,INR,FAILED,POS
T1000555,M111,C02069,2026-09-05 13:24:51,3007.29,INR,SUCCESS,POS
T1000556,M117,C01406,2026-09-05 14:01:29,9161.78,INR,SUCCESS,POS
T1000557,M124,C02036,2026-09-05 18:00:02,4021.32,INR,SUCCESS,POS
T1000558,M113,C01191,2026-09-05 16:19:34,806.78,INR,SUCCESS,QR
T1000559,M118,C00922,2026-09-05 18:38:56,4310.29,INR,SUCCESS,POS
T1000560,M100,C00829,2026-09-05 14:17:19,568.93,INR,SUCCESS,POS
T1000561,M120,C01357,2026-09-05 09:27:24,572.35,INR,SUCCESS,POS
T1000562,M111,C00591,2026-09-05 13:32:38,3154.56,INR,SUCCESS,QR
T1000563,M104,C00324,2026-09-05 19:58:12,4716.46,INR,SUCCESS,POS
T1000564,M110,C02453,2026-09-05 13:29:58,76705.48,INR,SUCCESS,ONLINE
T1000565,M109,C00281,2026-09-05 19:02:09,32114.67,INR,SUCCESS,POS
T1000566,M109,C01387,2026-09-05 20:45:13,27490.32,INR,SUCCESS,POS
T1000567,M115,C01410,2026-09-05 19:51:06,3737.77,INR,SUCCESS,QR
T1000568,M113,C01700,2026-09-05 20:06:31,2045.14,INR,SUCCESS,QR
T1000569,M113,C00386,2026-09-05 06:40:21,1767.88,INR,FAILED,QR
T1000570,M103,C02610,2026-09-05 21:35:44,10657.20,INR,SUCCESS,QR
T1000571,M105,C00291,2026-09-05 20:25:29,1805.26,INR,SUCCESS,QR
T1000572,M101,C00844,2026-09-05 18:18:18,88020.54,INR,SUCCESS,POS
T1000573,M113,C02346,2026-09-05 20:14:24,1785.40,INR,SUCCESS,ONLINE
T1000574,M112,C00204,2026-09-05 08:29:11,7380.64,INR,SUCCESS,QR
T1000575,M108,C00896,2026-09-05 20:34:16,16862.12,INR,SUCCESS,ONLINE
T1000576,M100,C01824,2026-09-05 17:08:25,1163.14,INR,SUCCESS,POS
T1000577,M121,C01297,2026-09-05 13:17:02,79643.57,INR,SUCCESS,POS
T1000578,M119,C02244,2026-09-05 20:59:03,72385.68,INR,SUCCESS,POS
T1000579,M104,C02905,2026-09-05 11:59:24,4912.78,INR,SUCCESS,QR
T1000580,M103,C02751,2026-09-05 17:58:06,1441.98,INR,SUCCESS,POS
T1000581,M102,C01947,2026-09-05 09:35:54,1170.31,INR,SUCCESS,POS
T1000582,M108,C00310,2026-09-05 12:25:43,4677.71,INR,SUCCESS,POS
T1000583,M100,C01916,2026-09-05 19:07:22,1123.87,INR,SUCCESS,POS
T1000584,M101,C01316,2026-09-05 16:10:24,82865.97,INR,SUCCESS,ONLINE
T1000585,M100,C01546,2026-09-05 19:49:08,239.69,INR,SUCCESS,ONLINE
T1000586,M115,C00861,2026-09-05 19:13:51,3315.54,INR,SUCCESS,QR
T1000587,M113,C00082,2026-09-05 19:45:24,1851.23,INR,SUCCESS,ONLINE
T1000588,M114,C01559,2026-09-05 10:02:47,4643.35,INR,SUCCESS,QR
T1000589,M117,C02909,2026-09-05 22:21:31,2068.89,INR,SUCCESS,QR
T1000590,M114,C02747,2026-09-05 10:35:26,6751.87,INR,FAILED,QR
T1000591,M102,C00030,2026-09-05 21:25:35,1483.93,INR,SUCCESS,POS
T1000592,M110,C01715,2026-09-05 16:30:50,28098.31,INR,SUCCESS,POS
T1000593,M117,C00019,2026-09-05 19:53:10,561.03,INR,SUCCESS,QR
T1000594,M119,C00933,2026-09-05 21:07:58,42550.97,INR,SUCCESS,POS
T1000595,M109,C02838,2026-09-05 18:26:43,53814.05,INR,SUCCESS,POS
T1000596,M117,C02047,2026-09-05 09:26:00,16044.75,INR,SUCCESS,POS
T1000597,M106,C02547,2026-09-05 18:09:08,1589.52,INR,SUCCESS,QR
T1000598,M104,C01769,2026-09-05 11:53:05,1434.82,INR,SUCCESS,ONLINE
T1000599,M108,C02582,2026-09-05 13:55:03,10039.34,INR,SUCCESS,QR
T1000600,M100,C00078,2026-09-05 20:17:38,408.14,INR,SUCCESS,QR
T1000601,M103,C00206,2026-09-05 14:58:15,4417.85,INR,SUCCESS,POS
T1000602,M114,C01016,2026-09-05 12:52:55,699.32,INR,SUCCESS,ONLINE
T1000603,M107,C01044,2026-09-05 11:30:22,11104.95,INR,SUCCESS,QR
T1000604,M101,C01428,2026-09-05 12:42:32,56176.12,INR,SUCCESS,QR
T1000605,M120,C01792,2026-09-05 09:55:31,1651.79,INR,SUCCESS,ONLINE
T1000606,M100,C01763,2026-09-05 09:35:11,1961.01,INR,SUCCESS,ONLINE
T1000607,M115,C01627,2026-09-05 07:39:33,4270.99,INR,SUCCESS,ONLINE
T1000608,M111,C02825,2026-09-05 09:33:37,1040.50,INR,SUCCESS,QR
T1000609,M115,C01847,2026-09-05 14:01:28,5669.04,INR,SUCCESS,POS
T1000610,M117,C02829,2026-09-05 19:57:45,8946.70,INR,FAILED,QR
T1000611,M102,C02366,2026-09-05 19:05:18,2898.08,INR,SUCCESS,ONLINE
T1000612,M110,C00705,2026-09-05 20:24:19,66049.10,INR,SUCCESS,QR
T1000613,M122,C01341,2026-09-05 11:16:49,2575.03,INR,SUCCESS,QR
T1000614,M102,C01985,2026-09-05 17:04:14,410.28,INR,SUCCESS,QR
T1000615,M108,C00084,2026-09-05 20:31:42,7564.93,INR,SUCCESS,POS
T1000616,M117,C02470,2026-09-05 07:00:52,15634.30,INR,SUCCESS,POS
T1000617,M115,C01944,2026-09-05 10:03:36,2783.77,INR,SUCCESS,POS
T1000618,M102,C02236,2026-09-06 20:18:01,1761.01,INR,SUCCESS,QR
T1000619,M116,C01373,2026-09-06 21:04:20,1508.31,INR,SUCCESS,QR
T1000620,M117,C01713,2026-09-06 20:22:17,3736.30,INR,SUCCESS,POS
T1000621,M118,C01250,2026-09-06 21:47:57,14641.36,INR,SUCCESS,QR
T1000622,M100,C01127,2026-09-06 13:54:05,1528.41,INR,SUCCESS,QR
T1000623,M103,C01898,2026-09-06 13:47:38,5637.18,INR,SUCCESS,QR
T1000624,M115,C01729,2026-09-06 19:45:46,4327.27,INR,SUCCESS,QR
T1000625,M113,C00529,2026-09-06 17:33:34,2337.87,INR,SUCCESS,ONLINE
T1000626,M111,C00972,2026-09-06 18:05:52,1516.70,INR,SUCCESS,QR
T1000627,M116,C01544,2026-09-06 18:53:49,1467.85,INR,SUCCESS,POS
T1000628,M117,C02356,2026-09-06 20:20:58,979.37,INR,SUCCESS,QR
T1000629,M101,C01690,2026-09-06 14:52:18,13051.08,INR,SUCCESS,QR
T1000630,M105,C02111,2026-09-06 15:47:38,4823.88,INR,FAILED,ONLINE
T1000631,M103,C01210,2026-09-06 13:52:15,6375.81,INR,SUCCESS,ONLINE
T1000632,M122,C01809,2026-09-06 09:11:25,231.48,INR,SUCCESS,QR
T1000633,M108,C01599,2026-09-06 09:48:15,7223.59,INR,SUCCESS,POS
T1000634,M121,C02430,2026-09-06 09:01:43,46082.10,INR,SUCCESS,ONLINE
T1000635,M109,C02572,2026-09-06 18:55:34,44108.88,INR,SUCCESS,ONLINE
T1000636,M113,C02869,2026-09-06 17:35:51,1688.99,INR,REVERSED,POS
T1000637,M104,C00609,2026-09-06 08:07:16,1023.69,INR,SUCCESS,QR
T1000638,M113,C01901,2026-09-06 16:12:34,2288.93,INR,SUCCESS,POS
T1000639,M103,C00392,2026-09-06 11:33:08,9450.54,INR,REVERSED,POS
T1000640,M103,C02992,2026-09-06 12:23:29,3695.65,INR,SUCCESS,ONLINE
T1000641,M108,C00336,2026-09-06 13:47:56,6977.28,INR,SUCCESS,ONLINE
T1000642,M100,C00273,2026-09-06 17:52:33,1582.68,INR,SUCCESS,POS
T1000643,M114,C01916,2026-09-06 19:55:15,6173.43,INR,SUCCESS,POS
T1000644,M122,C01789,2026-09-06 18:09:51,1599.93,INR,SUCCESS,POS
T1000645,M110,C00143,2026-09-06 11:03:31,45788.63,INR,SUCCESS,POS
T1000646,M114,C00153,2026-09-06 12:21:07,723.68,INR,SUCCESS,QR
T1000647,M117,C02915,2026-09-06 14:13:42,6618.39,INR,SUCCESS,ONLINE
T1000648,M101,C00025,2026-09-06 16:49:34,10444.00,INR,SUCCESS,ONLINE
T1000649,M115,C01400,2026-09-06 11:26:25,5552.13,INR,SUCCESS,POS
T1000650,M116,C01978,2026-09-06 17:26:55,4900.72,INR,SUCCESS,ONLINE
T1000651,M101,C01984,2026-09-06 10:29:20,46994.22,INR,SUCCESS,POS
T1000652,M124,C01608,2026-09-06 13:04:58,1613.81,INR,SUCCESS,POS
T1000653,M102,C01010,2026-09-06 16:34:18,1803.51,INR,SUCCESS,ONLINE
T1000654,M117,C00255,2026-09-06 22:50:36,10118.93,INR,SUCCESS,POS
T1000655,M115,C02586,2026-09-06 12:56:52,1954.82,INR,SUCCESS,POS
T1000656,M110,C01292,2026-09-06 10:32:34,26375.18,INR,SUCCESS,ONLINE
T1000657,M117,C00828,2026-09-06 22:13:42,7579.50,INR,SUCCESS,ONLINE
T1000658,M104,C02811,2026-09-06 17:51:14,2050.18,INR,SUCCESS,QR
T1000659,M109,C01269,2026-09-06 12:33:26,7488.85,INR,SUCCESS,QR
T1000660,M104,C00779,2026-09-06 20:42:31,518.96,INR,SUCCESS,POS
T1000661,M114,C00555,2026-09-06 13:29:19,14134.11,INR,SUCCESS,ONLINE
T1000662,M109,C02991,2026-09-06 16:49:17,4958.43,INR,SUCCESS,ONLINE
T1000663,M112,C02116,2026-09-06 09:58:18,54921.85,INR,SUCCESS,POS
T1000664,M122,C02503,2026-09-06 21:34:37,1792.65,INR,SUCCESS,ONLINE
T1000665,M117,C02837,2026-09-06 16:46:26,10787.85,INR,SUCCESS,POS
T1000666,M103,C00629,2026-09-06 14:40:48,9591.31,INR,SUCCESS,QR
T1000667,M102,C02602,2026-09-06 10:04:43,782.50,INR,SUCCESS,POS
T1000668,M102,C01727,2026-09-06 17:48:17,2907.05,INR,SUCCESS,QR
T1000669,M117,C02601,2026-09-06 22:27:20,7450.63,INR,REVERSED,QR
T1000670,M113,C01370,2026-09-06 07:18:40,2824.01,INR,SUCCESS,POS
T1000671,M104,C01530,2026-09-06 12:39:09,4544.05,INR,REVERSED,POS
T1000672,M122,C02322,2026-09-06 21:16:43,2139.24,INR,SUCCESS,POS
T1000673,M105,C00758,2026-09-06 08:06:45,2653.78,INR,SUCCESS,ONLINE
T1000674,M104,C01676,2026-09-06 12:54:42,5964.84,INR,SUCCESS,POS
T1000675,M117,C01865,2026-09-06 11:44:03,17698.92,INR,SUCCESS,POS
T1000676,M111,C02466,2026-09-06 07:15:32,3564.23,INR,SUCCESS,POS
T1000677,M100,C00196,2026-09-06 17:14:35,424.13,INR,SUCCESS,ONLINE
T1000678,M116,C01460,2026-09-06 18:02:06,3153.53,INR,SUCCESS,ONLINE
T1000679,M100,C00298,2026-09-06 12:21:11,3550.20,INR,REVERSED,QR
T1000680,M101,C00628,2026-09-06 17:54:50,80756.22,INR,SUCCESS,ONLINE
T1000681,M121,C00816,2026-09-06 19:25:30,31044.27,INR,SUCCESS,POS
T1000682,M108,C01977,2026-09-06 20:58:22,11958.35,INR,SUCCESS,POS
T1000683,M108,C02861,2026-09-06 18:01:03,8723.82,INR,SUCCESS,ONLINE
T1000684,M123,C01913,2026-09-06 12:07:26,811.26,INR,SUCCESS,ONLINE
T1000685,M118,C01422,2026-09-06 15:40:43,14986.61,INR,SUCCESS,POS
T1000686,M103,C02446,2026-09-06 19:28:11,12403.46,INR,SUCCESS,POS
T1000687,M113,C00881,2026-09-06 11:56:07,2341.81,INR,SUCCESS,POS
T1000688,M113,C02171,2026-09-06 16:32:05,1466.14,INR,SUCCESS,ONLINE
T1000689,M111,C02544,2026-09-06 12:58:09,3401.83,INR,SUCCESS,ONLINE
T1000690,M122,C02326,2026-09-06 06:38:26,1250.86,INR,SUCCESS,ONLINE
T1000691,M114,C00811,2026-09-06 15:59:28,13323.42,INR,SUCCESS,QR
T1000692,M102,C01050,2026-09-06 16:54:18,1815.42,INR,SUCCESS,POS
T1000693,M104,C00772,2026-09-06 11:38:15,3983.06,INR,SUCCESS,POS
T1000694,M111,C02744,2026-09-06 20:32:00,1671.35,INR,SUCCESS,ONLINE
T1000695,M116,C01854,2026-09-06 14:36:26,1702.25,INR,SUCCESS,POS
T1000696,M122,C00781,2026-09-06 19:08:19,1360.96,INR,SUCCESS,POS
T1000697,M115,C00565,2026-09-06 12:03:45,3171.53,INR,SUCCESS,QR
T1000698,M105,C00681,2026-09-06 08:46:54,3040.11,INR,SUCCESS,ONLINE
T1000699,M102,C02834,2026-09-06 21:27:04,357.64,INR,SUCCESS,ONLINE
T1000700,M104,C00287,2026-09-06 11:11:08,4861.28,INR,FAILED,POS
T1000701,M102,C00540,2026-09-06 11:07:05,951.66,INR,SUCCESS,POS
T1000702,M117,C02424,2026-09-06 17:19:43,17122.78,INR,SUCCESS,QR
T1000703,M104,C01226,2026-09-06 13:29:40,5767.64,INR,SUCCESS,POS
T1000704,M106,C00304,2026-09-06 13:21:14,640.96,INR,SUCCESS,QR
T1000705,M111,C02547,2026-09-06 13:41:48,1478.11,INR,REVERSED,POS
T1000706,M103,C00054,2026-09-06 16:08:33,6533.27,INR,SUCCESS,QR
T1000707,M122,C00485,2026-09-06 12:41:57,1910.67,INR,SUCCESS,ONLINE
T1000708,M108,C02498,2026-09-06 08:58:46,5315.21,INR,FAILED,ONLINE
T1000709,M104,C02444,2026-09-06 17:34:32,1507.74,INR,SUCCESS,POS
T1000710,M121,C01611,2026-09-06 19:35:20,43563.03,INR,SUCCESS,ONLINE
T1000711,M120,C01151,2026-09-06 08:16:37,556.33,INR,SUCCESS,ONLINE
T1000712,M104,C01712,2026-09-06 18:11:34,4419.64,INR,SUCCESS,POS
T1000713,M101,C01413,2026-09-06 15:34:38,4160.23,INR,SUCCESS,ONLINE
T1000714,M121,C02184,2026-09-06 15:58:07,84585.51,INR,SUCCESS,POS
T1000715,M124,C01402,2026-09-06 13:34:18,3504.17,INR,SUCCESS,POS
T1000716,M121,C01633,2026-09-06 20:59:10,32769.63,INR,SUCCESS,POS
T1000717,M118,C02842,2026-09-06 22:19:10,2966.37,INR,SUCCESS,ONLINE
T1000718,M108,C01439,2026-09-06 18:15:54,6500.28,INR,REVERSED,QR
T1000719,M104,C02089,2026-09-06 21:18:02,5069.30,INR,SUCCESS,POS
T1000720,M110,C00192,2026-09-06 12:20:39,42405.65,INR,SUCCESS,POS
T1000721,M104,C02496,2026-09-06 20:59:03,3807.06,INR,FAILED,POS
T1000722,M122,C01214,2026-09-06 14:15:05,1401.99,INR,SUCCESS,QR
T1000723,M112,C01474,2026-09-06 17:06:40,39058.95,INR,SUCCESS,POS
T1000724,M111,C00102,2026-09-06 10:46:54,1638.34,INR,SUCCESS,POS
T1000725,M114,C00837,2026-09-06 18:24:08,11083.36,INR,SUCCESS,ONLINE
T1000726,M113,C01515,2026-09-06 19:43:58,1869.50,INR,SUCCESS,ONLINE
T1000727,M108,C01484,2026-09-06 14:02:31,12788.97,INR,SUCCESS,QR
T1000728,M102,C00494,2026-09-06 21:44:11,1332.73,INR,SUCCESS,POS
T1000729,M120,C02837,2026-09-06 18:27:28,2334.42,INR,SUCCESS,ONLINE
T1000730,M100,C01536,2026-09-06 11:38:50,522.50,INR,SUCCESS,POS
T1000731,M108,C00870,2026-09-06 17:52:28,13518.08,INR,SUCCESS,POS
T1000732,M113,C02924,2026-09-06 18:26:04,1886.12,INR,SUCCESS,POS
T1000733,M111,C00307,2026-09-06 10:15:22,3043.52,INR,FAILED,ONLINE
T1000734,M109,C00856,2026-09-06 13:09:22,54418.47,INR,SUCCESS,ONLINE
T1000735,M105,C02659,2026-09-06 14:17:42,1008.38,INR,SUCCESS,POS
T1000736,M104,C00084,2026-09-06 12:24:37,810.66,INR,SUCCESS,ONLINE
T1000737,M115,C00110,2026-09-06 11:29:05,1227.42,INR,SUCCESS,ONLINE
T1000738,M121,C01475,2026-09-06 20:46:31,50035.91,INR,SUCCESS,POS
T1000739,M102,C01691,2026-09-06 21:43:41,1593.51,INR,SUCCESS,ONLINE
T1000740,M115,C00352,2026-09-06 10:30:31,2661.63,INR,SUCCESS,POS
T1000741,M109,C02536,2026-09-06 11:43:09,58205.64,INR,SUCCESS,QR
T1000742,M108,C02635,2026-09-06 11:53:51,11611.22,INR,SUCCESS,ONLINE
T1000743,M107,C00384,2026-09-06 17:53:21,3017.79,INR,SUCCESS,POS
T1000744,M106,C01698,2026-09-06 11:01:10,1080.47,INR,SUCCESS,QR
T1000745,M101,C00142,2026-09-06 13:19:10,68727.94,INR,SUCCESS,QR
T1000746,M108,C01319,2026-09-06 17:31:48,2474.12,INR,SUCCESS,ONLINE
T1000747,M113,C02524,2026-09-06 09:15:11,1108.31,INR,SUCCESS,ONLINE
T1000748,M107,C00713,2026-09-06 13:07:25,9265.33,INR,SUCCESS,ONLINE
T1000749,M116,C02385,2026-09-06 09:02:31,1210.55,INR,SUCCESS,POS
T1000750,M117,C00185,2026-09-06 20:51:13,3879.54,INR,SUCCESS,POS
T1000751,M103,C01948,2026-09-06 07:56:35,8669.33,INR,SUCCESS,QR
T1000752,M104,C01449,2026-09-06 20:18:33,1565.68,INR,SUCCESS,POS
T1000753,M113,C01135,2026-09-06 12:20:54,789.57,INR,SUCCESS,QR
T1000754,M113,C02308,2026-09-06 10:36:08,318.13,INR,SUCCESS,QR
T1000755,M116,C01048,2026-09-06 12:18:55,3949.36,INR,SUCCESS,ONLINE
T1000756,M102,C00527,2026-09-06 21:15:01,544.96,INR,SUCCESS,ONLINE
T1000757,M104,C02890,2026-09-06 11:54:34,2449.08,INR,SUCCESS,POS
T1000758,M107,C00770,2026-09-06 13:04:55,4954.60,INR,SUCCESS,ONLINE
T1000759,M109,C01971,2026-09-06 09:23:03,8351.75,INR,SUCCESS,POS
T1000760,M104,C00009,2026-09-06 19:09:51,1560.54,INR,SUCCESS,POS
T1000761,M121,C01921,2026-09-06 12:50:15,29498.52,INR,SUCCESS,POS
T1000762,M120,C02963,2026-09-06 20:32:26,891.56,INR,SUCCESS,ONLINE
T1000763,M114,C02958,2026-09-06 21:11:05,6351.92,INR,FAILED,POS
T1000764,M100,C02220,2026-09-06 11:36:03,3509.55,INR,SUCCESS,ONLINE
T1000765,M102,C00603,2026-09-06 20:20:19,2991.16,INR,SUCCESS,ONLINE
T1000766,M105,C00241,2026-09-06 20:45:32,4920.94,INR,SUCCESS,POS
T1000767,M117,C02768,2026-09-06 20:20:42,15549.28,INR,SUCCESS,POS
T1000768,M111,C02892,2026-09-06 20:36:08,2268.82,INR,SUCCESS,QR
T1000769,M115,C02116,2026-09-06 20:32:44,2685.80,INR,SUCCESS,POS
T1000770,M100,C02517,2026-09-06 10:56:59,3950.45,INR,SUCCESS,QR
T1000771,M108,C00612,2026-09-06 11:10:09,10710.72,INR,SUCCESS,QR
T1000772,M123,C01656,2026-09-06 13:50:34,252.45,INR,SUCCESS,QR
T1000773,M105,C00983,2026-09-06 08:12:39,2234.51,INR,SUCCESS,POS
T1000774,M102,C00998,2026-09-07 22:22:01,2871.44,INR,SUCCESS,POS
T1000775,M114,C02980,2026-09-07 12:16:37,11205.75,INR,SUCCESS,QR
T1000776,M104,C02046,2026-09-07 19:24:04,1365.29,INR,SUCCESS,POS
T1000777,M105,C02997,2026-09-07 18:21:48,3218.05,INR,SUCCESS,QR
T1000778,M117,C01745,2026-09-07 11:27:53,19344.52,INR,SUCCESS,POS
T1000779,M100,C02319,2026-09-07 16:07:14,709.93,INR,SUCCESS,POS
T1000780,M110,C02275,2026-09-07 13:42:27,49107.04,INR,SUCCESS,ONLINE
T1000781,M111,C02224,2026-09-07 17:46:40,1355.17,INR,SUCCESS,ONLINE
T1000782,M117,C02875,2026-09-07 11:06:53,2062.39,INR,SUCCESS,POS
T1000783,M119,C01266,2026-09-07 10:06:36,69993.94,INR,SUCCESS,ONLINE
T1000784,M110,C00731,2026-09-07 22:59:50,77323.20,INR,SUCCESS,ONLINE
T1000785,M104,C00283,2026-09-07 15:00:51,1842.64,INR,SUCCESS,QR
T1000786,M124,C02522,2026-09-07 11:23:58,3873.60,INR,REVERSED,POS
T1000787,M115,C02787,2026-09-07 13:59:43,381.16,INR,FAILED,QR
T1000788,M117,C02443,2026-09-07 18:25:40,12694.96,INR,SUCCESS,QR
T1000789,M102,C00286,2026-09-07 18:31:19,1152.55,INR,SUCCESS,POS
T1000790,M103,C02864,2026-09-07 16:12:16,1523.71,INR,SUCCESS,ONLINE
T1000791,M122,C01550,2026-09-07 19:34:38,1527.60,INR,SUCCESS,POS
T1000792,M107,C00220,2026-09-07 21:17:32,10551.33,INR,SUCCESS,ONLINE
T1000793,M110,C02031,2026-09-07 21:40:56,37051.97,INR,FAILED,ONLINE
T1000794,M122,C00871,2026-09-07 16:00:57,2431.42,INR,SUCCESS,ONLINE
T1000795,M104,C01765,2026-09-07 19:08:48,2795.90,INR,SUCCESS,QR
T1000796,M117,C00845,2026-09-07 20:33:57,1602.08,INR,SUCCESS,POS
T1000797,M117,C01655,2026-09-07 15:09:01,13732.23,INR,SUCCESS,QR
T1000798,M110,C01285,2026-09-07 19:48:55,74484.52,INR,SUCCESS,ONLINE
T1000799,M117,C01802,2026-09-07 11:23:28,11459.22,INR,REVERSED,QR
T1000800,M114,C00493,2026-09-07 13:46:01,961.62,INR,SUCCESS,POS
T1000801,M111,C00825,2026-09-07 19:16:32,2076.54,INR,FAILED,QR
T1000802,M117,C01691,2026-09-07 16:43:41,6777.82,INR,SUCCESS,ONLINE
T1000803,M101,C01735,2026-09-07 08:25:58,28057.63,INR,SUCCESS,POS
T1000804,M106,C00410,2026-09-07 17:21:47,1609.52,INR,SUCCESS,POS
T1000805,M118,C01381,2026-09-07 14:08:56,46290.06,INR,SUCCESS,ONLINE
T1000806,M101,C01083,2026-09-07 20:28:36,24312.48,INR,SUCCESS,ONLINE
T1000807,M120,C00939,2026-09-07 14:35:21,1198.85,INR,SUCCESS,POS
T1000808,M113,C02258,2026-09-07 18:01:27,1141.83,INR,SUCCESS,ONLINE
T1000809,M122,C01603,2026-09-07 19:31:02,400.99,INR,REVERSED,ONLINE
T1000810,M114,C00116,2026-09-07 20:19:52,11344.86,INR,SUCCESS,ONLINE
T1000811,M117,C01729,2026-09-07 14:53:13,7263.50,INR,SUCCESS,POS
T1000812,M117,C00225,2026-09-07 12:20:20,13335.10,INR,SUCCESS,QR
T1000813,M117,C02894,2026-09-07 18:51:47,10899.42,INR,SUCCESS,ONLINE
T1000814,M117,C01528,2026-09-07 20:13:54,10542.37,INR,SUCCESS,ONLINE
T1000815,M115,C02056,2026-09-07 15:21:45,409.89,INR,SUCCESS,POS
T1000816,M109,C00839,2026-09-07 18:49:32,10978.02,INR,SUCCESS,POS
T1000817,M107,C02773,2026-09-07 11:36:29,5584.35,INR,SUCCESS,QR
T1000818,M116,C02668,2026-09-07 17:09:03,1634.17,INR,SUCCESS,POS
T1000819,M104,C01352,2026-09-07 20:33:48,4535.52,INR,SUCCESS,ONLINE
T1000820,M108,C01016,2026-09-07 11:03:50,13379.19,INR,SUCCESS,ONLINE
T1000821,M104,C02310,2026-09-07 15:37:38,5072.50,INR,SUCCESS,ONLINE
T1000822,M121,C01698,2026-09-07 19:06:29,46432.85,INR,SUCCESS,ONLINE
T1000823,M115,C00179,2026-09-07 19:18:35,3165.86,INR,SUCCESS,ONLINE
T1000824,M105,C02793,2026-09-07 09:57:23,2346.21,INR,SUCCESS,ONLINE
T1000825,M105,C00950,2026-09-07 18:01:33,4191.76,INR,SUCCESS,QR
T1000826,M114,C01635,2026-09-07 17:18:57,1253.71,INR,SUCCESS,ONLINE
T1000827,M100,C00873,2026-09-07 19:50:33,3216.68,INR,SUCCESS,ONLINE
T1000828,M112,C00630,2026-09-07 08:11:11,39166.25,INR,FAILED,ONLINE
T1000829,M103,C02774,2026-09-07 22:39:40,14403.03,INR,SUCCESS,POS
T1000830,M103,C02954,2026-09-07 10:40:20,5777.55,INR,SUCCESS,ONLINE
T1000831,M103,C01210,2026-09-07 12:05:06,9072.55,INR,SUCCESS,QR
T1000832,M106,C00664,2026-09-07 06:21:23,1302.93,INR,FAILED,ONLINE
T1000833,M113,C00136,2026-09-07 20:49:58,1296.33,INR,SUCCESS,ONLINE
T1000834,M107,C01974,2026-09-07 19:15:57,2091.48,INR,SUCCESS,QR
T1000835,M102,C01198,2026-09-07 11:35:12,1444.73,INR,SUCCESS,POS
T1000836,M105,C01425,2026-09-07 08:52:20,956.36,INR,SUCCESS,QR
T1000837,M124,C01830,2026-09-07 17:16:54,9386.51,INR,FAILED,POS
T1000838,M115,C00660,2026-09-07 11:28:56,1815.80,INR,SUCCESS,POS
T1000839,M108,C00344,2026-09-07 13:14:37,5121.04,INR,SUCCESS,ONLINE
T1000840,M108,C01779,2026-09-07 19:25:23,1853.07,INR,FAILED,ONLINE
T1000841,M112,C02112,2026-09-07 20:52:17,27745.04,INR,SUCCESS,ONLINE
T1000842,M114,C00826,2026-09-07 12:04:51,3074.28,INR,REVERSED,POS
T1000843,M115,C02184,2026-09-07 20:05:10,4563.66,INR,SUCCESS,POS
T1000844,M102,C01903,2026-09-07 16:48:34,362.40,INR,SUCCESS,QR
T1000845,M108,C01561,2026-09-07 19:07:39,4665.89,INR,SUCCESS,POS
T1000846,M118,C00126,2026-09-07 12:13:55,56900.58,INR,SUCCESS,QR
T1000847,M115,C00457,2026-09-07 22:17:51,2001.68,INR,SUCCESS,POS
T1000848,M111,C02175,2026-09-07 13:57:52,3919.39,INR,SUCCESS,ONLINE
T1000849,M113,C01409,2026-09-07 13:40:31,2117.54,INR,SUCCESS,ONLINE
T1000850,M108,C01656,2026-09-07 16:53:36,5802.10,INR,SUCCESS,QR
T1000851,M102,C00211,2026-09-07 09:32:42,756.53,INR,SUCCESS,ONLINE
T1000852,M122,C01456,2026-09-07 09:50:37,998.02,INR,SUCCESS,POS
T1000853,M108,C01859,2026-09-07 12:59:32,13397.28,INR,SUCCESS,POS
T1000854,M103,C02916,2026-09-07 19:36:02,5120.06,INR,SUCCESS,POS
T1000855,M116,C01876,2026-09-07 10:44:19,1182.46,INR,SUCCESS,ONLINE
T1000856,M122,C00534,2026-09-07 18:03:47,2725.85,INR,SUCCESS,POS
T1000857,M102,C01429,2026-09-07 13:10:03,291.94,INR,SUCCESS,POS
T1000858,M102,C00666,2026-09-07 11:25:04,1106.66,INR,SUCCESS,ONLINE
T1000859,M118,C02213,2026-09-07 20:22:54,33475.71,INR,SUCCESS,POS
T1000860,M118,C00454,2026-09-07 20:09:59,19550.82,INR,SUCCESS,QR
T1000861,M112,C02360,2026-09-07 19:22:32,89598.77,INR,SUCCESS,POS
T1000862,M106,C00044,2026-09-07 15:46:12,697.24,INR,SUCCESS,POS
T1000863,M105,C02911,2026-09-07 18:02:54,343.69,INR,SUCCESS,POS
T1000864,M122,C01106,2026-09-07 17:14:48,374.11,INR,SUCCESS,ONLINE
T1000865,M121,C02704,2026-09-07 13:08:13,83886.05,INR,SUCCESS,POS
T1000866,M117,C00792,2026-09-07 18:46:39,13739.60,INR,FAILED,ONLINE
T1000867,M112,C02291,2026-09-07 06:39:15,46987.18,INR,SUCCESS,POS
T1000868,M121,C00522,2026-09-07 20:10:19,20227.21,INR,SUCCESS,POS
T1000869,M105,C01822,2026-09-07 19:56:11,4955.97,INR,SUCCESS,POS
T1000870,M114,C02861,2026-09-07 12:53:04,614.02,INR,SUCCESS,POS
T1000871,M113,C01748,2026-09-07 13:12:16,769.85,INR,SUCCESS,POS
T1000872,M112,C02404,2026-09-07 13:41:56,88906.89,INR,FAILED,QR
T1000873,M120,C02227,2026-09-07 09:05:11,2657.37,INR,SUCCESS,POS
T1000874,M104,C00977,2026-09-07 11:21:45,5783.68,INR,SUCCESS,POS
T1000875,M122,C01376,2026-09-07 13:49:04,310.03,INR,SUCCESS,QR
T1000876,M113,C01218,2026-09-07 13:07:51,1164.93,INR,SUCCESS,POS
T1000877,M124,C01639,2026-09-07 14:48:43,3458.01,INR,SUCCESS,QR
T1000878,M105,C02689,2026-09-07 22:12:18,2993.03,INR,SUCCESS,QR
T1000879,M117,C02021,2026-09-07 19:38:32,7670.16,INR,REVERSED,POS
T1000880,M122,C02578,2026-09-07 13:22:12,568.77,INR,FAILED,QR
T1000881,M117,C01326,2026-09-07 08:45:38,2304.22,INR,SUCCESS,ONLINE
T1000882,M115,C02594,2026-09-07 19:47:35,826.56,INR,SUCCESS,ONLINE
T1000883,M122,C00959,2026-09-08 09:48:41,1153.59,INR,SUCCESS,QR
T1000884,M121,C01620,2026-09-08 16:12:57,83702.21,INR,SUCCESS,QR
T1000885,M103,C01369,2026-09-08 10:19:25,14880.06,INR,SUCCESS,POS
T1000886,M111,C01401,2026-09-08 12:04:38,586.87,INR,SUCCESS,POS
T1000887,M104,C00556,2026-09-08 12:49:55,4510.21,INR,FAILED,ONLINE
T1000888,M111,C00956,2026-09-08 09:15:27,2614.30,INR,SUCCESS,QR
T1000889,M100,C01634,2026-09-08 13:35:52,3369.34,INR,SUCCESS,QR
T1000890,M101,C02584,2026-09-08 07:11:21,22640.31,INR,SUCCESS,ONLINE
T1000891,M108,C01214,2026-09-08 14:09:24,16799.05,INR,SUCCESS,POS
T1000892,M103,C02007,2026-09-08 14:58:29,10084.38,INR,SUCCESS,ONLINE
T1000893,M122,C00741,2026-09-08 13:47:39,2033.94,INR,SUCCESS,POS
T1000894,M109,C02675,2026-09-08 18:52:58,56156.22,INR,SUCCESS,ONLINE
T1000895,M104,C02457,2026-09-08 12:03:27,2791.45,INR,SUCCESS,QR
T1000896,M117,C01158,2026-09-08 17:00:06,13136.14,INR,SUCCESS,QR
T1000897,M122,C02359,2026-09-08 23:24:46,1612.03,INR,SUCCESS,POS
T1000898,M117,C00860,2026-09-08 19:26:52,12832.11,INR,SUCCESS,ONLINE
T1000899,M112,C00031,2026-09-08 09:53:14,66097.61,INR,SUCCESS,POS
T1000900,M115,C02800,2026-09-08 09:06:12,1743.92,INR,SUCCESS,ONLINE
T1000901,M100,C02874,2026-09-08 18:49:21,3957.75,INR,SUCCESS,POS
T1000902,M116,C02931,2026-09-08 12:39:45,3446.79,INR,SUCCESS,POS
T1000903,M102,C00567,2026-09-08 20:45:53,780.89,INR,SUCCESS,ONLINE
T1000904,M124,C01417,2026-09-08 07:03:06,5594.67,INR,SUCCESS,QR
T1000905,M104,C01484,2026-09-08 19:19:50,4684.89,INR,SUCCESS,ONLINE
T1000906,M105,C00481,2026-09-08 12:52:45,4599.62,INR,SUCCESS,ONLINE
T1000907,M115,C02888,2026-09-08 19:30:43,4275.34,INR,SUCCESS,POS
T1000908,M115,C01492,2026-09-08 14:30:32,4160.37,INR,SUCCESS,ONLINE
T1000909,M102,C00731,2026-09-08 16:04:31,2575.13,INR,SUCCESS,ONLINE
T1000910,M100,C01027,2026-09-08 19:59:45,2945.76,INR,SUCCESS,ONLINE
T1000911,M120,C01419,2026-09-08 08:13:04,2786.79,INR,SUCCESS,QR
T1000912,M102,C01727,2026-09-08 20:32:50,1837.00,INR,SUCCESS,ONLINE
T1000913,M101,C00133,2026-09-08 07:34:53,88379.70,INR,SUCCESS,QR
T1000914,M104,C01564,2026-09-08 14:44:35,4555.71,INR,SUCCESS,ONLINE
T1000915,M111,C02031,2026-09-08 15:41:01,114.41,INR,SUCCESS,ONLINE
T1000916,M107,C02291,2026-09-08 10:55:20,11056.19,INR,SUCCESS,ONLINE
T1000917,M109,C02627,2026-09-08 13:01:03,21879.71,INR,SUCCESS,ONLINE
T1000918,M101,C01088,2026-09-08 19:00:39,33564.17,INR,SUCCESS,POS
T1000919,M102,C00364,2026-09-08 22:48:13,1436.56,INR,SUCCESS,ONLINE
T1000920,M105,C00382,2026-09-08 17:18:07,4134.88,INR,SUCCESS,ONLINE
T1000921,M115,C00485,2026-09-08 11:20:42,1466.37,INR,SUCCESS,ONLINE
T1000922,M103,C00622,2026-09-08 08:05:00,7449.26,INR,SUCCESS,QR
T1000923,M112,C02277,2026-09-08 09:02:51,39222.97,INR,SUCCESS,ONLINE
T1000924,M103,C00762,2026-09-08 13:54:47,4994.79,INR,SUCCESS,POS
T1000925,M119,C02088,2026-09-08 19:09:01,67705.53,INR,SUCCESS,ONLINE
T1000926,M123,C00270,2026-09-08 19:48:17,846.97,INR,SUCCESS,ONLINE
T1000927,M108,C01356,2026-09-08 12:00:43,18784.94,INR,SUCCESS,QR
T1000928,M116,C02383,2026-09-08 13:13:04,4855.60,INR,SUCCESS,POS
T1000929,M104,C02608,2026-09-08 12:07:52,4924.77,INR,SUCCESS,ONLINE
T1000930,M122,C01660,2026-09-08 20:24:36,2508.94,INR,SUCCESS,POS
T1000931,M108,C01010,2026-09-08 13:02:39,5420.90,INR,SUCCESS,POS
T1000932,M106,C00235,2026-09-08 10:49:15,1783.81,INR,SUCCESS,QR
T1000933,M100,C00011,2026-09-08 13:14:33,3534.86,INR,REVERSED,POS
T1000934,M107,C02042,2026-09-08 19:19:17,5202.31,INR,SUCCESS,POS
T1000935,M117,C00072,2026-09-08 10:25:55,8835.27,INR,SUCCESS,ONLINE
T1000936,M116,C02802,2026-09-08 18:59:08,2053.01,INR,REVERSED,POS
T1000937,,C01736,2026-09-08 14:14:23,1219.38,INR,SUCCESS,ONLINE
T1000938,M109,C01387,2026-09-08 12:52:16,27039.31,INR,REVERSED,POS
T1000939,M101,C00038,2026-09-08 10:42:01,74305.63,INR,REVERSED,QR
T1000940,M121,C02321,2026-09-08 20:23:10,9818.17,INR,SUCCESS,ONLINE
T1000941,M117,C02685,2026-09-08 21:03:30,18079.76,INR,SUCCESS,POS
T1000942,M117,C00158,2026-09-08 18:32:44,8505.18,INR,SUCCESS,POS
T1000943,M115,C02187,2026-09-08 13:27:15,5165.75,INR,SUCCESS,POS
T1000944,M109,C00985,2026-09-08 10:58:17,7815.60,INR,SUCCESS,ONLINE
T1000945,M108,C02858,2026-09-08 15:25:18,980.88,INR,SUCCESS,ONLINE
T1000946,M103,C01799,2026-09-08 08:05:29,11226.33,INR,SUCCESS,QR
T1000947,M111,C01830,2026-09-08 12:13:34,3897.94,INR,SUCCESS,POS
T1000948,M117,C00419,2026-09-08 19:27:32,14493.60,INR,SUCCESS,QR
T1000949,M122,C01717,2026-09-08 08:41:47,2853.41,INR,SUCCESS,POS
T1000950,M104,C02564,2026-09-08 13:50:59,5370.34,INR,SUCCESS,ONLINE
T1000951,M103,C01567,2026-09-08 19:29:48,7899.36,INR,SUCCESS,QR
T1000952,M105,C00736,2026-09-08 19:18:34,4071.98,INR,SUCCESS,QR
T1000953,M117,C01194,2026-09-08 22:28:30,19265.28,INR,SUCCESS,ONLINE
T1000954,M122,C00163,2026-09-08 10:34:38,2460.99,INR,SUCCESS,ONLINE
T1000955,M112,C01889,2026-09-08 13:29:33,3196.44,INR,SUCCESS,ONLINE
T1000956,,C00328,2026-09-08 18:25:40,517.60,INR,SUCCESS,POS
T1000957,M122,C00891,2026-09-08 12:10:24,1434.59,INR,SUCCESS,ONLINE
T1000958,M112,C02622,2026-09-08 11:46:18,78161.67,INR,SUCCESS,ONLINE
T1000959,M106,C02007,2026-09-08 17:56:50,1043.16,INR,SUCCESS,POS
T1000960,M107,C01534,2026-09-08 19:00:12,7196.09,INR,SUCCESS,POS
T1000961,M109,C00912,2026-09-08 20:50:49,7654.65,INR,SUCCESS,ONLINE
T1000962,M100,C01424,2026-09-08 09:20:50,1235.52,INR,SUCCESS,POS
T1000963,M104,C00734,2026-09-08 12:36:02,5776.36,INR,SUCCESS,QR
T1000964,M108,C01600,2026-09-08 14:00:02,16493.69,INR,SUCCESS,ONLINE
T1000965,M101,C02189,2026-09-08 12:13:52,70360.16,INR,SUCCESS,QR
T1000966,M104,C01688,2026-09-08 18:16:33,2585.33,INR,SUCCESS,QR
T1000967,M122,C02146,2026-09-08 18:57:01,2718.81,INR,SUCCESS,ONLINE
T1000968,M117,C02930,2026-09-08 09:10:28,16646.93,INR,SUCCESS,ONLINE
T1000969,M117,C01966,2026-09-08 21:22:18,6446.20,INR,SUCCESS,ONLINE
T1000970,M108,C01036,2026-09-08 12:38:24,3576.55,INR,SUCCESS,ONLINE
T1000971,M114,C00560,2026-09-08 09:24:44,6085.69,INR,SUCCESS,POS
T1000972,M100,C02800,2026-09-08 13:48:48,1492.49,INR,SUCCESS,ONLINE
T1000973,M100,C00937,2026-09-08 21:17:43,2345.95,INR,SUCCESS,ONLINE
T1000974,M122,C00641,2026-09-08 13:42:58,1999.00,INR,SUCCESS,ONLINE
T1000975,M108,C01646,2026-09-08 11:22:06,11434.15,INR,SUCCESS,POS
T1000976,M113,C00310,2026-09-08 20:56:11,1329.14,INR,SUCCESS,ONLINE
T1000977,M113,C00315,2026-09-08 23:55:36,748.65,INR,SUCCESS,ONLINE
T1000978,M106,C00066,2026-09-08 10:16:49,788.32,INR,SUCCESS,ONLINE
T1000979,M105,C00971,2026-09-08 14:18:33,2721.82,INR,SUCCESS,ONLINE
T1000980,M115,C02135,2026-09-08 17:51:39,4459.05,INR,SUCCESS,POS
T1000981,M115,C01251,2026-09-08 11:07:40,3558.23,INR,SUCCESS,ONLINE
T1000982,M102,C01968,2026-09-08 18:14:14,1855.11,INR,FAILED,ONLINE
T1000983,M111,C00298,2026-09-08 10:23:51,3420.68,INR,SUCCESS,QR
T1000984,M107,C02953,2026-09-08 12:44:45,2647.93,INR,SUCCESS,ONLINE
T1000985,M121,C01585,2026-09-08 23:45:51,5301.05,INR,SUCCESS,QR
T1000986,M113,C02059,2026-09-08 18:04:45,922.17,INR,SUCCESS,ONLINE
T1000987,M102,C00948,2026-09-08 09:20:54,2606.52,INR,SUCCESS,POS
T1000988,M113,C02228,2026-09-08 21:10:16,1299.61,INR,SUCCESS,POS
T1000989,M108,C01230,2026-09-08 08:27:49,10668.32,INR,SUCCESS,QR
T1000990,M105,C02939,2026-09-08 22:05:35,718.35,INR,SUCCESS,ONLINE
T1000991,M117,C01470,2026-09-08 19:48:55,15136.78,INR,SUCCESS,ONLINE
T1000992,M111,C00323,2026-09-08 11:39:03,637.34,INR,SUCCESS,ONLINE
T1000993,M108,C01695,2026-09-08 08:16:01,4113.02,INR,SUCCESS,ONLINE
T1000994,M108,C00704,2026-09-08 08:50:38,4018.43,INR,FAILED,POS
T1000995,M108,C00011,2026-09-08 13:35:38,1590.34,INR,SUCCESS,ONLINE
T1000996,M112,C01820,2026-09-08 12:39:26,37965.48,INR,SUCCESS,ONLINE
T1000997,M103,C00783,2026-09-08 11:14:30,2083.72,INR,FAILED,POS
T1000998,M116,C02726,2026-09-08 18:17:46,2612.19,INR,SUCCESS,ONLINE
T1000999,M100,C01832,2026-09-09 19:05:48,586.56,INR,SUCCESS,POS
T1001000,M113,C02209,2026-09-09 14:34:34,2839.42,INR,SUCCESS,QR
T1001001,M109,C02131,2026-09-09 12:30:54,5127.74,INR,SUCCESS,QR
T1001002,M102,C02879,2026-09-09 11:16:14,2858.02,INR,SUCCESS,ONLINE
T1001003,M117,C02628,2026-09-09 18:09:32,15744.01,INR,SUCCESS,POS
T1001004,M117,C02591,2026-09-09 12:52:57,17322.83,INR,SUCCESS,ONLINE
T1001005,M120,C02770,2026-09-09 11:15:59,1037.61,INR,SUCCESS,QR
T1001006,M101,C01393,2026-09-09 20:57:13,71286.16,INR,SUCCESS,POS
T1001007,M104,C02014,2026-09-09 19:34:18,4381.61,INR,SUCCESS,ONLINE
T1001008,M104,C01858,2026-09-09 09:11:08,5148.68,INR,SUCCESS,POS
T1001009,M103,C02599,2026-09-09 17:04:20,12617.63,INR,SUCCESS,QR
T1001010,M113,C00241,2026-09-09 15:20:57,2494.12,INR,SUCCESS,POS
T1001011,M117,C00565,2026-09-09 12:45:27,12006.98,INR,REVERSED,POS
T1001012,M112,C01625,2026-09-09 16:46:57,30191.25,INR,SUCCESS,POS
T1001013,M123,C01645,2026-09-09 21:47:03,1441.72,INR,SUCCESS,POS
T1001014,M115,C00618,2026-09-09 08:09:23,5824.98,INR,SUCCESS,POS
T1001015,M105,C00206,2026-09-09 11:48:06,3095.52,INR,SUCCESS,QR
T1001016,M115,C00924,2026-09-09 20:43:56,5909.67,INR,SUCCESS,POS
T1001017,M113,C00648,2026-09-09 12:09:37,2792.70,INR,SUCCESS,POS
T1001018,M117,C00146,2026-09-09 13:45:42,9887.69,INR,SUCCESS,ONLINE
T1001019,M105,C01033,2026-09-09 20:30:02,1174.33,INR,SUCCESS,QR
T1001020,M120,C00168,2026-09-09 23:40:26,1719.69,INR,SUCCESS,QR
T1001021,M101,C02655,2026-09-09 14:40:50,65067.88,INR,SUCCESS,POS
T1001022,M104,C02881,2026-09-09 18:15:28,1441.03,INR,SUCCESS,QR
T1001023,M121,C02600,2026-09-09 16:32:27,68010.69,INR,SUCCESS,ONLINE
T1001024,M100,C00665,2026-09-09 22:11:02,3906.79,INR,SUCCESS,QR
T1001025,M113,C02476,2026-09-09 13:22:05,465.45,INR,SUCCESS,ONLINE
T1001026,M102,C02312,2026-09-09 09:22:05,758.36,INR,SUCCESS,QR
T1001027,M121,C02501,2026-09-09 09:02:41,73852.37,INR,SUCCESS,ONLINE
T1001028,M111,C01614,2026-09-09 18:56:46,3438.07,INR,SUCCESS,ONLINE
T1001029,M122,C00068,2026-09-09 19:01:36,1606.26,INR,SUCCESS,ONLINE
T1001030,M116,C01966,2026-09-09 11:47:03,623.86,INR,SUCCESS,POS
T1001031,M112,C02279,2026-09-09 16:58:30,65766.65,INR,SUCCESS,QR
T1001032,M122,C01247,2026-09-09 17:10:52,2315.60,INR,SUCCESS,QR
T1001033,M111,C02535,2026-09-09 18:32:17,846.60,INR,SUCCESS,ONLINE
T1001034,M106,C01683,2026-09-09 16:27:09,889.42,INR,SUCCESS,POS
T1001035,M117,C02453,2026-09-09 21:22:33,8533.84,INR,SUCCESS,POS
T1001036,M119,C00560,2026-09-09 18:33:01,49762.91,INR,SUCCESS,POS
T1001037,M108,C01818,2026-09-09 20:40:27,2936.86,INR,REVERSED,QR
T1001038,M102,C01478,2026-09-09 20:48:38,2179.92,INR,SUCCESS,POS
T1001039,M120,C00676,2026-09-09 18:16:17,2774.23,INR,SUCCESS,QR
T1001040,M117,C02063,2026-09-09 13:46:58,15929.03,INR,SUCCESS,QR
T1001041,M119,C00106,2026-09-09 16:09:25,3563.38,INR,SUCCESS,QR
T1001042,M122,C02563,2026-09-09 17:21:12,1889.41,INR,SUCCESS,POS
T1001043,M114,C00484,2026-09-09 18:48:15,7420.69,INR,REVERSED,QR
T1001044,M118,C01065,2026-09-09 10:54:13,41732.65,INR,SUCCESS,ONLINE
T1001045,M117,C00585,2026-09-09 21:40:50,7685.53,INR,SUCCESS,QR
T1001046,M112,C00747,2026-09-09 17:20:41,7337.13,INR,SUCCESS,ONLINE
T1001047,M115,C00048,2026-09-09 10:51:29,572.35,INR,SUCCESS,POS
T1001048,M103,C02971,2026-09-09 17:50:27,6458.07,INR,SUCCESS,ONLINE
T1001049,M116,C01421,2026-09-09 09:10:58,1323.77,INR,SUCCESS,QR
T1001050,M104,C00817,2026-09-09 19:36:53,4562.92,INR,SUCCESS,POS
T1001051,M104,C01288,2026-09-09 19:45:10,5921.84,inr,SUCCESS,ONLINE
T1001052,M114,C00911,2026-09-09 10:04:32,7201.13,INR,SUCCESS,POS
T1001053,M101,C02972,2026-09-09 09:42:25,5832.72,INR,SUCCESS,POS
T1001054,M119,C01868,2026-09-09 14:13:02,69949.94,INR,SUCCESS,POS
T1001055,M124,C02046,2026-09-09 14:18:34,7439.40,INR,SUCCESS,POS
T1001056,M117,C02733,2026-09-09 10:29:31,8449.22,INR,SUCCESS,QR
T1001057,M113,C01796,2026-09-09 10:10:22,1117.76,INR,SUCCESS,QR
T1001058,M114,C01894,2026-09-09 13:34:20,5993.80,INR,SUCCESS,POS
T1001059,M122,C01993,2026-09-09 13:22:32,569.90,INR,SUCCESS,QR
T1001060,M117,C02462,2026-09-09 14:28:04,12831.52,INR,SUCCESS,ONLINE
T1001061,M121,C02420,2026-09-09 19:47:30,36142.77,INR,SUCCESS,POS
T1001062,M106,C01661,2026-09-09 17:16:04,1358.17,INR,SUCCESS,ONLINE
T1001063,M101,C02827,2026-09-09 13:08:16,40091.56,INR,SUCCESS,POS
T1001064,M103,C02358,2026-09-09 19:28:22,12242.90,INR,FAILED,QR
T1001065,M112,C02486,2026-09-09 12:16:41,43100.09,INR,SUCCESS,POS
T1001066,M104,C02774,2026-09-09 10:17:10,2822.49,INR,SUCCESS,ONLINE
T1001067,M115,C01541,2026-09-09 19:17:53,2213.14,INR,SUCCESS,ONLINE
T1001068,M108,C02874,2026-09-09 22:39:52,9895.58,INR,SUCCESS,ONLINE
T1001069,M104,C02043,2026-09-09 11:01:59,1441.43,INR,SUCCESS,ONLINE
T1001070,M106,C00234,2026-09-09 14:20:13,1640.56,INR,SUCCESS,ONLINE
T1001071,M108,C02102,2026-09-09 13:05:01,7721.23,INR,SUCCESS,POS
T1001072,M109,C01620,2026-09-09 20:15:25,57605.86,INR,SUCCESS,POS
T1001073,M100,C00612,2026-09-09 20:45:29,206.05,INR,SUCCESS,ONLINE
T1001074,M115,C02190,2026-09-09 11:37:42,318.45,INR,SUCCESS,ONLINE
T1001075,M120,C02548,2026-09-09 18:31:10,2512.66,INR,SUCCESS,ONLINE
T1001076,M113,C01459,2026-09-09 12:57:17,1742.56,INR,SUCCESS,ONLINE
T1001077,M104,C01369,2026-09-09 13:29:04,2556.51,INR,SUCCESS,ONLINE
T1001078,M122,C01937,2026-09-09 08:56:25,357.81,INR,SUCCESS,ONLINE
T1001079,M118,C02311,2026-09-09 15:49:14,6995.39,INR,SUCCESS,QR
T1001080,M100,C02721,2026-09-09 19:57:11,1447.85,INR,SUCCESS,ONLINE
T1001081,M118,C00121,2026-09-09 09:59:11,19805.73,INR,SUCCESS,QR
T1001082,M108,C00248,2026-09-09 17:31:12,1886.42,INR,SUCCESS,POS
T1001083,M102,C02874,2026-09-09 12:51:06,1506.60,INR,SUCCESS,ONLINE
T1001084,M111,C02676,2026-09-09 08:39:37,503.64,INR,FAILED,ONLINE
T1001085,M113,C00864,2026-09-09 10:09:51,991.98,INR,SUCCESS,POS
T1001086,M101,C01057,2026-09-09 10:46:13,65008.15,INR,SUCCESS,POS
T1001087,M101,C02675,2026-09-09 12:50:42,83138.73,INR,SUCCESS,ONLINE
T1001088,M108,C02456,2026-09-09 17:34:17,18754.59,INR,SUCCESS,POS
T1001089,M105,C00674,2026-09-09 18:53:45,4410.93,INR,FAILED,ONLINE
T1001090,M115,C02180,2026-09-09 09:47:56,2055.01,INR,FAILED,POS
T1001091,M112,C02273,2026-09-09 18:38:52,8816.59,INR,SUCCESS,QR
T1001092,M122,C00315,2026-09-09 19:18:48,2729.83,INR,SUCCESS,ONLINE
T1001093,M102,C00652,2026-09-09 08:21:58,1889.04,INR,SUCCESS,POS
T1001094,M113,C02384,2026-09-09 20:53:18,1566.25,INR,SUCCESS,QR
T1001095,M124,C02258,2026-09-09 11:02:23,6406.77,INR,SUCCESS,POS
T1001096,M103,C02565,2026-09-09 13:52:13,10758.11,INR,SUCCESS,ONLINE
T1001097,M104,C02381,2026-09-09 12:26:09,1540.72,INR,SUCCESS,QR
T1001098,M105,C00758,2026-09-09 23:58:07,3884.57,INR,SUCCESS,ONLINE
T1001099,M118,C00617,2026-09-09 21:49:04,25488.39,INR,SUCCESS,POS
T1001100,M116,C01298,2026-09-09 18:43:50,1642.07,INR,FAILED,QR
T1001101,M104,C00237,2026-09-09 11:15:53,5660.94,INR,SUCCESS,POS
T1001102,M110,C00505,2026-09-09 12:37:22,59945.15,INR,SUCCESS,POS
T1001103,M111,C02520,2026-09-09 19:08:55,1089.49,INR,SUCCESS,QR
T1001104,M113,C02135,2026-09-09 13:58:02,651.56,INR,SUCCESS,ONLINE
T1001105,M113,C01573,2026-09-09 18:47:47,2172.91,XYZ,SUCCESS,QR
T1001106,M105,C02093,2026-09-09 19:04:57,3354.18,INR,SUCCESS,QR
T1001107,M116,C01999,2026-09-10 19:09:07,1577.20,INR,SUCCESS,POS
T1001108,M119,C02888,2026-09-10 07:47:10,23725.50,INR,SUCCESS,QR
T1001109,M116,C00465,2026-09-10 08:32:57,447.44,INR,SUCCESS,POS
T1001110,M122,C02965,2026-09-10 08:04:14,2596.66,INR,SUCCESS,POS
T1001111,M101,C02710,2026-09-10 19:14:56,14503.97,INR,SUCCESS,POS
T1001112,M122,C01574,2026-09-10 15:20:46,858.85,INR,SUCCESS,QR
T1001113,M115,C00715,2026-09-10 10:59:46,1731.13,INR,SUCCESS,POS
T1001114,M100,C00418,2026-09-10 12:29:34,2096.16,INR,SUCCESS,QR
T1001115,M105,C01198,2026-09-10 16:48:06,2261.66,INR,SUCCESS,ONLINE
T1001116,M115,C00430,2026-09-10 10:04:59,1339.34,INR,SUCCESS,QR
T1001117,M115,C02343,2026-09-10 19:37:17,5056.60,INR,SUCCESS,POS
T1001118,M115,C02646,2026-09-10 19:41:04,910.22,INR,SUCCESS,ONLINE
T1001119,M118,C00786,2026-09-10 10:47:59,35755.42,INR,SUCCESS,POS
T1001120,M113,C00802,2026-09-10 13:33:39,1102.67,INR,SUCCESS,ONLINE
T1001121,M102,C00764,2026-09-10 12:20:45,2371.66,INR,FAILED,QR
T1001122,M115,C02008,2026-09-10 14:43:50,1485.20,INR,FAILED,POS
T1001123,M112,C02714,2026-09-10 12:57:41,40163.60,INR,SUCCESS,POS
T1001124,M115,C01932,2026-09-10 21:36:39,4182.26,INR,SUCCESS,POS
T1001125,M104,C01591,2026-09-10 11:30:42,2024.99,INR,SUCCESS,ONLINE
T1001126,M119,C00991,2026-09-10 19:23:41,61469.04,INR,SUCCESS,POS
T1001127,,C02386,2026-09-10 15:07:26,9503.37,INR,SUCCESS,POS
T1001128,M121,C01575,2026-09-10 11:47:42,44021.34,INR,SUCCESS,POS
T1001129,M105,C00273,2026-09-10 15:44:24,4126.01,INR,SUCCESS,QR
T1001130,M102,C00718,2026-09-10 11:08:27,2058.61,INR,SUCCESS,ONLINE
T1001131,M118,C02514,2026-09-10 11:08:42,38270.90,INR,SUCCESS,ONLINE
T1001132,M120,C00164,2026-09-10 12:51:56,2773.46,INR,SUCCESS,POS
T1001133,M108,C01119,2026-09-10 08:20:00,8131.21,INR,REVERSED,POS
T1001134,M104,C00062,2026-09-10 15:30:08,3840.44,INR,SUCCESS,ONLINE
T1001135,M102,C02769,2026-09-10 21:03:39,656.11,INR,SUCCESS,POS
T1001136,M120,C02611,2026-09-10 21:07:31,3339.32,INR,SUCCESS,POS
T1001137,M104,C02828,2026-09-10 16:19:36,2091.77,INR,SUCCESS,POS
T1001138,M111,C00739,2026-09-10 18:44:46,2295.73,INR,SUCCESS,QR
T1001139,M115,C02891,2026-09-10 10:54:56,1127.07,INR,SUCCESS,POS
T1001140,M107,C00410,2026-09-10 21:52:52,2846.88,INR,SUCCESS,POS
T1001141,M122,C02869,2026-09-10 13:10:58,553.92,INR,SUCCESS,POS
T1001142,M104,C00222,2026-09-10 11:30:08,5354.38,INR,SUCCESS,POS
T1001143,M116,C02861,2026-09-10 09:28:15,3808.08,INR,SUCCESS,POS
T1001144,M103,C02848,2026-09-10 12:49:54,4949.35,INR,SUCCESS,POS
T1001145,M117,C01600,2026-09-10 08:57:42,11960.34,INR,SUCCESS,ONLINE
T1001146,M102,C01752,2026-09-10 21:43:33,2583.83,INR,SUCCESS,POS
T1001147,M105,C00857,2026-09-10 11:22:55,2037.78,INR,SUCCESS,POS
T1001148,M117,C02284,2026-09-10 06:03:22,12206.25,INR,SUCCESS,ONLINE
T1001149,M117,C01222,2026-09-10 12:37:20,7554.09,INR,SUCCESS,POS
T1001150,M114,C01911,2026-09-10 21:08:45,3219.90,INR,SUCCESS,ONLINE
T1001151,M112,C00054,2026-09-10 13:09:59,45025.86,INR,SUCCESS,QR
T1001152,M112,C02027,2026-09-10 11:41:15,64895.75,INR,SUCCESS,ONLINE
T1001153,M113,C02252,2026-09-10 19:18:11,1153.10,INR,SUCCESS,POS
T1001154,M113,C00588,2026-09-10 20:01:04,308.01,INR,FAILED,POS
T1001155,M109,C00211,2026-09-10 23:48:15,23674.86,INR,SUCCESS,POS
T1001156,M111,C02144,2026-09-10 15:34:45,3741.10,INR,SUCCESS,POS
T1001157,M102,C01187,2026-09-10 17:18:35,440.81,INR,SUCCESS,POS
T1001158,M105,C01730,2026-09-10 13:32:17,398.47,INR,SUCCESS,QR
T1001159,M111,C02132,2026-09-10 19:08:14,1737.48,INR,SUCCESS,POS
T1001160,M100,C00247,2026-09-10 11:00:33,3158.26,INR,SUCCESS,POS
T1001161,M117,C00119,2026-09-10 17:06:06,12242.80,INR,SUCCESS,QR
T1001162,M104,C01068,2026-09-10 13:57:46,5486.55,INR,SUCCESS,QR
T1001163,M114,C02016,2026-09-10 09:48:51,6423.66,INR,SUCCESS,POS
T1001164,M117,C00239,2026-09-10 20:55:43,19619.89,INR,SUCCESS,QR
T1001165,M112,C02106,2026-09-10 11:43:42,19092.16,INR,SUCCESS,QR
T1001166,M109,C00950,2026-09-10 10:16:12,47306.93,INR,SUCCESS,POS
T1001167,M103,C01431,2026-09-10 21:48:19,9051.42,INR,SUCCESS,ONLINE
T1001168,M117,C01534,2026-09-10 19:10:39,11920.82,INR,SUCCESS,QR
T1001169,M102,C02268,2026-09-10 08:36:23,2063.19,INR,SUCCESS,ONLINE
T1001170,M106,C00386,2026-09-10 13:25:41,587.34,INR,SUCCESS,ONLINE
T1001171,M103,C02784,2026-09-10 21:00:10,11005.06,INR,SUCCESS,ONLINE
T1001172,M116,C02928,2026-09-10 20:29:01,2501.90,INR,SUCCESS,POS
T1001173,M118,C01647,2026-09-10 20:10:54,23025.04,INR,SUCCESS,QR
T1001174,M100,C01123,2026-09-10 09:31:24,3429.67,INR,SUCCESS,ONLINE
T1001175,M113,C01172,2026-09-10 20:22:47,2442.16,INR,FAILED,QR
T1001176,M103,C01509,2026-09-10 12:06:03,5446.64,INR,SUCCESS,POS
T1001177,M107,C02726,2026-09-10 10:32:47,5181.11,INR,SUCCESS,POS
T1001178,M104,C01478,2026-09-10 11:38:16,2997.72,INR,FAILED,ONLINE
T1001179,M114,C02715,2026-09-10 13:25:10,8284.71,INR,SUCCESS,POS
T1001180,M122,C00423,2026-09-10 13:45:09,1364.75,INR,SUCCESS,QR
T1001181,M104,C00398,2026-09-10 12:05:13,5592.26, inr ,SUCCESS,QR
T1001182,M105,C00057,2026-09-10 13:45:11,3381.19,INR,SUCCESS,QR
T1001183,M117,C02851,2026-09-10 15:22:19,19559.39,INR,SUCCESS,POS
T1001184,M100,C02353,2026-09-10 08:45:16,3470.04,INR,SUCCESS,POS
T1001185,M117,C00461,2026-09-10 11:25:07,5995.00,INR,SUCCESS,QR
T1001186,M117,C02716,2026-09-10 08:31:56,16189.66,INR,SUCCESS,POS
T1001187,M111,C00887,2026-09-10 10:59:07,1944.65,INR,SUCCESS,ONLINE
T1001188,M113,C00664,2026-09-10 13:51:18,473.92,INR,SUCCESS,ONLINE
T1001189,M102,C02236,2026-09-10 20:13:03,788.65,INR,SUCCESS,POS
T1001190,M101,C01970,2026-09-10 10:32:48,31671.76,INR,SUCCESS,QR
T1001191,M116,C00268,2026-09-10 14:46:45,1479.13,INR,SUCCESS,QR
T1001192,M116,C00374,2026-09-10 14:14:23,1852.01,INR,SUCCESS,ONLINE
T1001193,M106,C00628,2026-09-10 11:48:23,1319.27,INR,SUCCESS,ONLINE
T1001194,M123,C02604,2026-09-10 06:05:27,548.34,INR,SUCCESS,ONLINE
T1001195,M115,C01940,2026-09-10 10:11:56,4422.83,INR,SUCCESS,QR
T1001196,M113,C00279,2026-09-10 20:08:46,2346.37,INR,SUCCESS,POS
T1001197,M117,C02456,2026-09-10 11:43:54,18463.03,INR,SUCCESS,POS
T1001198,M112,C00276,2026-09-10 10:07:30,87895.08,INR,SUCCESS,ONLINE
T1001199,M100,C00980,2026-09-10 20:32:13,773.74,INR,SUCCESS,POS
T1001200,M113,C00938,2026-09-10 10:53:31,304.67,INR,SUCCESS,ONLINE
T1001201,M109,C02813,2026-09-10 10:15:25,56049.83,INR,SUCCESS,ONLINE
T1001202,M100,C00363,2026-09-10 11:55:43,1829.46,INR,SUCCESS,POS
T1001203,M114,C00488,2026-09-10 21:42:39,10610.45,INR,SUCCESS,QR
T1001204,M122,C00974,2026-09-10 14:18:18,816.49,INR,SUCCESS,ONLINE
T1001205,M103,C00997,2026-09-10 20:47:26,14334.09,INR,SUCCESS,POS
T1001206,M101,C01955,2026-09-10 14:35:30,21740.10,INR,SUCCESS,QR
T1001207,M117,C00581,2026-09-10 14:04:36,15725.50,INR,SUCCESS,QR
T1001208,M120,C01779,2026-09-10 19:03:23,1667.66,INR,SUCCESS,POS
T1001209,M108,C00566,2026-09-10 06:01:48,4266.96,INR,SUCCESS,ONLINE
T1001210,M120,C00888,2026-09-10 21:03:15,1541.43,INR,SUCCESS,POS
T1001211,M104,C02470,2026-09-10 11:38:07,1577.63,INR,SUCCESS,POS
T1001212,M113,C01974,2026-09-10 11:00:17,2539.80,INR,SUCCESS,ONLINE
T1001213,M102,C02232,2026-09-10 11:37:39,1940.28,INR,FAILED,POS
T1001214,M104,C02010,2026-09-10 15:03:58,4466.41,INR,SUCCESS,QR
T1001215,M122,C02148,2026-09-10 14:38:44,2836.54,INR,SUCCESS,QR
T1001216,M101,C01989,2026-09-10 17:25:04,80637.10,INR,SUCCESS,POS
T1001217,M104,C00237,2026-09-10 19:39:18,2680.65,INR,SUCCESS,POS
T1001218,M113,C02482,2026-09-10 09:21:43,1611.98,INR,FAILED,ONLINE
T1001219,M104,C00184,2026-09-10 14:27:42,2779.91,INR,FAILED,QR
T1001220,M109,C02293,2026-09-10 11:36:11,20502.94,INR,REVERSED,POS
T1001221,M113,C01294,2026-09-10 08:08:15,1594.61,INR,SUCCESS,POS
T1001222,M112,C00398,2026-09-10 07:20:07,61854.83,INR,SUCCESS,ONLINE
T1001223,M114,C01440,2026-09-11 19:25:19,11123.88,INR,SUCCESS,POS
T1001224,M111,C02242,2026-09-11 16:45:06,2600.24,INR,SUCCESS,POS
T1001225,M117,C02068,2026-09-11 11:24:12,5911.70,INR,REVERSED,POS
T1001226,M104,C00687,2026-09-11 19:03:56,1952.54,INR,SUCCESS,QR
T1001227,M104,C02502,2026-09-11 12:51:08,2842.52,INR,SUCCESS,POS
T1001228,M103,C02896,2026-09-11 17:12:35,4230.79,INR,SUCCESS,ONLINE
T1001229,M111,C00904,2026-09-11 18:04:54,2813.21,INR,SUCCESS,ONLINE
T1001230,M108,C02780,2026-09-11 20:54:02,1806.75,INR,FAILED,QR
T1001231,M104,C02039,2026-09-11 13:39:02,4022.80,INR,SUCCESS,ONLINE
T1001232,M123,C02638,2026-09-11 10:47:19,1482.14,INR,SUCCESS,QR
T1001233,M123,C01469,2026-09-11 09:29:51,983.08,INR,SUCCESS,POS
T1001234,M117,C01475,2026-09-11 11:04:11,17216.17,INR,SUCCESS,ONLINE
T1001235,M122,C00698,2026-09-11 10:30:53,2710.30,INR,SUCCESS,POS
T1001236,M101,C00789,2026-09-11 10:42:39,49668.51,INR,SUCCESS,ONLINE
T1001237,M124,C02967,2026-09-11 08:05:56,2700.20,INR,SUCCESS,ONLINE
T1001238,M106,C00957,2026-09-11 19:20:48,1399.94,INR,FAILED,QR
T1001239,M108,C01930,2026-09-11 10:19:41,12442.71,INR,SUCCESS,QR
T1001240,M108,C00104,2026-09-11 18:54:24,19471.01,INR,SUCCESS,POS
T1001241,M100,C00816,2026-09-11 21:06:48,2835.65,INR,SUCCESS,POS
T1001242,M109,C02332,2026-09-11 15:09:38,52952.74,INR,SUCCESS,POS
T1001243,M102,C02342,2026-09-11 18:01:48,2413.96,INR,SUCCESS,QR
T1001244,M119,C00946,2026-09-11 15:59:46,11485.76,INR,SUCCESS,ONLINE
T1001245,M117,C01213,2026-09-11 09:57:01,16694.29,INR,SUCCESS,QR
T1001246,M104,C00828,2026-09-11 21:19:57,368.03,INR,SUCCESS,POS
T1001247,M111,C01841,2026-09-11 17:06:21,3801.29,INR,SUCCESS,ONLINE
T1001248,M114,C01655,2026-09-11 20:29:54,12594.48,INR,SUCCESS,QR
T1001249,M111,C02340,2026-09-11 11:55:46,1709.58,INR,SUCCESS,QR
T1001250,M113,C01126,2026-09-11 14:30:10,2412.28,INR,SUCCESS,QR
T1001251,M113,C02341,2026-09-11 13:14:15,589.53,INR,SUCCESS,ONLINE
T1001252,M116,C00503,2026-09-11 11:00:32,1720.09,INR,SUCCESS,POS
T1001253,M117,C02523,2026-09-11 08:44:45,3006.98,INR,SUCCESS,POS
T1001254,M114,C02960,2026-09-11 20:12:13,10773.97,INR,SUCCESS,POS
T1001255,M108,C02152,2026-09-11 12:48:29,1853.59,INR,SUCCESS,POS
T1001256,M104,C02929,2026-09-11 17:52:41,4896.43,INR,SUCCESS,POS
T1001257,M103,C02071,2026-09-11 20:18:56,3701.42,INR,SUCCESS,QR
T1001258,M101,C01541,2026-09-11 13:13:39,39698.86,INR,SUCCESS,ONLINE
T1001259,M120,C02348,2026-09-11 18:43:32,2293.68,INR,FAILED,ONLINE
T1001260,M111,C01936,2026-09-11 14:00:19,2339.39,INR,SUCCESS,QR
T1001261,M120,C02417,2026-09-11 15:06:41,2046.81,INR,SUCCESS,POS
T1001262,M108,C02543,2026-09-11 18:01:29,9116.41,INR,SUCCESS,POS
T1001263,M115,C01964,2026-09-11 20:21:08,5507.96,INR,SUCCESS,POS
T1001264,M104,C00912,2026-09-11 11:40:10,3328.41,INR,SUCCESS,POS
T1001265,M104,C00992,2026-09-11 19:35:43,1964.39,INR,REVERSED,ONLINE
T1001266,M101,C01806,2026-09-11 12:18:19,44989.53,INR,SUCCESS,POS
T1001267,M121,C01625,2026-09-11 08:44:24,76029.55,INR,SUCCESS,ONLINE
T1001268,M113,C01189,2026-09-11 22:22:10,1964.44,INR,SUCCESS,QR
T1001269,M105,C02111,2026-09-11 10:08:55,2572.50,INR,SUCCESS,ONLINE
T1001270,M116,C02446,2026-09-11 20:04:01,3213.11,INR,SUCCESS,ONLINE
T1001271,M122,C01315,2026-09-11 20:02:17,423.51,INR,SUCCESS,ONLINE
T1001272,M107,C01691,2026-09-11 21:10:41,10657.30,INR,SUCCESS,QR
T1001273,M110,C00355,2026-09-11 13:16:30,15809.74,INR,SUCCESS,ONLINE
T1001274,M111,C02047,2026-09-11 10:41:01,1996.31,INR,SUCCESS,POS
T1001275,M122,C00340,2026-09-11 22:38:46,1410.59,INR,SUCCESS,ONLINE
T1001276,M108,C02003,2026-09-11 20:12:16,19808.75,INR,SUCCESS,POS
T1001277,M110,C00703,2026-09-11 13:00:57,13452.38,INR,SUCCESS,POS
T1001278,M111,C00606,2026-09-11 18:36:20,1868.63,INR,SUCCESS,ONLINE
T1001279,M104,C01436,2026-09-11 13:53:03,2066.98,INR,SUCCESS,QR
T1001280,M113,C02495,2026-09-11 17:03:40,183.91,INR,SUCCESS,QR
T1001281,M117,C01929,2026-09-11 19:59:27,13972.15,INR,FAILED,QR
T1001282,M114,C02659,2026-09-11 13:48:14,5222.79,INR,SUCCESS,ONLINE
T1001283,M117,C01852,2026-09-11 18:28:23,12507.19,INR,SUCCESS,POS
T1001284,M102,C00107,2026-09-11 09:57:19,2563.99,INR,SUCCESS,ONLINE
T1001285,M120,C01950,2026-09-11 08:28:58,3088.19,INR,SUCCESS,POS
T1001286,M105,C01051,2026-09-11 13:52:45,4544.65,INR,SUCCESS,QR
T1001287,M117,C01330,2026-09-11 11:30:56,17171.88,INR,REVERSED,ONLINE
T1001288,M122,C00810,2026-09-11 20:03:30,224.21,INR,SUCCESS,POS
T1001289,M112,C02766,2026-09-11 10:00:40,69947.71,INR,SUCCESS,POS
T1001290,M101,C01055,2026-09-11 23:20:10,79670.84,INR,SUCCESS,POS
T1001291,M110,C02998,2026-09-11 16:37:02,73885.06,INR,SUCCESS,POS
T1001292,M104,C02976,2026-09-11 20:52:58,1071.50,INR,SUCCESS,ONLINE
T1001293,M122,C02309,2026-09-11 11:36:38,2494.65,INR,SUCCESS,POS
T1001294,M104,C01883,2026-09-11 17:43:37,3162.93,INR,SUCCESS,POS
T1001295,M113,C01792,2026-09-11 10:20:31,2114.80,INR,SUCCESS,ONLINE
T1001296,M101,C01490,2026-09-11 19:16:28,14709.21,INR,SUCCESS,POS
T1001297,M124,C02597,2026-09-11 12:22:10,5152.15,INR,SUCCESS,QR
T1001298,M120,C01342,2026-09-11 12:25:01,202.18,INR,SUCCESS,QR
T1001299,M113,C02500,2026-09-11 12:50:23,2767.28,INR,SUCCESS,ONLINE
T1001300,M107,C01584,2026-09-11 10:19:11,2514.58,INR,SUCCESS,ONLINE
T1001301,M123,C02548,2026-09-11 10:49:16,1592.60,INR,SUCCESS,QR
T1001302,M104,C00309,2026-09-11 10:46:05,458.79,INR,SUCCESS,POS
T1001303,M116,C02590,2026-09-11 18:35:06,2685.05,INR,SUCCESS,POS
T1001304,M113,C02086,2026-09-11 10:32:02,1721.92,INR,FAILED,ONLINE
T1001305,M102,C01763,2026-09-11 12:33:01,898.19,INR,SUCCESS,QR
T1001306,M104,C02023,2026-09-11 13:19:54,4557.88,INR,SUCCESS,POS
T1001307,M106,C00958,2026-09-11 20:23:43,2271.02,INR,SUCCESS,POS
T1001308,M111,C01694,2026-09-11 11:21:10,431.77,INR,FAILED,ONLINE
T1001309,M110,C00586,2026-09-11 13:30:23,60061.22,INR,FAILED,POS
T1001310,M103,C02314,2026-09-11 17:53:18,13022.39,INR,SUCCESS,QR
T1001311,M108,C00450,2026-09-11 13:30:04,13179.64,INR,FAILED,ONLINE
T1001312,M103,C00144,2026-09-11 13:34:06,927.42,INR,FAILED,ONLINE
T1001313,M102,C00987,2026-09-11 07:28:28,1531.31,INR,SUCCESS,QR
T1001314,M117,C00515,2026-09-11 12:26:54,12211.02,INR,SUCCESS,POS
T1001315,M115,C00042,2026-09-11 17:37:01,302.77,INR,FAILED,POS
T1001316,M100,C00714,2026-09-11 11:16:38,782.32,INR,SUCCESS,ONLINE
T1001317,M113,C02703,2026-09-11 12:35:32,1880.65,INR,SUCCESS,QR
T1001318,M104,C01449,2026-09-11 12:25:40,3950.56,INR,SUCCESS,ONLINE
T1001319,M113,C00177,2026-09-11 22:37:25,1815.96,INR,SUCCESS,QR
T1001320,M104,C02642,2026-09-11 13:42:02,4154.75,INR,SUCCESS,POS
T1001321,M111,C01639,2026-09-11 18:39:04,3791.81,INR,SUCCESS,QR
T1001322,M117,C02559,2026-09-11 21:32:09,3225.77,INR,SUCCESS,ONLINE
T1001323,M111,C00979,2026-09-11 20:40:34,3919.65,INR,SUCCESS,ONLINE
T1001324,M112,C00008,2026-09-11 18:07:25,76420.49,INR,SUCCESS,POS
T1001325,M102,C01731,2026-09-11 13:26:30,1284.48,INR,SUCCESS,POS
T1001326,M109,C02521,2026-09-11 18:27:47,51727.45,INR,SUCCESS,POS
T1001327,M113,C01733,2026-09-11 14:37:23,758.60,INR,SUCCESS,POS
T1001328,M102,C02900,2026-09-11 19:38:10,2554.88,INR,SUCCESS,ONLINE
T1001329,M121,C02727,2026-09-11 16:00:19,33157.86,INR,SUCCESS,QR
T1001330,M111,C02246,2026-09-11 13:49:50,2665.53,INR,SUCCESS,POS
T1001331,M102,C01221,2026-09-11 17:29:24,1149.07,INR,SUCCESS,ONLINE
T1001332,M100,C02944,2026-09-11 08:38:34,1044.91,INR,SUCCESS,ONLINE
T1001333,M100,C02290,2026-09-11 09:10:54,2756.58,INR,REVERSED,ONLINE
T1001334,M100,C01678,2026-09-11 09:31:51,1510.78,INR,SUCCESS,ONLINE
T1001335,M100,C02468,2026-09-11 20:27:48,3916.41,INR,SUCCESS,POS
T1001336,M110,C00873,2026-09-11 14:05:04,20873.86,INR,SUCCESS,POS
T1001337,M108,C02608,2026-09-11 19:23:33,1427.56,INR,SUCCESS,ONLINE
T1001338,M101,C02849,2026-09-12 10:35:15,35338.05,INR,SUCCESS,ONLINE
T1001339,M119,C01181,2026-09-12 14:01:23,34352.42,INR,SUCCESS,POS
T1001340,M122,C01043,2026-09-12 12:37:52,1416.37,INR,SUCCESS,ONLINE
T1001341,M118,C01818,2026-09-12 08:12:32,11196.16,INR,SUCCESS,ONLINE
T1001342,M100,C01051,2026-09-12 10:00:04,2560.73,INR,SUCCESS,POS
T1001343,M122,C00235,2026-09-12 11:38:31,853.26,INR,SUCCESS,QR
T1001344,M111,C01301,2026-09-12 07:36:13,3073.86,INR,SUCCESS,ONLINE
T1001345,M115,C00258,2026-09-12 18:13:12,1856.08,INR,SUCCESS,ONLINE
T1001346,M100,C00475,2026-09-12 10:30:32,1896.00,INR,SUCCESS,POS
T1001347,M114,C01376,2026-09-12 17:34:43,10550.88,INR,SUCCESS,QR
T1001348,M113,C02357,2026-09-12 08:04:55,1821.85,INR,SUCCESS,QR
T1001349,M106,C01356,2026-09-12 20:06:47,943.51,INR,SUCCESS,ONLINE
T1001350,M113,C00556,2026-09-12 17:35:03,2455.29,INR,SUCCESS,POS
T1001351,M102,C00305,2026-09-12 20:09:19,1516.80,INR,SUCCESS,POS
T1001352,M117,C02107,2026-09-12 20:16:19,6654.07,INR,SUCCESS,POS
T1001353,M113,C00022,2026-09-12 15:23:00,953.79,INR,SUCCESS,QR
T1001354,M121,C00695,2026-09-12 14:20:17,56705.84,INR,SUCCESS,QR
T1001355,M105,C02777,2026-09-12 19:54:55,4396.44,INR,SUCCESS,QR
T1001356,M120,C01224,2026-09-12 12:23:43,3109.53,INR,SUCCESS,ONLINE
T1001357,M124,C00499,2026-09-12 12:51:17,10543.20,INR,SUCCESS,ONLINE
T1001358,M110,C00789,2026-09-12 13:40:27,57207.94,INR,SUCCESS,ONLINE
T1001359,M110,C02733,2026-09-12 15:13:58,12375.74,INR,SUCCESS,ONLINE
T1001360,M104,C02752,2026-09-12 11:43:30,3784.95,INR,SUCCESS,ONLINE
T1001361,M122,C00254,2026-09-12 10:41:30,977.89,INR,SUCCESS,ONLINE
T1001362,M108,C00416,2026-09-12 09:33:19,19429.05,INR,SUCCESS,QR
T1001363,M113,C01108,2026-09-12 10:53:29,880.32,INR,SUCCESS,ONLINE
T1001364,M105,C01408,2026-09-12 15:09:38,1625.21,INR,SUCCESS,POS
T1001365,M120,C00685,2026-09-12 17:58:28,663.88,INR,SUCCESS,ONLINE
T1001366,M102,C00673,2026-09-12 21:56:13,515.24,INR,SUCCESS,ONLINE
T1001367,M110,C02784,2026-09-12 21:54:59,51606.41,INR,SUCCESS,QR
T1001368,M106,C00562,2026-09-12 08:31:06,2169.30,INR,SUCCESS,POS
T1001369,M102,C00028,2026-09-12 16:16:48,2462.90,INR,SUCCESS,POS
T1001370,M100,C00294,2026-09-12 22:02:39,3878.10,INR,SUCCESS,POS
T1001371,M113,C02811,2026-09-12 18:16:54,159.29,INR,SUCCESS,QR
T1001372,M108,C01850,2026-09-12 15:50:17,480.53,INR,SUCCESS,QR
T1001373,M100,C01785,2026-09-12 15:14:54,2601.52,INR,SUCCESS,POS
T1001374,M116,C02371,2026-09-12 14:12:26,2128.60,INR,REVERSED,POS
T1001375,M117,C00331,2026-09-12 14:04:00,12929.87,INR,SUCCESS,ONLINE
T1001376,M122,C02291,2026-09-12 09:56:13,1540.24,INR,SUCCESS,POS
T1001377,M107,C01575,2026-09-12 11:06:13,10286.49,INR,SUCCESS,QR
T1001378,M116,C00250,2026-09-12 18:55:42,937.30,INR,SUCCESS,POS
T1001379,M115,C00549,2026-09-12 20:32:23,3949.76,INR,SUCCESS,POS
T1001380,M117,C00963,2026-09-12 14:59:20,8683.14,INR,SUCCESS,QR
T1001381,M102,C00528,2026-09-12 20:40:12,2022.26,INR,SUCCESS,ONLINE
T1001382,M100,C02628,2026-09-12 16:53:24,2384.64,INR,SUCCESS,QR
T1001383,M111,C00641,2026-09-12 12:05:52,480.78,INR,FAILED,ONLINE
T1001384,M102,C01075,2026-09-12 20:23:02,946.71,INR,FAILED,POS
T1001385,M111,C01109,2026-09-12 08:36:39,3865.92,INR,SUCCESS,QR
T1001386,M117,C02091,2026-09-12 20:17:27,11431.44,INR,SUCCESS,ONLINE
T1001387,M116,C00159,2026-09-12 21:04:48,3635.85,INR,SUCCESS,POS
T1001388,M117,C02400,2026-09-12 16:00:13,12647.05,INR,REVERSED,ONLINE
T1001389,M105,C01048,2026-09-12 08:49:40,3479.85,INR,SUCCESS,POS
T1001390,M105,C02409,2026-09-12 14:01:58,3807.94,INR,SUCCESS,QR
T1001391,M118,C01449,2026-09-12 12:29:06,18959.53,INR,SUCCESS,POS
T1001392,M119,C01574,2026-09-12 12:20:22,78493.34,INR,SUCCESS,ONLINE
T1001393,M108,C00358,2026-09-12 19:08:28,9209.49,INR,SUCCESS,POS
T1001394,M117,C00484,2026-09-12 11:45:00,16527.13,INR,SUCCESS,ONLINE
T1001395,M107,C01709,2026-09-12 13:45:09,2055.18,INR,SUCCESS,ONLINE
T1001396,M121,C02926,2026-09-12 18:19:09,83569.24,INR,SUCCESS,QR
T1001397,M105,C01974,2026-09-12 13:13:55,3782.32,INR,SUCCESS,ONLINE
T1001398,M111,C02749,2026-09-12 17:43:44,1764.82,INR,SUCCESS,POS
T1001399,M114,C02675,2026-09-12 22:22:01,12852.43, inr ,SUCCESS,QR
T1001400,M117,C00005,2026-09-12 06:42:15,15891.87,INR,SUCCESS,ONLINE
T1001401,M120,C01207,2026-09-12 11:26:52,3368.49,INR,SUCCESS,POS
T1001402,M112,C00367,2026-09-12 13:34:34,20870.24,INR,SUCCESS,POS
T1001403,M108,C01017,2026-09-12 19:22:41,10833.91,INR,SUCCESS,ONLINE
T1001404,M116,C02322,2026-09-12 10:13:26,623.26,INR,SUCCESS,ONLINE
T1001405,M108,C02538,2026-09-12 12:05:56,9754.03,INR,SUCCESS,ONLINE
T1001406,M108,C00840,2026-09-12 17:27:36,19577.59,INR,SUCCESS,POS
T1001407,M100,C00644,2026-09-12 14:23:30,3914.47,INR,SUCCESS,POS
T1001408,M104,C02022,2026-09-12 21:02:40,1722.49,INR,SUCCESS,POS
T1001409,M117,C02202,2026-09-12 23:07:38,6772.00,INR,SUCCESS,ONLINE
T1001410,M114,C00285,2026-09-12 14:45:14,6660.60,INR,SUCCESS,ONLINE
T1001411,M109,C02424,2026-09-12 19:13:19,13901.43,INR,SUCCESS,POS
T1001412,M112,C01733,2026-09-12 17:06:25,19179.76,INR,REVERSED,ONLINE
T1001413,M101,C00579,2026-09-12 19:39:06,54138.99,INR,SUCCESS,POS
T1001414,M121,C00384,2026-09-12 12:13:42,87018.01,INR,SUCCESS,POS
T1001415,M109,C02903,2026-09-12 16:45:30,31522.70,INR,SUCCESS,POS
T1001416,M105,C02918,2026-09-12 11:53:51,3474.22,INR,SUCCESS,POS
T1001417,M117,C01008,2026-09-12 12:45:52,18287.45,INR,SUCCESS,QR
T1001418,M111,C02732,2026-09-12 15:30:04,2462.83,INR,SUCCESS,QR
T1001419,M102,C01374,2026-09-12 18:52:41,1477.46,INR,REVERSED,ONLINE
T1001420,M115,C00292,2026-09-12 16:43:05,5507.52,INR,SUCCESS,QR
T1001421,M104,C00923,2026-09-12 10:58:32,4438.63,INR,SUCCESS,ONLINE
T1001422,M101,C01760,2026-09-12 06:09:26,19370.04,INR,SUCCESS,ONLINE
T1001423,M113,C01269,2026-09-12 13:54:51,1949.86,INR,FAILED,POS
T1001424,M117,C02382,2026-09-12 20:33:55,11027.58,INR,SUCCESS,ONLINE
T1001425,M108,C00678,2026-09-12 20:54:05,12053.17,INR,SUCCESS,QR
T1001426,M108,C00953,2026-09-12 10:19:01,10792.03,INR,REVERSED,POS
T1001427,M118,C00022,2026-09-12 17:52:20,46591.87,INR,SUCCESS,POS
T1001428,M117,C02838,2026-09-12 11:46:47,4803.67,INR,SUCCESS,QR
T1001429,M112,C02722,2026-09-12 15:08:51,67382.73,INR,REVERSED,POS
T1001430,M112,C01730,2026-09-12 21:40:43,48225.46,INR,SUCCESS,POS
T1001431,M102,C00915,2026-09-12 10:32:07,667.55,INR,SUCCESS,POS
T1001432,M122,C01119,2026-09-12 14:48:04,1545.88,INR,SUCCESS,POS
T1001433,M124,C00009,2026-09-12 19:13:03,2591.00,INR,SUCCESS,QR
T1001434,M104,C02370,2026-09-12 09:03:16,2268.53,INR,SUCCESS,QR
T1001435,M114,C02335,2026-09-12 10:21:46,13690.60,INR,SUCCESS,ONLINE
T1001436,M102,C02656,2026-09-12 20:32:20,268.34,INR,SUCCESS,QR
T1001437,M101,C00395,2026-09-12 09:54:40,59881.93,INR,SUCCESS,ONLINE
T1001438,M102,C00381,2026-09-12 13:26:10,405.16,INR,SUCCESS,POS
T1001439,M111,C00190,2026-09-12 17:20:29,1547.70,INR,SUCCESS,QR
T1001440,M100,C01077,2026-09-12 14:14:27,1893.19,INR,SUCCESS,POS
T1001441,M109,C02745,2026-09-12 14:03:48,11372.62,INR,SUCCESS,ONLINE
T1001442,M117,C02933,2026-09-12 17:03:48,8390.24,INR,SUCCESS,ONLINE
T1001443,M124,C02786,2026-09-12 19:03:01,7617.91,INR,SUCCESS,ONLINE
T1001444,M118,C00325,2026-09-12 20:17:55,30575.05,INR,SUCCESS,QR
T1001445,M111,C02767,2026-09-12 10:11:40,350.10,INR,SUCCESS,ONLINE
T1001446,M113,C00101,2026-09-12 10:35:29,2499.75,INR,FAILED,QR
T1001447,M100,C01350,2026-09-12 10:02:12,3564.29,INR,SUCCESS,ONLINE
T1001448,M100,C02944,2026-09-12 13:24:47,2907.72,INR,SUCCESS,ONLINE
T1001449,M109,C00264,2026-09-12 17:47:18,34861.34,INR,SUCCESS,ONLINE
T1001450,M102,C00581,2026-09-12 13:09:12,2813.31,INR,SUCCESS,POS
T1001451,M100,C02053,2026-09-12 11:07:52,1365.89,INR,SUCCESS,ONLINE
T1001452,M113,C02689,2026-09-12 08:35:33,884.73,INR,SUCCESS,QR
T1001453,M100,C00248,2026-09-12 09:09:08,1708.93,INR,FAILED,ONLINE
T1001454,M109,C00128,2026-09-12 20:49:15,53632.00,INR,SUCCESS,ONLINE
T1001455,M117,C02984,2026-09-12 07:17:30,17113.07,INR,SUCCESS,POS
T1001456,M117,C01772,2026-09-12 22:49:31,9858.45,INR,SUCCESS,QR
T1001457,M117,C01705,2026-09-12 09:54:21,4906.69,INR,SUCCESS,POS
T1001458,M114,C02099,2026-09-12 13:58:51,14047.77,INR,SUCCESS,ONLINE
T1001459,M115,C01718,2026-09-12 08:05:53,943.10,INR,SUCCESS,ONLINE
T1001460,M115,C02874,2026-09-12 09:40:30,5415.86,INR,SUCCESS,QR
T1001461,M102,C01032,2026-09-12 20:10:44,2400.59,INR,SUCCESS,QR
T1001462,M116,C01654,2026-09-12 09:57:57,3198.51,INR,SUCCESS,POS
T1001463,M101,C00160,2026-09-12 15:52:26,67077.62,INR,SUCCESS,POS
T1001464,M124,C02548,2026-09-12 12:53:33,11971.97,INR,SUCCESS,POS
T1001465,M112,C02423,2026-09-12 14:57:03,70580.23,INR,SUCCESS,POS
T1001466,M122,C00810,2026-09-12 15:41:20,1816.40,INR,SUCCESS,POS
T1001467,M106,C00011,2026-09-12 18:45:58,638.51,INR,SUCCESS,POS
T1001468,M113,C01799,2026-09-12 17:37:27,1999.60,INR,SUCCESS,POS
T1001469,M115,C01687,2026-09-12 20:11:22,3924.70,INR,SUCCESS,ONLINE
T1001470,M124,C02541,2026-09-12 06:27:31,4779.96,INR,SUCCESS,QR
T1001471,M110,C01166,2026-09-12 20:11:26,54106.03,INR,SUCCESS,ONLINE
T1001472,M102,C00638,2026-09-12 10:15:58,1008.80,INR,FAILED,POS
T1001473,M102,C00890,2026-09-12 12:18:34,1858.51,INR,SUCCESS,QR
T1001474,M105,C02265,2026-09-12 13:44:58,614.82,INR,SUCCESS,QR
T1001475,M117,C01303,2026-09-12 10:58:20,1445.71,INR,SUCCESS,ONLINE
T1001476,M121,C00041,2026-09-12 21:18:38,24122.33,INR,SUCCESS,ONLINE
T1001477,M108,C01115,2026-09-12 10:47:36,2361.43,INR,SUCCESS,POS
T1001478,M122,C02590,2026-09-12 12:36:49,2686.62,INR,SUCCESS,QR
T1001479,M115,C00294,2026-09-12 20:22:18,1386.87,INR,SUCCESS,POS
T1001480,M100,C02613,2026-09-12 21:43:11,1627.44,INR,SUCCESS,ONLINE
T1001481,M111,C00158,2026-09-12 10:56:14,893.75,INR,SUCCESS,POS
T1001482,M102,C01222,2026-09-12 19:23:40,1980.98,INR,SUCCESS,ONLINE
T1001483,M112,C01050,2026-09-12 10:58:05,78863.13,INR,SUCCESS,QR
T1001484,M104,C00445,2026-09-12 22:04:17,3298.01,INR,SUCCESS,ONLINE
T1001485,M115,C01251,2026-09-12 10:25:04,4506.40,INR,SUCCESS,POS
T1001486,M121,C00035,2026-09-12 07:34:37,65321.58,INR,SUCCESS,QR
T1001487,M105,C02917,2026-09-12 16:55:46,4285.23,INR,SUCCESS,POS
T1001488,M109,C02869,2026-09-13 13:03:57,48862.31,INR,SUCCESS,POS
T1001489,M117,C02490,2026-09-13 13:38:40,13366.74,INR,SUCCESS,POS
T1001490,M100,C01461,2026-09-13 22:14:49,3962.26,INR,SUCCESS,ONLINE
T1001491,M113,C01843,2026-09-13 19:43:55,1195.13,INR,SUCCESS,ONLINE
T1001492,M108,C02892,2026-09-13 09:57:10,18314.95,INR,FAILED,POS
T1001493,M115,C02441,2026-09-13 17:35:15,3212.26,INR,SUCCESS,POS
T1001494,M103,C02862,2026-09-13 21:10:05,2060.05,INR,SUCCESS,POS
T1001495,M105,C02148,2026-09-13 11:39:14,2133.43,INR,SUCCESS,POS
T1001496,M117,C02196,2026-09-13 14:27:30,12292.26,INR,SUCCESS,ONLINE
T1001497,M112,C01166,2026-09-13 09:18:38,20645.11,INR,SUCCESS,POS
T1001498,M118,C02896,2026-09-13 09:58:24,15380.41,INR,SUCCESS,QR
T1001499,M103,C00550,2026-09-13 19:43:48,11604.56,INR,SUCCESS,QR
T1001500,M116,C01322,2026-09-13 20:51:00,361.30,INR,SUCCESS,POS
T1001501,M122,C01765,2026-09-13 23:39:12,2992.27,INR,SUCCESS,QR
T1001502,M102,C01640,2026-09-13 11:16:00,2221.19,INR,SUCCESS,POS
T1001503,M100,C02535,2026-09-13 18:41:38,773.44,INR,SUCCESS,ONLINE
T1001504,M112,C02134,2026-09-13 19:56:48,83901.66,INR,SUCCESS,ONLINE
T1001505,M105,C01799,2026-09-13 18:17:07,692.84,INR,SUCCESS,POS
T1001506,M103,C00476,2026-09-13 17:10:40,6778.86,INR,SUCCESS,ONLINE
T1001507,M106,C01431,2026-09-13 11:11:37,2499.29,INR,SUCCESS,POS
T1001508,M115,C00204,2026-09-13 11:10:29,650.64,INR,SUCCESS,QR
T1001509,M121,C00212,2026-09-13 20:38:07,81785.08,INR,FAILED,POS
T1001510,M105,C00471,2026-09-13 20:29:27,1671.54,INR,SUCCESS,ONLINE
T1001511,M114,C02100,2026-09-13 19:40:55,12263.91,INR,SUCCESS,POS
T1001512,M115,C02071,2026-09-13 12:52:23,1231.76,INR,SUCCESS,POS
T1001513,M120,C00180,2026-09-13 20:38:39,245.14,INR,SUCCESS,POS
T1001514,M105,C02573,2026-09-13 18:25:06,4931.52,INR,SUCCESS,QR
T1001515,M101,C02181,2026-09-13 21:54:18,35033.75,INR,SUCCESS,POS
T1001516,M116,C01086,2026-09-13 14:12:53,657.38,INR,SUCCESS,POS
T1001517,M122,C02048,2026-09-13 18:24:58,1063.14,INR,SUCCESS,POS
T1001518,M103,C01905,2026-09-13 18:24:44,1493.31,INR,SUCCESS,ONLINE
T1001519,M113,C02204,2026-09-13 11:10:20,2150.96,INR,SUCCESS,ONLINE
T1001520,M104,C02289,2026-09-13 11:26:40,1386.28,INR,FAILED,QR
T1001521,M106,C02170,2026-09-13 12:05:07,2318.21,INR,SUCCESS,ONLINE
T1001522,M122,C00821,2026-09-13 22:14:36,849.16,INR,SUCCESS,QR
T1001523,M105,C02940,2026-09-13 16:24:35,3396.95,INR,SUCCESS,POS
T1001524,M124,C01685,2026-09-13 14:40:23,3436.17,INR,SUCCESS,QR
T1001525,M103,C00548,2026-09-13 17:24:10,4518.21,INR,SUCCESS,ONLINE
T1001526,M107,C01100,2026-09-13 14:12:43,11924.67,INR,SUCCESS,POS
T1001527,M111,C02671,2026-09-13 18:02:14,1769.55,INR,FAILED,ONLINE
T1001528,M105,C01872,2026-09-13 14:23:49,3578.02,INR,SUCCESS,POS
T1001529,M121,C02956,2026-09-13 19:37:36,17371.93,INR,SUCCESS,POS
T1001530,M108,C02372,2026-09-13 11:05:07,14039.90,INR,SUCCESS,ONLINE
T1001531,M102,C01642,2026-09-13 10:53:05,1263.76,INR,SUCCESS,ONLINE
T1001532,M118,C02200,2026-09-13 18:12:35,17225.57,INR,SUCCESS,POS
T1001533,M108,C01694,2026-09-13 13:26:48,17010.04,INR,SUCCESS,POS
T1001534,M102,C00776,2026-09-13 20:04:43,1140.32,INR,SUCCESS,ONLINE
T1001535,M113,C02262,2026-09-13 18:00:27,284.77,INR,SUCCESS,ONLINE
T1001536,M100,C01768,2026-09-13 11:32:22,1141.96,INR,SUCCESS,ONLINE
T1001537,M104,C01875,2026-09-13 11:43:53,5288.38,INR,SUCCESS,POS
T1001538,M123,C01169,2026-09-13 17:31:37,2226.41,INR,SUCCESS,QR
T1001539,M102,C01308,2026-09-13 15:40:17,1690.61,INR,SUCCESS,POS
T1001540,M104,C02592,2026-09-13 09:39:19,4148.17,INR,SUCCESS,QR
T1001541,M100,C01547,2026-09-13 14:47:37,1162.41,INR,SUCCESS,ONLINE
T1001542,M117,C01597,2026-09-13 17:32:43,514.78,INR,SUCCESS,QR
T1001543,M122,C01005,2026-09-13 08:43:19,333.07,INR,FAILED,QR
T1001544,M121,C01721,2026-09-13 15:10:44,15530.35,INR,SUCCESS,POS
T1001545,M105,C01924,2026-09-13 19:37:40,3875.18,INR,SUCCESS,ONLINE
T1001546,M119,C02076,2026-09-13 22:40:28,75738.54,INR,SUCCESS,QR
T1001547,M111,C00145,2026-09-13 12:03:20,595.72,INR,SUCCESS,QR
T1001548,M101,C00962,2026-09-13 09:09:04,19330.82,INR,SUCCESS,POS
T1001549,M101,C00866,2026-09-13 19:55:29,81021.78,INR,SUCCESS,QR
T1001550,M108,C01309,2026-09-13 23:15:04,15618.85,INR,SUCCESS,ONLINE
T1001551,M109,C00833,2026-09-13 21:23:37,44143.02,INR,SUCCESS,POS
T1001552,M112,C00105,2026-09-13 14:53:45,67580.39,INR,SUCCESS,ONLINE
T1001553,M109,C00715,2026-09-13 12:41:24,26522.57,INR,SUCCESS,ONLINE
T1001554,M115,C01392,2026-09-13 17:36:32,1814.14,INR,FAILED,POS
T1001555,M104,C02810,2026-09-13 11:11:51,4407.14,INR,SUCCESS,POS
T1001556,M122,C00619,2026-09-13 18:39:13,1570.11,INR,SUCCESS,ONLINE
T1001557,M109,C02763,2026-09-13 13:13:22,18794.10,INR,SUCCESS,POS
T1001558,M120,C02959,2026-09-13 20:34:22,1100.65,INR,SUCCESS,QR
T1001559,M117,C02985,2026-09-13 09:14:34,17331.88,INR,SUCCESS,POS
T1001560,M102,C02510,2026-09-13 12:27:07,2273.91,INR,SUCCESS,POS
T1001561,M115,C00311,2026-09-13 20:26:07,1544.63,INR,SUCCESS,ONLINE
T1001562,M108,C00716,2026-09-13 13:41:44,9544.93,INR,SUCCESS,POS
T1001563,M115,C01097,2026-09-13 14:38:19,3577.16,INR,SUCCESS,QR
T1001564,M105,C00963,2026-09-13 08:39:06,3080.49,INR,SUCCESS,POS
T1001565,M115,C02262,2026-09-13 15:05:20,3497.17,INR,SUCCESS,QR
T1001566,M100,C02779,2026-09-13 21:20:51,3686.35,INR,REVERSED,ONLINE
T1001567,M107,C00852,2026-09-13 12:33:06,8391.04,INR,SUCCESS,ONLINE
T1001568,M120,C01089,2026-09-13 18:23:18,2615.87,INR,SUCCESS,ONLINE
T1001569,M109,C00210,2026-09-13 13:20:19,37299.75,INR,SUCCESS,POS
T1001570,M104,C02061,2026-09-13 19:10:31,2242.91,INR,SUCCESS,ONLINE
T1001571,M122,C01186,2026-09-13 19:43:46,2166.99,INR,SUCCESS,ONLINE
T1001572,M112,C02702,2026-09-13 19:03:57,55878.02,INR,SUCCESS,POS
T1001573,M116,C02999,2026-09-13 09:15:28,4960.27,INR,SUCCESS,QR
T1001574,M110,C02526,2026-09-13 15:03:56,48143.05,INR,SUCCESS,POS
T1001575,M116,C00223,2026-09-13 09:01:03,3601.94,INR,SUCCESS,POS
T1001576,M103,C00060,2026-09-13 21:59:43,10486.04,INR,SUCCESS,ONLINE
T1001577,M115,C01280,2026-09-13 22:24:31,3974.88,INR,SUCCESS,POS
T1001578,M102,C00830,2026-09-13 20:43:21,728.96,INR,SUCCESS,QR
T1001579,M113,C01168,2026-09-13 09:43:12,2287.96,INR,FAILED,QR
T1001580,M101,C01501,2026-09-13 16:35:10,47951.44,INR,SUCCESS,ONLINE
T1001581,M117,C01312,2026-09-13 19:58:26,9391.88,XYZ,SUCCESS,POS
T1001582,M115,C00999,2026-09-13 13:23:43,3641.57,INR,SUCCESS,POS
T1001583,M108,C02862,2026-09-13 22:00:48,5937.22,INR,SUCCESS,POS
T1001584,M111,C01237,2026-09-13 15:20:23,3856.94,INR,SUCCESS,QR
T1001585,M101,C02590,2026-09-13 15:39:54,84023.66,INR,SUCCESS,QR
T1001586,M102,C02761,2026-09-13 20:13:28,821.23,INR,SUCCESS,QR
T1001587,M115,C00098,2026-09-13 09:09:42,4801.91,INR,SUCCESS,QR
T1001588,M111,C01455,2026-09-13 12:42:36,607.74,INR,SUCCESS,QR
T1001589,M122,C02177,2026-09-13 19:30:16,1016.36,INR,SUCCESS,POS
T1001590,M117,C00251,2026-09-13 14:39:55,5302.79,INR,SUCCESS,POS
T1001591,M111,C01636,2026-09-13 16:50:34,3970.74,INR,SUCCESS,POS
T1001592,M108,C01114,2026-09-13 18:49:31,19934.21,INR,SUCCESS,ONLINE
T1001593,M118,C02698,2026-09-13 20:14:02,46312.92,INR,SUCCESS,ONLINE
T1001594,M106,C02855,2026-09-13 18:07:21,1923.05,INR,SUCCESS,ONLINE
T1001595,M120,C01334,2026-09-13 17:20:37,1724.13,INR,SUCCESS,POS
T1001596,M104,C00464,2026-09-13 19:24:53,4647.69,INR,SUCCESS,ONLINE
T1001597,M111,C01783,2026-09-13 15:58:00,1346.15,INR,SUCCESS,QR
T1001598,M109,C01159,2026-09-13 19:46:03,26144.72,INR,SUCCESS,QR
T1001599,M124,C00581,2026-09-13 12:24:54,2513.93,INR,SUCCESS,POS
T1001600,M104,C02222,2026-09-13 11:49:09,5861.49,INR,SUCCESS,ONLINE
T1001601,M114,C01585,2026-09-13 16:49:17,2353.91,INR,SUCCESS,POS
T1001602,M120,C00212,2026-09-13 11:50:42,355.63,INR,SUCCESS,POS
T1001603,M109,C00330,2026-09-13 14:19:24,51492.14,INR,SUCCESS,ONLINE
T1001604,M111,C01971,2026-09-13 14:31:10,1531.45,INR,SUCCESS,QR
T1001605,M122,C00453,2026-09-13 15:59:12,2670.00,INR,SUCCESS,ONLINE
T1001606,M102,C01018,2026-09-13 11:15:06,2584.98,INR,SUCCESS,POS
T1001607,M116,C01866,2026-09-13 20:02:40,2154.19,INR,SUCCESS,ONLINE
T1001608,M101,C02902,2026-09-13 08:43:02,33514.79,INR,SUCCESS,POS
T1001609,M112,C02997,2026-09-13 20:41:06,35730.01,INR,SUCCESS,POS
T1001610,,C02464,2026-09-13 19:02:40,376.46,INR,SUCCESS,POS
T1001611,M115,C01048,2026-09-13 11:11:46,1221.93,INR,SUCCESS,POS
T1001612,M101,C01206,2026-09-13 17:34:17,56074.21,INR,SUCCESS,ONLINE
T1001613,M100,C01633,2026-09-13 22:13:08,350.59,INR,SUCCESS,POS
T1001614,M104,C01355,2026-09-13 19:59:23,769.31,INR,SUCCESS,QR
T1001615,M120,C01962,2026-09-13 13:46:32,1798.96,INR,SUCCESS,QR
T1001616,M102,C02098,2026-09-13 09:05:35,2663.48,INR,SUCCESS,ONLINE
T1001617,M110,C00487,2026-09-13 12:32:50,26347.53,INR,SUCCESS,QR
T1001618,M113,C02098,2026-09-13 19:15:47,500.50,INR,SUCCESS,POS
T1001619,M104,C02420,2026-09-13 14:37:24,5837.26,INR,SUCCESS,ONLINE
T1001620,,C00167,2026-09-13 19:08:06,14097.84,INR,SUCCESS,QR
T1001621,M101,C02236,2026-09-13 18:45:52,34548.94,INR,SUCCESS,POS
T1001622,M101,C00072,2026-09-13 17:47:44,49585.45,INR,SUCCESS,QR
T1001623,M118,C02339,2026-09-13 12:14:28,22718.70,INR,SUCCESS,QR
T1001624,M102,C00280,2026-09-13 13:33:39,2201.46,INR,SUCCESS,POS
T1001625,M103,C01764,2026-09-13 07:42:18,7789.90,INR,SUCCESS,ONLINE
T1001626,M117,C01984,2026-09-13 12:10:23,14890.29,INR,SUCCESS,POS
T1001627,M105,C00801,2026-09-13 14:12:49,3913.50,INR,REVERSED,POS
T1001628,M103,C02233,2026-09-13 18:18:21,1267.85,INR,SUCCESS,ONLINE
T1001629,M101,C01318,2026-09-13 18:27:42,25953.82,INR,SUCCESS,ONLINE
T1001630,M112,C01671,2026-09-13 09:24:56,70864.92,INR,SUCCESS,ONLINE
T1001631,M100,C00202,2026-09-13 18:34:50,1975.92,INR,SUCCESS,POS
T1001632,M117,C02669,2026-09-14 12:40:45,2667.97,INR,SUCCESS,ONLINE
T1001633,M101,C02422,2026-09-14 16:08:35,53775.16,INR,SUCCESS,POS
T1001634,M109,C00435,2026-09-14 18:08:44,44759.25,INR,SUCCESS,QR
T1001635,M120,C01226,2026-09-14 23:22:32,444.65,INR,SUCCESS,ONLINE
T1001636,M106,C02833,2026-09-14 10:52:05,1666.93,INR,SUCCESS,ONLINE
T1001637,M104,C01989,2026-09-14 20:35:14,1796.49,INR,SUCCESS,ONLINE
T1001638,M105,C02784,2026-09-14 20:37:07,4655.14,INR,SUCCESS,ONLINE
T1001639,M105,C02670,2026-09-14 14:41:04,3308.76,INR,SUCCESS,ONLINE
T1001640,M120,C00765,2026-09-14 19:22:10,3906.75,INR,SUCCESS,QR
T1001641,M104,C01475,2026-09-14 12:05:45,4234.95,INR,SUCCESS,POS
T1001642,M112,C02073,2026-09-14 19:23:47,39062.23,INR,SUCCESS,POS
T1001643,M117,C02314,2026-09-14 13:52:26,3755.03,INR,SUCCESS,POS
T1001644,M105,C00631,2026-09-14 11:24:38,2420.90,INR,SUCCESS,QR
T1001645,M109,C02366,2026-09-14 14:43:19,43838.46,INR,SUCCESS,POS
T1001646,M106,C02400,2026-09-14 12:11:00,1920.56,INR,SUCCESS,ONLINE
T1001647,M117,C01095,2026-09-14 14:40:10,18149.08,INR,FAILED,QR
T1001648,M101,C00565,2026-09-14 09:52:40,11325.42,INR,REVERSED,QR
T1001649,M105,C00691,2026-09-14 18:40:54,1435.64,INR,SUCCESS,ONLINE
T1001650,M111,C01516,2026-09-14 17:03:24,2685.58,INR,SUCCESS,QR
T1001651,M114,C00957,2026-09-14 12:02:45,4584.05,INR,REVERSED,POS
T1001652,M105,C00195,2026-09-14 17:44:44,2943.06,INR,SUCCESS,POS
T1001653,M102,C01553,2026-09-14 19:25:22,1134.44,INR,SUCCESS,QR
T1001654,M103,C02154,2026-09-14 13:48:48,5304.56,INR,SUCCESS,QR
T1001655,M122,C01044,2026-09-14 19:01:24,1937.63,INR,SUCCESS,ONLINE
T1001656,M113,C01156,2026-09-14 13:33:43,428.90,INR,SUCCESS,POS
T1001657,M113,C02681,2026-09-14 21:56:38,2413.60,INR,SUCCESS,ONLINE
T1001658,M122,C01430,2026-09-14 11:26:04,2238.21,INR,SUCCESS,ONLINE
T1001659,M105,C00320,2026-09-14 20:46:55,436.80,INR,FAILED,POS
T1001660,M124,C01399,2026-09-14 19:38:10,9667.70,INR,SUCCESS,POS
T1001661,M118,C00546,2026-09-14 13:35:11,27798.32,INR,SUCCESS,ONLINE
T1001662,M108,C01852,2026-09-14 17:41:53,15150.60,INR,SUCCESS,ONLINE
T1001663,M120,C02784,2026-09-14 13:46:56,1151.99,INR,REVERSED,ONLINE
T1001664,M104,C02179,2026-09-14 13:45:03,3984.48,INR,SUCCESS,ONLINE
T1001665,M115,C00217,2026-09-14 15:33:57,2376.53,INR,SUCCESS,POS
T1001666,M113,C01218,2026-09-14 14:54:17,1580.60,INR,SUCCESS,POS
T1001667,M111,C01005,2026-09-14 19:44:07,2437.88,INR,FAILED,QR
T1001668,M113,C00272,2026-09-14 12:25:22,1703.53,INR,SUCCESS,POS
T1001669,M108,C01228,2026-09-14 17:37:08,897.81,INR,SUCCESS,ONLINE
T1001670,M115,C02123,2026-09-14 21:12:46,3913.00,INR,SUCCESS,ONLINE
T1001671,,C00482,2026-09-14 15:23:21,53204.85,INR,SUCCESS,ONLINE
T1001672,M108,C02151,2026-09-14 13:59:48,15143.42,INR,SUCCESS,QR
T1001673,M114,C00101,2026-09-14 12:50:47,4093.87,INR,SUCCESS,QR
T1001674,M111,C01322,2026-09-14 18:29:16,1194.01,INR,SUCCESS,ONLINE
T1001675,M113,C01637,2026-09-14 15:22:28,2297.53,INR,SUCCESS,ONLINE
T1001676,M102,C00060,2026-09-14 10:47:30,1156.60,INR,SUCCESS,QR
T1001677,M107,C01790,2026-09-14 17:41:51,6015.85,INR,FAILED,ONLINE
T1001678,M107,C00291,2026-09-14 12:54:19,11419.08,INR,SUCCESS,QR
T1001679,M102,C00336,2026-09-14 18:30:38,2287.13,INR,SUCCESS,QR
T1001680,M117,C00482,2026-09-14 18:29:56,18511.44,INR,SUCCESS,POS
T1001681,M110,C02959,2026-09-14 21:44:13,56045.81,INR,FAILED,QR
T1001682,M103,C01623,2026-09-14 17:14:37,8084.44,INR,SUCCESS,ONLINE
T1001683,M108,C01349,2026-09-14 14:26:01,4972.87,INR,SUCCESS,ONLINE
T1001684,M117,C00707,2026-09-14 17:52:07,11107.43,INR,SUCCESS,ONLINE
T1001685,M121,C00715,2026-09-14 18:08:48,39137.37,INR,SUCCESS,POS
T1001686,M108,C01974,2026-09-14 12:33:26,13344.77,INR,SUCCESS,POS
T1001687,M101,C02535,2026-09-14 18:51:18,66276.90,INR,SUCCESS,QR
T1001688,M108,C02943,2026-09-14 19:11:26,17425.17,INR,SUCCESS,ONLINE
T1001689,M111,C02300,2026-09-14 13:18:10,2193.21,INR,SUCCESS,POS
T1001690,M102,C00730,2026-09-14 13:21:50,1006.48,INR,REVERSED,POS
T1001691,M122,C02265,2026-09-14 20:42:27,1564.00,INR,REVERSED,ONLINE
T1001692,M108,C02424,2026-09-14 21:03:58,12022.73,inr,SUCCESS,QR
T1001693,M104,C02093,2026-09-14 20:43:52,2416.77,INR,SUCCESS,POS
T1001694,M116,C02549,2026-09-14 11:24:00,3681.60,INR,SUCCESS,POS
T1001695,M100,C01121,2026-09-14 13:49:30,750.52,INR,SUCCESS,QR
T1001696,M123,C00996,2026-09-14 06:04:49,1738.62,INR,SUCCESS,POS
T1001697,M108,C02866,2026-09-14 10:26:19,2329.72,INR,SUCCESS,ONLINE
T1001698,M102,C02937,2026-09-14 20:09:55,838.98,INR,SUCCESS,POS
T1001699,M101,C02310,2026-09-14 20:37:10,7722.79,INR,SUCCESS,ONLINE
T1001700,M104,C00405,2026-09-14 19:53:29,4301.04,INR,SUCCESS,POS
T1001701,M104,C01950,2026-09-14 12:38:22,4743.95,INR,SUCCESS,POS
T1001702,M115,C00258,2026-09-14 22:07:28,5327.99,INR,SUCCESS,ONLINE
T1001703,M108,C01841,2026-09-14 11:21:04,5665.55,INR,SUCCESS,POS
T1001704,M114,C02474,2026-09-14 23:04:56,11718.86,INR,SUCCESS,ONLINE
T1001705,M113,C02007,2026-09-14 15:57:32,1593.72,INR,SUCCESS,ONLINE
T1001706,M111,C02100,2026-09-14 18:04:31,2121.77,INR,SUCCESS,ONLINE
T1001707,M113,C01181,2026-09-14 20:49:58,1778.58,INR,SUCCESS,QR
T1001708,M106,C00723,2026-09-14 17:42:26,1725.37,INR,SUCCESS,QR
T1001709,M117,C02533,2026-09-14 19:58:38,19265.30,INR,SUCCESS,QR
T1001710,M100,C02008,2026-09-14 16:00:59,3520.12,INR,SUCCESS,QR
T1001711,M111,C02284,2026-09-14 18:03:15,636.73,INR,SUCCESS,POS
T1001712,M116,C00639,2026-09-14 19:55:04,2897.84,INR,SUCCESS,QR
T1001713,M117,C00356,2026-09-14 11:59:00,1406.39,INR,SUCCESS,ONLINE
T1001714,M104,C00299,2026-09-14 10:03:39,1097.55,INR,FAILED,POS
T1001715,M115,C00642,2026-09-14 15:36:04,1780.86,INR,SUCCESS,ONLINE
T1001716,M108,C02673,2026-09-14 16:07:11,19839.92,INR,SUCCESS,POS
T1001717,M111,C02552,2026-09-14 20:30:07,1514.08,INR,SUCCESS,QR
T1001718,M108,C00608,2026-09-14 07:24:23,18803.83,INR,FAILED,POS
T1001719,M113,C02278,2026-09-14 12:08:37,588.52,INR,SUCCESS,ONLINE
T1001720,M103,C00169,2026-09-14 12:47:37,5646.91,INR,SUCCESS,ONLINE
T1001721,M109,C01188,2026-09-14 20:21:46,29675.62,INR,SUCCESS,ONLINE
T1001722,M117,C02829,2026-09-14 18:45:00,1971.75,INR,SUCCESS,ONLINE
T1001723,M105,C01599,2026-09-14 19:32:40,4145.81,INR,SUCCESS,QR
T1001724,M113,C02400,2026-09-14 13:43:36,988.96,INR,SUCCESS,ONLINE
T1001725,M121,C02172,2026-09-14 13:26:00,16766.21,INR,SUCCESS,POS
T1001726,M103,C02181,2026-09-14 19:48:15,6339.14,INR,SUCCESS,ONLINE
T1001727,M103,C02591,2026-09-14 14:48:01,4328.21,INR,SUCCESS,POS
T1001728,M117,C00134,2026-09-14 21:24:53,13614.25,INR,SUCCESS,ONLINE
T1001729,M115,C02106,2026-09-14 18:52:25,4995.28,INR,SUCCESS,POS
T1001730,M112,C00632,2026-09-14 21:09:37,3553.17,INR,SUCCESS,POS
T1001731,M106,C02269,2026-09-14 21:12:08,2369.43,INR,SUCCESS,QR
T1001732,M109,C01626,2026-09-14 12:03:35,14419.26,INR,SUCCESS,POS
T1001733,M122,C00689,2026-09-14 11:14:13,2245.15,INR,SUCCESS,POS
T1001734,M113,C00984,2026-09-14 09:06:28,295.87,INR,SUCCESS,ONLINE
T1001735,M110,C00238,2026-09-14 07:10:16,18708.17,INR,SUCCESS,POS
T1001736,M113,C01825,2026-09-14 21:09:25,513.24,INR,SUCCESS,ONLINE
T1001737,M117,C00428,2026-09-14 18:40:25,5302.07,INR,SUCCESS,ONLINE
T1001738,M105,C02752,2026-09-14 19:35:44,4633.00,INR,SUCCESS,POS
T1001739,M121,C01258,2026-09-14 10:15:24,70006.02,INR,REVERSED,POS
T1001740,M101,C00671,2026-09-14 22:17:32,47158.84,INR,SUCCESS,QR
T1001741,M112,C01685,2026-09-14 21:41:38,20785.38,INR,REVERSED,POS
T1001742,M121,C00899,2026-09-14 09:08:01,60680.90,INR,SUCCESS,ONLINE
T1001743,M110,C01229,2026-09-14 07:19:24,72300.01,INR,SUCCESS,ONLINE
T1001744,,C02132,2026-09-14 12:39:10,2168.88,INR,SUCCESS,ONLINE
T1001745,M117,C02197,2026-09-14 20:57:03,15585.19,INR,SUCCESS,POS
T1001746,M117,C01927,2026-09-14 17:34:08,10386.90,INR,SUCCESS,POS
T1001747,M100,C00968,2026-09-14 10:53:32,3022.44,INR,SUCCESS,POS
T1001748,M101,C02734,2026-09-14 15:53:47,81210.18,INR,SUCCESS,ONLINE
T1001749,M117,C01447,2026-09-14 20:10:49,6485.35,INR,SUCCESS,QR
T1001750,M122,C02178,2026-09-14 16:17:32,2722.48,INR,SUCCESS,ONLINE
T1001751,M122,C02402,2026-09-14 23:37:41,1272.73,INR,SUCCESS,QR
T1001752,M102,C00712,2026-09-14 10:35:21,2666.19,INR,SUCCESS,QR
T1001753,M100,C01022,2026-09-14 09:46:25,368.28,INR,SUCCESS,POS
T1001754,M122,C01909,2026-09-14 19:15:53,690.24,INR,SUCCESS,POS
T1001755,M113,C02155,2026-09-14 13:39:47,240.30,INR,SUCCESS,ONLINE
T1001756,M117,C00361,2026-09-14 12:07:45,3780.44,INR,SUCCESS,POS
T1001757,M100,C01468,2026-09-14 14:07:56,627.57,INR,SUCCESS,POS
T1001758,M111,C02322,2026-09-14 20:03:27,2458.74,INR,SUCCESS,ONLINE
T1001759,M108,C02328,2026-09-15 18:29:07,10761.57,INR,SUCCESS,POS
T1001760,M107,C00663,2026-09-15 18:02:47,4360.67,INR,FAILED,POS
T1001761,M113,C00164,2026-09-15 12:50:38,763.88,INR,SUCCESS,ONLINE
T1001762,M104,C02905,2026-09-15 09:51:46,4586.57,INR,SUCCESS,POS
T1001763,M105,C01530,2026-09-15 10:19:43,2754.22,INR,FAILED,ONLINE
T1001764,M123,C02757,2026-09-15 17:54:21,205.64,INR,SUCCESS,QR
T1001765,M106,C01324,2026-09-15 22:01:51,1204.78,INR,SUCCESS,QR
T1001766,M108,C02725,2026-09-15 20:24:41,14892.51,INR,SUCCESS,POS
T1001767,M115,C01915,2026-09-15 20:35:09,5399.00,INR,SUCCESS,ONLINE
T1001768,M112,C02443,2026-09-15 09:19:38,36798.88,INR,SUCCESS,POS
T1001769,M115,C01774,2026-09-15 13:11:31,4153.76,INR,SUCCESS,QR
T1001770,M122,C02600,2026-09-15 20:24:43,350.46,INR,SUCCESS,POS
T1001771,M121,C00824,2026-09-15 10:42:50,37012.98,INR,SUCCESS,POS
T1001772,M100,C02050,2026-09-15 20:26:26,3785.26,INR,SUCCESS,POS
T1001773,M100,C02067,2026-09-15 10:51:04,1400.58,INR,FAILED,POS
T1001774,M104,C02279,2026-09-15 12:41:56,4318.30,INR,SUCCESS,QR
T1001775,M111,C01766,2026-09-15 18:03:35,3846.78,INR,SUCCESS,POS
T1001776,M103,C02916,2026-09-15 15:01:22,12278.13,INR,REVERSED,ONLINE
T1001777,M115,C01842,2026-09-15 20:09:50,3641.29,INR,SUCCESS,ONLINE
T1001778,M102,C00150,2026-09-15 19:44:47,864.45,INR,SUCCESS,QR
T1001779,M113,C00522,2026-09-15 21:22:44,2438.34,INR,SUCCESS,ONLINE
T1001780,M101,C01985,2026-09-15 17:00:31,49286.25,INR,SUCCESS,POS
T1001781,M100,C01721,2026-09-15 13:26:49,3359.53,INR,SUCCESS,QR
T1001782,M117,C01041,2026-09-15 09:36:10,1617.25,INR,SUCCESS,QR
T1001783,M104,C00775,2026-09-15 17:13:11,2078.29,INR,SUCCESS,POS
T1001784,M122,C02599,2026-09-15 08:52:17,2920.93,INR,SUCCESS,ONLINE
T1001785,M109,C02499,2026-09-15 20:33:57,35622.02,INR,SUCCESS,ONLINE
T1001786,M104,C02437,2026-09-15 14:01:19,5870.46,INR,SUCCESS,POS
T1001787,M112,C01422,2026-09-15 13:55:06,26338.86,INR,SUCCESS,ONLINE
T1001788,M109,C02744,2026-09-15 12:37:16,34618.82,INR,SUCCESS,POS
T1001789,M117,C02737,2026-09-15 17:35:34,4737.72,INR,SUCCESS,QR
T1001790,M122,C00098,2026-09-15 20:28:37,2357.18,INR,SUCCESS,POS
T1001791,M107,C00672,2026-09-15 08:09:11,6484.57,INR,SUCCESS,QR
T1001792,M101,C02597,2026-09-15 19:43:22,51968.26,INR,SUCCESS,ONLINE
T1001793,M118,C02370,2026-09-15 19:19:22,51774.37,INR,SUCCESS,QR
T1001794,M112,C02326,2026-09-15 09:43:30,64984.07,INR,SUCCESS,POS
T1001795,M117,C00743,2026-09-15 17:03:27,3725.69,INR,SUCCESS,ONLINE
T1001796,M105,C01764,2026-09-15 21:14:25,4960.94,INR,SUCCESS,ONLINE
T1001797,M116,C01983,2026-09-15 12:22:17,3350.54,INR,SUCCESS,POS
T1001798,M104,C02140,2026-09-15 18:09:13,3686.00,INR,SUCCESS,POS
T1001799,M103,C01207,2026-09-15 18:48:51,6164.79,INR,SUCCESS,ONLINE
T1001800,M115,C01356,2026-09-15 20:26:00,1423.31,INR,SUCCESS,POS
T1001801,M102,C00556,2026-09-15 13:35:51,581.22,INR,SUCCESS,ONLINE
T1001802,M124,C02371,2026-09-15 21:01:31,7326.94,INR,SUCCESS,QR
T1001803,M110,C00964,2026-09-15 11:21:53,77802.34,INR,FAILED,POS
T1001804,M111,C01792,2026-09-15 17:54:53,589.65,INR,SUCCESS,POS
T1001805,M112,C01806,2026-09-15 17:49:19,15421.37,INR,SUCCESS,QR
T1001806,M104,C01492,2026-09-15 13:44:08,2887.65,INR,SUCCESS,POS
T1001807,M120,C01838,2026-09-15 12:40:11,1378.19,INR,SUCCESS,POS
T1001808,M116,C02255,2026-09-15 11:10:57,3448.72,INR,SUCCESS,ONLINE
T1001809,M112,C01758,2026-09-15 19:11:01,20174.09,INR,SUCCESS,ONLINE
T1001810,M117,C00202,2026-09-15 10:30:44,14231.34,INR,SUCCESS,ONLINE
T1001811,M102,C01591,2026-09-15 16:55:23,2780.65,INR,SUCCESS,POS
T1001812,M121,C00957,2026-09-15 13:17:30,3236.89,INR,SUCCESS,ONLINE
T1001813,M114,C01993,2026-09-15 13:34:31,9794.80,INR,FAILED,POS
T1001814,M104,C02760,2026-09-15 16:23:47,1816.96,INR,SUCCESS,QR
T1001815,M119,C01307,2026-09-15 12:59:19,19945.33,INR,SUCCESS,ONLINE
T1001816,M114,C00122,2026-09-15 13:48:57,558.55,INR,SUCCESS,POS
T1001817,M110,C02425,2026-09-15 09:53:16,61086.19,INR,SUCCESS,POS
T1001818,M110,C01268,2026-09-15 12:56:18,75500.54,INR,SUCCESS,ONLINE
T1001819,M117,C02419,2026-09-15 11:06:19,15950.85,INR,SUCCESS,ONLINE
T1001820,M102,C00676,2026-09-15 11:11:29,646.60,INR,SUCCESS,POS
T1001821,M108,C00260,2026-09-15 10:24:40,9870.44,INR,SUCCESS,QR
T1001822,M111,C02091,2026-09-15 20:46:15,1606.82,INR,SUCCESS,POS
T1001823,M102,C01222,2026-09-15 10:19:24,151.65,INR,SUCCESS,ONLINE
T1001824,M110,C02880,2026-09-15 16:45:43,59032.52,INR,SUCCESS,POS
T1001825,M117,C01764,2026-09-15 19:13:41,15428.42,INR,SUCCESS,QR
T1001826,M106,C01106,2026-09-15 09:46:57,1019.31,INR,SUCCESS,POS
T1001827,M124,C00327,2026-09-15 12:01:31,9218.13,INR,SUCCESS,POS
T1001828,M105,C00531,2026-09-15 21:17:02,2394.16,INR,SUCCESS,POS
T1001829,M120,C02755,2026-09-15 14:05:32,2418.98,INR,SUCCESS,QR
T1001830,M101,C02775,2026-09-15 09:49:02,26979.46,INR,SUCCESS,ONLINE
T1001831,M100,C01032,2026-09-15 15:47:12,3003.86,INR,SUCCESS,ONLINE
T1001832,M111,C00696,2026-09-15 20:06:08,1873.89,INR,SUCCESS,POS
T1001833,M106,C01763,2026-09-15 14:22:48,1994.18,INR,SUCCESS,QR
T1001834,M102,C00189,2026-09-15 19:08:39,2179.05,INR,SUCCESS,ONLINE
T1001835,M113,C00732,2026-09-15 18:18:47,1364.02,INR,SUCCESS,QR
T1001836,M120,C02611,2026-09-15 09:55:48,2161.84,INR,SUCCESS,QR
T1001837,M122,C01076,2026-09-15 12:33:15,1780.61,INR,SUCCESS,POS
T1001838,M116,C01218,2026-09-15 11:56:35,1636.23,INR,SUCCESS,QR
T1001839,M104,C02451,2026-09-15 14:19:38,4615.48,INR,SUCCESS,ONLINE
T1001840,M120,C02452,2026-09-15 13:07:52,233.64,INR,SUCCESS,POS
T1001841,M117,C00668,2026-09-15 18:10:03,658.25,INR,SUCCESS,POS
T1001842,M117,C01253,2026-09-15 14:21:23,3427.39,INR,SUCCESS,QR
T1001843,M121,C00987,2026-09-15 16:37:05,48507.72,INR,SUCCESS,ONLINE
T1001844,M117,C01669,2026-09-15 10:08:56,12371.42,INR,SUCCESS,POS
T1001845,M121,C00588,2026-09-15 19:07:20,10942.39,INR,SUCCESS,ONLINE
T1001846,M104,C02746,2026-09-15 16:26:27,1734.41,INR,REVERSED,ONLINE
T1001847,M102,C02710,2026-09-15 17:30:30,706.34,INR,SUCCESS,QR
T1001848,M113,C01360,2026-09-15 11:12:52,2328.55,INR,FAILED,QR
T1001849,M103,C02480,2026-09-15 19:16:24,10539.76,INR,SUCCESS,QR
T1001850,M115,C00143,2026-09-15 20:18:57,5715.28,INR,FAILED,ONLINE
T1001851,M108,C02416,2026-09-15 10:03:54,11318.78,INR,SUCCESS,QR
T1001852,M104,C02838,2026-09-15 15:23:35,3190.29,INR,SUCCESS,ONLINE
T1001853,M117,C01143,2026-09-15 22:14:07,17758.11,INR,SUCCESS,POS
T1001854,M105,C01896,2026-09-15 17:17:04,3140.60,INR,SUCCESS,POS
T1001855,M110,C00161,2026-09-15 14:07:24,74858.95,INR,SUCCESS,QR
T1001856,M108,C00544,2026-09-15 12:00:42,18195.52,INR,SUCCESS,POS
T1001857,M104,C02226,2026-09-15 16:10:02,3903.68,INR,SUCCESS,POS
T1001858,M105,C02267,2026-09-15 19:48:55,902.05,INR,SUCCESS,POS
T1001859,M105,C01874,2026-09-15 15:33:19,2663.20,INR,SUCCESS,POS
T1001860,M112,C02394,2026-09-15 12:08:58,43472.94,INR,FAILED,POS
T1001861,M117,C00145,2026-09-15 15:15:37,16270.24,INR,REVERSED,QR
T1001862,M100,C00762,2026-09-15 11:08:51,3469.09,USDD,SUCCESS,QR
T1001863,M105,C01919,2026-09-15 20:05:18,157.96,INR,SUCCESS,POS
T1001864,M117,C01822,2026-09-15 10:18:38,13554.61,INR,SUCCESS,POS
T1001865,M105,C01544,2026-09-15 18:04:46,4850.31,INR,SUCCESS,QR
T1001866,M108,C02365,2026-09-15 20:13:18,13584.56,INR,SUCCESS,ONLINE
T1001867,,C02559,2026-09-16 11:32:35,791.97,INR,REVERSED,POS
T1001868,M114,C00092,2026-09-16 11:04:33,13921.69,INR,FAILED,QR
T1001869,M120,C00212,2026-09-16 18:34:55,3539.54,INR,SUCCESS,POS
T1001870,M100,C01535,2026-09-16 13:07:24,1146.14,INR,SUCCESS,ONLINE
T1001871,M105,C02710,2026-09-16 09:48:41,552.04,INR,REVERSED,ONLINE
T1001872,M105,C01165,2026-09-16 19:44:01,1726.82,INR,SUCCESS,POS
T1001873,M105,C00197,2026-09-16 10:32:58,2367.59,INR,FAILED,ONLINE
T1001874,M105,C02966,2026-09-16 18:46:04,1758.54,INR,SUCCESS,ONLINE
T1001875,M120,C01172,2026-09-16 10:49:57,3422.52,INR,SUCCESS,POS
T1001876,M103,C02891,2026-09-16 09:23:06,6740.55,INR,SUCCESS,QR
T1001877,M111,C02368,2026-09-16 12:58:50,1785.73,INR,SUCCESS,POS
T1001878,M104,C01019,2026-09-16 12:00:51,3561.67,INR,SUCCESS,POS
T1001879,M114,C01608,2026-09-16 13:10:44,13462.27,INR,SUCCESS,ONLINE
T1001880,M100,C02239,2026-09-16 12:17:02,1428.20,INR,SUCCESS,ONLINE
T1001881,M117,C02812,2026-09-16 09:31:14,9331.61,INR,SUCCESS,POS
T1001882,M115,C01300,2026-09-16 19:27:18,4455.52,INR,SUCCESS,QR
T1001883,M121,C00377,2026-09-16 18:30:05,79443.13,INR,SUCCESS,ONLINE
T1001884,M101,C01701,2026-09-16 13:43:57,35542.24,INR,SUCCESS,ONLINE
T1001885,M122,C01202,2026-09-16 13:31:57,529.20,INR,SUCCESS,POS
T1001886,M113,C01252,2026-09-16 17:36:34,2412.60,INR,FAILED,POS
T1001887,M122,C00002,2026-09-16 20:20:04,1863.59,INR,SUCCESS,ONLINE
T1001888,M121,C01955,2026-09-16 08:26:16,85255.10,INR,REVERSED,ONLINE
T1001889,M108,C02955,2026-09-16 16:39:29,2872.58,INR,SUCCESS,ONLINE
T1001890,M113,C00458,2026-09-16 14:19:42,2701.75,INR,SUCCESS,QR
T1001891,M111,C02093,2026-09-16 11:38:22,2838.34,INR,SUCCESS,QR
T1001892,M102,C00384,2026-09-16 13:33:01,507.11,INR,SUCCESS,QR
T1001893,M107,C00833,2026-09-16 14:43:28,8527.38,INR,SUCCESS,ONLINE
T1001894,M113,C00898,2026-09-16 13:40:08,1395.83,INR,SUCCESS,ONLINE
T1001895,M118,C01318,2026-09-16 22:33:40,30769.20,INR,SUCCESS,POS
T1001896,M108,C01010,2026-09-16 11:15:48,15096.51,INR,SUCCESS,POS
T1001897,M109,C00188,2026-09-16 17:03:33,45673.89,INR,SUCCESS,ONLINE
T1001898,M112,C01263,2026-09-16 16:35:07,68514.74,INR,SUCCESS,ONLINE
T1001899,M104,C02490,2026-09-16 13:10:18,2760.83,INR,SUCCESS,ONLINE
T1001900,M101,C00748,2026-09-16 16:48:41,76110.52,INR,SUCCESS,QR
T1001901,M115,C02842,2026-09-16 22:52:56,4461.19,INR,SUCCESS,ONLINE
T1001902,M119,C02140,2026-09-16 19:07:58,57498.73,INR,SUCCESS,POS
T1001903,M111,C00540,2026-09-16 18:45:30,3145.71,INR,SUCCESS,QR
T1001904,M107,C01253,2026-09-16 19:44:01,10631.27,INR,REVERSED,QR
T1001905,M100,C01537,2026-09-16 22:55:01,252.08,INR,SUCCESS,POS
T1001906,M103,C02504,2026-09-16 12:48:08,7753.05,INR,SUCCESS,POS
T1001907,M999,C00122,2026-09-16 18:53:45,4389.04,INR,FAILED,POS
T1001908,M104,C02543,2026-09-16 14:53:31,1166.22,INR,SUCCESS,QR
T1001909,M103,C00389,2026-09-16 20:38:12,6138.79,INR,SUCCESS,POS
T1001910,M113,C01164,2026-09-16 20:31:48,1674.65,INR,FAILED,POS
T1001911,M104,C01733,2026-09-16 11:51:00,2217.21,INR,SUCCESS,ONLINE
T1001912,M101,C02924,2026-09-16 22:34:17,88597.63,INR,SUCCESS,POS
T1001913,M113,C02358,2026-09-16 20:58:49,1944.89,INR,SUCCESS,ONLINE
T1001914,M100,C00691,2026-09-16 17:24:44,2975.59,INR,FAILED,ONLINE
T1001915,M122,C02888,2026-09-16 20:33:41,2927.61,INR,FAILED,ONLINE
T1001916,M109,C02823,2026-09-16 11:03:06,15928.12,INR,FAILED,ONLINE
T1001917,M118,C00480,2026-09-16 18:45:44,45638.81,INR,SUCCESS,ONLINE
T1001918,M122,C02739,2026-09-16 13:30:11,884.83,INR,SUCCESS,POS
T1001919,M113,C00663,2026-09-16 14:07:29,1722.78,INR,REVERSED,POS
T1001920,M111,C02253,2026-09-16 13:20:27,2612.02,INR,SUCCESS,POS
T1001921,M101,C00991,2026-09-16 12:41:48,27574.60,INR,SUCCESS,POS
T1001922,M105,C00018,2026-09-16 22:27:59,4406.92,INR,SUCCESS,QR
T1001923,M112,C00585,2026-09-16 14:02:49,5957.39,INR,SUCCESS,ONLINE
T1001924,M104,C00425,2026-09-16 08:09:20,5371.46,INR,SUCCESS,ONLINE
T1001925,M121,C01906,2026-09-16 15:04:13,31288.08,INR,SUCCESS,ONLINE
T1001926,M100,C00416,2026-09-16 20:05:39,3579.00,INR,FAILED,POS
T1001927,M115,C00792,2026-09-16 15:22:44,4186.20,INR,SUCCESS,ONLINE
T1001928,M103,C02029,2026-09-16 10:04:48,5272.26,INR,SUCCESS,POS
T1001929,M100,C00872,2026-09-16 14:06:05,1213.51,INR,SUCCESS,POS
T1001930,M116,C02643,2026-09-16 09:26:24,4924.56,INR,SUCCESS,POS
T1001931,M112,C01561,2026-09-16 12:24:13,60526.87,INR,SUCCESS,ONLINE
T1001932,M122,C01346,2026-09-16 14:23:01,2231.00,INR,SUCCESS,POS
T1001933,M108,C02768,2026-09-16 20:20:09,11230.36,INR,REVERSED,QR
T1001934,M122,C00143,2026-09-16 20:28:21,1734.76,INR,SUCCESS,POS
T1001935,M109,C02423,2026-09-16 15:01:36,22511.85,INR,SUCCESS,ONLINE
T1001936,M122,C00098,2026-09-16 23:25:24,1315.26,INR,SUCCESS,POS
T1001937,M105,C01078,2026-09-16 09:05:31,1286.95,INR,SUCCESS,POS
T1001938,M108,C02733,2026-09-16 18:45:24,8813.07,INR,SUCCESS,POS
T1001939,M108,C00427,2026-09-16 09:02:45,16226.39,INR,SUCCESS,ONLINE
T1001940,M108,C00947,2026-09-16 18:58:01,16237.93,INR,SUCCESS,ONLINE
T1001941,M115,C00094,2026-09-16 13:09:18,3041.97,INR,SUCCESS,QR
T1001942,M103,C01273,2026-09-16 16:26:22,5407.33,INR,SUCCESS,ONLINE
T1001943,M107,C01243,2026-09-16 19:28:06,5170.82,INR,SUCCESS,POS
T1001944,M113,C02527,2026-09-16 15:05:40,1872.29,INR,SUCCESS,ONLINE
T1001945,M108,C01992,2026-09-16 10:07:04,15412.00,INR,SUCCESS,POS
T1001946,M102,C02239,2026-09-16 12:02:21,2103.11,INR,SUCCESS,POS
T1001947,M116,C02374,2026-09-16 07:58:46,2199.36,INR,SUCCESS,QR
T1001948,M117,C01914,2026-09-16 14:22:18,14680.51,INR,SUCCESS,POS
T1001949,M115,C02437,2026-09-16 17:25:38,2150.15,INR,SUCCESS,ONLINE
T1001950,M121,C02059,2026-09-16 20:14:21,26085.68,INR,SUCCESS,POS
T1001951,M104,C02992,2026-09-16 13:43:27,4719.31,INR,SUCCESS,POS
T1001952,M102,C02270,2026-09-16 09:46:38,1400.29,INR,SUCCESS,POS
T1001953,M117,C00782,2026-09-16 14:46:55,17573.49,INR,SUCCESS,QR
T1001954,M101,C00557,2026-09-16 16:24:55,42624.89,INR,SUCCESS,POS
T1001955,M113,C02019,2026-09-16 14:29:15,951.12,INR,SUCCESS,POS
T1001956,M116,C01644,2026-09-16 17:21:22,2088.17,INR,REVERSED,ONLINE
T1001957,M108,C02988,2026-09-16 12:05:57,6744.80,INR,SUCCESS,POS
T1001958,M111,C01852,2026-09-16 20:54:32,2378.70,INR,SUCCESS,QR
T1001959,M124,C02893,2026-09-16 22:18:26,6704.48,INR,SUCCESS,QR
T1001960,M115,C00021,2026-09-16 21:36:05,1212.66,INR,SUCCESS,POS
T1001961,M122,C02135,2026-09-16 14:22:08,2528.23,INR,SUCCESS,ONLINE
T1001962,M108,C00256,2026-09-16 10:13:20,7782.50,INR,SUCCESS,QR
T1001963,M117,C01768,2026-09-16 21:42:19,19258.06,INR,SUCCESS,ONLINE
T1001964,M108,C01844,2026-09-16 06:52:39,3206.39,INR,SUCCESS,QR
T1001965,M105,C00310,2026-09-16 17:40:39,2249.35,INR,SUCCESS,ONLINE
T1001966,M116,C02380,2026-09-16 10:04:28,4537.66,INR,SUCCESS,POS
T1001967,M102,C01244,2026-09-16 20:08:45,2684.91,INR,SUCCESS,POS
T1001968,M105,C00813,2026-09-16 17:45:03,2314.27,INR,SUCCESS,QR
T1001969,M104,C02195,2026-09-16 13:25:43,5617.25,INR,SUCCESS,ONLINE
T1001970,M105,C01633,2026-09-16 20:34:48,1877.11,INR,SUCCESS,ONLINE
T1001971,M105,C00678,2026-09-16 16:31:51,2397.94,INR,SUCCESS,POS
T1001972,M117,C01954,2026-09-16 22:15:24,13563.96,INR,SUCCESS,QR
T1001973,M107,C00425,2026-09-16 09:28:51,9327.28,INR,SUCCESS,ONLINE
T1001974,M120,C01548,2026-09-16 20:04:02,2771.20,INR,SUCCESS,QR
T1001975,M109,C02828,2026-09-16 20:54:10,33367.49,INR,SUCCESS,POS
T1001976,M108,C00362,2026-09-16 09:47:50,10775.64,INR,SUCCESS,ONLINE
T1001977,M109,C02090,2026-09-16 12:20:51,39595.34,INR,SUCCESS,POS
T1001978,M102,C00515,2026-09-16 18:57:45,936.93,INR,SUCCESS,POS
T1001979,M101,C02155,2026-09-16 10:29:49,56939.76,INR,SUCCESS,POS
T1001980,M109,C02426,2026-09-16 20:24:12,49271.02,INR,SUCCESS,ONLINE
T1001981,M100,C02283,2026-09-16 14:40:44,2636.60,INR,SUCCESS,POS
T1001982,M110,C01145,2026-09-16 22:13:49,64808.23,INR,SUCCESS,ONLINE
T1001983,M117,C02331,2026-09-16 12:14:23,17869.09,INR,SUCCESS,POS
T1001984,M117,C01435,2026-09-16 19:02:25,9276.31,INR,SUCCESS,ONLINE
T1001985,M105,C02015,2026-09-17 15:19:55,135.25,INR,SUCCESS,POS
T1001986,M112,C02155,2026-09-17 16:50:54,37547.24,INR,SUCCESS,QR
T1001987,M122,C02263,2026-09-17 18:58:52,1409.21,INR,SUCCESS,QR
T1001988,M102,C01005,2026-09-17 10:40:43,2616.13,INR,SUCCESS,ONLINE
T1001989,M115,C01508,2026-09-17 12:42:48,928.97,INR,SUCCESS,ONLINE
T1001990,M118,C02111,2026-09-17 13:00:31,16015.30,INR,SUCCESS,QR
T1001991,M113,C01601,2026-09-17 20:23:43,1383.97,INR,SUCCESS,ONLINE
T1001992,M124,C00556,2026-09-17 08:44:46,1241.72,INR,SUCCESS,ONLINE
T1001993,M115,C01679,2026-09-17 14:11:23,2433.00,INR,SUCCESS,ONLINE
T1001994,M102,C01056,2026-09-17 14:22:19,1285.45,INR,SUCCESS,ONLINE
T1001995,M112,C01214,2026-09-17 14:47:02,15965.90,INR,SUCCESS,POS
T1001996,M111,C02155,2026-09-17 12:04:24,491.75,INR,FAILED,ONLINE
T1001997,M102,C01085,2026-09-17 17:21:10,1035.95,INR,SUCCESS,QR
T1001998,M117,C01466,2026-09-17 20:17:18,12308.30,INR,SUCCESS,QR
T1001999,M123,C02741,2026-09-17 11:29:56,1112.38,INR,SUCCESS,POS
T1002000,M104,C00899,2026-09-17 12:27:35,5523.48,INR,SUCCESS,ONLINE
T1002001,M116,C02921,2026-09-17 19:14:26,1768.50,INR,FAILED,QR
T1002002,M103,C00978,2026-09-17 22:25:41,7332.90,INR,SUCCESS,POS
T1002003,M101,C01459,2026-09-17 12:43:06,77663.72,INR,REVERSED,ONLINE
T1002004,M113,C00791,2026-09-17 17:45:14,1043.19,INR,SUCCESS,QR
T1002005,M103,C02991,2026-09-17 10:34:14,8738.81,INR,SUCCESS,POS
T1002006,M122,C00585,2026-09-17 20:22:58,1326.39,INR,SUCCESS,ONLINE
T1002007,M100,C00120,2026-09-17 10:51:37,1983.43,INR,SUCCESS,ONLINE
T1002008,M117,C02483,2026-09-17 20:21:20,12879.04,INR,FAILED,QR
T1002009,M106,C01557,2026-09-17 15:27:29,2073.90,INR,SUCCESS,QR
T1002010,M120,C02067,2026-09-17 19:20:03,1084.00,INR,SUCCESS,ONLINE
T1002011,M108,C01459,2026-09-17 18:54:02,15090.25,INR,SUCCESS,POS
T1002012,M104,C02137,2026-09-17 22:53:23,4642.74,INR,SUCCESS,QR
T1002013,M122,C00935,2026-09-17 11:42:31,2222.96,INR,FAILED,POS
T1002014,M108,C00022,2026-09-17 21:13:28,5114.78,INR,SUCCESS,POS
T1002015,M110,C01224,2026-09-17 08:14:48,37810.48,INR,SUCCESS,ONLINE
T1002016,M119,C00580,2026-09-17 17:48:18,70172.87,INR,SUCCESS,POS
T1002017,M105,C00034,2026-09-17 10:22:59,384.50,INR,SUCCESS,POS
T1002018,M111,C02306,2026-09-17 19:18:23,433.46,INR,SUCCESS,QR
T1002019,M100,C00628,2026-09-17 18:29:08,1873.73,INR,REVERSED,POS
T1002020,M100,C01849,2026-09-17 10:10:15,1866.26,INR,SUCCESS,POS
T1002021,,C02108,2026-09-17 20:38:02,84676.38,INR,SUCCESS,ONLINE
T1002022,M117,C00130,2026-09-17 22:20:32,4725.39,INR,FAILED,ONLINE
T1002023,M116,C02047,2026-09-17 11:14:52,3267.04,INR,SUCCESS,POS
T1002024,M122,C02299,2026-09-17 10:09:12,2373.39,INR,SUCCESS,ONLINE
T1002025,M115,C01459,2026-09-17 20:13:07,1703.32,INR,SUCCESS,POS
T1002026,M113,C02520,2026-09-17 17:36:19,154.47,INR,SUCCESS,ONLINE
T1002027,M114,C00625,2026-09-17 11:01:18,7198.61,INR,SUCCESS,POS
T1002028,M101,C02062,2026-09-17 11:20:27,31755.08,INR,SUCCESS,ONLINE
T1002029,M108,C01460,2026-09-17 18:36:25,1868.22,INR,SUCCESS,QR
T1002030,M100,C02757,2026-09-17 13:09:44,1681.43,INR,SUCCESS,POS
T1002031,M116,C02210,2026-09-17 13:22:32,2490.18,INR,SUCCESS,POS
T1002032,M110,C02378,2026-09-17 21:59:42,75140.90,INR,SUCCESS,ONLINE
T1002033,M105,C00969,2026-09-17 16:33:52,1498.38,INR,REVERSED,POS
T1002034,M121,C00274,2026-09-17 19:57:54,61846.11,INR,SUCCESS,POS
T1002035,M116,C01083,2026-09-17 11:34:43,266.19,INR,SUCCESS,QR
T1002036,M104,C01416,2026-09-17 15:45:51,3605.81,INR,SUCCESS,POS
T1002037,M105,C02564,2026-09-17 15:38:03,2627.98,INR,SUCCESS,ONLINE
T1002038,M108,C02014,2026-09-17 17:58:12,1183.71,INR,SUCCESS,ONLINE
T1002039,M106,C02751,2026-09-17 22:22:52,1872.36,INR,SUCCESS,ONLINE
T1002040,M110,C02651,2026-09-17 12:15:18,49627.29,INR,SUCCESS,ONLINE
T1002041,M115,C00051,2026-09-17 14:24:20,1663.52,INR,SUCCESS,POS
T1002042,M113,C01943,2026-09-17 13:44:24,2900.62,INR,SUCCESS,QR
T1002043,M113,C01140,2026-09-17 21:09:37,2702.65,INR,SUCCESS,POS
T1002044,M114,C01552,2026-09-17 09:59:17,14432.17,INR,SUCCESS,ONLINE
T1002045,M101,C01060,2026-09-17 23:24:19,25243.24,INR,SUCCESS,POS
T1002046,M118,C01368,2026-09-17 18:48:13,5806.41,INR,SUCCESS,QR
T1002047,M117,C00002,2026-09-17 12:44:43,4735.05,INR,SUCCESS,POS
T1002048,M100,C02209,2026-09-17 14:22:40,3656.21,INR,SUCCESS,ONLINE
T1002049,M103,C00345,2026-09-17 12:09:03,6209.73,INR,SUCCESS,POS
T1002050,M108,C00438,2026-09-17 18:24:25,12254.94,INR,SUCCESS,QR
T1002051,M111,C00790,2026-09-17 20:38:15,1268.51,INR,SUCCESS,POS
T1002052,M102,C00398,2026-09-17 12:06:41,1229.78,INR,SUCCESS,ONLINE
T1002053,M104,C01182,2026-09-17 20:18:09,1284.99,INR,SUCCESS,POS
T1002054,M104,C01283,2026-09-17 20:21:17,3827.19,INR,SUCCESS,POS
T1002055,M101,C02678,2026-09-17 19:19:16,41723.28,INR,SUCCESS,ONLINE
T1002056,M122,C00619,2026-09-17 10:46:30,1480.04,INR,SUCCESS,ONLINE
T1002057,M124,C00062,2026-09-17 20:41:06,8214.23,INR,REVERSED,ONLINE
T1002058,M122,C02994,2026-09-17 18:22:41,2812.25,INR,SUCCESS,ONLINE
T1002059,M101,C01653,2026-09-17 15:33:15,42239.33,INR,SUCCESS,ONLINE
T1002060,M117,C01316,2026-09-17 08:12:27,8146.69,INR,SUCCESS,QR
T1002061,M101,C01355,2026-09-17 11:21:57,79715.04,INR,SUCCESS,ONLINE
T1002062,M121,C02442,2026-09-17 08:18:42,69103.70,INR,SUCCESS,POS
T1002063,M113,C02238,2026-09-17 16:33:58,1227.68,INR,SUCCESS,POS
T1002064,M100,C00687,2026-09-17 12:49:02,3979.86,INR,SUCCESS,POS
T1002065,M118,C01953,2026-09-17 20:48:55,38608.48,INR,SUCCESS,QR
T1002066,M109,C02469,2026-09-17 12:28:20,14705.70,INR,SUCCESS,ONLINE
T1002067,M103,C02204,2026-09-17 12:20:11,4131.00,INR,SUCCESS,POS
T1002068,M101,C01368,2026-09-17 14:35:29,76289.63,INR,SUCCESS,POS
T1002069,M113,C00358,2026-09-17 12:00:22,2564.36,INR,SUCCESS,QR
T1002070,M112,C01494,2026-09-17 19:53:25,73353.71,INR,SUCCESS,ONLINE
T1002071,M114,C01468,2026-09-17 15:23:30,8608.32,INR,SUCCESS,QR
T1002072,M100,C00737,2026-09-17 08:40:34,3565.93,INR,SUCCESS,ONLINE
T1002073,M100,C02630,2026-09-17 18:16:37,2567.09,INR,SUCCESS,POS
T1002074,M117,C00268,2026-09-17 19:42:15,18941.39,INR,SUCCESS,ONLINE
T1002075,M107,C01914,2026-09-17 11:33:15,8832.95,INR,SUCCESS,ONLINE
T1002076,M122,C02610,2026-09-17 21:55:32,2609.62,INR,SUCCESS,ONLINE
T1002077,M105,C01531,2026-09-17 16:54:02,1446.00,INR,SUCCESS,POS
T1002078,M110,C01924,2026-09-17 21:07:52,7895.08,INR,SUCCESS,POS
T1002079,M115,C00234,2026-09-17 19:27:52,1727.76,INR,SUCCESS,ONLINE
T1002080,M104,C01040,2026-09-17 12:20:10,5434.65,INR,SUCCESS,POS
T1002081,M115,C01320,2026-09-17 09:02:02,4733.16,INR,SUCCESS,ONLINE
T1002082,M114,C02693,2026-09-17 18:04:53,4357.29,INR,SUCCESS,QR
T1002083,M114,C02535,2026-09-17 10:32:17,6103.66,INR,SUCCESS,ONLINE
T1002084,M117,C01684,2026-09-17 21:23:38,11745.77,INR,SUCCESS,ONLINE
T1002085,M124,C02040,2026-09-17 10:34:51,1263.09,INR,SUCCESS,QR
T1002086,M122,C02097,2026-09-17 13:03:27,1659.48,INR,SUCCESS,POS
T1002087,M124,C00820,2026-09-17 19:14:29,7984.03,INR,FAILED,POS
T1002088,M111,C01455,2026-09-17 14:36:14,2845.78,INR,SUCCESS,POS
T1002089,M104,C02452,2026-09-17 13:54:37,5135.08,INR,SUCCESS,ONLINE
T1002090,M105,C00788,2026-09-17 11:19:34,1470.44,INR,FAILED,POS
T1002091,M112,C01954,2026-09-17 20:21:12,40006.10,INR,SUCCESS,QR
T1002092,M117,C01280,2026-09-17 16:56:30,5952.05,INR,SUCCESS,POS
T1002093,M108,C02307,2026-09-17 14:39:49,2527.58,INR,SUCCESS,ONLINE
T1002094,M108,C01270,2026-09-17 19:56:37,3378.93,INR,SUCCESS,ONLINE
T1002095,M104,C01629,2026-09-17 20:06:38,3967.68,INR,SUCCESS,QR
T1002096,M115,C02152,2026-09-17 17:00:42,2236.55,INR,SUCCESS,ONLINE
T1002097,M112,C02153,2026-09-17 09:18:02,68226.89,INR,SUCCESS,ONLINE
T1002098,M102,C01865,2026-09-17 22:30:00,2394.11,INR,SUCCESS,POS
T1002099,M113,C00215,2026-09-17 12:14:06,2179.09,INR,SUCCESS,POS
T1002100,M120,C00185,2026-09-17 14:12:39,3764.55,INR,SUCCESS,ONLINE
T1002101,M103,C00019,2026-09-17 10:40:31,5158.46,INR,SUCCESS,ONLINE
T1002102,M108,C01697,2026-09-17 12:30:31,3022.26,INR,SUCCESS,QR
T1002103,M100,C02027,2026-09-17 14:04:13,2835.88,INR,SUCCESS,POS
T1002104,M105,C00310,2026-09-17 07:12:45,4261.31,INR,SUCCESS,QR
T1002105,M101,C00160,2026-09-17 12:11:37,34654.40,INR,SUCCESS,ONLINE
T1002106,M122,C02170,2026-09-17 13:14:32,264.46,INR,SUCCESS,ONLINE
T1002107,M112,C00970,2026-09-17 12:27:20,16487.03,INR,SUCCESS,QR
T1002108,M113,C02627,2026-09-18 18:02:10,152.21,INR,SUCCESS,QR
T1002109,M117,C02720,2026-09-18 19:37:57,3165.55,INR,SUCCESS,POS
T1002110,M112,C01299,2026-09-18 21:28:09,65585.56,INR,FAILED,POS
T1002111,,C00842,2026-09-18 09:39:41,290.40,INR,FAILED,POS
T1002112,M111,C00245,2026-09-18 10:48:28,3172.15,INR,SUCCESS,QR
T1002113,M116,C01509,2026-09-18 18:56:19,119.46,INR,SUCCESS,POS
T1002114,M111,C02216,2026-09-18 19:52:26,2502.01,INR,SUCCESS,QR
T1002115,M104,C01265,2026-09-18 20:28:18,5767.43,INR,SUCCESS,ONLINE
T1002116,M108,C01403,2026-09-18 16:48:21,5936.50,INR,FAILED,ONLINE
T1002117,M116,C00867,2026-09-18 13:34:32,1826.56,INR,SUCCESS,POS
T1002118,M116,C02805,2026-09-18 20:44:11,459.56,INR,SUCCESS,POS
T1002119,M120,C02324,2026-09-18 18:32:11,2564.98,INR,SUCCESS,ONLINE
T1002120,M105,C00185,2026-09-18 10:40:16,4023.19,INR,SUCCESS,QR
T1002121,M103,C02838,2026-09-18 20:22:09,3400.29,INR,FAILED,ONLINE
T1002122,M114,C00017,2026-09-18 11:23:25,13403.78,INR,FAILED,POS
T1002123,M105,C02708,2026-09-18 11:23:13,3255.24,INR,SUCCESS,QR
T1002124,M117,C00225,2026-09-18 11:53:10,13228.92,INR,SUCCESS,POS
T1002125,M111,C01862,2026-09-18 18:38:49,3488.34,INR,SUCCESS,QR
T1002126,M112,C00082,2026-09-18 19:38:49,32986.80,INR,SUCCESS,ONLINE
T1002127,M100,C00317,2026-09-18 22:32:29,1675.84,INR,SUCCESS,ONLINE
T1002128,M116,C02853,2026-09-18 18:28:50,2456.49,INR,REVERSED,QR
T1002129,M109,C02348,2026-09-18 15:18:11,53391.55,INR,SUCCESS,QR
T1002130,M119,C02079,2026-09-18 10:18:24,79037.64,INR,SUCCESS,ONLINE
T1002131,M121,C02031,2026-09-18 13:18:34,21758.74,INR,SUCCESS,ONLINE
T1002132,M999,C02624,2026-09-18 14:18:14,7554.96,INR,SUCCESS,QR
T1002133,M115,C02536,2026-09-18 12:31:35,3070.03,INR,SUCCESS,ONLINE
T1002134,M122,C01759,2026-09-18 22:36:36,275.44,INR,FAILED,ONLINE
T1002135,M101,C00592,2026-09-18 18:44:41,5311.60,INR,SUCCESS,ONLINE
T1002136,M120,C01645,2026-09-18 09:05:57,2002.20,INR,SUCCESS,POS
T1002137,M102,C00442,2026-09-18 10:25:30,2122.72,INR,SUCCESS,QR
T1002138,M103,C02136,2026-09-18 18:05:43,2528.07,INR,SUCCESS,POS
T1002139,M121,C00424,2026-09-18 19:02:15,11338.24,INR,SUCCESS,QR
T1002140,M109,C02810,2026-09-18 20:47:15,20229.76,INR,SUCCESS,ONLINE
T1002141,M112,C00508,2026-09-18 17:51:22,35990.74,INR,FAILED,ONLINE
T1002142,M116,C02208,2026-09-18 13:14:21,162.00,INR,SUCCESS,POS
T1002143,M121,C00145,2026-09-18 20:59:19,37591.63,INR,SUCCESS,POS
T1002144,M109,C02305,2026-09-18 11:18:13,28810.81,INR,SUCCESS,QR
T1002145,M118,C00647,2026-09-18 18:44:58,40878.90,INR,SUCCESS,POS
T1002146,M115,C01692,2026-09-18 19:58:03,4921.11,INR,SUCCESS,ONLINE
T1002147,M121,C01202,2026-09-18 20:16:43,7547.99,INR,SUCCESS,ONLINE
T1002148,M100,C00900,2026-09-18 15:50:23,142.87,INR,SUCCESS,ONLINE
T1002149,M117,C00303,2026-09-18 19:35:07,18686.29,INR,SUCCESS,QR
T1002150,M100,C02962,2026-09-18 17:10:47,2028.33,INR,SUCCESS,POS
T1002151,M101,C00325,2026-09-18 21:15:51,17151.26,INR,FAILED,POS
T1002152,M117,C01341,2026-09-18 10:33:06,18781.82,INR,SUCCESS,ONLINE
T1002153,M117,C00343,2026-09-18 18:56:07,19037.78,INR,FAILED,POS
T1002154,M109,C01671,2026-09-18 10:51:50,38020.92,INR,SUCCESS,ONLINE
T1002155,M104,C02554,2026-09-18 14:45:24,499.85,INR,FAILED,ONLINE
T1002156,M101,C00027,2026-09-18 07:07:09,37152.72,INR,FAILED,ONLINE
T1002157,M100,C00635,2026-09-18 20:15:24,3947.97,INR,FAILED,POS
T1002158,M120,C00732,2026-09-18 20:20:28,465.33,INR,SUCCESS,POS
T1002159,M109,C00672,2026-09-18 22:02:39,20315.24,INR,SUCCESS,POS
T1002160,M104,C00373,2026-09-18 12:04:29,5224.39,INR,SUCCESS,POS
T1002161,M101,C00812,2026-09-18 19:05:14,43870.93,INR,SUCCESS,POS
T1002162,M112,C01478,2026-09-18 08:43:30,44493.34,INR,SUCCESS,ONLINE
T1002163,M108,C01010,2026-09-18 16:57:44,18950.55,USDD,SUCCESS,QR
T1002164,M103,C02177,2026-09-18 11:16:34,11747.38,INR,SUCCESS,QR
T1002165,M103,C02922,2026-09-18 11:56:01,6459.25,INR,SUCCESS,ONLINE
T1002166,M105,C02895,2026-09-18 09:16:11,2969.03,INR,REVERSED,QR
T1002167,M111,C02155,2026-09-18 12:24:52,2962.84,INR,SUCCESS,POS
T1002168,M110,C01863,2026-09-18 08:23:19,54792.40,INR,FAILED,ONLINE
T1002169,M102,C02095,2026-09-18 15:41:28,2652.53,INR,SUCCESS,QR
T1002170,M117,C01369,2026-09-18 09:25:56,17251.77,INR,FAILED,QR
T1002171,M121,C00980,2026-09-18 18:11:04,8906.90,INR,SUCCESS,QR
T1002172,M117,C02956,2026-09-18 16:29:40,5442.65,INR,SUCCESS,POS
T1002173,M121,C01235,2026-09-18 10:28:06,45269.43,INR,SUCCESS,POS
T1002174,M108,C01825,2026-09-18 11:22:20,19591.25,INR,SUCCESS,ONLINE
T1002175,M111,C01646,2026-09-18 10:33:43,2702.93,INR,SUCCESS,ONLINE
T1002176,M108,C00699,2026-09-18 13:35:03,8925.41,INR,SUCCESS,QR
T1002177,M116,C01381,2026-09-18 14:28:47,2841.98,INR,SUCCESS,POS
T1002178,M106,C00507,2026-09-18 06:31:52,1999.42,INR,SUCCESS,ONLINE
T1002179,M104,C01968,2026-09-18 14:58:40,4123.15,INR,SUCCESS,POS
T1002180,M107,C00585,2026-09-18 08:38:29,2414.93,INR,SUCCESS,ONLINE
T1002181,M100,C00452,2026-09-18 13:39:01,1219.62,INR,SUCCESS,QR
T1002182,M100,C00621,2026-09-18 20:51:34,580.70,INR,SUCCESS,ONLINE
T1002183,M113,C00744,2026-09-18 21:07:13,2381.93,INR,REVERSED,POS
T1002184,M113,C02229,2026-09-18 20:04:27,429.18,INR,SUCCESS,ONLINE
T1002185,M117,C01407,2026-09-18 19:30:21,4673.87,INR,SUCCESS,POS
T1002186,M108,C02815,2026-09-18 13:24:05,9173.61,INR,SUCCESS,QR
T1002187,M113,C02662,2026-09-18 11:15:59,1075.79,INR,SUCCESS,POS
T1002188,M112,C02967,2026-09-18 10:23:25,33262.14,INR,SUCCESS,QR
T1002189,M113,C02684,2026-09-18 09:31:52,481.08,INR,SUCCESS,ONLINE
T1002190,M105,C00774,2026-09-18 11:18:56,605.38,INR,FAILED,ONLINE
T1002191,M115,C01733,2026-09-18 18:09:06,873.40,INR,SUCCESS,QR
T1002192,M110,C01756,2026-09-18 10:00:38,50508.10,INR,SUCCESS,POS
T1002193,M101,C01376,2026-09-18 15:58:50,23150.71,INR,SUCCESS,QR
T1002194,M112,C00741,2026-09-18 18:45:28,59745.26,INR,SUCCESS,ONLINE
T1002195,M110,C00382,2026-09-18 11:24:33,31927.18,INR,SUCCESS,QR
T1002196,M103,C00044,2026-09-18 11:05:05,10474.51,INR,SUCCESS,POS
T1002197,M115,C00595,2026-09-18 06:46:43,3803.24,INR,SUCCESS,ONLINE
T1002198,M101,C02316,2026-09-18 12:42:48,35328.46,INR,SUCCESS,ONLINE
T1002199,M120,C02172,2026-09-18 21:38:03,2666.47,INR,SUCCESS,POS
T1002200,M108,C02321,2026-09-18 19:49:01,10970.58,INR,FAILED,ONLINE
T1002201,M107,C00738,2026-09-18 12:49:34,4068.97,INR,SUCCESS,ONLINE
T1002202,M113,C02474,2026-09-18 21:53:42,1740.40,INR,SUCCESS,QR
T1002203,M102,C01211,2026-09-18 21:59:58,1637.19,INR,SUCCESS,ONLINE
T1002204,M117,C00237,2026-09-18 12:56:58,18622.73,INR,SUCCESS,QR
T1002205,M113,C00359,2026-09-18 08:28:35,617.12,INR,FAILED,ONLINE
T1002206,M108,C01439,2026-09-18 13:18:46,16210.50,INR,SUCCESS,QR
T1002207,M102,C01471,2026-09-18 11:22:07,745.84,INR,REVERSED,POS
T1002208,M102,C01394,2026-09-18 11:22:12,1741.96,INR,SUCCESS,POS
T1002209,M118,C02263,2026-09-18 12:46:51,57083.19,INR,SUCCESS,QR
T1002210,M113,C01776,2026-09-18 08:42:29,1713.62,INR,FAILED,POS
T1002211,M117,C01145,2026-09-18 21:38:11,9232.73,INR,FAILED,ONLINE
T1002212,M120,C01416,2026-09-18 16:04:25,2338.41,INR,SUCCESS,QR
T1002213,M111,C00746,2026-09-18 11:54:31,857.61,INR,SUCCESS,POS
T1002214,M117,C00715,2026-09-18 18:23:12,9580.04,INR,REVERSED,POS
T1002215,M107,C00731,2026-09-18 11:32:31,9003.52,INR,SUCCESS,POS
T1002216,M120,C00345,2026-09-18 07:26:15,2270.63,INR,SUCCESS,ONLINE
T1002217,M103,C02501,2026-09-18 19:27:52,11435.01,INR,SUCCESS,POS
T1002218,M101,C00525,2026-09-18 13:28:58,60792.63,INR,SUCCESS,QR
T1002219,M122,C01750,2026-09-18 20:18:16,2854.10,INR,SUCCESS,QR
T1002220,M112,C01265,2026-09-18 08:00:26,84630.40,INR,SUCCESS,ONLINE
T1002221,M104,C02272,2026-09-18 11:14:24,485.91,INR,SUCCESS,QR
T1002222,M113,C02849,2026-09-18 17:06:39,2909.80,INR,SUCCESS,QR
T1002223,M108,C02139,2026-09-18 14:41:36,1049.25,INR,SUCCESS,QR
T1002224,M112,C00719,2026-09-18 16:28:09,41439.06,INR,SUCCESS,ONLINE
T1002225,M105,C00071,2026-09-18 13:49:27,327.73,INR,SUCCESS,QR
T1002226,M111,C02655,2026-09-18 09:16:58,1486.87,INR,SUCCESS,ONLINE
T1002227,M115,C01459,2026-09-19 23:05:53,4957.55,INR,SUCCESS,ONLINE
T1002228,M111,C01345,2026-09-19 20:10:20,3560.57,INR,SUCCESS,ONLINE
T1002229,M110,C01673,2026-09-19 06:42:11,12754.62,INR,SUCCESS,ONLINE
T1002230,M107,C01973,2026-09-19 12:08:04,1566.51,INR,SUCCESS,POS
T1002231,M121,C00125,2026-09-19 11:25:53,54365.71,INR,SUCCESS,POS
T1002232,M102,C02365,2026-09-19 10:05:51,2815.58,INR,SUCCESS,ONLINE
T1002233,M102,C01034,2026-09-19 09:10:17,1578.63,INR,SUCCESS,POS
T1002234,M109,C01352,2026-09-19 11:08:18,21858.39,INR,SUCCESS,ONLINE
T1002235,M108,C02994,2026-09-19 19:01:56,12545.15,INR,SUCCESS,ONLINE
T1002236,M104,C01731,2026-09-19 20:00:54,5200.21,INR,SUCCESS,ONLINE
T1002237,M112,C00571,2026-09-19 09:57:27,8969.28,INR,SUCCESS,POS
T1002238,M113,C02877,2026-09-19 08:51:10,792.44,INR,SUCCESS,POS
T1002239,M100,C02708,2026-09-19 11:19:42,3568.73,INR,FAILED,ONLINE
T1002240,M116,C00683,2026-09-19 15:53:05,2718.15,INR,SUCCESS,POS
T1002241,M104,C02782,2026-09-19 19:23:17,1058.97,INR,SUCCESS,QR
T1002242,M108,C02562,2026-09-19 13:42:47,17130.29,INR,SUCCESS,POS
T1002243,M104,C00685,2026-09-19 12:07:04,4620.53,INR,SUCCESS,ONLINE
T1002244,M116,C02147,2026-09-19 08:52:33,4732.43,INR,SUCCESS,ONLINE
T1002245,M108,C02227,2026-09-19 13:17:00,1573.37,INR,REVERSED,POS
T1002246,M111,C00073,2026-09-19 18:50:36,2202.82,INR,SUCCESS,ONLINE
T1002247,M118,C00665,2026-09-19 15:12:10,49039.61,INR,SUCCESS,POS
T1002248,M121,C02546,2026-09-19 11:28:48,25364.21,INR,SUCCESS,POS
T1002249,M108,C00300,2026-09-19 16:04:45,5607.07,INR,FAILED,ONLINE
T1002250,M116,C02336,2026-09-19 20:29:48,3548.98,INR,SUCCESS,QR
T1002251,M120,C01058,2026-09-19 19:43:20,1049.39,INR,SUCCESS,POS
T1002252,M104,C01021,2026-09-19 15:29:50,2216.17,INR,SUCCESS,ONLINE
T1002253,M112,C00021,2026-09-19 12:14:34,38266.36,INR,SUCCESS,POS
T1002254,M102,C02232,2026-09-19 08:42:27,2370.32,INR,SUCCESS,QR
T1002255,M103,C02750,2026-09-19 20:16:43,8300.81,INR,SUCCESS,QR
T1002256,M121,C00434,2026-09-19 20:08:52,17799.16,INR,SUCCESS,QR
T1002257,M104,C02597,2026-09-19 13:36:13,737.04,INR,SUCCESS,QR
T1002258,M104,C00203,2026-09-19 13:01:55,2188.92,INR,SUCCESS,QR
T1002259,M105,C00644,2026-09-19 16:18:44,2416.33,INR,SUCCESS,POS
T1002260,M120,C02663,2026-09-19 11:08:50,3970.21,INR,SUCCESS,POS
T1002261,M111,C02509,2026-09-19 20:39:43,1561.02,INR,SUCCESS,ONLINE
T1002262,M113,C02720,2026-09-19 18:11:26,1812.36,INR,SUCCESS,ONLINE
T1002263,M115,C02155,2026-09-19 11:24:20,4306.92,INR,REVERSED,POS
T1002264,M117,C00126,2026-09-19 17:56:49,17869.55,INR,SUCCESS,ONLINE
T1002265,M121,C00004,2026-09-19 15:48:47,70360.59,INR,SUCCESS,POS
T1002266,M115,C01422,2026-09-19 11:15:47,1407.95,INR,SUCCESS,QR
T1002267,M121,C01727,2026-09-19 16:50:37,77196.40,INR,FAILED,POS
T1002268,M111,C02333,2026-09-19 18:57:23,1025.03,INR,SUCCESS,QR
T1002269,M100,C02458,2026-09-19 15:32:12,2631.26,INR,SUCCESS,QR
T1002270,M122,C02351,2026-09-19 18:00:36,2170.22,INR,SUCCESS,ONLINE
T1002271,M102,C00617,2026-09-19 14:24:06,811.68,INR,SUCCESS,ONLINE
T1002272,M104,C00658,2026-09-19 18:19:42,4489.20,INR,SUCCESS,ONLINE
T1002273,M104,C02669,2026-09-19 12:10:02,5329.43,INR,SUCCESS,POS
T1002274,M102,C00878,2026-09-19 17:17:13,1746.73,INR,REVERSED,ONLINE
T1002275,M104,C01522,2026-09-19 21:36:20,4965.88,INR,SUCCESS,QR
T1002276,M117,C02134,2026-09-19 11:09:23,5448.22,INR,SUCCESS,ONLINE
T1002277,M108,C00037,2026-09-19 17:31:50,426.83,INR,SUCCESS,QR
T1002278,M100,C02101,2026-09-19 15:17:28,2224.55,INR,SUCCESS,ONLINE
T1002279,M103,C01489,2026-09-19 15:14:28,11461.74,INR,FAILED,QR
T1002280,M111,C02119,2026-09-19 12:51:47,3583.72,INR,SUCCESS,POS
T1002281,M105,C00476,2026-09-19 09:30:00,3614.88,INR,SUCCESS,ONLINE
T1002282,M109,C02638,2026-09-19 12:19:12,16026.90,INR,SUCCESS,POS
T1002283,M123,C02893,2026-09-19 19:04:01,754.59,INR,SUCCESS,ONLINE
T1002284,M102,C02004,2026-09-19 13:27:22,1752.64,INR,SUCCESS,POS
T1002285,M112,C00495,2026-09-19 11:01:26,36924.01,INR,SUCCESS,POS
T1002286,M117,C02689,2026-09-19 14:06:42,16785.99,INR,SUCCESS,POS
T1002287,M113,C02058,2026-09-19 12:32:00,1211.57,INR,SUCCESS,POS
T1002288,M122,C02409,2026-09-19 15:26:00,1627.54,INR,SUCCESS,ONLINE
T1002289,M104,C01435,2026-09-19 20:09:11,3007.20,INR,SUCCESS,ONLINE
T1002290,M113,C01827,2026-09-19 10:26:30,179.62,INR,SUCCESS,QR
T1002291,M110,C00418,2026-09-19 19:02:17,17035.27,INR,SUCCESS,POS
T1002292,M117,C00028,2026-09-19 13:13:47,14173.19,INR,SUCCESS,ONLINE
T1002293,M101,C02240,2026-09-19 18:24:40,16672.79,INR,SUCCESS,POS
T1002294,M108,C02403,2026-09-19 17:42:53,1903.96,INR,SUCCESS,POS
T1002295,M101,C02028,2026-09-19 11:08:12,30456.79,INR,REVERSED,QR
T1002296,M111,C00538,2026-09-19 17:36:38,2322.77,INR,SUCCESS,ONLINE
T1002297,M115,C02456,2026-09-19 14:04:10,2398.60,INR,REVERSED,POS
T1002298,M104,C00711,2026-09-19 12:24:39,3230.13,INR,SUCCESS,ONLINE
T1002299,M114,C02979,2026-09-19 08:01:41,2455.33,INR,SUCCESS,QR
T1002300,M113,C02731,2026-09-19 09:11:11,564.50,INR,SUCCESS,QR
T1002301,M117,C01689,2026-09-19 12:28:04,19819.40,INR,SUCCESS,QR
T1002302,M101,C00165,2026-09-19 20:26:38,48429.97,INR,FAILED,ONLINE
T1002303,M105,C00719,2026-09-19 12:03:39,4689.08,INR,SUCCESS,QR
T1002304,M112,C02893,2026-09-19 09:50:29,16674.34,INR,SUCCESS,POS
T1002305,M103,C00570,2026-09-19 12:13:12,3040.79,INR,SUCCESS,POS
T1002306,M108,C01025,2026-09-19 09:08:56,5274.92,INR,SUCCESS,ONLINE
T1002307,M102,C00032,2026-09-19 11:44:37,1174.26,INR,SUCCESS,ONLINE
T1002308,M102,C01514,2026-09-19 11:04:31,837.25,,SUCCESS,ONLINE
T1002309,M102,C00287,2026-09-19 09:11:25,1956.46,INR,SUCCESS,ONLINE
T1002310,M112,C00597,2026-09-19 16:32:52,9680.68,INR,SUCCESS,ONLINE
T1002311,M113,C02532,2026-09-19 08:02:45,1022.82,INR,FAILED,ONLINE
T1002312,M122,C01365,2026-09-19 11:36:16,1765.84,INR,FAILED,QR
T1002313,M122,C01903,2026-09-19 09:13:18,1688.27,INR,FAILED,ONLINE
T1002314,,C02119,2026-09-19 19:46:08,2012.91,INR,SUCCESS,ONLINE
T1002315,M104,C01969,2026-09-19 17:17:13,4781.55,INR,SUCCESS,QR
T1002316,M105,C00630,2026-09-19 16:27:00,2630.48,INR,SUCCESS,QR
T1002317,M112,C02677,2026-09-19 20:25:14,68603.49,INR,SUCCESS,POS
T1002318,M109,C02111,2026-09-19 09:38:54,57657.22,INR,SUCCESS,ONLINE
T1002319,M107,C02789,2026-09-19 14:39:58,6223.02,INR,SUCCESS,QR
T1002320,M114,C01869,2026-09-19 07:34:13,5251.99,INR,SUCCESS,QR
T1002321,M104,C01826,2026-09-19 19:44:32,3288.34,INR,SUCCESS,QR
T1002322,M109,C02006,2026-09-19 20:20:19,52042.96,INR,SUCCESS,POS
T1002323,M122,C00972,2026-09-19 13:40:11,736.55,INR,SUCCESS,ONLINE
T1002324,M103,C01209,2026-09-19 08:38:21,13892.67,INR,SUCCESS,ONLINE
T1002325,M115,C00519,2026-09-19 18:48:16,3714.40,INR,SUCCESS,QR
T1002326,M108,C02950,2026-09-19 20:06:32,3855.49,INR,SUCCESS,POS
T1002327,M102,C02179,2026-09-19 20:43:20,752.93,INR,SUCCESS,POS
T1002328,M103,C01231,2026-09-19 08:24:37,1838.68,INR,SUCCESS,POS
T1002329,M116,C02705,2026-09-19 12:32:05,4202.24,INR,SUCCESS,QR
T1002330,M104,C01061,2026-09-19 19:26:54,1954.66,INR,SUCCESS,POS
T1002331,M118,C02659,2026-09-19 15:44:51,46044.57,INR,SUCCESS,QR
T1002332,M109,C00179,2026-09-19 21:33:06,25997.80,INR,REVERSED,POS
T1002333,M121,C02085,2026-09-19 21:03:43,49043.73,INR,SUCCESS,POS
T1002334,M104,C02971,2026-09-19 12:39:24,3386.31,INR,SUCCESS,POS
T1002335,M104,C00581,2026-09-19 18:41:03,1308.10,INR,SUCCESS,ONLINE
T1002336,M100,C01761,2026-09-19 10:40:33,408.17,INR,SUCCESS,QR
T1002337,M119,C01926,2026-09-19 17:17:17,8113.52,INR,FAILED,POS
T1002338,M109,C00728,2026-09-19 18:17:31,29102.93,INR,SUCCESS,POS
T1002339,M113,C02821,2026-09-19 16:20:08,1001.29,INR,SUCCESS,POS
T1002340,M111,C02681,2026-09-19 08:01:18,1305.71,INR,REVERSED,POS
T1002341,M108,C00669,2026-09-19 11:06:18,2678.08,INR,SUCCESS,ONLINE
T1002342,M110,C01697,2026-09-19 18:45:11,76680.68,INR,SUCCESS,POS
T1002343,M106,C02766,2026-09-19 12:12:02,686.65,INR,SUCCESS,POS
T1002344,M113,C01750,2026-09-19 11:38:40,1156.92,INR,SUCCESS,POS
T1002345,M120,C02992,2026-09-19 12:46:00,3836.02,INR,SUCCESS,ONLINE
T1002346,M116,C02533,2026-09-19 17:43:42,1216.77,INR,SUCCESS,POS
T1002347,M100,C01252,2026-09-19 08:45:20,2102.65,INR,SUCCESS,QR
T1002348,M114,C02739,2026-09-19 18:25:11,10694.47,INR,REVERSED,ONLINE
T1002349,M109,C01155,2026-09-19 12:34:25,51977.84,INR,SUCCESS,POS
T1002350,M102,C01484,2026-09-19 08:30:07,157.62,INR,SUCCESS,POS
T1002351,M108,C02942,2026-09-19 20:13:24,960.20,INR,FAILED,POS
T1002352,M100,C01984,2026-09-19 20:56:35,822.48,INR,FAILED,QR
T1002353,M121,C02707,2026-09-19 08:15:26,48470.17,INR,SUCCESS,POS
T1002354,M117,C02474,2026-09-19 10:17:19,15772.27,INR,SUCCESS,POS
T1002355,M105,C01860,2026-09-19 13:13:54,2728.98,INR,SUCCESS,ONLINE
T1002356,M103,C00564,2026-09-19 09:19:21,10793.33,INR,SUCCESS,POS
T1002357,M108,C00950,2026-09-19 13:57:58,1357.76,INR,SUCCESS,POS
T1002358,M112,C02679,2026-09-19 13:54:19,44893.50,INR,FAILED,POS
T1002359,M120,C02755,2026-09-19 17:27:51,2484.23,INR,SUCCESS,ONLINE
T1002360,M100,C01857,2026-09-19 07:15:09,1802.70,INR,SUCCESS,QR
T1002361,M111,C00241,2026-09-19 20:47:42,841.75,INR,REVERSED,ONLINE
T1002362,M116,C01246,2026-09-19 19:19:42,4602.20,INR,SUCCESS,ONLINE
T1002363,M102,C01378,2026-09-19 18:32:19,2063.73,INR,FAILED,ONLINE
T1002364,M122,C02310,2026-09-19 06:36:52,1600.30,INR,SUCCESS,QR
T1002365,M104,C02529,2026-09-19 21:30:34,4270.41,INR,SUCCESS,QR
T1002366,M104,C00615,2026-09-19 19:17:13,1231.04,INR,SUCCESS,POS
T1002367,M121,C01856,2026-09-19 13:05:48,80626.06,INR,SUCCESS,POS
T1002368,M111,C01594,2026-09-19 18:37:56,2186.48,INR,SUCCESS,ONLINE
T1002369,M113,C02865,2026-09-19 14:40:23,1255.91,INR,SUCCESS,POS
T1002370,M106,C01950,2026-09-19 10:56:22,2510.24,INR,SUCCESS,ONLINE
T1002371,M104,C02668,2026-09-19 09:26:11,3880.54,INR,SUCCESS,QR
T1002372,M108,C01625,2026-09-19 07:45:34,3177.61,INR,SUCCESS,ONLINE
T1002373,M117,C01017,2026-09-19 13:38:00,17025.87,INR,FAILED,POS
T1002374,M109,C00369,2026-09-19 17:08:01,12629.07,INR,REVERSED,QR
T1002375,M100,C00436,2026-09-19 17:29:12,3201.31, inr ,SUCCESS,QR
T1002376,M112,C02982,2026-09-19 14:31:11,14017.83,INR,FAILED,ONLINE
T1002377,M113,C01724,2026-09-19 17:47:46,1474.28,INR,SUCCESS,QR
T1002378,M104,C00751,2026-09-19 17:24:43,536.68,INR,SUCCESS,POS
T1002379,M120,C01654,2026-09-19 21:04:12,2461.99,INR,FAILED,QR
T1002380,M112,C02281,2026-09-19 19:43:28,7812.65,INR,SUCCESS,QR
T1002381,M111,C02583,2026-09-19 12:38:49,888.35,INR,SUCCESS,POS
T1002382,M116,C02036,2026-09-19 09:32:54,4772.59,INR,SUCCESS,POS
T1002383,M118,C01733,2026-09-19 08:58:39,36237.26,INR,FAILED,POS
T1002384,M120,C00725,2026-09-19 23:18:31,431.32,INR,SUCCESS,POS
T1002385,M112,C00221,2026-09-19 10:31:09,46355.76,INR,SUCCESS,ONLINE
T1002386,M102,C01090,2026-09-19 19:48:39,2868.78,INR,SUCCESS,QR
T1002387,M117,C01780,2026-09-19 15:33:38,1193.18,INR,SUCCESS,ONLINE
T1002388,M100,C01917,2026-09-19 18:43:44,2401.34,INR,SUCCESS,POS
T1002389,M115,C02892,2026-09-19 16:56:12,2244.53,INR,SUCCESS,POS
T1002390,M109,C01571,2026-09-19 12:48:52,23290.05,INR,SUCCESS,ONLINE
T1002391,M105,C02109,2026-09-19 08:19:37,2110.13,INR,SUCCESS,POS
T1002392,M112,C00725,2026-09-19 10:15:31,8663.28,INR,SUCCESS,POS
T1002393,M111,C01599,2026-09-20 17:25:52,1278.68,INR,SUCCESS,POS
T1002394,M117,C01022,2026-09-20 08:22:11,3462.38,INR,SUCCESS,QR
T1002395,M114,C02667,2026-09-20 16:37:40,773.05,INR,SUCCESS,POS
T1002396,M108,C01076,2026-09-20 16:36:28,3289.85,INR,SUCCESS,POS
T1002397,M106,C01881,2026-09-20 19:26:56,2691.89,INR,SUCCESS,ONLINE
T1002398,M109,C02751,2026-09-20 12:02:25,11106.33,INR,SUCCESS,POS
T1002399,M105,C01353,2026-09-20 19:09:55,4275.23,INR,SUCCESS,ONLINE
T1002400,M102,C02034,2026-09-20 16:07:26,703.27,INR,SUCCESS,QR
T1002401,M111,C01921,2026-09-20 14:42:10,3211.11,INR,SUCCESS,QR
T1002402,M100,C00353,2026-09-20 15:13:15,2965.34,INR,SUCCESS,POS
T1002403,M105,C01438,2026-09-20 13:47:02,1509.35,INR,SUCCESS,POS
T1002404,M113,C00948,2026-09-20 11:24:55,599.03,INR,SUCCESS,QR
T1002405,M117,C01535,2026-09-20 19:05:57,14619.00,INR,SUCCESS,ONLINE
T1002406,M100,C00876,2026-09-20 21:10:25,509.56,INR,SUCCESS,ONLINE
T1002407,M103,C02070,2026-09-20 18:56:10,14149.46,INR,SUCCESS,QR
T1002408,M124,C00683,2026-09-20 18:13:32,10890.99,INR,SUCCESS,POS
T1002409,M103,C00089,2026-09-20 17:33:27,1539.20,INR,SUCCESS,ONLINE
T1002410,M104,C00380,2026-09-20 23:48:01,489.39,INR,SUCCESS,POS
T1002411,M115,C02248,2026-09-20 14:12:32,1034.32,INR,SUCCESS,QR
T1002412,M116,C01180,2026-09-20 22:49:31,3815.74,INR,SUCCESS,POS
T1002413,M104,C00039,2026-09-20 16:22:31,3674.07,INR,SUCCESS,POS
T1002414,M118,C00950,2026-09-20 20:00:19,45980.83,INR,SUCCESS,POS
T1002415,M122,C01606,2026-09-20 21:29:02,2176.37,INR,SUCCESS,POS
T1002416,M124,C01291,2026-09-20 20:58:01,1515.48,INR,FAILED,ONLINE
T1002417,M100,C00728,2026-09-20 10:10:04,2500.38,INR,SUCCESS,POS
T1002418,M108,C01918,2026-09-20 14:14:20,5055.68,INR,SUCCESS,POS
T1002419,M124,C01125,2026-09-20 08:43:44,10934.36,INR,SUCCESS,QR
T1002420,M118,C01161,2026-09-20 11:38:36,24402.95,INR,SUCCESS,ONLINE
T1002421,M102,C02379,2026-09-20 11:38:39,2862.02,INR,SUCCESS,POS
T1002422,M113,C00336,2026-09-20 09:17:54,625.18,INR,SUCCESS,QR
T1002423,M102,C01379,2026-09-20 06:15:24,188.80,INR,SUCCESS,POS
T1002424,M113,C02009,2026-09-20 21:11:09,815.18,INR,SUCCESS,POS
T1002425,M124,C02598,2026-09-20 11:30:16,6185.90,INR,SUCCESS,ONLINE
T1002426,M122,C00416,2026-09-20 21:27:49,360.54,INR,SUCCESS,POS
T1002427,M101,C00365,2026-09-20 14:07:35,74457.05,INR,FAILED,QR
T1002428,M109,C02396,2026-09-20 12:48:39,11507.41,INR,SUCCESS,ONLINE
T1002429,M107,C02981,2026-09-20 09:54:07,11595.75,INR,SUCCESS,POS
T1002430,M101,C01005,2026-09-20 21:30:29,37314.23,INR,SUCCESS,POS
T1002431,M112,C00218,2026-09-20 10:18:06,4474.40,INR,SUCCESS,POS
T1002432,M115,C00812,2026-09-20 08:14:31,1999.22,INR,SUCCESS,POS
T1002433,M122,C02706,2026-09-20 18:26:57,937.72,INR,FAILED,ONLINE
T1002434,M116,C02369,2026-09-20 13:48:33,1183.28,INR,SUCCESS,ONLINE
T1002435,M104,C01826,2026-09-20 18:27:30,4087.55,INR,SUCCESS,ONLINE
T1002436,M101,C02826,2026-09-20 19:08:46,44142.09,INR,SUCCESS,POS
T1002437,M101,C01998,2026-09-20 11:52:25,70091.62,INR,SUCCESS,ONLINE
T1002438,M109,C01878,2026-09-20 19:18:58,11699.00,INR,SUCCESS,QR
T1002439,M105,C00430,2026-09-20 13:25:08,172.09,INR,SUCCESS,POS
T1002440,M113,C02350,2026-09-20 10:09:01,2886.12,INR,SUCCESS,POS
T1002441,M108,C00346,2026-09-20 07:09:55,1638.60,INR,SUCCESS,ONLINE
T1002442,M108,C01200,2026-09-20 18:13:39,7470.35,INR,SUCCESS,POS
T1002443,M117,C01325,2026-09-20 18:19:17,10302.48,INR,FAILED,POS
T1002444,M115,C00858,2026-09-20 13:47:10,3221.06,INR,SUCCESS,POS
T1002445,M113,C00917,2026-09-20 14:42:47,1944.24,INR,SUCCESS,POS
T1002446,M101,C02450,2026-09-20 11:41:33,71488.04,INR,SUCCESS,POS
T1002447,M108,C02403,2026-09-20 17:34:50,1737.73,INR,FAILED,ONLINE
T1002448,M117,C01007,2026-09-20 14:34:09,4019.07,INR,SUCCESS,QR
T1002449,M117,C01033,2026-09-20 11:13:30,12701.50,INR,SUCCESS,QR
T1002450,M111,C01064,2026-09-20 16:36:25,1498.70,INR,FAILED,QR
T1002451,M111,C00578,2026-09-20 10:36:31,1578.98,INR,SUCCESS,POS
T1002452,M115,C00011,2026-09-20 19:18:44,338.13,INR,SUCCESS,POS
T1002453,M104,C02884,2026-09-20 19:32:32,5344.19,INR,SUCCESS,POS
T1002454,M113,C01891,2026-09-20 13:18:16,1924.46,INR,SUCCESS,POS
T1002455,M116,C00061,2026-09-20 11:23:24,682.98,INR,SUCCESS,QR
T1002456,M112,C02362,2026-09-20 21:03:42,54484.83,INR,SUCCESS,ONLINE
T1002457,M111,C02232,2026-09-20 11:14:29,2322.99,INR,SUCCESS,ONLINE
T1002458,M117,C01585,2026-09-20 20:24:16,7704.22,INR,SUCCESS,QR
T1002459,M111,C02057,2026-09-20 13:32:10,3839.13,INR,SUCCESS,POS
T1002460,M104,C00772,2026-09-20 21:20:15,2498.50,INR,SUCCESS,QR
T1002461,M112,C01731,2026-09-20 20:31:39,12840.71,INR,SUCCESS,ONLINE
T1002462,M104,C01405,2026-09-20 20:00:31,5606.98,INR,SUCCESS,QR
T1002463,M100,C00099,2026-09-20 14:03:26,1736.77,INR,SUCCESS,POS
T1002464,M102,C00126,2026-09-20 12:08:22,802.35,INR,SUCCESS,POS
T1002465,M101,C02596,2026-09-20 15:35:37,29401.46,INR,FAILED,ONLINE
T1002466,M104,C02043,2026-09-20 10:36:36,1831.40,INR,SUCCESS,QR
T1002467,M102,C00789,2026-09-20 13:05:29,1636.45,INR,SUCCESS,ONLINE
T1002468,M105,C00887,2026-09-20 10:33:15,3072.74,INR,SUCCESS,ONLINE
T1002469,M104,C00699,2026-09-20 16:38:46,3179.19,INR,SUCCESS,ONLINE
T1002470,M100,C00524,2026-09-20 14:39:06,1511.41,INR,SUCCESS,QR
T1002471,M120,C00873,2026-09-20 15:22:39,1230.27,INR,FAILED,POS
T1002472,M104,C01839,2026-09-20 15:33:40,1577.21,INR,SUCCESS,ONLINE
T1002473,M100,C00413,2026-09-20 18:00:48,2671.13,INR,SUCCESS,QR
T1002474,M124,C01486,2026-09-20 15:09:33,8038.55,INR,SUCCESS,QR
T1002475,M113,C01086,2026-09-20 09:24:30,1408.18,INR,SUCCESS,QR
T1002476,M117,C00183,2026-09-20 16:01:57,18011.57,INR,SUCCESS,ONLINE
T1002477,M101,C00289,2026-09-20 15:56:31,3232.16,INR,SUCCESS,POS
T1002478,M109,C02382,2026-09-20 11:06:24,9059.27,INR,SUCCESS,POS
T1002479,M110,C02819,2026-09-20 08:39:51,67921.23,INR,SUCCESS,QR
T1002480,M106,C02199,2026-09-20 09:45:39,266.48,INR,REVERSED,ONLINE
T1002481,M103,C00694,2026-09-20 18:01:15,13887.90,INR,SUCCESS,POS
T1002482,M113,C02476,2026-09-20 10:00:38,2863.81,INR,SUCCESS,POS
T1002483,M113,C00924,2026-09-20 16:13:11,2848.43,INR,SUCCESS,POS
T1002484,M121,C00100,2026-09-20 12:24:05,83888.67,INR,SUCCESS,ONLINE
T1002485,M103,C01493,2026-09-20 11:40:46,2860.06,INR,SUCCESS,POS
T1002486,M122,C02076,2026-09-20 13:01:45,834.60,INR,SUCCESS,QR
T1002487,M112,C00811,2026-09-20 17:13:54,47435.40,INR,SUCCESS,POS
T1002488,M103,C01662,2026-09-20 14:04:39,3339.99,INR,SUCCESS,QR
T1002489,M102,C00193,2026-09-20 20:22:06,2167.61,INR,SUCCESS,ONLINE
T1002490,M103,C02759,2026-09-20 19:33:34,8947.74,INR,SUCCESS,ONLINE
T1002491,M103,C02337,2026-09-20 22:03:52,10404.95,INR,SUCCESS,ONLINE
T1002492,M102,C01446,2026-09-20 17:55:00,1938.99,INR,SUCCESS,POS
T1002493,M112,C02325,2026-09-20 23:41:05,35702.39,INR,SUCCESS,POS
T1002494,M102,C00573,2026-09-20 18:55:24,1929.79,INR,SUCCESS,ONLINE
T1002495,M116,C00300,2026-09-20 08:55:47,3421.50,INR,SUCCESS,ONLINE
T1002496,M117,C00568,2026-09-20 15:53:40,2599.38,INR,SUCCESS,POS
T1002497,M112,C01445,2026-09-20 11:33:46,77201.88,INR,SUCCESS,ONLINE
T1002498,M103,C01429,2026-09-20 10:11:00,10661.01,INR,SUCCESS,POS
T1002499,M101,C01636,2026-09-20 20:13:45,88745.89,INR,REVERSED,POS
T1002500,M118,C02680,2026-09-20 19:14:43,38229.50,INR,SUCCESS,ONLINE
T1002501,M101,C02646,2026-09-20 11:12:44,87295.22,INR,SUCCESS,QR
T1002502,M102,C02402,2026-09-20 13:34:24,648.52,INR,FAILED,ONLINE
T1002503,M117,C00156,2026-09-20 06:55:59,1203.85,INR,SUCCESS,ONLINE
T1002504,M116,C02754,2026-09-20 09:54:57,229.34,INR,SUCCESS,POS
T1002505,M110,C02545,2026-09-20 18:38:12,23976.03,INR,SUCCESS,POS
T1002506,M121,C01422,2026-09-20 17:29:34,78934.29,INR,FAILED,QR
T1002507,M103,C02085,2026-09-20 12:37:19,6357.61,INR,FAILED,QR
T1002508,M120,C00728,2026-09-20 14:53:55,2399.45,INR,REVERSED,POS
T1002509,M115,C01709,2026-09-20 06:06:46,3905.33,INR,FAILED,POS
T1002510,M110,C01088,2026-09-20 19:29:27,75771.14,INR,SUCCESS,POS
T1002511,M122,C02037,2026-09-20 17:43:13,294.28,INR,SUCCESS,QR
T1002512,M116,C02708,2026-09-20 13:14:39,4861.04,INR,SUCCESS,ONLINE
T1002513,M113,C02542,2026-09-20 15:12:44,2562.95,INR,SUCCESS,QR
T1002514,M111,C00999,2026-09-20 12:09:14,3486.87,INR,FAILED,POS
T1002515,M106,C00847,2026-09-20 17:26:34,606.29,INR,SUCCESS,ONLINE
T1002516,M109,C02112,2026-09-20 20:20:31,13868.23,INR,SUCCESS,ONLINE
T1002517,M117,C02817,2026-09-20 19:27:41,17134.03,INR,SUCCESS,ONLINE
T1002518,M109,C01965,2026-09-20 12:16:01,32157.57,INR,SUCCESS,ONLINE
T1002519,M109,C02982,2026-09-20 19:13:55,32974.50,INR,SUCCESS,QR
T1002520,M107,C02846,2026-09-20 19:05:13,4780.49,INR,SUCCESS,ONLINE
T1002521,M102,C02483,2026-09-20 17:57:09,2005.00,INR,SUCCESS,ONLINE
T1002522,M107,C00265,2026-09-20 16:49:53,6439.71,INR,SUCCESS,ONLINE
T1002523,M100,C02482,2026-09-20 14:11:46,3793.62,INR,SUCCESS,QR
T1002524,M112,C00996,2026-09-20 15:40:18,53771.26,INR,SUCCESS,POS
T1002525,M100,C00165,2026-09-20 21:05:52,1925.83,INR,SUCCESS,ONLINE
T1002526,M111,C01058,2026-09-20 09:11:59,810.50,INR,SUCCESS,ONLINE
T1002527,M114,C01976,2026-09-20 12:26:18,2114.80,INR,SUCCESS,POS
T1002528,M105,C00888,2026-09-20 13:55:22,3692.43,INR,SUCCESS,ONLINE
T1002529,M113,C01105,2026-09-20 20:27:55,349.81,INR,SUCCESS,QR
T1002530,M101,C02886,2026-09-20 07:04:34,12859.40,INR,SUCCESS,QR
T1002531,M111,C02490,2026-09-20 18:19:20,2014.53,INR,SUCCESS,POS
T1002532,M101,C02885,2026-09-20 13:02:51,77735.83,INR,SUCCESS,POS
T1002533,M112,C01068,2026-09-20 09:02:45,48368.33,INR,SUCCESS,QR
T1002534,M122,C01801,2026-09-20 21:13:34,1479.84,INR,SUCCESS,POS
T1002535,M103,C01077,2026-09-20 19:06:17,7138.48,INR,SUCCESS,ONLINE
T1002536,M102,C01059,2026-09-20 19:03:19,2266.06,INR,SUCCESS,ONLINE
T1002537,M111,C00698,2026-09-21 16:11:52,1598.42,INR,SUCCESS,QR
T1002538,M119,C00229,2026-09-21 15:33:34,18684.93,INR,SUCCESS,ONLINE
T1002539,M113,C01500,2026-09-21 19:21:55,682.50,INR,SUCCESS,QR
T1002540,M102,C00577,2026-09-21 12:43:39,2565.03,INR,SUCCESS,ONLINE
T1002541,M113,C02852,2026-09-21 14:57:21,535.38,INR,SUCCESS,QR
T1002542,M115,C02103,2026-09-21 12:22:06,5991.96,INR,SUCCESS,ONLINE
T1002543,M113,C01213,2026-09-21 19:10:56,1996.64,INR,SUCCESS,ONLINE
T1002544,M114,C01889,2026-09-21 19:56:56,13757.02,INR,REVERSED,ONLINE
T1002545,M109,C01972,2026-09-21 20:55:34,34958.75,INR,SUCCESS,QR
T1002546,M120,C02994,2026-09-21 10:42:26,3022.29,INR,FAILED,POS
T1002547,M111,C01774,2026-09-21 18:57:07,1230.08,INR,SUCCESS,POS
T1002548,M102,C01434,2026-09-21 18:13:32,1388.49,INR,SUCCESS,POS
T1002549,M106,C02415,2026-09-21 07:09:55,2692.23,INR,SUCCESS,ONLINE
T1002550,M112,C01435,2026-09-21 08:48:07,49393.84,INR,SUCCESS,POS
T1002551,M115,C00803,2026-09-21 08:43:59,1434.88,INR,SUCCESS,QR
T1002552,M121,C00604,2026-09-21 16:54:45,36845.22,INR,SUCCESS,POS
T1002553,M109,C00981,2026-09-21 18:30:34,30465.28,INR,SUCCESS,ONLINE
T1002554,M122,C01164,2026-09-21 10:16:47,2498.44,INR,SUCCESS,ONLINE
T1002555,M111,C01394,2026-09-21 11:24:45,3224.64,INR,SUCCESS,ONLINE
T1002556,M108,C01942,2026-09-21 10:28:17,14073.04,INR,SUCCESS,ONLINE
T1002557,M124,C00708,2026-09-21 19:45:12,9322.25,INR,SUCCESS,POS
T1002558,M114,C00211,2026-09-21 12:39:16,1907.78,INR,SUCCESS,POS
T1002559,M107,C01260,2026-09-21 13:24:51,2356.67,INR,SUCCESS,QR
T1002560,M111,C00100,2026-09-21 13:02:50,1897.08,INR,FAILED,QR
T1002561,M122,C00709,2026-09-21 12:50:01,582.09,INR,SUCCESS,ONLINE
T1002562,M104,C00067,2026-09-21 12:04:24,839.32,INR,SUCCESS,ONLINE
T1002563,M100,C01351,2026-09-21 15:25:42,562.51,INR,SUCCESS,QR
T1002564,M104,C01186,2026-09-21 18:34:29,3152.63,INR,SUCCESS,QR
T1002565,M124,C02747,2026-09-21 18:08:22,5337.75,INR,SUCCESS,QR
T1002566,M115,C00343,2026-09-21 13:07:29,3606.56,INR,SUCCESS,QR
T1002567,M114,C02210,2026-09-21 12:37:53,4563.25,INR,FAILED,ONLINE
T1002568,M104,C02540,2026-09-21 20:20:43,2375.62,INR,REVERSED,QR
T1002569,M121,C00115,2026-09-21 17:22:03,87219.64,INR,SUCCESS,QR
T1002570,M117,C01024,2026-09-21 18:08:29,17035.83,INR,SUCCESS,POS
T1002571,M112,C00075,2026-09-21 20:06:33,66166.87,INR,SUCCESS,ONLINE
T1002572,M102,C00705,2026-09-21 12:12:49,1412.26,INR,SUCCESS,POS
T1002573,M116,C00246,2026-09-21 11:13:02,2839.72,INR,REVERSED,POS
T1002574,M108,C01920,2026-09-21 13:42:52,1842.68,INR,REVERSED,POS
T1002575,M105,C02847,2026-09-21 13:04:52,2346.81,INR,SUCCESS,QR
T1002576,M104,C01584,2026-09-21 12:49:45,3636.02,INR,SUCCESS,POS
T1002577,M104,C00951,2026-09-21 21:46:44,4614.54,INR,SUCCESS,POS
T1002578,M113,C00142,2026-09-21 12:17:43,2850.52,INR,SUCCESS,ONLINE
T1002579,M102,C00318,2026-09-21 21:32:55,1381.60,INR,FAILED,POS
T1002580,M108,C01859,2026-09-21 19:55:58,10862.64,INR,SUCCESS,POS
T1002581,M101,C01604,2026-09-21 14:48:51,73273.87,INR,SUCCESS,POS
T1002582,M102,C01649,2026-09-21 10:53:05,918.93,INR,SUCCESS,POS
T1002583,M100,C00995,2026-09-21 21:18:51,1657.18,INR,SUCCESS,ONLINE
T1002584,M117,C02568,2026-09-21 13:55:31,13978.05,INR,SUCCESS,ONLINE
T1002585,M103,C01849,2026-09-21 13:17:22,8465.73,INR,SUCCESS,ONLINE
T1002586,M102,C00068,2026-09-21 09:32:18,2532.71,INR,SUCCESS,POS
T1002587,M112,C00714,2026-09-21 08:31:31,74202.78,INR,SUCCESS,POS
T1002588,M122,C01103,2026-09-21 10:19:29,2600.83,INR,SUCCESS,POS
T1002589,M114,C01027,2026-09-21 18:38:32,3980.84,INR,SUCCESS,ONLINE
T1002590,M122,C02128,2026-09-21 08:49:27,2579.89,INR,FAILED,QR
T1002591,M108,C00911,2026-09-21 12:18:22,5569.79,INR,SUCCESS,ONLINE
T1002592,M102,C00114,2026-09-21 16:43:39,1405.73,INR,SUCCESS,POS
T1002593,M116,C02509,2026-09-21 13:58:16,1626.28,INR,REVERSED,POS
T1002594,M111,C01120,2026-09-21 21:57:29,1670.58,INR,SUCCESS,QR
T1002595,M111,C00392,2026-09-21 11:16:43,131.58,INR,SUCCESS,QR
T1002596,M119,C02472,2026-09-21 09:13:45,55393.06,INR,SUCCESS,POS
T1002597,M116,C00699,2026-09-21 11:32:02,4368.71,INR,SUCCESS,QR
T1002598,M116,C02609,2026-09-21 15:10:24,2877.27,INR,SUCCESS,QR
T1002599,M101,C00284,2026-09-21 12:47:07,66960.29,INR,SUCCESS,ONLINE
T1002600,M108,C00852,2026-09-21 11:11:51,19085.92,INR,SUCCESS,ONLINE
T1002601,M113,C02851,2026-09-21 14:07:56,324.34,INR,SUCCESS,POS
T1002602,M112,C02373,2026-09-21 11:41:57,27520.03,INR,SUCCESS,POS
T1002603,M113,C01922,2026-09-21 20:11:04,161.36,INR,SUCCESS,ONLINE
T1002604,M108,C02945,2026-09-21 11:19:50,19161.14,INR,SUCCESS,ONLINE
T1002605,M121,C01053,2026-09-21 15:03:10,88075.10,INR,SUCCESS,ONLINE
T1002606,M121,C01865,2026-09-21 13:08:58,75635.18,INR,SUCCESS,POS
T1002607,M104,C02101,2026-09-21 08:05:28,2448.91,INR,SUCCESS,POS
T1002608,M108,C00288,2026-09-21 18:17:42,14402.25,INR,SUCCESS,POS
T1002609,M113,C02877,2026-09-21 18:10:03,2579.85,INR,SUCCESS,POS
T1002610,M106,C01445,2026-09-21 21:14:03,2599.87,INR,FAILED,QR
T1002611,M110,C02208,2026-09-21 19:30:41,73232.92,INR,SUCCESS,QR
T1002612,M101,C02227,2026-09-21 14:08:10,21161.67,INR,SUCCESS,QR
T1002613,M104,C00073,2026-09-21 14:22:49,4318.20,INR,SUCCESS,ONLINE
T1002614,M102,C02737,2026-09-21 08:32:00,1853.54,INR,FAILED,QR
T1002615,M104,C01574,2026-09-21 18:09:44,1605.45,INR,SUCCESS,POS
T1002616,M117,C02292,2026-09-21 09:26:19,19764.94,INR,SUCCESS,POS
T1002617,M103,C01919,2026-09-21 21:36:46,9284.81,INR,SUCCESS,POS
T1002618,M121,C01188,2026-09-21 19:35:38,26299.84,INR,SUCCESS,QR
T1002619,M112,C01680,2026-09-21 14:45:27,62927.39,INR,FAILED,QR
T1002620,M102,C02021,2026-09-21 19:02:20,2201.40,INR,SUCCESS,POS
T1002621,M116,C01684,2026-09-21 20:29:45,165.98,INR,SUCCESS,ONLINE
T1002622,M121,C00974,2026-09-21 14:59:28,21518.18,INR,FAILED,POS
T1002623,M123,C00285,2026-09-21 13:24:31,2974.53,INR,SUCCESS,ONLINE
T1002624,M110,C01017,2026-09-21 19:42:52,43990.94,INR,SUCCESS,ONLINE
T1002625,M117,C00836,2026-09-21 21:27:32,3975.77,INR,REVERSED,ONLINE
T1002626,M117,C02530,2026-09-21 11:18:22,16162.76,INR,FAILED,POS
T1002627,M115,C00119,2026-09-21 13:11:25,3395.27,INR,SUCCESS,ONLINE
T1002628,M114,C02162,2026-09-21 20:52:57,5392.26,INR,SUCCESS,POS
T1002629,M115,C02304,2026-09-21 20:23:01,2240.45,INR,SUCCESS,POS
T1002630,M117,C01425,2026-09-21 21:36:03,3211.37,INR,FAILED,QR
T1002631,M103,C02058,2026-09-21 17:33:45,2777.38,INR,SUCCESS,POS
T1002632,M102,C00208,2026-09-21 12:23:53,1968.72,INR,SUCCESS,POS
T1002633,M123,C00068,2026-09-21 20:41:04,2923.69,INR,SUCCESS,ONLINE
T1002634,M104,C02056,2026-09-21 18:15:50,3647.69,INR,SUCCESS,POS
T1002635,M111,C01494,2026-09-21 09:45:03,939.69,INR,SUCCESS,POS
T1002636,M113,C00748,2026-09-21 15:10:16,752.81,INR,SUCCESS,ONLINE
T1002637,M120,C02721,2026-09-21 09:18:03,1990.95,INR,SUCCESS,ONLINE
T1002638,M111,C01451,2026-09-21 21:20:56,3007.70,INR,SUCCESS,POS
T1002639,M102,C01597,2026-09-21 20:18:00,1325.07,INR,SUCCESS,QR
T1002640,M122,C00230,2026-09-21 18:34:10,223.60,INR,SUCCESS,ONLINE
T1002641,M103,C01550,2026-09-21 18:08:35,12466.61,INR,SUCCESS,POS
T1002642,M100,C00667,2026-09-21 11:20:26,1956.74,INR,SUCCESS,POS
T1002643,M105,C00776,2026-09-21 22:35:12,2388.74,INR,SUCCESS,QR
T1002644,M116,C00723,2026-09-21 06:26:25,2625.10,INR,SUCCESS,QR
T1002645,M104,C02562,2026-09-21 15:07:47,5453.56,INR,SUCCESS,QR
T1002646,M120,C00393,2026-09-21 17:16:05,2351.42,INR,FAILED,ONLINE
T1002647,M104,C01384,2026-09-21 16:27:45,4138.38,INR,SUCCESS,POS
T1002648,M122,C02458,2026-09-21 14:47:43,2589.69,INR,SUCCESS,POS
T1002649,M100,C00308,2026-09-21 17:07:01,361.38,INR,SUCCESS,QR
T1002650,M110,C01144,2026-09-21 18:38:35,62420.72,INR,SUCCESS,QR
T1002651,M104,C00973,2026-09-21 10:40:34,1684.18,INR,SUCCESS,ONLINE
T1002652,M100,C01581,2026-09-21 14:03:12,186.10,INR,SUCCESS,QR
T1002653,M114,C01868,2026-09-21 17:09:14,14321.70,INR,SUCCESS,ONLINE
T1002654,M106,C00912,2026-09-21 16:39:32,1873.10,INR,SUCCESS,POS
T1002655,M106,C00461,2026-09-21 13:39:26,1038.02,INR,SUCCESS,QR
T1002656,M108,C00816,2026-09-21 11:37:23,17220.14,INR,SUCCESS,QR
T1002657,M100,C00468,2026-09-21 17:37:33,1021.31,INR,SUCCESS,QR
T1002658,M105,C01043,2026-09-21 16:44:58,3859.51,INR,SUCCESS,POS
T1002659,M112,C01803,2026-09-21 18:59:33,64564.76,INR,SUCCESS,ONLINE
T1002660,M105,C01795,2026-09-21 11:44:11,2983.91,INR,FAILED,QR
T1002661,M104,C00164,2026-09-21 14:44:42,5202.34,INR,SUCCESS,POS
T1002662,M118,C02438,2026-09-22 12:12:32,38432.16,INR,SUCCESS,QR
T1002663,M122,C00697,2026-09-22 10:22:43,1692.55,INR,SUCCESS,QR
T1002664,M119,C02080,2026-09-22 19:45:11,77712.50,INR,REVERSED,POS
T1002665,M102,C01822,2026-09-22 20:11:04,364.31,INR,SUCCESS,ONLINE
T1002666,M100,C00384,2026-09-22 14:37:59,2446.09,INR,SUCCESS,QR
T1002667,M104,C00033,2026-09-22 14:32:40,1022.90,INR,FAILED,POS
T1002668,M119,C01897,2026-09-22 09:16:06,6963.70,INR,FAILED,POS
T1002669,M117,C02445,2026-09-22 13:13:44,3357.60,INR,SUCCESS,QR
T1002670,M101,C01168,2026-09-22 12:30:49,63611.87,INR,SUCCESS,QR
T1002671,M104,C00038,2026-09-22 18:25:25,4235.12,INR,SUCCESS,POS
T1002672,M103,C00926,2026-09-22 18:49:46,6396.86,INR,SUCCESS,ONLINE
T1002673,M109,C01395,2026-09-22 17:53:12,26181.79,INR,SUCCESS,ONLINE
T1002674,M121,C02068,2026-09-22 19:24:16,41094.93,INR,SUCCESS,ONLINE
T1002675,M108,C00032,2026-09-22 11:45:36,4647.75,INR,SUCCESS,QR
T1002676,M117,C02612,2026-09-22 06:58:28,8456.21,INR,SUCCESS,QR
T1002677,M121,C00149,2026-09-22 19:57:01,69266.05,INR,SUCCESS,POS
T1002678,M122,C01452,2026-09-22 12:35:53,476.20,INR,SUCCESS,QR
T1002679,M118,C01070,2026-09-22 18:57:20,52295.73,INR,SUCCESS,ONLINE
T1002680,M103,C02895,2026-09-22 16:26:58,8913.08,INR,SUCCESS,ONLINE
T1002681,M124,C00563,2026-09-22 21:40:17,10867.77,INR,SUCCESS,QR
T1002682,M122,C00196,2026-09-22 13:46:32,698.84,INR,SUCCESS,POS
T1002683,M116,C02753,2026-09-22 17:59:21,2042.47,INR,REVERSED,ONLINE
T1002684,M117,C01623,2026-09-22 18:03:03,10137.44,INR,REVERSED,QR
T1002685,M116,C01405,2026-09-22 11:02:12,2701.08,INR,SUCCESS,ONLINE
T1002686,M102,C00306,2026-09-22 09:49:48,2151.51,INR,SUCCESS,POS
T1002687,M121,C02935,2026-09-22 10:45:40,32340.88,INR,SUCCESS,POS
T1002688,M102,C01436,2026-09-22 19:43:00,1029.28,INR,SUCCESS,QR
T1002689,M115,C02053,2026-09-22 13:04:19,1487.81,INR,SUCCESS,ONLINE
T1002690,M110,C01454,2026-09-22 13:26:03,79036.36,INR,FAILED,ONLINE
T1002691,M102,C02207,2026-09-22 17:59:32,589.31,INR,SUCCESS,POS
T1002692,M104,C02506,2026-09-22 09:19:31,4052.29,INR,FAILED,POS
T1002693,M119,C01485,2026-09-22 20:58:01,34106.48,INR,SUCCESS,QR
T1002694,M104,C02317,2026-09-22 14:55:59,1801.39,INR,SUCCESS,ONLINE
T1002695,M117,C02523,2026-09-22 18:47:37,16900.28,INR,SUCCESS,ONLINE
T1002696,M109,C02147,2026-09-22 10:09:45,56323.50,INR,SUCCESS,ONLINE
T1002697,M112,C02655,2026-09-22 21:26:31,8073.58,INR,SUCCESS,QR
T1002698,M118,C00052,2026-09-22 08:44:07,14975.28,INR,SUCCESS,ONLINE
T1002699,M102,C01941,2026-09-22 16:42:45,606.37,INR,SUCCESS,QR
T1002700,M108,C00852,2026-09-22 18:55:26,9643.07,INR,SUCCESS,ONLINE
T1002701,M109,C02160,2026-09-22 21:56:00,32869.12,INR,SUCCESS,POS
T1002702,M100,C01198,2026-09-22 11:40:00,3224.46,INR,FAILED,ONLINE
T1002703,M106,C00602,2026-09-22 18:26:06,910.17,INR,SUCCESS,POS
T1002704,M114,C02125,2026-09-22 22:52:09,10595.43,INR,SUCCESS,QR
T1002705,M116,C01262,2026-09-22 11:33:30,2900.22,INR,SUCCESS,ONLINE
T1002706,M118,C02069,2026-09-22 13:59:51,32635.62,INR,SUCCESS,QR
T1002707,M106,C02988,2026-09-22 08:08:15,2597.30,INR,SUCCESS,ONLINE
T1002708,M122,C02089,2026-09-22 12:44:29,2233.69,INR,SUCCESS,POS
T1002709,M110,C00684,2026-09-22 08:58:16,10512.44,INR,SUCCESS,QR
T1002710,M122,C01084,2026-09-22 17:52:18,2145.15,INR,SUCCESS,QR
T1002711,M100,C02702,2026-09-22 18:46:02,1407.77,INR,SUCCESS,POS
T1002712,M104,C02846,2026-09-22 18:30:01,677.42,INR,SUCCESS,QR
T1002713,M103,C02052,2026-09-22 10:39:49,6157.13,INR,SUCCESS,QR
T1002714,M100,C00096,2026-09-22 18:30:57,819.12,INR,SUCCESS,ONLINE
T1002715,M104,C02356,2026-09-22 13:45:02,5587.86,INR,FAILED,POS
T1002716,M101,C01807,2026-09-22 15:02:22,64751.46,INR,SUCCESS,POS
T1002717,M108,C02577,2026-09-22 18:10:07,4370.63,INR,SUCCESS,QR
T1002718,M119,C02021,2026-09-22 09:52:11,49333.14,INR,SUCCESS,QR
T1002719,M116,C00295,2026-09-22 08:58:03,1945.16,INR,SUCCESS,POS
T1002720,M117,C01751,2026-09-22 15:57:33,6035.11,INR,SUCCESS,ONLINE
T1002721,M105,C02714,2026-09-22 08:08:04,330.29,INR,FAILED,ONLINE
T1002722,M120,C00979,2026-09-22 15:30:43,3962.43,INR,REVERSED,ONLINE
T1002723,M121,C01569,2026-09-22 17:41:18,62953.39,INR,SUCCESS,ONLINE
T1002724,M108,C00536,2026-09-22 11:09:46,16776.63,INR,SUCCESS,POS
T1002725,M115,C02230,2026-09-22 11:40:59,2030.45,INR,SUCCESS,ONLINE
T1002726,M101,C02934,2026-09-22 16:45:47,64150.31,INR,FAILED,ONLINE
T1002727,M119,C00215,2026-09-22 19:12:35,66342.64,INR,SUCCESS,ONLINE
T1002728,M115,C00193,2026-09-22 21:52:13,3453.30,INR,SUCCESS,ONLINE
T1002729,M107,C01629,2026-09-22 10:26:32,4921.65,INR,SUCCESS,POS
T1002730,M106,C02339,2026-09-22 13:37:08,2156.53,INR,SUCCESS,QR
T1002731,M112,C02913,2026-09-22 16:32:34,2558.08,INR,FAILED,QR
T1002732,M120,C02838,2026-09-22 11:21:17,1615.93,INR,SUCCESS,ONLINE
T1002733,M101,C01648,2026-09-22 15:15:44,84393.95,INR,SUCCESS,POS
T1002734,M104,C01122,2026-09-22 20:22:56,1777.87,INR,SUCCESS,ONLINE
T1002735,M103,C00295,2026-09-22 18:44:20,11498.58,INR,SUCCESS,QR
T1002736,M103,C02546,2026-09-22 10:07:23,7783.53,INR,SUCCESS,QR
T1002737,M104,C00040,2026-09-22 17:00:55,4558.45,INR,SUCCESS,POS
T1002738,M116,C02092,2026-09-22 18:08:19,4347.11,inr,SUCCESS,ONLINE
T1002739,M102,C02798,2026-09-22 12:50:10,2446.20,INR,SUCCESS,POS
T1002740,M118,C02984,2026-09-22 12:27:43,21016.64,INR,SUCCESS,ONLINE
T1002741,M116,C02101,2026-09-22 14:51:00,474.83,INR,SUCCESS,QR
T1002742,M112,C00932,2026-09-22 09:10:09,75660.10,INR,SUCCESS,QR
T1002743,M122,C00037,2026-09-22 20:27:21,1429.15,INR,SUCCESS,ONLINE
T1002744,M110,C02760,2026-09-22 07:44:40,74025.38,INR,SUCCESS,ONLINE
T1002745,M112,C02247,2026-09-22 19:30:27,61107.91,INR,SUCCESS,POS
T1002746,M121,C02421,2026-09-22 11:03:52,81606.12,INR,FAILED,ONLINE
T1002747,M109,C02247,2026-09-22 09:34:33,54314.50,INR,SUCCESS,ONLINE
T1002748,M104,C01002,2026-09-22 06:27:19,777.34,INR,SUCCESS,POS
T1002749,M105,C00229,2026-09-22 10:56:57,2027.91,INR,SUCCESS,QR
T1002750,M104,C00537,2026-09-22 22:10:51,3838.15,INR,SUCCESS,POS
T1002751,M104,C02723,2026-09-22 20:26:25,1337.36,INR,SUCCESS,QR
T1002752,M120,C00099,2026-09-22 12:48:45,2865.21,INR,SUCCESS,ONLINE
T1002753,M108,C00526,2026-09-22 09:56:37,17015.31,INR,SUCCESS,QR
T1002754,M111,C01201,2026-09-22 12:02:36,3794.04,INR,SUCCESS,POS
T1002755,M110,C00494,2026-09-22 14:13:48,31434.39,INR,REVERSED,ONLINE
T1002756,M105,C00101,2026-09-22 19:37:42,2628.46,INR,SUCCESS,POS
T1002757,M104,C00228,2026-09-22 10:37:40,2309.62,INR,SUCCESS,QR
T1002758,M111,C00206,2026-09-22 07:33:28,3282.94,INR,SUCCESS,POS
T1002759,M124,C01428,2026-09-22 22:46:08,9693.80,INR,SUCCESS,ONLINE
T1002760,M101,C01235,2026-09-22 22:11:12,74458.90,INR,REVERSED,QR
T1002761,M113,C02585,2026-09-22 20:43:15,653.78,INR,SUCCESS,POS
T1002762,M112,C01769,2026-09-22 09:25:41,43049.95,INR,SUCCESS,POS
T1002763,M103,C02275,2026-09-22 17:59:34,13867.26,INR,SUCCESS,QR
T1002764,M119,C02091,2026-09-22 15:29:03,25850.15,INR,SUCCESS,ONLINE
T1002765,M113,C02701,2026-09-22 17:46:48,1012.05,INR,SUCCESS,ONLINE
T1002766,M116,C01840,2026-09-22 19:26:15,4703.20,INR,SUCCESS,ONLINE
T1002767,M100,C02543,2026-09-22 14:44:57,3069.88,INR,SUCCESS,QR
T1002768,M116,C00239,2026-09-22 13:34:38,4021.12,INR,SUCCESS,POS
T1002769,M113,C02624,2026-09-22 19:54:45,1436.83,INR,SUCCESS,QR
T1002770,M115,C00108,2026-09-22 14:34:44,3172.69,INR,SUCCESS,POS
T1002771,M112,C00914,2026-09-22 18:48:04,33805.15,INR,REVERSED,QR
T1002772,M117,C01213,2026-09-22 15:04:34,3758.17,INR,SUCCESS,POS
T1002773,M110,C01937,2026-09-23 10:46:24,74915.75,INR,SUCCESS,ONLINE
T1002774,M111,C02103,2026-09-23 15:47:06,2600.81,INR,SUCCESS,QR
T1002775,M115,C01591,2026-09-23 16:04:52,5205.47,INR,SUCCESS,POS
T1002776,M108,C02986,2026-09-23 19:59:31,18750.95,INR,SUCCESS,ONLINE
T1002777,M113,C00217,2026-09-23 21:56:13,1364.05,INR,SUCCESS,ONLINE
T1002778,M111,C01169,2026-09-23 17:30:20,1430.85,INR,SUCCESS,QR
T1002779,M112,C01732,2026-09-23 11:09:13,87438.41,INR,SUCCESS,QR
T1002780,M102,C00897,2026-09-23 09:11:30,1919.55,INR,SUCCESS,POS
T1002781,M116,C02230,2026-09-23 21:50:56,3520.86,INR,SUCCESS,QR
T1002782,M121,C00078,2026-09-23 10:35:10,32820.89,INR,SUCCESS,QR
T1002783,M115,C00106,2026-09-23 16:22:15,5518.20,INR,FAILED,POS
T1002784,M119,C02303,2026-09-23 13:32:44,78734.86,INR,SUCCESS,POS
T1002785,M111,C00567,2026-09-23 15:23:26,2092.29,INR,SUCCESS,QR
T1002786,M122,C00412,2026-09-23 16:33:17,1620.49,INR,SUCCESS,POS
T1002787,M101,C01423,2026-09-23 10:24:26,35430.41,INR,SUCCESS,POS
T1002788,M108,C00960,2026-09-23 11:08:43,2135.75,INR,SUCCESS,QR
T1002789,M114,C02463,2026-09-23 11:33:55,3026.36,INR,SUCCESS,POS
T1002790,M120,C01306,2026-09-23 19:29:21,2323.50,INR,SUCCESS,ONLINE
T1002791,M106,C00315,2026-09-23 16:22:25,1831.84,INR,SUCCESS,ONLINE
T1002792,M100,C01696,2026-09-23 20:33:12,840.70,INR,SUCCESS,QR
T1002793,M116,C01989,2026-09-23 19:26:21,2895.07,INR,FAILED,ONLINE
T1002794,M104,C02064,2026-09-23 10:14:04,4353.58,INR,SUCCESS,QR
T1002795,M105,C01261,2026-09-23 18:55:46,3712.29,INR,SUCCESS,POS
T1002796,M101,C02185,2026-09-23 22:54:13,20227.79,INR,SUCCESS,ONLINE
T1002797,M100,C00111,2026-09-23 18:39:12,890.74,INR,SUCCESS,POS
T1002798,M107,C02496,2026-09-23 12:46:05,4942.65,INR,SUCCESS,QR
T1002799,M117,C01337,2026-09-23 10:03:57,12322.49,INR,SUCCESS,ONLINE
T1002800,M115,C01790,2026-09-23 19:13:49,3615.88,INR,SUCCESS,POS
T1002801,M122,C02325,2026-09-23 08:12:01,562.28,INR,SUCCESS,POS
T1002802,M113,C01170,2026-09-23 11:06:46,1999.97,INR,SUCCESS,POS
T1002803,M108,C01518,2026-09-23 14:39:06,14466.26,INR,SUCCESS,ONLINE
T1002804,M102,C02674,2026-09-23 16:00:15,2853.77,INR,SUCCESS,QR
T1002805,M124,C01161,2026-09-23 13:03:11,5752.63,INR,FAILED,QR
T1002806,M113,C02779,2026-09-23 19:40:28,2311.17,INR,SUCCESS,POS
T1002807,M100,C01629,2026-09-23 09:11:00,740.28,INR,SUCCESS,POS
T1002808,M111,C02547,2026-09-23 18:59:23,1757.07,INR,SUCCESS,QR
T1002809,M104,C00913,2026-09-23 13:40:00,3556.74,INR,SUCCESS,ONLINE
T1002810,M121,C00227,2026-09-23 11:22:09,5599.94,INR,SUCCESS,ONLINE
T1002811,M104,C01335,2026-09-23 16:36:46,5250.22,INR,SUCCESS,ONLINE
T1002812,M104,C00084,2026-09-23 14:13:58,3250.35,INR,SUCCESS,QR
T1002813,M109,C01290,2026-09-23 10:26:57,22871.30,INR,FAILED,POS
T1002814,M102,C00857,2026-09-23 19:25:55,2197.77,INR,SUCCESS,POS
T1002815,M104,C01382,2026-09-23 10:25:02,4571.43,INR,SUCCESS,POS
T1002816,M108,C01376,2026-09-23 12:35:19,11567.40,INR,SUCCESS,ONLINE
T1002817,M103,C01383,2026-09-23 08:37:03,6331.93,INR,SUCCESS,QR
T1002818,M110,C01682,2026-09-23 11:23:16,13625.30,INR,SUCCESS,QR
T1002819,M117,C01399,2026-09-23 15:34:17,891.67,INR,SUCCESS,POS
T1002820,M111,C00284,2026-09-23 07:16:44,2210.88,INR,SUCCESS,ONLINE
T1002821,M113,C01528,2026-09-23 21:58:17,1300.92,INR,SUCCESS,POS
T1002822,M108,C01154,2026-09-23 11:02:07,19166.64,INR,SUCCESS,POS
T1002823,M112,C00130,2026-09-23 22:36:32,28656.25,INR,SUCCESS,QR
T1002824,M117,C01583,2026-09-23 18:33:50,14815.21,INR,SUCCESS,ONLINE
T1002825,M108,C01053,2026-09-23 21:35:49,16138.73,INR,SUCCESS,QR
T1002826,M117,C00255,2026-09-23 10:17:02,650.61,INR,SUCCESS,QR
T1002827,M115,C00136,2026-09-23 17:49:12,1722.18,INR,SUCCESS,POS
T1002828,M122,C01926,2026-09-23 12:12:40,1043.98,INR,SUCCESS,QR
T1002829,M124,C01428,2026-09-23 12:54:54,6187.56,INR,SUCCESS,ONLINE
T1002830,M119,C02444,2026-09-23 21:07:27,47832.03,INR,SUCCESS,POS
T1002831,M117,C02829,2026-09-23 20:22:31,4848.31,INR,SUCCESS,QR
T1002832,M102,C01284,2026-09-23 17:20:34,667.22,INR,SUCCESS,ONLINE
T1002833,M122,C02984,2026-09-23 08:50:38,1590.41,XYZ,SUCCESS,POS
T1002834,M103,C00789,2026-09-23 19:48:38,8468.53,INR,SUCCESS,POS
T1002835,M102,C01091,2026-09-23 20:11:10,491.45,INR,FAILED,ONLINE
T1002836,M122,C00347,2026-09-23 17:15:08,153.42,INR,SUCCESS,ONLINE
T1002837,M117,C02766,2026-09-23 19:18:45,13290.08,INR,SUCCESS,POS
T1002838,M101,C00312,2026-09-23 19:46:15,85903.85,INR,SUCCESS,POS
T1002839,M105,C02834,2026-09-23 16:20:59,2805.54,INR,FAILED,QR
T1002840,M115,C00699,2026-09-23 17:02:11,3964.73,INR,SUCCESS,POS
T1002841,M111,C02350,2026-09-23 15:16:36,395.85,INR,REVERSED,POS
T1002842,M119,C02304,2026-09-23 12:24:48,75081.23,INR,SUCCESS,ONLINE
T1002843,M112,C01481,2026-09-23 19:09:04,19118.92,INR,SUCCESS,ONLINE
T1002844,M108,C02425,2026-09-23 18:57:46,417.94,INR,SUCCESS,QR
T1002845,M112,C02986,2026-09-23 16:06:07,47951.65,INR,SUCCESS,QR
T1002846,M120,C00545,2026-09-23 13:42:23,598.08,INR,SUCCESS,POS
T1002847,M100,C02593,2026-09-23 13:35:20,2815.02,INR,SUCCESS,QR
T1002848,M118,C00612,2026-09-23 16:40:13,42725.26,INR,SUCCESS,ONLINE
T1002849,M102,C02118,2026-09-23 11:48:33,2741.98,INR,SUCCESS,ONLINE
T1002850,M102,C02375,2026-09-23 11:00:09,2923.56,INR,SUCCESS,POS
T1002851,M119,C01327,2026-09-23 20:42:48,15119.13,INR,FAILED,ONLINE
T1002852,M110,C00234,2026-09-23 09:29:50,14926.20,INR,SUCCESS,ONLINE
T1002853,M113,C01536,2026-09-23 18:58:24,856.38,INR,SUCCESS,QR
T1002854,M109,C02488,2026-09-23 21:14:02,52631.44,INR,SUCCESS,ONLINE
T1002855,M109,C00955,2026-09-23 16:10:10,6269.11,INR,SUCCESS,QR
T1002856,M102,C02265,2026-09-23 11:41:30,2932.60,INR,SUCCESS,ONLINE
T1002857,M122,C02047,2026-09-23 09:01:12,1800.67,INR,SUCCESS,POS
T1002858,M102,C00619,2026-09-23 15:58:58,2411.70,INR,FAILED,POS
T1002859,M115,C00425,2026-09-23 15:48:20,3801.63,INR,SUCCESS,ONLINE
T1002860,M116,C02927,2026-09-23 19:35:51,3648.55,INR,SUCCESS,QR
T1002861,M116,C01007,2026-09-23 20:18:24,4457.47,INR,SUCCESS,POS
T1002862,M116,C00463,2026-09-23 10:36:28,2764.37,INR,SUCCESS,QR
T1002863,M116,C01879,2026-09-23 13:48:59,3845.28,INR,REVERSED,ONLINE
T1002864,M117,C00475,2026-09-23 22:07:54,4812.03,INR,SUCCESS,POS
T1002865,M113,C00666,2026-09-23 10:22:25,663.95,INR,SUCCESS,ONLINE
T1002866,M115,C01663,2026-09-23 21:33:06,2221.44,INR,SUCCESS,QR
T1002867,M121,C00096,2026-09-23 18:12:45,34770.93,INR,SUCCESS,QR
T1002868,M116,C02923,2026-09-23 11:45:42,1881.56,INR,SUCCESS,ONLINE
T1002869,M116,C00329,2026-09-23 07:02:03,789.67,INR,SUCCESS,ONLINE
T1002870,M117,C02661,2026-09-23 08:23:49,14474.43,INR,SUCCESS,ONLINE
T1002871,M103,C00152,2026-09-23 07:38:42,12598.00,INR,FAILED,QR
T1002872,M104,C01814,2026-09-23 12:09:55,2153.23, inr ,SUCCESS,ONLINE
T1002873,M116,C00003,2026-09-23 13:20:56,1171.20,INR,SUCCESS,QR
T1002874,M102,C02212,2026-09-23 13:51:11,2595.81,INR,SUCCESS,ONLINE
T1002875,M100,C01695,2026-09-23 18:47:20,1318.26,INR,SUCCESS,POS
T1002876,M102,C02881,2026-09-23 18:41:04,398.95,INR,SUCCESS,QR
T1002877,M113,C01349,2026-09-23 12:32:55,2246.99,INR,SUCCESS,QR
T1002878,M111,C01832,2026-09-23 19:04:42,1009.41,INR,SUCCESS,ONLINE
T1002879,M117,C02960,2026-09-23 10:58:27,4629.56,INR,SUCCESS,POS
T1002880,M122,C00158,2026-09-23 18:19:20,1152.12,INR,SUCCESS,QR
T1002881,M117,C00525,2026-09-23 12:44:18,1623.64,INR,SUCCESS,POS
T1002882,M117,C01475,2026-09-23 18:43:59,9994.25,INR,REVERSED,ONLINE
T1002883,M117,C01571,2026-09-23 12:22:23,18906.75,INR,SUCCESS,ONLINE
T1002884,M103,C00449,2026-09-23 09:08:51,6866.56,INR,SUCCESS,POS
T1002885,M101,C00043,2026-09-23 20:44:55,35787.28,INR,SUCCESS,ONLINE
T1002886,M110,C00210,2026-09-24 18:04:59,13643.43,INR,SUCCESS,POS
T1002887,M102,C00293,2026-09-24 08:01:38,1247.75,INR,SUCCESS,POS
T1002888,M124,C01716,2026-09-24 15:25:36,9154.21,INR,SUCCESS,POS
T1002889,M108,C00067,2026-09-24 14:57:53,16957.88,INR,SUCCESS,POS
T1002890,M113,C01166,2026-09-24 17:50:40,491.19,INR,SUCCESS,POS
T1002891,M112,C00077,2026-09-24 13:36:07,71470.79,INR,SUCCESS,POS
T1002892,M100,C00267,2026-09-24 19:18:04,657.23,INR,SUCCESS,POS
T1002893,M101,C01662,2026-09-24 09:29:56,22020.91,INR,SUCCESS,QR
T1002894,M104,C00085,2026-09-24 09:35:12,2199.91,INR,SUCCESS,POS
T1002895,M100,C02382,2026-09-24 12:56:50,2827.40,INR,SUCCESS,POS
T1002896,M121,C01666,2026-09-24 14:20:59,13136.92,INR,SUCCESS,POS
T1002897,M104,C02094,2026-09-24 20:21:26,838.15,INR,SUCCESS,QR
T1002898,M112,C02118,2026-09-24 16:56:05,13723.14,INR,SUCCESS,POS
T1002899,M122,C01045,2026-09-24 13:48:16,1065.48,INR,SUCCESS,ONLINE
T1002900,M108,C00514,2026-09-24 21:27:11,10434.35,INR,SUCCESS,ONLINE
T1002901,M122,C00896,2026-09-24 15:03:29,381.99,INR,SUCCESS,POS
T1002902,M115,C01697,2026-09-24 19:27:48,2747.86,INR,SUCCESS,POS
T1002903,M117,C00666,2026-09-24 12:04:18,19201.97,INR,SUCCESS,QR
T1002904,M109,C02855,2026-09-24 12:04:44,15347.16,INR,SUCCESS,QR
T1002905,M115,C02640,2026-09-24 22:08:47,4714.62,INR,SUCCESS,ONLINE
T1002906,M108,C00918,2026-09-24 11:54:48,1923.91,INR,SUCCESS,ONLINE
T1002907,M111,C01500,2026-09-24 08:57:10,2737.10,INR,SUCCESS,ONLINE
T1002908,M101,C01012,2026-09-24 07:08:33,81577.80,INR,SUCCESS,POS
T1002909,M116,C02885,2026-09-24 17:19:17,487.16,INR,SUCCESS,QR
T1002910,M124,C00204,2026-09-24 17:55:37,9577.74,INR,SUCCESS,POS
T1002911,M117,C01862,2026-09-24 06:52:09,10466.44,INR,SUCCESS,ONLINE
T1002912,M113,C02814,2026-09-24 10:27:02,1633.46,INR,SUCCESS,ONLINE
T1002913,M105,C02959,2026-09-24 18:05:52,3540.81,INR,SUCCESS,POS
T1002914,M106,C00516,2026-09-24 13:38:05,1336.06,INR,SUCCESS,QR
T1002915,M111,C00550,2026-09-24 19:03:59,1453.61,INR,SUCCESS,POS
T1002916,M113,C01518,2026-09-24 11:34:12,1705.47,INR,FAILED,ONLINE
T1002917,M117,C00960,2026-09-24 10:57:29,11732.67,INR,SUCCESS,QR
T1002918,M111,C02797,2026-09-24 14:00:30,1724.21,INR,SUCCESS,ONLINE
T1002919,M100,C02116,2026-09-24 14:09:53,931.38,INR,SUCCESS,ONLINE
T1002920,M117,C01611,2026-09-24 21:51:51,10137.71,INR,SUCCESS,ONLINE
T1002921,M110,C01572,2026-09-24 18:42:01,30660.23,INR,SUCCESS,ONLINE
T1002922,M108,C00877,2026-09-24 20:39:56,5711.31,INR,SUCCESS,ONLINE
T1002923,M103,C02211,2026-09-24 12:03:52,2838.84,INR,SUCCESS,POS
T1002924,M102,C00699,2026-09-24 08:36:23,1045.77,INR,SUCCESS,ONLINE
T1002925,M100,C00461,2026-09-24 19:02:29,3846.35,INR,SUCCESS,QR
T1002926,M118,C02334,2026-09-24 19:37:54,57944.46,INR,SUCCESS,ONLINE
T1002927,M104,C02189,2026-09-24 19:40:29,4711.39,INR,SUCCESS,ONLINE
T1002928,M108,C01154,2026-09-24 19:32:15,16746.56,INR,SUCCESS,QR
T1002929,M121,C01887,2026-09-24 08:36:06,11155.63,INR,FAILED,POS
T1002930,M114,C00885,2026-09-24 18:28:43,4862.95,INR,SUCCESS,QR
T1002931,M109,C01741,2026-09-24 20:45:15,22716.64,INR,SUCCESS,ONLINE
T1002932,M105,C01952,2026-09-24 16:15:03,4453.99,INR,SUCCESS,ONLINE
T1002933,M112,C02956,2026-09-24 19:38:25,43181.16,INR,SUCCESS,QR
T1002934,M101,C02437,2026-09-24 20:04:12,72146.62,INR,SUCCESS,POS
T1002935,M108,C00052,2026-09-24 23:00:53,18789.20,INR,REVERSED,ONLINE
T1002936,M115,C01002,2026-09-24 08:36:11,2114.44,INR,SUCCESS,POS
T1002937,M100,C02900,2026-09-24 13:22:39,3774.26,INR,SUCCESS,POS
T1002938,M121,C00680,2026-09-24 13:12:38,12200.80,INR,SUCCESS,ONLINE
T1002939,M117,C00755,2026-09-24 06:24:12,9970.34,INR,SUCCESS,ONLINE
T1002940,M104,C00595,2026-09-24 18:00:32,770.80,INR,SUCCESS,ONLINE
T1002941,M121,C00701,2026-09-24 06:45:37,72214.32,INR,SUCCESS,QR
T1002942,M113,C00979,2026-09-24 17:16:05,2090.22,INR,SUCCESS,QR
T1002943,M121,C00141,2026-09-24 20:03:31,63201.02,INR,FAILED,QR
T1002944,M108,C02911,2026-09-24 17:50:54,15135.34,INR,SUCCESS,POS
T1002945,M101,C00526,2026-09-24 15:24:23,71247.83,INR,SUCCESS,POS
T1002946,M118,C00116,2026-09-24 09:03:41,18965.47,INR,SUCCESS,ONLINE
T1002947,M114,C01941,2026-09-24 10:25:53,8974.58,INR,SUCCESS,QR
T1002948,M104,C02823,2026-09-24 17:26:21,1598.91,INR,SUCCESS,ONLINE
T1002949,M121,C01912,2026-09-24 14:48:56,55454.82,INR,SUCCESS,QR
T1002950,M115,C02683,2026-09-24 20:45:16,3325.64,INR,SUCCESS,ONLINE
T1002951,M100,C01018,2026-09-24 14:34:26,3321.72,INR,SUCCESS,POS
T1002952,M108,C01954,2026-09-24 17:32:42,10577.55,INR,SUCCESS,ONLINE
T1002953,M111,C02879,2026-09-24 12:36:03,3219.56,INR,SUCCESS,ONLINE
T1002954,M113,C02754,2026-09-24 18:55:49,2666.08,INR,SUCCESS,POS
T1002955,M107,C02349,2026-09-24 11:32:52,11634.11,INR,SUCCESS,POS
T1002956,M106,C00346,2026-09-24 15:34:45,418.45,INR,SUCCESS,POS
T1002957,M111,C01238,2026-09-24 18:38:40,3965.55,INR,SUCCESS,ONLINE
T1002958,M106,C02210,2026-09-24 20:30:46,1803.46,INR,SUCCESS,POS
T1002959,M105,C00523,2026-09-24 21:37:05,280.13,INR,REVERSED,ONLINE
T1002960,M118,C00738,2026-09-24 13:23:58,12242.60,INR,SUCCESS,QR
T1002961,M103,C02351,2026-09-24 16:49:37,6483.99,INR,SUCCESS,ONLINE
T1002962,M103,C00876,2026-09-24 12:47:26,14959.45,INR,SUCCESS,POS
T1002963,M113,C00145,2026-09-24 12:11:07,253.68,INR,FAILED,POS
T1002964,M105,C01105,2026-09-24 14:23:59,1106.36,INR,SUCCESS,ONLINE
T1002965,M105,C02771,2026-09-24 16:29:28,4860.93,INR,SUCCESS,POS
T1002966,M100,C00472,2026-09-24 20:02:32,2542.52,INR,SUCCESS,ONLINE
T1002967,M101,C02419,2026-09-24 13:39:50,41288.55,INR,SUCCESS,POS
T1002968,M105,C02684,2026-09-24 10:39:49,2113.07,INR,FAILED,ONLINE
T1002969,M113,C02937,2026-09-24 20:37:21,1536.45,INR,SUCCESS,ONLINE
T1002970,M117,C02034,2026-09-24 07:15:24,11983.61,INR,SUCCESS,ONLINE
T1002971,M119,C00660,2026-09-24 16:02:31,35627.50,INR,SUCCESS,QR
T1002972,M113,C01242,2026-09-24 06:35:20,2022.83,INR,SUCCESS,ONLINE
T1002973,M117,C02651,2026-09-24 18:21:39,10418.86,INR,SUCCESS,POS
T1002974,M110,C02905,2026-09-24 09:05:40,9146.23,INR,SUCCESS,POS
T1002975,M103,C01758,2026-09-24 13:39:58,554.73,INR,SUCCESS,ONLINE
T1002976,M104,C02314,2026-09-24 12:28:36,3281.67,INR,FAILED,POS
T1002977,M122,C01877,2026-09-24 18:16:40,1579.61,INR,FAILED,QR
T1002978,M101,C01883,2026-09-24 10:49:49,12699.26,INR,SUCCESS,ONLINE
T1002979,M111,C01229,2026-09-24 06:04:02,189.91,INR,SUCCESS,ONLINE
T1002980,M102,C01320,2026-09-24 12:03:27,2313.72,INR,SUCCESS,POS
T1002981,M108,C01679,2026-09-24 23:18:02,6376.52,INR,SUCCESS,ONLINE
T1002982,M113,C00142,2026-09-24 15:46:39,1217.36,INR,SUCCESS,QR
T1002983,M117,C02935,2026-09-24 19:07:06,17412.62,INR,SUCCESS,POS
T1002984,M104,C01461,2026-09-24 20:55:07,2358.63,INR,SUCCESS,POS
T1002985,M104,C02160,2026-09-24 10:09:28,5817.05,INR,SUCCESS,QR
T1002986,M109,C01434,2026-09-24 19:16:42,23758.71,INR,FAILED,POS
T1002987,M102,C02367,2026-09-24 13:15:21,2862.35,INR,FAILED,ONLINE
T1002988,M119,C01468,2026-09-24 08:39:10,7551.96,INR,SUCCESS,POS
T1002989,M119,C00794,2026-09-24 21:52:37,14450.36,INR,SUCCESS,ONLINE
T1002990,M116,C00907,2026-09-24 20:00:13,2152.53,INR,SUCCESS,QR
T1002991,M113,C01949,2026-09-24 09:05:12,2603.75,INR,SUCCESS,QR
T1002992,M103,C00358,2026-09-24 13:40:27,1192.21,INR,SUCCESS,POS
T1002993,M105,C00134,2026-09-24 21:22:30,2333.40,INR,SUCCESS,POS
T1002994,M108,C01666,2026-09-24 15:23:10,17196.04,INR,SUCCESS,POS
T1002995,M120,C02118,2026-09-24 09:27:09,2780.11,INR,SUCCESS,POS
T1002996,M123,C01728,2026-09-24 17:37:07,1114.04,INR,SUCCESS,QR
T1002997,M113,C02322,2026-09-24 18:01:08,1876.27,INR,SUCCESS,QR
T1002998,M117,C02939,2026-09-24 18:41:03,5222.66,INR,FAILED,ONLINE
T1002999,M107,C02382,2026-09-24 20:10:22,5533.02,INR,FAILED,POS
T1003000,M109,C01685,2026-09-24 18:08:34,27048.45,INR,SUCCESS,ONLINE
T1003001,M114,C02125,2026-09-24 23:12:02,2865.84,INR,SUCCESS,POS
T1003002,M119,C01037,2026-09-24 19:27:31,23366.94,INR,SUCCESS,POS
T1003003,M120,C01073,2026-09-24 19:46:36,834.49,INR,SUCCESS,ONLINE
T1003004,M108,C01801,2026-09-24 12:35:12,4039.76,INR,SUCCESS,QR
T1003005,M112,C02975,2026-09-24 08:51:34,41876.88,INR,SUCCESS,QR
T1003006,M112,C00144,2026-09-24 10:22:02,39682.32,INR,SUCCESS,POS
T1003007,M117,C00721,2026-09-25 15:00:23,18026.27,INR,SUCCESS,POS
T1003008,M117,C00255,2026-09-25 08:39:44,6361.34,INR,SUCCESS,POS
T1003009,M117,C00727,2026-09-25 15:09:08,6058.41,INR,SUCCESS,ONLINE
T1003010,M104,C00086,2026-09-25 12:54:22,3445.16,INR,SUCCESS,ONLINE
T1003011,M110,C02090,2026-09-25 18:03:19,33514.34,INR,SUCCESS,POS
T1003012,M112,C01910,2026-09-25 16:38:21,15081.98,INR,FAILED,QR
T1003013,M105,C02272,2026-09-25 18:03:47,481.85,INR,FAILED,ONLINE
T1003014,M118,C01314,2026-09-25 21:02:46,25591.94,INR,SUCCESS,POS
T1003015,M113,C02075,2026-09-25 12:51:50,2076.29,INR,SUCCESS,POS
T1003016,M112,C00040,2026-09-25 15:22:48,87255.01,INR,SUCCESS,QR
T1003017,M111,C01899,2026-09-25 08:58:59,390.11,INR,SUCCESS,ONLINE
T1003018,M111,C00466,2026-09-25 15:22:32,1488.40,INR,SUCCESS,QR
T1003019,M104,C02303,2026-09-25 09:19:31,873.32,INR,SUCCESS,QR
T1003020,M101,C02028,2026-09-25 20:12:06,40213.42,INR,SUCCESS,QR
T1003021,M107,C02864,2026-09-25 15:44:55,11622.41,INR,SUCCESS,ONLINE
T1003022,M104,C02365,2026-09-25 19:40:47,4389.43,INR,SUCCESS,POS
T1003023,M116,C00603,2026-09-25 19:06:33,1434.16,INR,SUCCESS,ONLINE
T1003024,M121,C00371,2026-09-25 22:31:41,88798.93,INR,SUCCESS,ONLINE
T1003025,M123,C00967,2026-09-25 16:17:53,1546.68,INR,SUCCESS,POS
T1003026,M103,C00516,2026-09-25 08:58:10,7099.69,INR,SUCCESS,ONLINE
T1003027,M120,C00028,2026-09-25 12:30:14,2194.40,INR,SUCCESS,ONLINE
T1003028,M113,C00939,2026-09-25 20:12:09,244.99,INR,REVERSED,ONLINE
T1003029,M105,C02732,2026-09-25 13:54:39,1513.16,INR,SUCCESS,QR
T1003030,M104,C00694,2026-09-25 09:59:36,5757.15,INR,SUCCESS,ONLINE
T1003031,M103,C02394,2026-09-25 11:27:02,3976.53,INR,SUCCESS,QR
T1003032,M113,C01622,2026-09-25 12:50:26,975.20,INR,SUCCESS,ONLINE
T1003033,M102,C01048,2026-09-25 19:32:04,1554.24,INR,SUCCESS,ONLINE
T1003034,M120,C02310,2026-09-25 08:23:37,1247.25,INR,SUCCESS,QR
T1003035,M124,C01060,2026-09-25 10:43:29,5887.82,INR,SUCCESS,ONLINE
T1003036,M115,C00589,2026-09-25 19:40:21,4106.77,INR,SUCCESS,ONLINE
T1003037,M105,C02376,2026-09-25 09:05:29,1693.84,INR,SUCCESS,QR
T1003038,M101,C02879,2026-09-25 12:35:37,11545.21,INR,REVERSED,QR
T1003039,M104,C01196,2026-09-25 20:09:26,2130.35,INR,SUCCESS,QR
T1003040,M110,C00564,2026-09-25 21:52:34,56438.93,INR,SUCCESS,QR
T1003041,M117,C01898,2026-09-25 10:57:30,12018.76,INR,SUCCESS,POS
T1003042,M117,C01540,2026-09-25 21:01:51,17665.94,INR,SUCCESS,ONLINE
T1003043,M108,C00728,2026-09-25 22:47:10,16423.73,INR,SUCCESS,ONLINE
T1003044,M107,C00383,2026-09-25 09:57:46,8029.89,INR,SUCCESS,ONLINE
T1003045,M103,C02907,2026-09-25 09:54:42,2639.01,INR,SUCCESS,ONLINE
T1003046,M117,C00946,2026-09-25 11:23:22,14571.18,INR,SUCCESS,POS
T1003047,M101,C00086,2026-09-25 14:40:46,86970.54,INR,FAILED,POS
T1003048,M120,C01875,2026-09-25 21:42:51,570.04,INR,SUCCESS,ONLINE
T1003049,M104,C02216,2026-09-25 10:13:12,5936.48,INR,SUCCESS,ONLINE
T1003050,M117,C01230,2026-09-25 21:38:33,6701.65,INR,SUCCESS,POS
T1003051,M115,C00523,2026-09-25 14:23:32,1588.64,INR,SUCCESS,POS
T1003052,M100,C01179,2026-09-25 20:29:41,645.38,INR,SUCCESS,ONLINE
T1003053,M116,C00241,2026-09-25 08:48:53,1242.97,INR,SUCCESS,POS
T1003054,M124,C01423,2026-09-25 22:59:11,7512.21,INR,SUCCESS,POS
T1003055,M110,C00913,2026-09-25 18:56:24,64519.42,INR,SUCCESS,QR
T1003056,M116,C00310,2026-09-25 17:39:55,4084.46,INR,SUCCESS,POS
T1003057,M101,C02926,2026-09-25 21:42:52,37550.37,INR,FAILED,POS
T1003058,M118,C00070,2026-09-25 10:30:29,20328.84,INR,SUCCESS,ONLINE
T1003059,M101,C01541,2026-09-25 20:53:21,13628.25,INR,SUCCESS,QR
T1003060,M102,C01005,2026-09-25 18:09:39,1549.28,INR,SUCCESS,ONLINE
T1003061,M117,C00286,2026-09-25 20:10:01,12642.09,INR,SUCCESS,ONLINE
T1003062,M121,C02909,2026-09-25 12:04:10,8681.59,INR,SUCCESS,QR
T1003063,M105,C01104,2026-09-25 21:41:24,2972.37,INR,SUCCESS,POS
T1003064,M122,C01017,2026-09-25 19:41:18,1770.64,INR,SUCCESS,POS
T1003065,M104,C01562,2026-09-25 20:08:17,2129.67,INR,SUCCESS,POS
T1003066,M102,C01620,2026-09-25 09:23:11,722.69,INR,SUCCESS,ONLINE
T1003067,M101,C00060,2026-09-25 12:23:59,10902.25,INR,SUCCESS,QR
T1003068,M113,C00018,2026-09-25 10:23:09,2303.69,INR,SUCCESS,QR
T1003069,M108,C01152,2026-09-25 08:37:12,17873.78,INR,SUCCESS,POS
T1003070,M118,C02469,2026-09-25 21:49:18,46482.96,INR,SUCCESS,ONLINE
T1003071,M104,C01449,2026-09-25 10:10:26,1991.53,INR,SUCCESS,ONLINE
T1003072,M116,C02485,2026-09-25 21:43:35,4510.88,INR,SUCCESS,ONLINE
T1003073,M108,C01168,2026-09-25 16:24:51,2548.57,INR,SUCCESS,QR
T1003074,M103,C02361,2026-09-25 17:28:53,937.10,INR,SUCCESS,ONLINE
T1003075,M117,C01982,2026-09-25 08:07:50,12737.39,INR,FAILED,POS
T1003076,M111,C00887,2026-09-25 08:33:43,2214.32,INR,SUCCESS,ONLINE
T1003077,M117,C00941,2026-09-25 20:11:20,5991.26,INR,SUCCESS,QR
T1003078,M111,C01781,2026-09-25 12:25:37,103.29,INR,SUCCESS,QR
T1003079,M109,C00835,2026-09-25 13:39:06,43383.57,INR,SUCCESS,ONLINE
T1003080,M103,C02048,2026-09-25 13:45:25,4599.64,INR,SUCCESS,QR
T1003081,M101,C02467,2026-09-25 16:03:14,84764.13,INR,SUCCESS,QR
T1003082,M105,C01835,2026-09-25 09:36:58,4638.99,INR,SUCCESS,ONLINE
T1003083,M121,C02621,2026-09-25 21:53:54,79311.63,INR,SUCCESS,QR
T1003084,M110,C01600,2026-09-25 18:47:09,49843.91,INR,SUCCESS,POS
T1003085,M113,C02695,2026-09-25 10:49:17,716.72,INR,REVERSED,QR
T1003086,M102,C01041,2026-09-25 20:09:01,281.39,INR,SUCCESS,ONLINE
T1003087,M120,C01195,2026-09-25 13:07:51,1610.91,INR,SUCCESS,POS
T1003088,M116,C01974,2026-09-25 17:50:04,1250.84,INR,SUCCESS,ONLINE
T1003089,M110,C02090,2026-09-25 22:58:34,34052.08,INR,SUCCESS,POS
T1003090,M112,C00515,2026-09-25 10:57:43,22759.33,INR,SUCCESS,ONLINE
T1003091,M113,C01546,2026-09-25 12:19:50,1099.43,INR,SUCCESS,POS
T1003092,M111,C00830,2026-09-25 15:24:47,217.78,INR,SUCCESS,QR
T1003093,M116,C02234,2026-09-25 17:09:32,831.70,INR,SUCCESS,QR
T1003094,M113,C00970,2026-09-25 22:55:32,1947.38,INR,SUCCESS,POS
T1003095,M108,C00312,2026-09-25 09:46:03,11141.54,INR,SUCCESS,POS
T1003096,M100,C01225,2026-09-25 19:56:40,774.98,INR,SUCCESS,QR
T1003097,M101,C01981,2026-09-25 20:34:12,41664.15,INR,SUCCESS,ONLINE
T1003098,M121,C01024,2026-09-25 13:03:41,81813.83,INR,SUCCESS,POS
T1003099,M105,C00036,2026-09-25 14:39:21,2272.64,INR,SUCCESS,POS
T1003100,M100,C00772,2026-09-25 14:13:46,3107.32,INR,SUCCESS,QR
T1003101,M102,C02034,2026-09-25 15:33:06,2142.63,INR,SUCCESS,POS
T1003102,M121,C00259,2026-09-25 10:06:08,80928.55,INR,SUCCESS,QR
T1003103,M108,C00685,2026-09-25 20:15:28,12474.07,INR,SUCCESS,ONLINE
T1003104,M111,C02193,2026-09-25 14:05:55,3632.11,INR,SUCCESS,POS
T1003105,M116,C01227,2026-09-25 16:06:15,191.78,INR,FAILED,ONLINE
T1003106,M101,C00960,2026-09-25 14:17:12,57580.12,INR,SUCCESS,ONLINE
T1003107,M116,C02411,2026-09-25 18:58:14,116.22,INR,REVERSED,POS
T1003108,M119,C00234,2026-09-25 11:33:36,61283.65,INR,SUCCESS,QR
T1003109,M116,C02494,2026-09-25 10:33:25,4605.74,INR,SUCCESS,QR
T1003110,M105,C01052,2026-09-25 09:01:12,502.11,INR,FAILED,POS
T1003111,M108,C02840,2026-09-25 11:51:11,9417.45,INR,SUCCESS,QR
T1003112,M113,C00899,2026-09-25 20:08:05,1315.76,INR,SUCCESS,QR
T1003113,M120,C02549,2026-09-25 17:25:08,2700.84,INR,SUCCESS,ONLINE
T1003114,M101,C02658,2026-09-25 12:20:00,62228.87,INR,SUCCESS,POS
T1003115,M109,C00549,2026-09-25 08:17:32,40906.23,INR,SUCCESS,QR
T1003116,M104,C00385,2026-09-25 16:50:04,2757.59,INR,REVERSED,ONLINE
T1003117,M102,C02228,2026-09-25 11:54:57,2279.52,INR,FAILED,QR
T1003118,M108,C00083,2026-09-25 13:05:14,5847.98,INR,SUCCESS,ONLINE
T1003119,M116,C02844,2026-09-25 12:19:11,4772.17,INR,FAILED,QR
T1003120,M107,C02311,2026-09-25 20:43:25,3221.53,INR,SUCCESS,ONLINE
T1003121,M104,C00102,2026-09-25 11:05:58,3312.49,INR,SUCCESS,ONLINE
T1003122,M116,C01971,2026-09-25 17:48:54,4003.99,INR,SUCCESS,POS
T1003123,M114,C02486,2026-09-25 19:01:12,7416.89,INR,SUCCESS,ONLINE
T1003124,M108,C00714,2026-09-25 20:53:47,16426.90,INR,SUCCESS,QR
T1003125,M107,C01052,2026-09-25 07:12:06,2626.27,INR,SUCCESS,ONLINE
T1003126,M121,C00401,2026-09-25 12:28:57,26019.28,INR,SUCCESS,POS
T1003127,M108,C02964,2026-09-25 17:55:27,15719.62,INR,SUCCESS,QR
T1003128,M103,C01093,2026-09-25 14:22:19,11933.05,INR,SUCCESS,POS
T1003129,M100,C02865,2026-09-25 10:30:56,2815.66,INR,SUCCESS,POS
T1003130,M105,C00794,2026-09-25 20:57:37,4356.71,INR,SUCCESS,POS
T1003131,M104,C00332,2026-09-25 20:04:18,2272.85,INR,SUCCESS,POS
T1003132,M118,C00052,2026-09-25 16:10:04,34408.83,INR,SUCCESS,POS
T1003133,M109,C00109,2026-09-25 10:16:30,21965.82,INR,FAILED,ONLINE
T1003134,M115,C00344,2026-09-26 13:06:14,4967.48,INR,SUCCESS,ONLINE
T1003135,M121,C00009,2026-09-26 12:33:57,7086.20,INR,SUCCESS,QR
T1003136,M114,C03000,2026-09-26 15:53:37,10222.98,INR,SUCCESS,POS
T1003137,M100,C02399,2026-09-26 18:02:58,1635.71,INR,SUCCESS,ONLINE
T1003138,M113,C02105,2026-09-26 13:03:18,2145.98,INR,SUCCESS,QR
T1003139,M100,C01218,2026-09-26 06:52:20,2664.89,INR,SUCCESS,ONLINE
T1003140,M106,C00801,2026-09-26 18:46:56,2106.35,INR,SUCCESS,POS
T1003141,M115,C01738,2026-09-26 07:16:04,1017.95,INR,SUCCESS,POS
T1003142,M111,C01107,2026-09-26 08:11:12,780.27,INR,SUCCESS,QR
T1003143,M121,C02747,2026-09-26 13:17:49,50390.88,INR,SUCCESS,ONLINE
T1003144,M122,C02332,2026-09-26 15:14:02,1795.00,INR,FAILED,QR
T1003145,M122,C00574,2026-09-26 15:44:18,656.65,INR,SUCCESS,POS
T1003146,M104,C00215,2026-09-26 19:40:36,2924.07,INR,SUCCESS,QR
T1003147,M117,C02683,2026-09-26 11:11:38,16993.77,INR,SUCCESS,ONLINE
T1003148,M109,C00661,2026-09-26 19:13:23,24658.45,INR,SUCCESS,POS
T1003149,M108,C02261,2026-09-26 18:47:42,13987.81,INR,SUCCESS,POS
T1003150,M112,C01210,2026-09-26 11:49:03,59281.71,INR,SUCCESS,ONLINE
T1003151,M114,C00637,2026-09-26 22:18:05,13716.23,INR,SUCCESS,ONLINE
T1003152,M119,C02575,2026-09-26 16:32:39,32613.65,INR,SUCCESS,POS
T1003153,M121,C00805,2026-09-26 20:05:46,30089.19,INR,SUCCESS,QR
T1003154,M123,C02670,2026-09-26 14:34:10,314.11,INR,SUCCESS,QR
T1003155,M104,C02223,2026-09-26 17:34:49,2379.21,INR,REVERSED,QR
T1003156,M119,C01636,2026-09-26 13:35:24,24821.83,INR,SUCCESS,POS
T1003157,M117,C01885,2026-09-26 13:34:34,13939.56,INR,SUCCESS,POS
T1003158,M103,C02018,2026-09-26 12:56:55,2433.66,INR,SUCCESS,POS
T1003159,M113,C01443,2026-09-26 08:47:48,854.26,INR,SUCCESS,ONLINE
T1003160,M117,C01610,2026-09-26 20:13:37,17874.20,INR,SUCCESS,POS
T1003161,M113,C02188,2026-09-26 11:46:43,1141.24,INR,SUCCESS,QR
T1003162,M106,C00484,2026-09-26 20:05:31,1308.81,INR,REVERSED,ONLINE
T1003163,M111,C01754,2026-09-26 18:48:18,3013.80,INR,SUCCESS,POS
T1003164,M108,C02174,2026-09-26 23:29:52,2500.75,INR,SUCCESS,QR
T1003165,M105,C00374,2026-09-26 08:10:05,1174.31,INR,SUCCESS,POS
T1003166,M102,C00353,2026-09-26 15:22:50,1553.09,INR,REVERSED,QR
T1003167,M108,C02474,2026-09-26 11:41:10,8266.64,INR,SUCCESS,POS
T1003168,M117,C02176,2026-09-26 10:06:58,16699.15,INR,SUCCESS,QR
T1003169,M104,C02019,2026-09-26 10:01:25,2469.43,INR,SUCCESS,POS
T1003170,M106,C00891,2026-09-26 16:05:58,2167.17,INR,REVERSED,ONLINE
T1003171,M123,C01232,2026-09-26 12:13:43,2568.74,INR,SUCCESS,POS
T1003172,M107,C01390,2026-09-26 17:06:36,11487.88,INR,SUCCESS,POS
T1003173,M104,C00369,2026-09-26 20:39:33,1920.59,INR,SUCCESS,QR
T1003174,M118,C01529,2026-09-26 13:00:10,23280.09,INR,SUCCESS,POS
T1003175,M116,C02189,2026-09-26 14:23:35,1804.23,INR,SUCCESS,POS
T1003176,M111,C01862,2026-09-26 20:59:24,3151.52,INR,SUCCESS,POS
T1003177,M121,C02154,2026-09-26 10:01:25,72147.76,INR,SUCCESS,ONLINE
T1003178,M117,C00527,2026-09-26 11:46:17,19871.12,INR,SUCCESS,POS
T1003179,M105,C02556,2026-09-26 19:54:05,3229.84,INR,SUCCESS,POS
T1003180,M109,C01751,2026-09-26 11:12:52,6227.99,INR,SUCCESS,QR
T1003181,M113,C00752,2026-09-26 08:01:20,1012.14,INR,FAILED,POS
T1003182,M105,C02838,2026-09-26 14:35:20,3143.77,INR,FAILED,POS
T1003183,M108,C01914,2026-09-26 12:23:25,17429.54,INR,SUCCESS,POS
T1003184,M113,C00031,2026-09-26 09:57:48,342.46,INR,FAILED,POS
T1003185,M113,C02613,2026-09-26 19:44:56,1239.12,INR,SUCCESS,QR
T1003186,M111,C01906,2026-09-26 10:09:05,3461.71,INR,FAILED,QR
T1003187,M116,C00100,2026-09-26 14:21:36,4266.45,INR,SUCCESS,QR
T1003188,M101,C00544,2026-09-26 20:03:51,54749.14,INR,SUCCESS,ONLINE
T1003189,M102,C01610,2026-09-26 15:31:24,2110.82,INR,FAILED,ONLINE
T1003190,M104,C01198,2026-09-26 13:33:36,5462.95,INR,SUCCESS,QR
T1003191,M106,C02126,2026-09-26 21:38:45,582.78,INR,SUCCESS,POS
T1003192,M103,C00678,2026-09-26 17:02:05,9847.55,INR,SUCCESS,QR
T1003193,M101,C01055,2026-09-26 18:41:53,33176.86,INR,SUCCESS,QR
T1003194,M102,C00679,2026-09-26 10:36:47,714.89,INR,SUCCESS,ONLINE
T1003195,M104,C00046,2026-09-26 14:49:15,4326.75,INR,SUCCESS,ONLINE
T1003196,M120,C02513,2026-09-26 11:35:27,1648.99,INR,SUCCESS,POS
T1003197,M113,C02343,2026-09-26 14:51:14,2083.57,INR,SUCCESS,QR
T1003198,M122,C00745,2026-09-26 21:19:32,501.80,INR,SUCCESS,ONLINE
T1003199,M117,C00871,2026-09-26 21:10:02,5792.05,INR,REVERSED,ONLINE
T1003200,M117,C00729,2026-09-26 12:09:52,17725.28,INR,SUCCESS,POS
T1003201,M101,C02321,2026-09-26 21:45:35,6832.58,INR,SUCCESS,POS
T1003202,M116,C00266,2026-09-26 09:09:10,3089.32,INR,SUCCESS,QR
T1003203,M123,C01264,2026-09-26 22:36:40,1801.20,INR,SUCCESS,ONLINE
T1003204,M116,C00865,2026-09-26 21:58:46,799.08,INR,SUCCESS,QR
T1003205,M108,C01700,2026-09-26 18:33:43,18698.84,INR,SUCCESS,QR
T1003206,M115,C00063,2026-09-26 14:06:34,3042.17,INR,SUCCESS,POS
T1003207,M100,C00603,2026-09-26 17:38:08,1174.78,INR,SUCCESS,POS
T1003208,M112,C01151,2026-09-26 11:46:42,38273.06,INR,SUCCESS,QR
T1003209,M105,C01829,2026-09-26 19:50:53,4300.58,INR,SUCCESS,ONLINE
T1003210,M122,C00485,2026-09-26 11:26:14,2802.23,INR,REVERSED,ONLINE
T1003211,M117,C01688,2026-09-26 20:16:01,946.29,INR,FAILED,POS
T1003212,M108,C02354,2026-09-26 15:41:36,10176.25,INR,SUCCESS,POS
T1003213,M124,C00673,2026-09-26 20:40:44,3420.37,INR,SUCCESS,POS
T1003214,M100,C00542,2026-09-26 12:16:06,2598.05,INR,SUCCESS,ONLINE
T1003215,M124,C00921,2026-09-26 14:10:13,6164.40,INR,SUCCESS,QR
T1003216,M115,C00662,2026-09-26 15:03:39,3387.80,INR,SUCCESS,QR
T1003217,M102,C00704,2026-09-26 19:38:40,2335.82,INR,SUCCESS,POS
T1003218,M101,C00227,2026-09-26 09:30:57,36027.30,INR,SUCCESS,ONLINE
T1003219,M102,C00380,2026-09-26 11:58:17,2022.76,INR,FAILED,ONLINE
T1003220,M102,C01415,2026-09-26 14:26:23,510.26,INR,SUCCESS,QR
T1003221,M100,C02249,2026-09-26 10:09:51,2983.24,INR,SUCCESS,ONLINE
T1003222,M104,C00807,2026-09-26 18:08:28,3570.15,INR,SUCCESS,POS
T1003223,M100,C01268,2026-09-26 19:16:35,1288.60,INR,SUCCESS,ONLINE
T1003224,M118,C02215,2026-09-26 14:32:03,43807.39,INR,SUCCESS,POS
T1003225,M108,C00325,2026-09-26 09:40:41,19347.01,INR,SUCCESS,POS
T1003226,M116,C00192,2026-09-26 08:01:45,332.84,INR,SUCCESS,QR
T1003227,M101,C01914,2026-09-26 23:46:51,71858.50,INR,SUCCESS,ONLINE
T1003228,M118,C00003,2026-09-26 17:31:43,22588.82,INR,SUCCESS,POS
T1003229,M124,C01678,2026-09-26 17:34:55,1044.62,INR,SUCCESS,ONLINE
T1003230,M108,C01905,2026-09-26 17:48:28,17833.22,INR,SUCCESS,QR
T1003231,M117,C02249,2026-09-26 10:42:04,14024.56,INR,SUCCESS,ONLINE
T1003232,M106,C02705,2026-09-26 13:34:58,2258.38,INR,SUCCESS,ONLINE
T1003233,M115,C02308,2026-09-26 23:45:17,1963.64,INR,SUCCESS,POS
T1003234,M103,C00606,2026-09-26 13:58:04,5925.18,INR,SUCCESS,POS
T1003235,M108,C01167,2026-09-26 20:19:49,4484.44,INR,SUCCESS,POS
T1003236,M108,C00550,2026-09-26 19:29:30,19529.13,INR,SUCCESS,POS
T1003237,M104,C00572,2026-09-26 13:19:31,389.58,INR,SUCCESS,POS
T1003238,M108,C01546,2026-09-26 19:49:16,6010.90,INR,SUCCESS,POS
T1003239,M104,C02052,2026-09-26 08:40:33,3834.03,INR,FAILED,QR
T1003240,M108,C00307,2026-09-26 17:11:57,13185.59,INR,SUCCESS,QR
T1003241,M106,C00761,2026-09-26 12:13:39,2751.52,INR,SUCCESS,ONLINE
T1003242,M101,C02542,2026-09-26 16:38:47,12355.80,INR,SUCCESS,ONLINE
T1003243,M114,C01654,2026-09-26 12:10:13,803.57,INR,SUCCESS,ONLINE
T1003244,M101,C00157,2026-09-26 13:49:27,39066.11,INR,SUCCESS,POS
T1003245,M113,C02543,2026-09-26 12:05:38,1528.04,INR,SUCCESS,POS
T1003246,M110,C01261,2026-09-26 22:43:15,61155.45,INR,SUCCESS,POS
T1003247,M100,C02651,2026-09-26 17:34:41,1613.05,INR,SUCCESS,POS
T1003248,M124,C00766,2026-09-26 16:10:42,5309.84,INR,SUCCESS,QR
T1003249,M105,C00273,2026-09-26 16:36:32,3645.07,INR,SUCCESS,POS
T1003250,M100,C00087,2026-09-26 21:21:31,874.83,INR,SUCCESS,ONLINE
T1003251,M115,C00571,2026-09-26 17:21:23,3277.83,INR,SUCCESS,POS
T1003252,M114,C00945,2026-09-26 08:10:15,12706.59,INR,SUCCESS,POS
T1003253,M115,C00951,2026-09-26 16:55:41,1412.36,INR,SUCCESS,POS
T1003254,M111,C01586,2026-09-26 11:25:53,2084.34,INR,SUCCESS,QR
T1003255,M108,C02999,2026-09-26 12:04:52,3366.93,INR,SUCCESS,POS
T1003256,M111,C01788,2026-09-26 09:22:28,238.83,INR,SUCCESS,POS
T1003257,M113,C02869,2026-09-26 11:58:40,379.65,INR,FAILED,POS
T1003258,M113,C00110,2026-09-26 21:11:56,2745.56,INR,SUCCESS,QR
T1003259,M114,C01388,2026-09-26 19:42:51,7547.14,INR,SUCCESS,POS
T1003260,M117,C01314,2026-09-26 19:19:58,12980.91,INR,SUCCESS,ONLINE
T1003261,M122,C02294,2026-09-26 22:16:22,323.79,INR,SUCCESS,QR
T1003262,M100,C01119,2026-09-26 16:46:12,2138.54,INR,SUCCESS,QR
T1003263,M103,C02456,2026-09-26 17:56:22,9677.96,INR,SUCCESS,QR
T1003264,M120,C02000,2026-09-26 10:40:34,2570.98,INR,SUCCESS,POS
T1003265,M113,C01693,2026-09-26 08:24:12,966.12,INR,SUCCESS,POS
T1003266,M117,C02039,2026-09-26 15:42:30,19759.64,INR,SUCCESS,QR
T1003267,M104,C00513,2026-09-26 10:55:48,2243.91,INR,SUCCESS,ONLINE
T1003268,M104,C01471,2026-09-26 18:04:19,496.67,INR,SUCCESS,ONLINE
T1003269,M112,C01918,2026-09-26 08:33:10,64436.00,INR,SUCCESS,ONLINE
T1003270,M122,C00025,2026-09-26 15:30:43,2064.64,INR,SUCCESS,QR
T1003271,M122,C01871,2026-09-26 06:47:02,269.90,INR,SUCCESS,POS
T1003272,M105,C00286,2026-09-26 11:40:46,4671.89,INR,SUCCESS,ONLINE
T1003273,M106,C01946,2026-09-26 19:21:21,2288.56,INR,FAILED,ONLINE
T1003274,M102,C00689,2026-09-26 09:58:54,1385.04,INR,SUCCESS,POS
T1003275,M101,C00225,2026-09-26 18:17:04,86903.38,INR,SUCCESS,POS
T1003276,M107,C00421,2026-09-26 10:36:06,7162.95,INR,SUCCESS,QR
T1003277,M116,C01435,2026-09-26 17:35:33,4516.49,INR,SUCCESS,QR
T1003278,M117,C00600,2026-09-26 13:16:04,15583.25, inr ,SUCCESS,ONLINE
T1003279,M117,C02200,2026-09-26 18:11:49,5738.42,INR,SUCCESS,QR
T1003280,M103,C02538,2026-09-26 15:54:53,839.62,INR,FAILED,POS
T1003281,M103,C02413,2026-09-26 09:02:16,9517.57,INR,SUCCESS,POS
T1003282,M111,C02686,2026-09-26 13:04:00,254.06,INR,SUCCESS,POS
T1003283,M117,C01110,2026-09-26 10:09:58,7343.51,INR,SUCCESS,ONLINE
T1003284,M111,C02975,2026-09-26 16:25:56,2979.31,INR,SUCCESS,POS
T1003285,M111,C02839,2026-09-26 17:51:47,2035.31,INR,SUCCESS,POS
T1003286,M113,C02724,2026-09-26 13:47:45,473.18,INR,SUCCESS,QR
T1003287,M101,C02038,2026-09-26 14:19:18,82335.26,INR,SUCCESS,QR
T1003288,M115,C00303,2026-09-26 22:00:23,2870.16,INR,SUCCESS,POS
T1003289,M104,C02913,2026-09-26 18:18:26,1170.92,INR,SUCCESS,QR
T1003290,M102,C00051,2026-09-26 09:40:58,1520.29,INR,SUCCESS,ONLINE
T1003291,M104,C02254,2026-09-26 12:33:09,2072.45,INR,SUCCESS,ONLINE
T1003292,M118,C01718,2026-09-26 12:27:10,5462.19,INR,SUCCESS,ONLINE
T1003293,M113,C01026,2026-09-26 21:29:06,804.67,INR,SUCCESS,ONLINE
T1003294,M114,C02332,2026-09-26 14:25:10,2421.06,INR,SUCCESS,ONLINE
T1003295,M117,C00330,2026-09-26 13:09:35,16988.71,INR,SUCCESS,POS
T1003296,M117,C00486,2026-09-26 11:19:08,3479.07,INR,SUCCESS,QR
T1003297,M104,C01650,2026-09-26 17:37:38,880.26,INR,SUCCESS,POS
T1003298,M114,C01871,2026-09-26 15:44:13,12643.70,INR,SUCCESS,QR
T1003299,M104,C02697,2026-09-26 11:09:44,3552.50,INR,SUCCESS,ONLINE
T1003300,M103,C00725,2026-09-26 14:38:42,2367.62,INR,SUCCESS,QR
T1003301,M120,C01779,2026-09-26 11:33:48,268.43,INR,SUCCESS,ONLINE
T1003302,M103,C00486,2026-09-26 16:50:34,13672.95,INR,SUCCESS,ONLINE
T1003303,M117,C01826,2026-09-27 08:12:18,13670.58,INR,SUCCESS,POS
T1003304,M104,C02773,2026-09-27 16:30:27,702.00,INR,SUCCESS,POS
T1003305,M110,C00874,2026-09-27 17:36:37,68765.55,INR,SUCCESS,QR
T1003306,M108,C02032,2026-09-27 22:47:10,11279.89,INR,SUCCESS,ONLINE
T1003307,M104,C00339,2026-09-27 13:31:06,1098.45,INR,SUCCESS,POS
T1003308,M109,C01696,2026-09-27 15:33:05,29470.07,INR,SUCCESS,POS
T1003309,M117,C02631,2026-09-27 14:50:33,2283.67,INR,SUCCESS,POS
T1003310,M122,C00888,2026-09-27 19:07:16,186.48,INR,SUCCESS,POS
T1003311,M108,C02138,2026-09-27 13:38:32,2174.23,INR,FAILED,QR
T1003312,M113,C01722,2026-09-27 11:31:15,991.34,INR,SUCCESS,QR
T1003313,M113,C02165,2026-09-27 18:31:15,2932.55,INR,SUCCESS,QR
T1003314,M114,C00610,2026-09-27 14:06:53,4005.02,INR,SUCCESS,QR
T1003315,M105,C00740,2026-09-27 18:53:19,4427.64,INR,SUCCESS,POS
T1003316,M111,C00016,2026-09-27 11:51:13,3720.37,INR,SUCCESS,ONLINE
T1003317,M107,C00091,2026-09-27 11:38:01,3935.03,INR,SUCCESS,ONLINE
T1003318,,C02506,2026-09-27 17:47:01,2090.12,INR,SUCCESS,POS
T1003319,M104,C00052,2026-09-27 19:58:20,4477.33,INR,SUCCESS,POS
T1003320,M100,C01889,2026-09-27 09:26:01,3840.98,INR,SUCCESS,POS
T1003321,M106,C02267,2026-09-27 19:14:47,635.03,INR,SUCCESS,ONLINE
T1003322,M108,C02463,2026-09-27 11:55:52,19762.93,INR,SUCCESS,ONLINE
T1003323,M124,C02592,2026-09-27 23:55:04,9634.24,INR,SUCCESS,ONLINE
T1003324,M101,C00973,2026-09-27 19:09:15,53804.68,INR,SUCCESS,POS
T1003325,M118,C02339,2026-09-27 16:53:07,33720.38,INR,SUCCESS,POS
T1003326,M108,C02376,2026-09-27 19:20:00,8927.61,INR,SUCCESS,ONLINE
T1003327,M114,C00447,2026-09-27 18:44:54,524.44,INR,SUCCESS,ONLINE
T1003328,M112,C01387,2026-09-27 10:44:32,8965.26,INR,SUCCESS,ONLINE
T1003329,M116,C01862,2026-09-27 18:21:59,2082.40,INR,SUCCESS,POS
T1003330,M100,C00988,2026-09-27 21:38:49,147.09,INR,SUCCESS,QR
T1003331,M106,C02113,2026-09-27 21:28:02,2852.47,INR,SUCCESS,POS
T1003332,M100,C02448,2026-09-27 18:09:41,3912.59,INR,FAILED,ONLINE
T1003333,M117,C02932,2026-09-27 15:35:00,5106.70,INR,SUCCESS,POS
T1003334,M109,C02309,2026-09-27 16:01:48,50913.01,INR,SUCCESS,POS
T1003335,M106,C02394,2026-09-27 21:14:26,674.58,INR,SUCCESS,QR
T1003336,M121,C00023,2026-09-27 13:00:19,41762.80,INR,SUCCESS,QR
T1003337,M101,C00906,2026-09-27 20:49:43,64440.15,INR,FAILED,ONLINE
T1003338,M108,C02830,2026-09-27 19:36:37,18846.74,INR,SUCCESS,POS
T1003339,M120,C01003,2026-09-27 20:41:59,2137.17,INR,SUCCESS,QR
T1003340,M101,C01822,2026-09-27 18:47:51,3715.70,INR,SUCCESS,QR
T1003341,M112,C00248,2026-09-27 15:35:18,35479.14,INR,SUCCESS,ONLINE
T1003342,M100,C00483,2026-09-27 14:46:44,2704.26,INR,SUCCESS,ONLINE
T1003343,M102,C01254,2026-09-27 19:06:16,1994.08,INR,FAILED,POS
T1003344,M119,C00868,2026-09-27 13:25:39,51732.72,INR,SUCCESS,ONLINE
T1003345,M102,C00612,2026-09-27 20:00:58,1006.10,INR,SUCCESS,POS
T1003346,M109,C02532,2026-09-27 19:24:12,7505.21,INR,SUCCESS,POS
T1003347,M100,C02405,2026-09-27 08:28:51,2612.97,INR,SUCCESS,POS
T1003348,M113,C00132,2026-09-27 21:04:43,2913.75,INR,SUCCESS,ONLINE
T1003349,M104,C00140,2026-09-27 22:01:07,1006.58,INR,FAILED,POS
T1003350,M117,C01154,2026-09-27 21:45:28,12629.71,INR,REVERSED,QR
T1003351,M105,C01970,2026-09-27 11:16:31,110.18,INR,SUCCESS,POS
T1003352,M112,C02280,2026-09-27 16:43:53,87632.25,INR,SUCCESS,POS
T1003353,M120,C01564,2026-09-27 09:18:39,274.63,INR,FAILED,ONLINE
T1003354,M102,C00183,2026-09-27 20:36:07,1469.43,INR,SUCCESS,ONLINE
T1003355,M117,C00837,2026-09-27 09:41:54,2123.25,INR,SUCCESS,ONLINE
T1003356,M118,C01027,2026-09-27 19:40:42,59601.58,INR,SUCCESS,ONLINE
T1003357,M122,C01638,2026-09-27 14:26:22,820.50,INR,SUCCESS,QR
T1003358,M116,C01138,2026-09-27 13:02:02,4343.47,INR,SUCCESS,QR
T1003359,M103,C01048,2026-09-27 12:09:29,6376.53,INR,SUCCESS,QR
T1003360,M111,C00536,2026-09-27 20:39:32,1546.70,INR,SUCCESS,ONLINE
T1003361,M120,C00119,2026-09-27 13:47:20,3741.79,INR,SUCCESS,QR
T1003362,M111,C00224,2026-09-27 08:21:12,2517.94,INR,SUCCESS,ONLINE
T1003363,M116,C02880,2026-09-27 13:29:25,2320.41,INR,SUCCESS,POS
T1003364,M102,C01249,2026-09-27 13:57:57,592.02,INR,SUCCESS,QR
T1003365,M102,C01245,2026-09-27 19:34:10,1515.86,INR,SUCCESS,QR
T1003366,M113,C00050,2026-09-27 20:01:45,1139.31,INR,SUCCESS,ONLINE
T1003367,M116,C00663,2026-09-27 10:22:39,2483.62,INR,SUCCESS,POS
T1003368,M111,C01791,2026-09-27 23:36:41,2231.86,INR,SUCCESS,ONLINE
T1003369,M104,C02184,2026-09-27 16:02:05,1569.26,INR,SUCCESS,POS
T1003370,M102,C02324,2026-09-27 13:54:49,2127.83,INR,SUCCESS,POS
T1003371,M104,C02528,2026-09-27 13:46:45,2975.33,INR,SUCCESS,POS
T1003372,M113,C02890,2026-09-27 08:42:16,382.55,INR,REVERSED,QR
T1003373,M116,C01026,2026-09-27 09:01:50,3866.84,INR,SUCCESS,POS
T1003374,M104,C01258,2026-09-27 18:41:36,4202.60,INR,FAILED,QR
T1003375,M105,C02035,2026-09-27 11:16:02,2164.42,INR,SUCCESS,ONLINE
T1003376,M104,C00518,2026-09-27 10:05:37,1912.36,INR,SUCCESS,ONLINE
T1003377,M118,C01758,2026-09-27 08:29:16,51197.75,INR,SUCCESS,POS
T1003378,M109,C02302,2026-09-27 19:54:24,53658.00,INR,SUCCESS,ONLINE
T1003379,M113,C01669,2026-09-27 19:46:27,1891.12,INR,SUCCESS,QR
T1003380,M104,C01923,2026-09-27 17:32:17,4366.94,INR,SUCCESS,ONLINE
T1003381,M122,C00942,2026-09-27 08:49:03,1125.62,INR,SUCCESS,POS
T1003382,M113,C00261,2026-09-27 19:29:39,2331.91,INR,FAILED,POS
T1003383,M100,C01132,2026-09-27 10:10:51,1189.66,INR,SUCCESS,QR
T1003384,M113,C01426,2026-09-27 15:25:22,991.93,INR,SUCCESS,QR
T1003385,M115,C01889,2026-09-27 22:00:49,1482.17,INR,SUCCESS,QR
T1003386,M113,C01674,2026-09-27 18:00:52,1608.73,INR,SUCCESS,QR
T1003387,M111,C00439,2026-09-27 09:13:12,3814.69,INR,SUCCESS,ONLINE
T1003388,M122,C00210,2026-09-27 17:24:19,1651.34,INR,SUCCESS,ONLINE
T1003389,M103,C02462,2026-09-27 12:51:18,9237.34,INR,SUCCESS,POS
T1003390,M103,C01806,2026-09-27 22:44:20,5575.05,INR,SUCCESS,QR
T1003391,M101,C00109,2026-09-27 15:53:59,16287.95,INR,SUCCESS,POS
T1003392,M105,C02227,2026-09-27 09:56:43,4847.61,INR,SUCCESS,QR
T1003393,M117,C02007,2026-09-27 08:56:18,9306.86,INR,SUCCESS,QR
T1003394,M100,C00743,2026-09-27 16:49:23,1466.46,INR,FAILED,QR
T1003395,M117,C02461,2026-09-27 21:42:48,17416.06,INR,SUCCESS,QR
T1003396,M117,C00064,2026-09-27 12:54:59,6928.44,INR,SUCCESS,ONLINE
T1003397,M112,C01789,2026-09-27 16:59:11,70820.55,INR,SUCCESS,ONLINE
T1003398,M113,C00155,2026-09-27 20:21:40,609.80,INR,SUCCESS,QR
T1003399,M113,C01243,2026-09-27 16:39:52,1333.22,INR,SUCCESS,ONLINE
T1003400,M101,C01087,2026-09-27 15:13:08,30025.44,INR,SUCCESS,QR
T1003401,M117,C00418,2026-09-27 08:43:21,18299.26,INR,SUCCESS,ONLINE
T1003402,M110,C01350,2026-09-27 13:49:44,5057.48,INR,FAILED,ONLINE
T1003403,M113,C01310,2026-09-27 17:41:30,1214.52,INR,SUCCESS,POS
T1003404,M113,C01662,2026-09-27 18:42:02,1829.44,INR,SUCCESS,POS
T1003405,M117,C00547,2026-09-27 18:33:56,16089.82,INR,SUCCESS,POS
T1003406,M108,C02647,2026-09-27 14:26:47,9656.42,INR,SUCCESS,ONLINE
T1003407,M104,C02650,2026-09-27 13:40:23,2413.02,INR,REVERSED,POS
T1003408,M122,C00115,2026-09-27 19:31:58,2820.58,INR,SUCCESS,POS
T1003409,M103,C00919,2026-09-27 22:39:34,4512.94,INR,SUCCESS,ONLINE
T1003410,M115,C02627,2026-09-27 12:29:39,4350.49,INR,SUCCESS,QR
T1003411,M101,C00910,2026-09-27 18:35:16,32580.25,INR,SUCCESS,QR
T1003412,M119,C02222,2026-09-27 12:40:21,29661.05,INR,SUCCESS,ONLINE
T1003413,M115,C00198,2026-09-27 20:27:18,3037.93,INR,SUCCESS,POS
T1003414,M115,C01521,2026-09-27 15:21:18,1872.19,INR,SUCCESS,POS
T1003415,M122,C01974,2026-09-27 19:30:32,214.09,INR,SUCCESS,QR
T1003416,M105,C02025,2026-09-27 12:28:27,3785.66,INR,SUCCESS,QR
T1003417,M102,C01442,2026-09-27 07:46:21,1896.16,INR,SUCCESS,POS
T1003418,M117,C02933,2026-09-27 19:28:51,1786.88,INR,FAILED,POS
T1003419,M112,C00218,2026-09-27 08:12:23,23246.74,INR,SUCCESS,QR
T1003420,M103,C02707,2026-09-27 12:20:55,8755.46,INR,SUCCESS,ONLINE
T1003421,M115,C01107,2026-09-27 17:32:44,1269.04,INR,SUCCESS,POS
T1003422,M104,C00595,2026-09-27 09:18:09,4499.10,INR,SUCCESS,ONLINE
T1003423,M108,C01366,2026-09-27 11:52:13,17829.15,INR,SUCCESS,POS
T1003424,M101,C00514,2026-09-27 10:54:06,60205.14,INR,FAILED,ONLINE
T1003425,M110,C00915,2026-09-27 18:11:25,50020.77,INR,SUCCESS,POS
T1003426,M101,C02898,2026-09-27 20:42:31,51553.36,INR,FAILED,POS
T1003427,M105,C02721,2026-09-27 17:42:40,131.26,INR,SUCCESS,POS
T1003428,M118,C01522,2026-09-27 19:02:20,30010.02,INR,FAILED,POS
T1003429,M999,C02615,2026-09-27 20:54:25,85559.38,INR,SUCCESS,ONLINE
T1003430,M109,C02873,2026-09-27 15:42:09,41006.23,INR,SUCCESS,QR
T1003431,M112,C02023,2026-09-27 17:39:18,58027.40,INR,SUCCESS,POS
T1003432,M122,C01685,2026-09-27 18:32:16,668.25,INR,SUCCESS,QR
T1003433,M104,C02097,2026-09-27 11:55:22,2894.70,INR,REVERSED,ONLINE
T1003434,M121,C00014,2026-09-27 09:23:22,79711.69,INR,SUCCESS,ONLINE
T1003435,M111,C01354,2026-09-27 18:20:38,2820.04,INR,SUCCESS,ONLINE
T1003436,M117,C01320,2026-09-27 08:26:11,7969.68,INR,SUCCESS,QR
T1003437,M115,C00557,2026-09-27 18:39:29,5538.89,INR,SUCCESS,QR
T1003438,M111,C01663,2026-09-27 12:15:07,1706.18,INR,SUCCESS,QR
T1003439,M113,C01873,2026-09-27 08:13:08,180.75,INR,SUCCESS,ONLINE
T1003440,M117,C01354,2026-09-27 11:48:41,17175.31,INR,SUCCESS,ONLINE
T1003441,M119,C02719,2026-09-27 11:19:22,35358.33,INR,SUCCESS,POS
T1003442,M106,C00370,2026-09-27 18:38:32,1033.23,INR,SUCCESS,ONLINE
T1003443,M102,C00906,2026-09-27 19:20:06,716.44,INR,SUCCESS,QR
T1003444,M100,C01778,2026-09-27 15:47:12,1672.23,XYZ,FAILED,QR
T1003445,M122,C01453,2026-09-27 15:46:47,2539.86,INR,SUCCESS,POS
T1003446,M111,C00687,2026-09-27 20:31:10,1538.31,INR,SUCCESS,POS
T1003447,M104,C02740,2026-09-27 18:50:17,5845.89,INR,SUCCESS,ONLINE
T1003448,M122,C00243,2026-09-27 13:55:52,1166.97,INR,SUCCESS,POS
T1003449,M104,C02571,2026-09-27 14:00:31,5712.29,INR,SUCCESS,QR
T1003450,M102,C01460,2026-09-27 17:55:59,2447.75,INR,SUCCESS,POS
T1003451,M115,C02161,2026-09-27 12:01:08,4083.77,INR,SUCCESS,POS
T1003452,M104,C01379,2026-09-27 15:24:33,4450.63,INR,SUCCESS,ONLINE
T1003453,M103,C02943,2026-09-27 10:35:30,4591.92,INR,SUCCESS,QR
T1003454,M103,C01027,2026-09-27 11:09:46,7334.51,INR,REVERSED,ONLINE
T1003455,M113,C02480,2026-09-28 12:13:37,2382.76,INR,FAILED,ONLINE
T1003456,M115,C01469,2026-09-28 18:42:14,4076.80,INR,REVERSED,ONLINE
T1003457,M118,C00318,2026-09-28 21:10:44,43075.85,INR,SUCCESS,POS
T1003458,M111,C01406,2026-09-28 16:13:33,3179.11,INR,SUCCESS,QR
T1003459,M104,C01942,2026-09-28 21:45:10,1820.54,INR,SUCCESS,POS
T1003460,M116,C01334,2026-09-28 13:44:50,1066.18,INR,SUCCESS,POS
T1003461,M115,C02334,2026-09-28 15:49:22,5785.32,INR,SUCCESS,ONLINE
T1003462,M111,C01146,2026-09-28 14:32:41,1648.46,INR,SUCCESS,POS
T1003463,M120,C02143,2026-09-28 17:48:22,3628.04,INR,FAILED,QR
T1003464,M118,C02327,2026-09-28 11:13:05,5389.27,INR,SUCCESS,POS
T1003465,M122,C00773,2026-09-28 07:19:31,1690.06,INR,REVERSED,ONLINE
T1003466,M117,C02100,2026-09-28 14:00:37,17634.05,INR,SUCCESS,POS
T1003467,M105,C02879,2026-09-28 16:13:13,2095.59,INR,SUCCESS,QR
T1003468,M113,C00494,2026-09-28 18:08:06,1120.73,INR,SUCCESS,POS
T1003469,M100,C00577,2026-09-28 13:41:40,1477.00,INR,SUCCESS,ONLINE
T1003470,M104,C00277,2026-09-28 20:59:33,4531.26,INR,REVERSED,ONLINE
T1003471,M117,C02992,2026-09-28 20:22:23,6144.11,INR,SUCCESS,POS
T1003472,M108,C01797,2026-09-28 15:28:46,18918.07,INR,SUCCESS,POS
T1003473,M118,C00317,2026-09-28 13:29:30,38528.80,INR,SUCCESS,ONLINE
T1003474,M113,C00980,2026-09-28 13:23:10,261.95,INR,SUCCESS,ONLINE
T1003475,M104,C00415,2026-09-28 19:37:03,1517.97,INR,SUCCESS,POS
T1003476,M102,C02667,2026-09-28 16:36:41,729.65,INR,SUCCESS,ONLINE
T1003477,M119,C02790,2026-09-28 13:14:27,19117.15,INR,FAILED,ONLINE
T1003478,M110,C00409,2026-09-28 16:19:24,56188.41,INR,SUCCESS,POS
T1003479,M103,C01673,2026-09-28 10:05:21,14088.73,INR,FAILED,ONLINE
T1003480,M120,C00060,2026-09-28 15:01:55,351.18,INR,SUCCESS,ONLINE
T1003481,M117,C01352,2026-09-28 10:00:11,4082.06,INR,SUCCESS,QR
T1003482,M100,C01556,2026-09-28 13:05:24,3951.05,INR,SUCCESS,POS
T1003483,M108,C01623,2026-09-28 10:03:11,1230.12,INR,SUCCESS,QR
T1003484,M117,C01788,2026-09-28 10:51:35,740.56,INR,SUCCESS,POS
T1003485,M108,C02045,2026-09-28 12:29:25,18597.28,INR,SUCCESS,QR
T1003486,M111,C02721,2026-09-28 18:51:55,2606.20,INR,SUCCESS,ONLINE
T1003487,M111,C01568,2026-09-28 12:25:49,3041.45,INR,SUCCESS,ONLINE
T1003488,M113,C02522,2026-09-28 16:16:30,1351.55,INR,SUCCESS,POS
T1003489,M120,C01580,2026-09-28 19:02:32,2652.35,INR,SUCCESS,POS
T1003490,M108,C00897,2026-09-28 12:18:54,4951.22,INR,SUCCESS,POS
T1003491,M110,C00274,2026-09-28 15:40:33,28036.06,INR,SUCCESS,POS
T1003492,M100,C01539,2026-09-28 11:27:53,3420.33,INR,FAILED,POS
T1003493,M116,C00169,2026-09-28 15:41:06,3056.26,INR,SUCCESS,QR
T1003494,M113,C02942,2026-09-28 18:55:59,1314.51,INR,SUCCESS,ONLINE
T1003495,M105,C02059,2026-09-28 11:45:24,4403.49,INR,SUCCESS,ONLINE
T1003496,M113,C02714,2026-09-28 19:28:23,1508.85,INR,SUCCESS,QR
T1003497,M108,C01346,2026-09-28 16:18:27,17045.06,INR,SUCCESS,POS
T1003498,M100,C00915,2026-09-28 18:42:57,3882.48,INR,SUCCESS,ONLINE
T1003499,M105,C02858,2026-09-28 08:52:14,3938.17,INR,SUCCESS,ONLINE
T1003500,M105,C01551,2026-09-28 09:32:06,4951.83,INR,SUCCESS,POS
T1003501,M121,C00225,2026-09-28 08:05:44,76463.44,INR,SUCCESS,POS
T1003502,M115,C01984,2026-09-28 12:55:17,1400.64,INR,SUCCESS,ONLINE
T1003503,M108,C00089,2026-09-28 16:19:40,12351.22,INR,SUCCESS,ONLINE
T1003504,M104,C02004,2026-09-28 11:08:48,2452.91,INR,SUCCESS,POS
T1003505,M116,C02053,2026-09-28 12:10:49,790.05,INR,SUCCESS,QR
T1003506,M102,C00617,2026-09-28 21:12:56,2472.42,INR,SUCCESS,POS
T1003507,M103,C00356,2026-09-28 15:41:53,4378.32,INR,SUCCESS,POS
T1003508,M104,C02799,2026-09-28 13:08:22,1201.24,INR,SUCCESS,QR
T1003509,M100,C00455,2026-09-28 08:48:33,438.30,INR,SUCCESS,POS
T1003510,M105,C01071,2026-09-28 13:14:57,1303.98,INR,SUCCESS,ONLINE
T1003511,M102,C01707,2026-09-28 15:38:48,1223.30,INR,SUCCESS,ONLINE
T1003512,M101,C01417,2026-09-28 11:34:31,3958.47,INR,SUCCESS,POS
T1003513,M112,C00175,2026-09-28 11:28:34,3690.13,INR,FAILED,QR
T1003514,M100,C00067,2026-09-28 13:24:56,2707.81,INR,SUCCESS,POS
T1003515,M109,C02253,2026-09-28 13:48:55,25558.81,INR,SUCCESS,ONLINE
T1003516,,C00032,2026-09-28 15:24:44,6252.58,INR,SUCCESS,ONLINE
T1003517,M113,C01601,2026-09-28 19:15:42,2339.33,INR,SUCCESS,QR
T1003518,M102,C02865,2026-09-28 10:46:41,1237.03,INR,SUCCESS,POS
T1003519,M122,C01858,2026-09-28 13:05:06,1328.14,INR,SUCCESS,ONLINE
T1003520,M113,C01425,2026-09-28 13:41:23,1804.25,INR,SUCCESS,POS
T1003521,M120,C02698,2026-09-28 14:22:37,2857.98,INR,SUCCESS,QR
T1003522,M104,C01017,2026-09-28 09:56:31,1016.78,INR,SUCCESS,POS
T1003523,M120,C00630,2026-09-28 19:12:34,1623.85,INR,SUCCESS,QR
T1003524,M113,C02186,2026-09-28 17:53:24,2892.80,INR,SUCCESS,ONLINE
T1003525,M102,C02344,2026-09-28 14:40:24,1855.36,INR,SUCCESS,ONLINE
T1003526,M113,C01165,2026-09-28 09:37:30,263.15,INR,SUCCESS,ONLINE
T1003527,M110,C02430,2026-09-28 12:01:25,48135.37,INR,SUCCESS,ONLINE
T1003528,M120,C01013,2026-09-28 14:20:57,3571.31,INR,SUCCESS,QR
T1003529,,C00993,2026-09-28 13:45:39,4803.37,INR,SUCCESS,POS
T1003530,M105,C02864,2026-09-28 12:31:03,1062.97,INR,SUCCESS,ONLINE
T1003531,M111,C02311,2026-09-28 11:55:54,174.33,INR,SUCCESS,POS
T1003532,M119,C01368,2026-09-28 10:29:59,55626.89,INR,SUCCESS,POS
T1003533,M113,C01601,2026-09-28 12:03:07,2117.65,INR,SUCCESS,POS
T1003534,M121,C02486,2026-09-28 12:47:42,69479.07,INR,SUCCESS,QR
T1003535,M112,C00175,2026-09-28 13:30:32,37422.32,INR,SUCCESS,POS
T1003536,M111,C00022,2026-09-28 19:42:57,2455.19,INR,SUCCESS,QR
T1003537,M111,C00026,2026-09-28 08:23:01,696.08,INR,SUCCESS,ONLINE
T1003538,M109,C02195,2026-09-28 08:24:49,11133.80,INR,SUCCESS,QR
T1003539,M117,C01481,2026-09-28 13:35:33,19725.64,INR,SUCCESS,ONLINE
T1003540,M102,C01994,2026-09-28 12:59:17,2933.46,INR,SUCCESS,POS
T1003541,M106,C00868,2026-09-28 11:15:50,596.13,INR,SUCCESS,POS
T1003542,M111,C01813,2026-09-28 10:55:09,3327.32,INR,SUCCESS,ONLINE
T1003543,M106,C01100,2026-09-28 13:10:01,1073.63,INR,SUCCESS,ONLINE
T1003544,M101,C02931,2026-09-28 18:59:55,67868.55,INR,SUCCESS,QR
T1003545,M111,C02239,2026-09-28 22:41:09,1568.93,INR,SUCCESS,ONLINE
T1003546,M101,C00429,2026-09-28 17:49:21,56809.24,INR,SUCCESS,POS
T1003547,M105,C01203,2026-09-28 15:37:16,1392.21,INR,SUCCESS,POS
T1003548,M102,C02431,2026-09-28 08:19:30,1511.74,INR,SUCCESS,ONLINE
T1003549,M102,C02622,2026-09-28 19:31:40,2624.00,INR,SUCCESS,QR
T1003550,M117,C00323,2026-09-28 19:15:36,15236.42,INR,SUCCESS,POS
T1003551,M100,C01658,2026-09-28 14:37:15,3830.52,INR,SUCCESS,ONLINE
T1003552,M122,C01177,2026-09-28 11:37:46,1092.76,INR,SUCCESS,POS
T1003553,M100,C01819,2026-09-28 13:40:03,1136.10,INR,REVERSED,ONLINE
T1003554,M112,C02836,2026-09-28 22:53:40,54174.38,INR,SUCCESS,POS
T1003555,M110,C02757,2026-09-28 18:32:03,69775.61,INR,SUCCESS,POS
T1003556,M102,C01088,2026-09-28 19:27:44,2860.00,INR,SUCCESS,QR
T1003557,M114,C00078,2026-09-28 16:41:43,13097.66,INR,SUCCESS,POS
T1003558,M120,C02484,2026-09-28 23:23:11,941.93,INR,SUCCESS,QR
T1003559,M109,C01838,2026-09-28 13:00:59,38346.96,INR,SUCCESS,POS
T1003560,M113,C00907,2026-09-28 20:12:24,1018.73,INR,SUCCESS,ONLINE
T1003561,M121,C01431,2026-09-28 20:18:29,43843.33,INR,SUCCESS,ONLINE
T1003562,M108,C02932,2026-09-28 08:37:08,14614.70,INR,SUCCESS,POS
T1003563,M116,C00633,2026-09-28 12:03:32,4976.77,INR,SUCCESS,QR
T1003564,M102,C00353,2026-09-28 13:08:52,2801.36,INR,SUCCESS,ONLINE
T1003565,M110,C01801,2026-09-28 19:00:45,22254.64,INR,SUCCESS,QR
T1003566,M110,C00399,2026-09-28 19:32:05,17360.52,INR,SUCCESS,POS
T1003567,M122,C01497,2026-09-28 16:34:14,1671.72,INR,SUCCESS,QR
T1003568,M122,C00253,2026-09-28 18:53:30,1417.92,INR,SUCCESS,ONLINE
T1003569,M121,C02162,2026-09-28 12:28:25,72347.01,INR,SUCCESS,POS
T1003570,M113,C02859,2026-09-28 16:10:42,1835.48,INR,SUCCESS,ONLINE
T1003571,M108,C01729,2026-09-28 13:22:17,9082.59,INR,SUCCESS,QR
T1003572,M122,C01567,2026-09-28 14:06:09,1165.27,INR,SUCCESS,ONLINE
T1003573,M117,C02352,2026-09-28 14:16:28,14764.60,INR,FAILED,ONLINE
T1003574,M112,C00686,2026-09-28 19:45:10,85035.75,INR,SUCCESS,POS
T1003575,M122,C00942,2026-09-28 20:16:42,2469.70,INR,SUCCESS,POS
T1003576,M116,C02027,2026-09-28 12:42:28,2582.92,INR,SUCCESS,QR
T1003577,M104,C02782,2026-09-28 13:56:00,2797.37,INR,SUCCESS,QR
T1003578,M113,C00745,2026-09-28 08:02:38,753.63,INR,SUCCESS,QR
T1003579,M115,C02661,2026-09-28 14:45:41,4646.10,XYZ,SUCCESS,ONLINE
T1003580,M104,C00216,2026-09-28 11:35:37,4134.19,INR,SUCCESS,POS
T1003581,M101,C02528,2026-09-28 09:35:15,7620.07,INR,SUCCESS,QR
T1003582,M108,C00527,2026-09-28 14:19:15,5825.25,INR,SUCCESS,POS
T1003583,M116,C02437,2026-09-28 20:56:29,151.51,INR,SUCCESS,QR
T1003584,M114,C00622,2026-09-28 16:29:09,7303.04,INR,SUCCESS,ONLINE
T1003585,M101,C01571,2026-09-28 13:25:11,51975.97,INR,FAILED,ONLINE
T1003586,M108,C01759,2026-09-29 12:20:21,17361.67,INR,SUCCESS,QR
T1003587,M108,C01629,2026-09-29 18:53:39,4778.58,INR,FAILED,ONLINE
T1003588,M112,C02435,2026-09-29 19:44:37,9739.73,INR,SUCCESS,QR
T1003589,M119,C00729,2026-09-29 10:35:09,18749.74,INR,SUCCESS,QR
T1003590,M117,C00935,2026-09-29 12:28:51,15853.96,INR,SUCCESS,ONLINE
T1003591,M119,C02684,2026-09-29 19:08:38,65491.03,INR,SUCCESS,POS
T1003592,M112,C01657,2026-09-29 17:42:46,51256.98,INR,SUCCESS,ONLINE
T1003593,M101,C02173,2026-09-29 19:14:11,80402.95,INR,SUCCESS,ONLINE
T1003594,M105,C01815,2026-09-29 21:51:44,4947.98,INR,SUCCESS,ONLINE
T1003595,M102,C01830,2026-09-29 20:14:13,423.71,INR,SUCCESS,ONLINE
T1003596,M102,C02578,2026-09-29 22:09:53,395.09,INR,FAILED,ONLINE
T1003597,M112,C00131,2026-09-29 11:23:30,41941.50,INR,SUCCESS,ONLINE
T1003598,M118,C00212,2026-09-29 20:54:06,59939.59,INR,SUCCESS,QR
T1003599,M111,C02287,2026-09-29 15:58:12,2516.66,INR,SUCCESS,QR
T1003600,M108,C00360,2026-09-29 19:41:05,7810.94,INR,SUCCESS,POS
T1003601,M111,C02804,2026-09-29 22:19:41,1860.03,INR,SUCCESS,ONLINE
T1003602,M104,C01757,2026-09-29 17:55:22,2385.31,INR,SUCCESS,POS
T1003603,M114,C02089,2026-09-29 20:18:37,1084.09,INR,SUCCESS,POS
T1003604,M122,C00538,2026-09-29 13:35:05,1567.12,INR,SUCCESS,POS
T1003605,M114,C01659,2026-09-29 18:39:56,9250.12,INR,SUCCESS,POS
T1003606,M113,C00259,2026-09-29 20:20:20,2730.05,INR,SUCCESS,POS
T1003607,M122,C02648,2026-09-29 16:49:03,844.98,INR,FAILED,QR
T1003608,M114,C01134,2026-09-29 12:36:41,7923.93,INR,SUCCESS,POS
T1003609,M112,C01289,2026-09-29 12:35:16,7883.10,INR,SUCCESS,ONLINE
T1003610,M118,C02871,2026-09-29 16:28:43,31570.98,INR,SUCCESS,POS
T1003611,M102,C02160,2026-09-29 17:29:08,2501.30,INR,SUCCESS,POS
T1003612,M105,C00610,2026-09-29 16:49:48,4364.14,INR,SUCCESS,ONLINE
T1003613,M121,C00673,2026-09-29 20:44:14,9315.48,INR,SUCCESS,ONLINE
T1003614,M100,C00298,2026-09-29 12:57:55,977.96,INR,SUCCESS,ONLINE
T1003615,M111,C02641,2026-09-29 17:45:14,161.81,INR,SUCCESS,QR
T1003616,M108,C00505,2026-09-29 18:54:43,12636.48,INR,SUCCESS,ONLINE
T1003617,M122,C02497,2026-09-29 18:42:26,2151.05,INR,SUCCESS,POS
T1003618,M105,C01970,2026-09-29 09:32:25,2802.03,INR,SUCCESS,POS
T1003619,M117,C01172,2026-09-29 09:08:22,16051.30,INR,SUCCESS,ONLINE
T1003620,M113,C02576,2026-09-29 12:43:48,798.57,INR,SUCCESS,ONLINE
T1003621,M117,C01358,2026-09-29 10:28:31,18471.20,INR,SUCCESS,POS
T1003622,M122,C02993,2026-09-29 12:06:30,2373.82,INR,SUCCESS,ONLINE
T1003623,M106,C00226,2026-09-29 14:20:19,2925.48,INR,SUCCESS,ONLINE
T1003624,M117,C00974,2026-09-29 16:22:44,11121.72,INR,SUCCESS,ONLINE
T1003625,M101,C00888,2026-09-29 10:29:03,40896.47,INR,SUCCESS,POS
T1003626,M101,C01159,2026-09-29 14:01:59,71631.12,INR,SUCCESS,ONLINE
T1003627,M118,C01138,2026-09-29 23:17:49,19174.67,INR,SUCCESS,ONLINE
T1003628,M109,C01308,2026-09-29 19:09:46,45880.96,INR,SUCCESS,ONLINE
T1003629,M109,C01891,2026-09-29 18:49:49,44524.92,INR,SUCCESS,POS
T1003630,M113,C02375,2026-09-29 15:34:20,666.94,INR,SUCCESS,POS
T1003631,M119,C02943,2026-09-29 07:50:00,5930.50,INR,SUCCESS,ONLINE
T1003632,M103,C02395,2026-09-29 16:04:26,12958.99,INR,SUCCESS,ONLINE
T1003633,M117,C01322,2026-09-29 11:37:13,13516.80,INR,SUCCESS,QR
T1003634,M114,C00019,2026-09-29 09:44:37,6988.10,INR,SUCCESS,QR
T1003635,M124,C00391,2026-09-29 21:06:13,10598.19,,SUCCESS,ONLINE
T1003636,M104,C01600,2026-09-29 09:38:51,1941.47,INR,SUCCESS,POS
T1003637,M118,C00815,2026-09-29 10:10:30,7411.41,INR,SUCCESS,POS
T1003638,M115,C00368,2026-09-29 23:30:12,2956.14,INR,SUCCESS,QR
T1003639,M105,C01329,2026-09-29 07:01:11,1511.46,INR,SUCCESS,QR
T1003640,M104,C00038,2026-09-29 11:23:22,356.27,INR,SUCCESS,POS
T1003641,M117,C01035,2026-09-29 12:33:49,5311.95,INR,SUCCESS,ONLINE
T1003642,M108,C02631,2026-09-29 13:20:06,17051.88,INR,SUCCESS,POS
T1003643,M112,C02014,2026-09-29 18:58:57,2734.57,INR,SUCCESS,QR
T1003644,M120,C02923,2026-09-29 10:53:43,1853.16,INR,SUCCESS,POS
T1003645,M116,C02256,2026-09-29 17:07:28,2932.42,INR,SUCCESS,ONLINE
T1003646,M104,C01554,2026-09-29 20:02:20,4690.18,INR,SUCCESS,ONLINE
T1003647,M108,C02681,2026-09-29 21:47:42,4857.91,INR,SUCCESS,POS
T1003648,M113,C00433,2026-09-29 12:45:56,651.55,INR,SUCCESS,QR
T1003649,M109,C01124,2026-09-29 10:06:30,27036.06,INR,SUCCESS,QR
T1003650,M105,C00388,2026-09-29 17:33:59,2322.31,INR,SUCCESS,POS
T1003651,M110,C02924,2026-09-29 10:00:12,23394.00,INR,SUCCESS,POS
T1003652,M103,C02354,2026-09-29 16:42:55,11237.33,INR,SUCCESS,ONLINE
T1003653,M117,C00078,2026-09-29 10:25:35,8856.15,INR,SUCCESS,POS
T1003654,M113,C02057,2026-09-29 09:44:49,315.90,INR,SUCCESS,QR
T1003655,M100,C02482,2026-09-29 22:55:35,3893.40,INR,SUCCESS,ONLINE
T1003656,M110,C00105,2026-09-29 13:16:17,25253.82,INR,SUCCESS,POS
T1003657,M104,C00726,2026-09-29 07:24:45,2462.91,INR,SUCCESS,QR
T1003658,M121,C02036,2026-09-29 13:13:13,47788.75,INR,REVERSED,POS
T1003659,M104,C01819,2026-09-29 12:51:32,5805.84,INR,SUCCESS,POS
T1003660,M108,C01525,2026-09-29 09:44:47,18816.89,INR,SUCCESS,QR
T1003661,M104,C00789,2026-09-29 07:46:29,344.84,INR,FAILED,ONLINE
T1003662,M106,C00868,2026-09-29 23:02:48,1971.60,INR,FAILED,QR
T1003663,M113,C00235,2026-09-29 13:10:24,2810.95,INR,SUCCESS,POS
T1003664,M100,C01871,2026-09-29 17:37:38,1245.29,INR,SUCCESS,POS
T1003665,M120,C00946,2026-09-29 17:59:45,2248.49,INR,SUCCESS,POS
T1003666,M100,C01930,2026-09-29 11:28:42,1295.39,INR,SUCCESS,POS
T1003667,M100,C00412,2026-09-29 15:09:16,2342.18,INR,SUCCESS,POS
T1003668,M122,C02082,2026-09-29 11:37:06,1874.08,INR,SUCCESS,ONLINE
T1003669,M115,C00697,2026-09-29 15:18:47,4031.74,INR,SUCCESS,QR
T1003670,M105,C02226,2026-09-29 18:20:57,2345.20,INR,SUCCESS,ONLINE
T1003671,M103,C00957,2026-09-29 20:25:48,11488.86,INR,SUCCESS,POS
T1003672,M118,C00095,2026-09-29 15:39:19,32078.27,INR,SUCCESS,POS
T1003673,M122,C01144,2026-09-29 14:05:48,1336.51,INR,SUCCESS,QR
T1003674,M121,C00972,2026-09-29 14:13:00,15515.32,INR,SUCCESS,ONLINE
T1003675,M104,C00771,2026-09-29 09:40:30,2132.82,INR,SUCCESS,POS
T1003676,M101,C02875,2026-09-29 15:21:37,23911.49,INR,SUCCESS,ONLINE
T1003677,M124,C02237,2026-09-29 12:58:47,6600.89,INR,SUCCESS,QR
T1003678,M104,C02395,2026-09-29 10:20:42,5837.26,INR,SUCCESS,QR
T1003679,M104,C01835,2026-09-29 13:27:40,456.14,INR,SUCCESS,POS
T1003680,M111,C01780,2026-09-29 21:18:49,705.55,INR,SUCCESS,ONLINE
T1003681,M113,C02415,2026-09-29 10:59:58,885.80,INR,SUCCESS,QR
T1003682,M108,C01052,2026-09-29 21:45:54,10515.98,INR,SUCCESS,QR
T1003683,M117,C01559,2026-09-29 20:16:37,11488.17,INR,SUCCESS,POS
T1003684,M111,C01908,2026-09-29 14:21:26,1822.78,INR,SUCCESS,ONLINE
T1003685,M105,C01047,2026-09-29 23:28:14,499.23,INR,SUCCESS,ONLINE
T1003686,M119,C02338,2026-09-29 20:30:56,6512.43,INR,SUCCESS,ONLINE
T1003687,M103,C00667,2026-09-29 23:03:25,618.78,INR,SUCCESS,POS
T1003688,M117,C02050,2026-09-29 15:30:00,17750.08,INR,SUCCESS,ONLINE
T1003689,M115,C01008,2026-09-29 17:40:06,3187.80,INR,REVERSED,POS
T1003690,M112,C01454,2026-09-29 17:20:18,53305.58,INR,SUCCESS,POS
T1003691,M112,C00609,2026-09-29 12:22:32,80611.46,INR,SUCCESS,POS
T1003692,M101,C01824,2026-09-29 13:56:30,7688.04,INR,SUCCESS,POS
T1003693,M111,C02608,2026-09-29 12:28:31,1688.65,INR,SUCCESS,POS
T1003694,M117,C01300,2026-09-29 18:33:59,5556.95,INR,SUCCESS,QR
T1003695,M122,C01586,2026-09-29 14:26:37,2024.01,INR,SUCCESS,POS
T1003696,M108,C02157,2026-09-29 20:03:37,7465.27,INR,SUCCESS,QR
T1003697,M108,C01835,2026-09-29 17:05:39,9259.25,INR,SUCCESS,POS
T1003698,M104,C00374,2026-09-29 16:44:40,3338.10,INR,SUCCESS,POS
T1003699,M113,C02059,2026-09-29 08:25:28,2496.68,INR,SUCCESS,QR
T1003700,M114,C00952,2026-09-29 10:11:36,9844.25,INR,SUCCESS,ONLINE
T1003701,M111,C01051,2026-09-29 09:09:24,1012.40,INR,SUCCESS,POS
T1003702,M108,C01467,2026-09-29 19:11:28,5357.86,INR,SUCCESS,POS
T1003703,M117,C00928,2026-09-29 18:52:43,796.80,INR,SUCCESS,QR
T1003704,M108,C01479,2026-09-29 21:11:25,14879.18,INR,FAILED,ONLINE
T1003705,M104,C01576,2026-09-29 12:09:34,524.24,INR,SUCCESS,ONLINE
T1003706,M103,C02245,2026-09-29 16:39:58,8604.43,INR,SUCCESS,QR
T1003707,M104,C02097,2026-09-29 12:22:16,3198.12,INR,SUCCESS,ONLINE
T1003708,M109,C01968,2026-09-29 15:55:31,58845.52,INR,SUCCESS,ONLINE
T1003709,M108,C02117,2026-09-29 14:13:42,4636.38,INR,SUCCESS,POS
T1003710,M124,C00218,2026-09-29 13:51:14,9880.90, inr ,SUCCESS,ONLINE
T1003711,M111,C00061,2026-09-29 08:48:09,514.48,INR,SUCCESS,ONLINE
T1003712,M103,C01793,2026-09-30 21:56:16,6094.31,INR,SUCCESS,ONLINE
T1003713,M101,C02948,2026-09-30 12:33:24,26659.02,INR,SUCCESS,POS
T1003714,M112,C01207,2026-09-30 13:58:00,9217.37,INR,SUCCESS,POS
T1003715,M117,C01799,2026-09-30 10:53:53,14382.19,INR,SUCCESS,POS
T1003716,M112,C02838,2026-09-30 11:39:04,10122.98,INR,SUCCESS,ONLINE
T1003717,M117,C01656,2026-09-30 19:04:30,5699.91,INR,SUCCESS,ONLINE
T1003718,M117,C02946,2026-09-30 10:40:14,7764.34,INR,SUCCESS,POS
T1003719,M105,C01708,2026-09-30 10:17:39,3028.91,INR,SUCCESS,QR
T1003720,M116,C02622,2026-09-30 08:02:58,4727.41,INR,SUCCESS,POS
T1003721,M108,C01009,2026-09-30 15:52:41,12947.04,INR,SUCCESS,POS
T1003722,M101,C02017,2026-09-30 19:40:27,38994.83,INR,SUCCESS,POS
T1003723,M113,C01532,2026-09-30 11:19:30,449.64,INR,SUCCESS,ONLINE
T1003724,M100,C01109,2026-09-30 10:05:25,2333.24,INR,SUCCESS,QR
T1003725,M108,C01000,2026-09-30 22:19:43,5597.16,INR,SUCCESS,QR
T1003726,M114,C02229,2026-09-30 12:44:55,6598.35,INR,SUCCESS,ONLINE
T1003727,M100,C02913,2026-09-30 09:55:16,3344.07,INR,SUCCESS,POS
T1003728,M122,C02178,2026-09-30 11:00:52,2821.47,INR,SUCCESS,QR
T1003729,M101,C01310,2026-09-30 14:16:22,62826.02,INR,REVERSED,ONLINE
T1003730,M102,C01064,2026-09-30 16:32:10,927.01,INR,SUCCESS,POS
T1003731,M122,C01168,2026-09-30 11:22:14,586.45,INR,SUCCESS,POS
T1003732,M111,C02609,2026-09-30 14:04:15,1344.76,INR,SUCCESS,ONLINE
T1003733,M115,C00061,2026-09-30 13:40:57,2059.05,INR,FAILED,ONLINE
T1003734,M116,C01401,2026-09-30 11:29:38,4230.64,INR,SUCCESS,POS
T1003735,M111,C00784,2026-09-30 19:20:13,3300.48,INR,REVERSED,QR
T1003736,M103,C02322,2026-09-30 16:07:12,14794.81,INR,SUCCESS,ONLINE
T1003737,M114,C01224,2026-09-30 10:58:41,6870.07,INR,SUCCESS,ONLINE
T1003738,M102,C01275,2026-09-30 21:34:09,558.96,INR,SUCCESS,ONLINE
T1003739,M114,C02873,2026-09-30 21:23:40,7060.91,INR,SUCCESS,QR
T1003740,M104,C02108,2026-09-30 17:06:12,2928.02,INR,SUCCESS,QR
T1003741,M100,C00447,2026-09-30 19:55:43,3525.86,INR,FAILED,ONLINE
T1003742,M100,C01614,2026-09-30 12:14:58,617.91,INR,SUCCESS,QR
T1003743,M121,C02603,2026-09-30 20:02:39,28583.52,INR,SUCCESS,ONLINE
T1003744,M115,C01329,2026-09-30 12:30:24,2290.76,INR,FAILED,QR
T1003745,M112,C00928,2026-09-30 16:12:50,38148.01,INR,SUCCESS,QR
T1003746,M112,C02897,2026-09-30 17:11:42,65410.07,INR,SUCCESS,POS
T1003747,M122,C00103,2026-09-30 16:31:33,2559.72,INR,SUCCESS,ONLINE
T1003748,M100,C00239,2026-09-30 18:41:40,3357.94,XYZ,SUCCESS,QR
T1003749,M100,C02519,2026-09-30 10:07:30,1638.78,INR,FAILED,ONLINE
T1003750,M111,C00078,2026-09-30 18:06:51,3697.08,INR,SUCCESS,POS
T1003751,M105,C01419,2026-09-30 12:49:37,375.07,INR,SUCCESS,POS
T1003752,M117,C01231,2026-09-30 17:37:59,13258.27,INR,SUCCESS,ONLINE
T1003753,M104,C00230,2026-09-30 19:38:25,1830.39,INR,SUCCESS,POS
T1003754,M104,C02046,2026-09-30 12:19:00,5434.16,INR,SUCCESS,ONLINE
T1003755,M102,C00125,2026-09-30 10:28:25,540.48,INR,SUCCESS,ONLINE
T1003756,M100,C00335,2026-09-30 19:53:01,144.91,INR,SUCCESS,POS
T1003757,M113,C00311,2026-09-30 14:14:13,1899.54,INR,SUCCESS,POS
T1003758,M116,C00438,2026-09-30 15:39:41,2198.50,INR,SUCCESS,POS
T1003759,M106,C00393,2026-09-30 11:41:47,902.62,INR,SUCCESS,POS
T1003760,M115,C02564,2026-09-30 10:57:49,5971.62,INR,SUCCESS,QR
T1003761,M100,C01033,2026-09-30 09:56:40,2122.60,INR,SUCCESS,ONLINE
T1003762,M122,C01345,2026-09-30 12:47:03,1983.69,INR,SUCCESS,ONLINE
T1003763,M121,C02728,2026-09-30 16:42:49,58076.61,INR,FAILED,QR
T1003764,M101,C02872,2026-09-30 17:00:16,80501.23,INR,SUCCESS,POS
T1003765,M122,C01176,2026-09-30 17:36:07,1394.82,INR,SUCCESS,QR
T1003766,M104,C00373,2026-09-30 18:42:45,5556.18,INR,SUCCESS,ONLINE
T1003767,M105,C00310,2026-09-30 18:46:47,2023.80,INR,SUCCESS,POS
T1003768,M999,C00618,2026-09-30 09:45:15,13781.97,INR,REVERSED,ONLINE
T1003769,M108,C00516,2026-09-30 13:47:14,17358.34,INR,SUCCESS,POS
T1003770,M116,C02902,2026-09-30 19:06:46,3069.86,INR,REVERSED,ONLINE
T1003771,M101,C01857,2026-09-30 18:02:39,78067.61,INR,SUCCESS,POS
T1003772,M102,C02079,2026-09-30 12:20:21,1152.47,INR,SUCCESS,QR
T1003773,M120,C01395,2026-09-30 19:45:13,3254.78,INR,SUCCESS,ONLINE
T1003774,M116,C01970,2026-09-30 18:09:45,3873.21,INR,SUCCESS,ONLINE
T1003775,M101,C02163,2026-09-30 20:01:33,66250.72,INR,SUCCESS,ONLINE
T1003776,M111,C01263,2026-09-30 12:15:17,2021.98,INR,REVERSED,ONLINE
T1003777,M124,C00583,2026-09-30 09:42:13,9720.86,INR,SUCCESS,POS
T1003778,M102,C01344,2026-09-30 19:23:06,1926.27,INR,SUCCESS,ONLINE
T1003779,M124,C00983,2026-09-30 13:21:40,5508.07,INR,SUCCESS,POS
T1003780,M112,C02799,2026-09-30 07:04:00,55025.31,INR,SUCCESS,QR
T1003781,M112,C02150,2026-09-30 17:34:24,42826.28,INR,SUCCESS,POS
T1003782,M102,C02907,2026-09-30 11:58:08,2335.46,INR,SUCCESS,POS
T1003783,M121,C01452,2026-09-30 18:42:49,81715.08,INR,SUCCESS,QR
T1003784,M100,C02850,2026-09-30 11:27:24,1731.28,INR,REVERSED,POS
T1003785,M111,C01894,2026-09-30 19:22:48,1511.56,INR,SUCCESS,POS
T1003786,M103,C02294,2026-09-30 07:09:46,11280.79,INR,SUCCESS,POS
T1003787,M107,C01302,2026-09-30 20:13:11,10726.57,INR,FAILED,ONLINE
T1003788,M122,C02023,2026-09-30 19:47:49,1032.72,INR,SUCCESS,QR
T1003789,M113,C02839,2026-09-30 11:45:15,1537.00,INR,SUCCESS,ONLINE
T1003790,M120,C00421,2026-09-30 09:35:09,474.56,INR,SUCCESS,ONLINE
T1003791,M121,C01968,2026-09-30 14:08:34,33790.22,INR,SUCCESS,QR
T1003792,M100,C00432,2026-09-30 07:15:39,2271.03,INR,SUCCESS,ONLINE
T1003793,M120,C02924,2026-09-30 19:30:22,2546.63,INR,SUCCESS,ONLINE
T1003794,M119,C01101,2026-09-30 17:46:28,10540.61,INR,SUCCESS,POS
T1003795,M113,C01287,2026-09-30 10:26:27,348.04,INR,SUCCESS,POS
T1003796,M119,C02256,2026-09-30 18:14:33,37370.01,INR,SUCCESS,ONLINE
T1003797,M122,C02349,2026-09-30 12:33:04,2453.99,INR,SUCCESS,POS
T1003798,M112,C01504,2026-09-30 18:25:43,49661.79,INR,FAILED,POS
T1003799,M111,C00254,2026-09-30 20:51:23,3031.56,INR,SUCCESS,QR
T1003800,M105,C00503,2026-09-30 15:38:48,1396.13,INR,FAILED,POS
T1003801,M111,C00810,2026-09-30 13:49:46,567.34,INR,SUCCESS,QR
T1003802,M104,C02822,2026-09-30 12:55:02,2521.32,INR,SUCCESS,POS
T1003803,M111,C00343,2026-09-30 17:31:12,3272.04,INR,FAILED,ONLINE
T1003804,M120,C01841,2026-09-30 13:54:13,758.67,INR,SUCCESS,POS
T1003805,M114,C02022,2026-09-30 09:25:53,11498.36,INR,SUCCESS,POS
T1003806,M121,C02966,2026-09-30 06:39:55,5132.56,INR,SUCCESS,QR
T1003807,M121,C02105,2026-09-30 15:27:09,35868.68,INR,SUCCESS,POS
T1003808,M101,C00810,2026-09-30 17:58:16,86549.89,INR,SUCCESS,ONLINE
T1003809,M104,C01621,2026-09-30 16:58:50,5722.44,INR,SUCCESS,POS
T1003810,M111,C02578,2026-09-30 18:19:28,1701.75,INR,SUCCESS,QR
T1003811,M111,C00583,2026-09-30 12:54:55,3713.59,INR,FAILED,ONLINE
T1003812,M104,C00779,2026-09-30 21:11:46,5741.61,INR,SUCCESS,ONLINE
T1003813,M109,C00841,2026-09-30 15:46:55,23784.76,INR,SUCCESS,QR
T1003814,M111,C02231,2026-09-30 19:09:49,2931.67,INR,SUCCESS,QR
T1003815,M111,C01066,2026-09-30 17:10:36,2613.59,INR,SUCCESS,QR
T1003816,M116,C00278,2026-09-30 14:56:57,4818.85,INR,SUCCESS,QR
T1003817,M103,C01474,2026-09-30 12:10:12,1125.77,INR,SUCCESS,ONLINE
T1003818,M102,C01521,2026-09-30 17:18:04,767.45,INR,FAILED,POS
T1003819,M100,C00877,2026-09-30 18:23:02,895.98,INR,SUCCESS,POS
T1003820,M101,C01299,2026-09-30 19:24:02,73062.38,INR,FAILED,POS
T1003821,M112,C02815,2026-09-30 09:18:22,35647.22,INR,SUCCESS,ONLINE
T1003822,M119,C02517,2026-09-30 11:16:34,63644.45,INR,SUCCESS,POS
T1003823,M108,C02365,2026-09-30 12:11:02,11794.95,inr,SUCCESS,POS
T1003824,M103,C01139,2026-09-30 20:19:37,933.63,INR,SUCCESS,POS
T1003825,M102,C00073,2026-09-30 14:28:51,626.13,INR,SUCCESS,POS
T1003826,M113,C02992,2026-09-30 12:59:36,289.45,INR,SUCCESS,POS
T1003827,M109,C02217,2026-09-30 11:15:05,45621.58,INR,SUCCESS,ONLINE
T1003828,M117,C00157,2026-09-30 20:00:18,16157.12,INR,SUCCESS,POS
T1003829,M112,C01530,2026-09-30 20:52:36,71592.59,INR,REVERSED,ONLINE
T1001,M100,C00001,2026-09-02 10:00:00,10000.00,INR,SUCCESS,POS
