event_id,transaction_id,event_type,event_ts,ingestion_ts,processing_ms
E1002824,T1000992,AUTHORIZED,2026-09-08 11:39:26,2026-09-08 11:39:35,2495
E1003750,T1001318,AUTHORIZED,2026-09-11 12:25:42,2026-09-11 12:25:52,293
E1010126,T1003590,SETTLED,2026-09-29 12:36:51,2026-09-29 12:36:55,1710
E1002677,T1000941,AUTHORIZED,2026-09-08 21:03:47,2026-09-08 21:03:54,2170
E1000996,T1000350,AUTHORIZED,2026-09-03 10:58:20,2026-09-03 10:58:29,740
E1000619,T1000217,SETTLED,2026-09-02 08:43:00,2026-09-02 08:43:09,1766
E1010628,T1003766,AUTHORIZED,2026-09-30 18:42:58,2026-09-30 18:43:04,1051
E1002271,T1000796,SETTLED,2026-09-07 23:04:57,2026-09-07 23:05:00,1489
E1010519,T1003727,AUTHORIZED,2026-09-30 09:55:41,2026-09-30 09:55:50,1717
E1004498,T1001582,CREATED,2026-09-13 13:23:43,2026-09-13 13:23:53,1618
E1010722,T1003800,CREATED,2026-09-30 15:38:48,2026-09-30 15:38:53,2292
E1010002,T1003547,CREATED,2026-09-28 15:37:16,2026-09-28 15:37:26,205
E1007525,T1002672,SETTLED,2026-09-22 19:08:46,2026-09-22 19:08:54,970
E1009270,T1003288,SETTLED,2026-09-26 22:13:23,2026-09-26 22:13:32,566
E1009487,T1003364,AUTHORIZED,2026-09-27 13:58:27,2026-09-27 13:58:31,2379
E1002607,T1000916,CREATED,2026-09-08 10:55:20,2026-09-08 10:55:25,1017
E1002241,T1000785,CREATED,2026-09-07 15:00:51,2026-09-07 15:00:53,1883
E1006349,T1002245,AUTHORIZED,2026-09-19 13:17:06,2026-09-19 13:31:06,193
E1001378,T1000484,FAILED,2026-09-05 12:17:13,2026-09-05 12:17:19,1957
E1009466,T1003357,AUTHORIZED,2026-09-27 14:26:37,2026-09-27 14:26:41,279
E1010070,T1003570,SETTLED,2026-09-28 16:13:42,2026-09-28 16:13:48,1525
E1003717,T1001305,CREATED,2026-09-11 12:33:01,2026-09-11 12:33:07,947
E1008189,T1002905,CREATED,2026-09-24 22:08:47,2026-09-24 22:08:54,327
E1006114,T1002161,AUTHORIZED,2026-09-18 19:05:38,2026-09-18 19:05:44,1292
E1006835,T1002425,SETTLED,2026-09-20 11:51:16,2026-09-20 11:51:17,1329
E1002921,T1001026,CREATED,2026-09-09 09:22:05,2026-09-09 09:22:15,999
E1008804,T1003123,AUTHORIZED,2026-09-25 19:01:32,2026-09-25 19:01:40,2375
E1005326,T1001880,SETTLED,2026-09-16 12:20:02,2026-09-16 12:20:03,229
E1005972,T1002109,CREATED,2026-09-18 19:37:57,2026-09-18 19:38:02,749
E1003208,T1001126,CREATED,2026-09-10 19:23:41,2026-09-10 19:23:47,93
E1006568,T1002326,SETTLED,2026-09-19 20:18:32,2026-09-19 20:18:38,2215
E1003021,T1001060,SETTLED,2026-09-09 14:44:04,2026-09-09 14:44:06,1038
E1004722,T1001661,CREATED,2026-09-14 13:35:11,2026-09-14 13:35:12,943
E1005681,T1002007,AUTHORIZED,2026-09-17 10:51:55,2026-09-17 10:52:03,2195
E1001802,T1000632,CREATED,2026-09-06 09:11:25,2026-09-06 09:11:35,661
E1005942,T1002099,CREATED,2026-09-17 12:14:06,2026-09-17 12:14:13,1421
E1005990,T1002116,CREATED,2026-09-18 16:48:21,2026-09-18 16:48:22,2183
E1000790,T1000278,CREATED,2026-09-03 12:30:11,2026-09-03 12:30:16,1506
E1003536,T1001241,SETTLED,2026-09-11 21:28:48,2026-09-11 21:28:53,876
E1009638,T1003417,AUTHORIZED,2026-09-27 07:46:51,2026-09-27 07:46:55,1968
E1000229,T1000080,SETTLED,2026-09-01 08:07:29,2026-09-01 08:07:31,538
E1001676,T1000588,SETTLED,2026-09-05 10:22:47,2026-09-05 10:22:48,1388
E1007653,T1002718,SETTLED,2026-09-22 10:21:11,2026-09-22 10:21:13,379
E1008630,T1003062,CREATED,2026-09-25 12:04:10,2026-09-25 12:04:12,1472
E1008086,T1002869,SETTLED,2026-09-23 07:18:03,2026-09-23 07:18:08,1315
E1001509,T1000530,SETTLED,2026-09-05 09:20:41,2026-09-05 09:20:42,1009
E1003065,T1001076,CREATED,2026-09-09 12:57:17,2026-09-09 12:57:23,2153
E1003955,T1001389,SETTLED,2026-09-12 08:58:40,2026-09-12 08:58:46,2189
E1008283,T1002939,CREATED,2026-09-24 06:24:12,2026-09-24 06:24:20,2392
E1008476,T1003008,AUTHORIZED,2026-09-25 08:39:55,2026-09-25 08:40:01,1889
E1003686,T1001294,CREATED,2026-09-11 17:43:37,2026-09-11 17:43:38,493
E1009429,T1003344,CREATED,2026-09-27 13:25:39,2026-09-27 13:25:41,1774
E1010135,T1003593,SETTLED,2026-09-29 19:20:11,2026-09-29 19:20:19,517
E1008976,T1003185,CREATED,2026-09-26 19:44:56,2026-09-26 19:45:06,2257
E1008936,T1003170,AUTHORIZED,2026-09-26 16:06:26,2026-09-26 16:06:27,2274
E1006703,T1002378,CREATED,2026-09-19 17:24:43,2026-09-19 17:24:48,1376
E1006501,T1002302,CREATED,2026-09-19 20:26:38,2026-09-19 20:26:43,2482
E1001471,T1000517,AUTHORIZED,2026-09-05 15:04:08,2026-09-05 15:04:13,1990
E1007439,T1002641,CREATED,2026-09-21 18:08:35,2026-09-21 18:08:45,1338
E1001799,T1000631,CREATED,2026-09-06 13:52:15,2026-09-06 13:52:16,795
E1004633,T1001629,AUTHORIZED,2026-09-13 18:27:46,2026-09-13 19:02:46,734
E1008362,T1002967,SETTLED,2026-09-24 13:49:50,2026-09-24 13:49:58,604
E1007574,T1002689,SETTLED,2026-09-22 13:11:19,2026-09-22 13:11:21,1017
E1003323,T1001166,CREATED,2026-09-10 10:16:12,2026-09-10 10:16:18,1554
E1006732,T1002388,SETTLED,2026-09-19 18:47:44,2026-09-19 18:47:47,648
E1000903,T1000318,AUTHORIZED,2026-09-03 17:47:42,2026-09-03 17:47:47,796
E1007690,T1002732,AUTHORIZED,2026-09-22 11:21:28,2026-09-22 11:21:30,1839
E1005690,T1002011,CREATED,2026-09-17 18:54:02,2026-09-17 18:54:12,2059
E1006870,T1002438,CREATED,2026-09-20 19:18:58,2026-09-20 19:19:06,2498
E1004682,T1001646,AUTHORIZED,2026-09-14 12:11:03,2026-09-14 12:11:08,1521
E1002756,T1000968,SETTLED,2026-09-08 09:47:28,2026-09-08 09:47:35,1327
E1008125,T1002883,SETTLED,2026-09-23 12:32:23,2026-09-23 12:32:29,1440
E1005043,T1001777,CREATED,2026-09-15 20:09:50,2026-09-15 20:09:53,1469
E1008942,T1003172,SETTLED,2026-09-26 17:19:36,2026-09-26 17:19:38,278
E1006253,T1002212,CREATED,2026-09-18 16:04:25,2026-09-18 16:04:33,2227
E1004307,T1001513,AUTHORIZED,2026-09-13 20:38:54,2026-09-13 20:39:02,761
E1001672,T1000587,AUTHORIZED,2026-09-05 19:45:29,2026-09-05 20:29:29,1886
E1007342,T1002606,CREATED,2026-09-21 13:08:58,2026-09-21 13:09:01,201
E1006521,T1002309,CREATED,2026-09-19 09:11:25,2026-09-19 09:11:31,262
E1001958,T1000686,CREATED,2026-09-06 19:28:11,2026-09-06 19:28:16,1706
E1007293,T1002589,CREATED,2026-09-21 18:38:32,2026-09-21 18:38:33,1509
E1008336,T1002958,AUTHORIZED,2026-09-24 20:31:08,2026-09-24 20:31:15,890
E1010612,T1003760,SETTLED,2026-09-30 11:21:49,2026-09-30 11:21:59,1012
E1006706,T1002379,CREATED,2026-09-19 21:04:12,2026-09-19 21:04:22,509
E1001192,T1000421,CREATED,2026-09-04 07:12:01,2026-09-04 07:12:06,1774
E1006867,T1002437,CREATED,2026-09-20 11:52:25,2026-09-20 11:52:35,1161
E1005351,T1001889,SETTLED,2026-09-16 19:29:29,2026-09-16 19:29:30,539
E1007610,T1002703,CREATED,2026-09-22 18:26:06,2026-09-22 18:26:12,2446
E1002487,T1000873,AUTHORIZED,2026-09-07 09:05:16,2026-09-07 09:05:17,602
E1001252,T1000441,CREATED,2026-09-04 11:14:14,2026-09-04 11:14:20,2189
E1003126,T1001097,AUTHORIZED,2026-09-09 12:26:13,2026-09-09 12:26:19,942
E1006104,T1002158,CREATED,2026-09-18 20:20:28,2026-09-18 20:20:31,1785
E1006299,T1002227,SETTLED,2026-09-19 23:28:53,2026-09-19 23:29:01,2197
E1003257,T1001143,AUTHORIZED,2026-09-10 09:28:29,2026-09-10 09:28:31,835
E1004283,T1001505,CREATED,2026-09-13 18:17:07,2026-09-13 18:17:14,1797
E1005082,T1001791,AUTHORIZED,2026-09-15 08:09:29,2026-09-15 08:09:36,150
E1010572,T1003746,SETTLED,2026-09-30 17:32:42,2026-09-30 17:32:46,88
E1009145,T1003245,CREATED,2026-09-26 12:05:38,2026-09-26 12:05:43,1428
E1003648,T1001280,AUTHORIZED,2026-09-11 17:03:52,2026-09-11 17:03:53,2220
E1004075,T1001433,AUTHORIZED,2026-09-12 19:13:24,2026-09-12 19:13:32,1451
E1009357,T1003318,AUTHORIZED,2026-09-27 17:47:25,2026-09-27 17:47:28,1263
E1002500,T1000877,SETTLED,2026-09-07 15:02:43,2026-09-07 15:37:43,2293
E1000791,T1000278,AUTHORIZED,2026-09-03 12:30:13,2026-09-03 12:30:15,353
E1008750,T1003103,CREATED,2026-09-25 20:15:28,2026-09-25 20:15:30,612
E1004310,T1001514,AUTHORIZED,2026-09-13 18:25:17,2026-09-13 18:25:18,2103
E1003530,T1001239,SETTLED,2026-09-11 11:07:41,2026-09-11 11:07:49,2326
E1000763,T1000268,AUTHORIZED,2026-09-03 15:46:33,2026-09-03 15:46:41,1589
E1007878,T1002797,AUTHORIZED,2026-09-23 18:39:31,2026-09-23 18:39:36,708
E1007681,T1002729,CREATED,2026-09-22 10:26:32,2026-09-22 10:26:40,246
E1010351,T1003669,CREATED,2026-09-29 15:18:47,2026-09-29 15:18:52,1222
E1006221,T1002199,SETTLED,2026-09-18 22:03:03,2026-09-18 22:03:05,921
E1005418,T1001913,SETTLED,2026-09-16 21:18:49,2026-09-16 21:18:50,2083
E1007856,T1002789,SETTLED,2026-09-23 11:56:55,2026-09-23 11:57:05,2348
E1006907,T1002451,SETTLED,2026-09-20 10:52:31,2026-09-20 11:05:31,2450
E1007445,T1002643,CREATED,2026-09-21 22:35:12,2026-09-21 22:35:22,1278
E1010483,T1003715,AUTHORIZED,2026-09-30 10:54:07,2026-09-30 10:54:17,1211
E1001588,T1000558,SETTLED,2026-09-05 16:25:34,2026-09-05 16:25:44,1383
E1002324,T1000815,SETTLED,2026-09-07 15:27:45,2026-09-07 15:27:49,160
E1010725,T1003801,AUTHORIZED,2026-09-30 13:49:53,2026-09-30 13:49:55,2222
E1001818,T1000637,SETTLED,2026-09-06 08:34:16,2026-09-06 08:34:18,340
E1008882,T1003150,AUTHORIZED,2026-09-26 11:49:18,2026-09-26 11:49:19,1175
E1006235,T1002204,SETTLED,2026-09-18 14:53:58,2026-09-18 14:54:04,2008
E1004123,T1001449,SETTLED,2026-09-12 18:07:18,2026-09-12 18:07:27,2235
E1001992,T1000697,AUTHORIZED,2026-09-06 12:03:59,2026-09-06 12:04:00,662
E1000112,T1000040,CREATED,2026-09-01 19:33:49,2026-09-01 19:33:51,2171
E1006821,T1002421,CREATED,2026-09-20 11:38:39,2026-09-20 11:38:47,1402
E1008268,T1002933,CREATED,2026-09-24 19:38:25,2026-09-24 19:38:34,432
E1007083,T1002514,FAILED,2026-09-20 12:09:29,2026-09-20 12:09:37,1773
E1001905,T1000667,AUTHORIZED,2026-09-06 10:05:13,2026-09-06 10:05:19,562
E1007952,T1002823,CREATED,2026-09-23 22:36:32,2026-09-23 22:36:41,2121
E1003367,T1001181,AUTHORIZED,2026-09-10 12:05:22,2026-09-10 12:05:26,1330
E1004350,T1001529,AUTHORIZED,2026-09-13 19:37:52,2026-09-13 19:38:02,1027
E1003427,T1001202,CREATED,2026-09-10 11:55:43,2026-09-10 11:55:52,737
E1005370,T1001896,CREATED,2026-09-16 11:15:48,2026-09-16 11:15:52,78
E1001515,T1000532,SETTLED,2026-09-05 14:11:04,2026-09-05 14:11:12,159
E1003964,T1001392,SETTLED,2026-09-12 12:34:22,2026-09-12 12:34:32,2271
E1006512,T1002306,CREATED,2026-09-19 09:08:56,2026-09-19 09:09:04,863
E1001990,T1000696,SETTLED,2026-09-06 19:30:19,2026-09-06 19:30:20,1566
E1002184,T1000765,SETTLED,2026-09-06 20:31:19,2026-09-06 20:31:25,1052
E1007769,T1002759,SETTLED,2026-09-22 22:59:08,2026-09-22 22:59:13,1358
E1009470,T1003358,SETTLED,2026-09-27 13:23:02,2026-09-27 14:31:02,196
E1004654,T1001636,SETTLED,2026-09-14 11:05:05,2026-09-14 11:05:07,1437
E1001023,T1000361,CREATED,2026-09-04 19:10:21,2026-09-04 19:10:30,1126
E1000865,T1000305,CREATED,2026-09-03 11:17:08,2026-09-03 11:53:08,1431
E1009140,T1003243,AUTHORIZED,2026-09-26 12:10:36,2026-09-26 12:10:40,1181
E1008211,T1002912,AUTHORIZED,2026-09-24 10:27:27,2026-09-24 10:27:37,814
E1005171,T1001823,AUTHORIZED,2026-09-15 10:19:54,2026-09-15 10:19:55,1116
E1005215,T1001839,CREATED,2026-09-15 14:19:38,2026-09-15 14:19:48,1070
E1002678,T1000941,SETTLED,2026-09-08 21:16:30,2026-09-08 21:16:39,1614
E1002375,T1000833,SETTLED,2026-09-07 21:00:58,2026-09-07 21:01:01,671
E1004028,T1001416,AUTHORIZED,2026-09-12 11:54:01,2026-09-12 11:54:11,1858
E1008011,T1002843,SETTLED,2026-09-23 19:20:04,2026-09-23 19:20:10,1469
E1004853,T1001708,CREATED,2026-09-14 17:42:26,2026-09-14 17:42:27,46
E1001180,T1000416,SETTLED,2026-09-04 16:11:09,2026-09-04 16:11:19,1674
E1008554,T1003035,SETTLED,2026-09-25 10:57:29,2026-09-25 10:57:39,319
E1000562,T1000198,CREATED,2026-09-02 08:09:47,2026-09-02 08:09:48,1982
E1007923,T1002813,CREATED,2026-09-23 10:26:57,2026-09-23 10:26:59,2337
E1009703,T1003440,SETTLED,2026-09-27 12:16:41,2026-09-27 12:16:51,742
E1009733,T1003451,CREATED,2026-09-27 12:01:08,2026-09-27 12:01:16,1902
E1004871,T1001714,CREATED,2026-09-14 10:03:39,2026-09-14 10:03:45,1563
E1010297,T1003649,CREATED,2026-09-29 10:06:30,2026-09-29 10:06:35,962
E1008493,T1003014,SETTLED,2026-09-25 21:24:46,2026-09-25 21:24:49,71
E1002659,T1000934,AUTHORIZED,2026-09-08 19:19:36,2026-09-08 19:19:40,2031
E1006192,T1002189,SETTLED,2026-09-18 09:39:52,2026-09-18 09:40:01,77
E1000722,T1000254,CREATED,2026-09-03 15:33:11,2026-09-03 15:33:16,1403
E1002030,T1000711,SETTLED,2026-09-06 08:20:37,2026-09-06 08:20:45,285
E1002863,T1001006,CREATED,2026-09-09 20:57:13,2026-09-09 20:57:19,1860
E1000336,T1000119,AUTHORIZED,2026-09-01 12:15:00,2026-09-01 12:15:08,2335
E1003636,T1001276,CREATED,2026-09-11 20:12:16,2026-09-11 20:12:23,493
E1010348,T1003668,CREATED,2026-09-29 11:37:06,2026-09-29 11:37:07,78
E1001728,T1000606,AUTHORIZED,2026-09-05 09:35:12,2026-09-05 09:35:19,1124
E1009402,T1003333,SETTLED,2026-09-27 16:38:00,2026-09-27 17:16:00,1081
E1003224,T1001131,SETTLED,2026-09-10 11:15:42,2026-09-10 11:15:46,1277
E1005749,T1002032,CREATED,2026-09-17 21:59:42,2026-09-17 21:59:50,909
E1004020,T1001413,SETTLED,2026-09-12 20:03:06,2026-09-12 20:03:16,78
E1009533,T1003380,AUTHORIZED,2026-09-27 17:32:18,2026-09-27 17:32:19,431
E1008481,T1003010,CREATED,2026-09-25 12:54:22,2026-09-25 12:54:26,751
E1007969,T1002828,SETTLED,2026-09-23 12:15:40,2026-09-23 12:15:50,355
E1001403,T1000493,SETTLED,2026-09-05 16:20:16,2026-09-05 16:20:20,743
E1002612,T1000917,SETTLED,2026-09-08 13:05:03,2026-09-08 13:05:04,1933
E1010231,T1003627,CREATED,2026-09-29 23:17:49,2026-09-29 23:17:58,1138
E1001157,T1000409,CREATED,2026-09-04 13:05:57,2026-09-04 13:06:05,328
E1000423,T1000149,AUTHORIZED,2026-09-02 15:50:58,2026-09-02 15:51:06,462
E1002885,T1001014,CREATED,2026-09-09 08:09:23,2026-09-09 08:09:33,667
E1003156,T1001108,CREATED,2026-09-10 07:47:10,2026-09-10 07:47:19,872
E1008034,T1002851,FAILED,2026-09-23 20:43:03,2026-09-23 20:43:10,1891
E1001191,T1000420,SETTLED,2026-09-04 21:17:52,2026-09-04 21:17:54,204
E1005097,T1001796,AUTHORIZED,2026-09-15 21:14:43,2026-09-15 21:14:44,441
E1001584,T1000557,AUTHORIZED,2026-09-05 18:00:12,2026-09-05 18:00:20,1557
E1004509,T1001585,SETTLED,2026-09-13 15:44:54,2026-09-13 15:45:04,1748
E1008806,T1003124,CREATED,2026-09-25 20:53:47,2026-09-25 20:53:52,47
E1007142,T1002534,SETTLED,2026-09-20 21:19:34,2026-09-20 21:19:44,1563
E1008103,T1002876,CREATED,2026-09-23 18:41:04,2026-09-23 18:41:11,51
E1004894,T1001722,SETTLED,2026-09-14 21:23:00,2026-09-14 21:23:02,1725
E1001470,T1000517,CREATED,2026-09-05 15:03:38,2026-09-05 15:03:44,265
E1001930,T1000676,AUTHORIZED,2026-09-06 07:15:55,2026-09-06 07:16:02,843
E1008855,T1003140,SETTLED,2026-09-26 19:07:56,2026-09-26 19:08:01,153
E1005404,T1001908,AUTHORIZED,2026-09-16 14:53:43,2026-09-16 14:53:46,609
E1004561,T1001603,SETTLED,2026-09-13 14:25:24,2026-09-13 14:25:33,1457
E1003925,T1001378,AUTHORIZED,2026-09-12 18:56:10,2026-09-12 18:56:17,810
E1009001,T1003194,CREATED,2026-09-26 10:36:47,2026-09-26 10:36:53,261
E1000358,T1000126,SETTLED,2026-09-01 12:32:41,2026-09-01 12:32:47,743
E1009271,T1003289,CREATED,2026-09-26 18:18:26,2026-09-26 18:53:26,1539
E1008128,T1002884,SETTLED,2026-09-23 09:31:51,2026-09-23 09:31:57,672
E1000312,T1000110,AUTHORIZED,2026-09-01 11:09:34,2026-09-01 11:09:38,433
E1005848,T1002066,AUTHORIZED,2026-09-17 12:28:42,2026-09-17 12:28:45,1610
E1003377,T1001184,SETTLED,2026-09-10 08:53:16,2026-09-10 08:53:19,646
E1008163,T1002896,AUTHORIZED,2026-09-24 14:21:13,2026-09-24 14:21:17,454
E1005379,T1001899,CREATED,2026-09-16 13:10:18,2026-09-16 13:10:28,1699
E1002723,T1000957,CREATED,2026-09-08 12:10:24,2026-09-08 12:10:32,592
E1004637,T1001630,SETTLED,2026-09-13 09:49:56,2026-09-13 09:50:01,399
E1003940,T1001383,FAILED,2026-09-12 12:05:55,2026-09-12 12:06:01,576
E1000885,T1000311,SETTLED,2026-09-03 14:57:48,2026-09-03 14:57:50,787
E1004259,T1001497,CREATED,2026-09-13 09:18:38,2026-09-13 09:18:39,264
E1003913,T1001374,CREATED,2026-09-12 14:12:26,2026-09-12 14:12:36,67
E1004384,T1001541,AUTHORIZED,2026-09-13 14:47:59,2026-09-13 14:48:09,2226
E1005396,T1001905,AUTHORIZED,2026-09-16 22:55:18,2026-09-16 22:55:23,1105
E1000775,T1000272,AUTHORIZED,2026-09-03 11:06:22,2026-09-03 11:06:27,1992
E1000636,T1000224,CREATED,2026-09-02 18:04:32,2026-09-02 18:04:38,1377
E1008843,T1003136,SETTLED,2026-09-26 16:18:37,2026-09-26 16:18:47,354
E1001176,T1000415,AUTHORIZED,2026-09-04 16:18:59,2026-09-04 16:19:05,799
E1001829,T1000641,SETTLED,2026-09-06 13:57:56,2026-09-06 13:58:04,808
E1001144,T1000404,SETTLED,2026-09-04 20:21:48,2026-09-04 20:21:58,1738
E1009660,T1003425,AUTHORIZED,2026-09-27 18:11:27,2026-09-27 18:11:33,153
E1007485,T1002657,AUTHORIZED,2026-09-21 17:37:51,2026-09-21 17:37:52,2250
E1005149,T1001815,AUTHORIZED,2026-09-15 12:59:28,2026-09-15 12:59:30,1065
E1008139,T1002888,AUTHORIZED,2026-09-24 15:25:46,2026-09-24 15:25:54,2209
E1003479,T1001221,AUTHORIZED,2026-09-10 08:08:38,2026-09-10 08:08:43,361
E1001851,T1000649,CREATED,2026-09-06 11:26:25,2026-09-06 11:26:32,893
E1000008,T1000003,AUTHORIZED,2026-09-01 13:10:38,2026-09-01 13:10:41,2246
E1009893,T1003509,SETTLED,2026-09-28 09:07:33,2026-09-28 09:07:43,193
E1008911,T1003160,SETTLED,2026-09-26 20:24:37,2026-09-26 20:24:42,1746
E1000388,T1000136,SETTLED,2026-09-02 20:12:38,2026-09-02 21:09:38,2277
E1007470,T1002652,AUTHORIZED,2026-09-21 14:03:35,2026-09-21 14:03:41,135
E1002117,T1000742,SETTLED,2026-09-06 13:06:51,2026-09-06 13:07:00,2067
E1006609,T1002342,AUTHORIZED,2026-09-19 18:45:30,2026-09-19 18:45:38,2109
E1001334,T1000469,AUTHORIZED,2026-09-05 09:22:26,2026-09-05 09:22:31,1169
E1006634,T1002351,CREATED,2026-09-19 20:13:24,2026-09-19 20:13:30,1015
E1000284,T1000100,AUTHORIZED,2026-09-01 19:02:11,2026-09-01 19:02:14,905
E1004314,T1001515,SETTLED,2026-09-13 21:58:18,2026-09-13 21:58:22,1789
E1001922,T1000673,SETTLED,2026-09-06 08:23:45,2026-09-06 08:23:55,1592
E1007702,T1002736,AUTHORIZED,2026-09-22 10:07:30,2026-09-22 10:07:40,2241
E1005733,T1002026,SETTLED,2026-09-17 17:51:19,2026-09-17 17:51:29,1644
E1009767,T1003464,CREATED,2026-09-28 11:13:05,2026-09-28 11:13:14,1927
E1001783,T1000625,AUTHORIZED,2026-09-06 17:33:57,2026-09-06 17:34:00,1493
E1002250,T1000788,SETTLED,2026-09-07 18:43:40,2026-09-07 18:43:47,1724
E1004612,T1001621,AUTHORIZED,2026-09-13 18:46:21,2026-09-13 18:46:30,779
E1007494,T1002660,FAILED,2026-09-21 11:44:25,2026-09-21 11:44:29,1382
E1000718,T1000252,SETTLED,2026-09-03 20:18:30,2026-09-03 21:18:30,2379
E1000444,T1000156,AUTHORIZED,2026-09-02 13:00:13,2026-09-02 13:00:14,2307
E1004142,T1001456,AUTHORIZED,2026-09-12 22:49:48,2026-09-12 22:49:58,1213
E1000694,T1000244,CREATED,2026-09-03 13:43:38,2026-09-03 13:43:44,239
E1010587,T1003752,CREATED,2026-09-30 17:37:59,2026-09-30 17:38:06,1034
E1008396,T1002980,CREATED,2026-09-24 12:03:27,2026-09-24 12:03:29,1577
E1009461,T1003355,SETTLED,2026-09-27 11:11:54,2026-09-27 11:12:00,1973
E1003540,T1001243,CREATED,2026-09-11 18:01:48,2026-09-11 18:01:52,2078
E1005812,T1002053,AUTHORIZED,2026-09-17 20:18:37,2026-09-17 20:18:40,1319
E1003642,T1001278,AUTHORIZED,2026-09-11 18:36:24,2026-09-11 18:36:32,2055
E1006086,T1002150,CREATED,2026-09-18 17:10:47,2026-09-18 17:10:53,2297
E1001098,T1000389,AUTHORIZED,2026-09-04 08:11:10,2026-09-04 08:11:18,122
E1001974,T1000691,AUTHORIZED,2026-09-06 15:59:39,2026-09-06 15:59:43,752
E1008497,T1003016,CREATED,2026-09-25 15:22:48,2026-09-25 15:22:51,1796
E1004362,T1001533,AUTHORIZED,2026-09-13 13:26:50,2026-09-13 13:26:51,301
E1010621,T1003764,CREATED,2026-09-30 17:00:16,2026-09-30 17:00:25,828
E1008934,T1003169,SETTLED,2026-09-26 10:04:25,2026-09-26 10:04:32,1446
E1009264,T1003286,SETTLED,2026-09-26 13:50:45,2026-09-26 13:50:54,1112
E1007667,T1002724,CREATED,2026-09-22 11:09:46,2026-09-22 11:09:55,884
E1005153,T1001816,SETTLED,2026-09-15 15:09:57,2026-09-15 15:10:06,2273
E1002429,T1000852,SETTLED,2026-09-07 10:02:37,2026-09-07 10:02:38,72
E1004884,T1001719,AUTHORIZED,2026-09-14 12:08:46,2026-09-14 12:08:51,966
E1008628,T1003061,AUTHORIZED,2026-09-25 20:10:13,2026-09-25 20:10:16,1014
E1009510,T1003372,CREATED,2026-09-27 08:42:16,2026-09-27 08:42:20,1738
E1008372,T1002971,AUTHORIZED,2026-09-24 16:02:42,2026-09-24 16:02:46,2293
E1010353,T1003669,SETTLED,2026-09-29 15:43:47,2026-09-29 15:43:51,1131
E1000323,T1000114,CREATED,2026-09-01 14:44:38,2026-09-01 14:44:48,2028
E1004875,T1001715,SETTLED,2026-09-14 15:44:04,2026-09-14 15:44:14,1747
E1002071,T1000726,AUTHORIZED,2026-09-06 19:44:15,2026-09-06 19:44:25,1980
E1001697,T1000596,CREATED,2026-09-05 09:26:00,2026-09-05 09:26:07,1458
E1010645,T1003773,CREATED,2026-09-30 19:45:13,2026-09-30 19:45:16,726
E1002070,T1000726,CREATED,2026-09-06 19:43:58,2026-09-06 19:44:01,2426
E1009528,T1003378,SETTLED,2026-09-27 20:18:24,2026-09-27 20:18:26,2224
E1006649,T1002356,SETTLED,2026-09-19 09:37:21,2026-09-19 09:37:23,1529
E1003507,T1001231,AUTHORIZED,2026-09-11 13:39:21,2026-09-11 13:39:29,718
E1004569,T1001606,AUTHORIZED,2026-09-13 11:15:17,2026-09-13 11:15:26,1878
E1005729,T1002025,AUTHORIZED,2026-09-17 20:13:16,2026-09-17 20:13:22,499
E1005250,T1001852,AUTHORIZED,2026-09-15 15:23:48,2026-09-15 15:23:49,484
E1002925,T1001027,AUTHORIZED,2026-09-09 09:02:46,2026-09-09 09:02:48,2412
E1009221,T1003271,SETTLED,2026-09-26 07:01:02,2026-09-26 07:01:10,1997
E1003385,T1001187,SETTLED,2026-09-10 11:07:07,2026-09-10 11:07:14,356
E1008323,T1002954,CREATED,2026-09-24 18:55:49,2026-09-24 18:55:53,796
E1006798,T1002412,CREATED,2026-09-20 22:49:31,2026-09-20 22:49:36,1019
E1001089,T1000385,SETTLED,2026-09-04 10:35:06,2026-09-04 10:35:14,1371
E1007834,T1002782,CREATED,2026-09-23 10:35:10,2026-09-23 10:35:12,942
E1001604,T1000564,AUTHORIZED,2026-09-05 13:30:28,2026-09-05 13:30:35,822
E1002832,T1000995,AUTHORIZED,2026-09-08 13:35:49,2026-09-08 13:35:55,1701
E1004774,T1001680,CREATED,2026-09-14 18:29:56,2026-09-14 18:30:06,430
E1001164,T1000411,AUTHORIZED,2026-09-04 15:03:43,2026-09-04 15:03:45,1456
E1009951,T1003529,SETTLED,2026-09-28 13:51:39,2026-09-28 13:51:49,2384
E1008501,T1003017,AUTHORIZED,2026-09-25 08:59:21,2026-09-25 08:59:25,2338
E1008851,T1003139,AUTHORIZED,2026-09-26 06:52:44,2026-09-26 07:51:44,1453
E1003316,T1001163,SETTLED,2026-09-10 10:06:51,2026-09-10 10:06:52,61
E1005470,T1001933,CREATED,2026-09-16 20:20:09,2026-09-16 20:20:18,2338
E1004291,T1001507,SETTLED,2026-09-13 11:26:37,2026-09-13 11:26:46,1354
E1009389,T1003329,CREATED,2026-09-27 18:21:59,2026-09-27 18:22:09,940
E1000024,T1000009,CREATED,2026-09-01 20:49:15,2026-09-01 20:49:20,913
E1002685,T1000944,CREATED,2026-09-08 10:58:17,2026-09-08 11:47:17,2107
E1006078,T1002147,AUTHORIZED,2026-09-18 20:16:50,2026-09-18 20:16:54,715
E1006754,T1002397,CREATED,2026-09-20 19:26:56,2026-09-20 19:26:58,792
E1002302,T1000807,SETTLED,2026-09-07 15:00:21,2026-09-07 15:00:27,290
E1007631,T1002710,AUTHORIZED,2026-09-22 17:52:45,2026-09-22 17:52:49,1186
E1008714,T1003091,CREATED,2026-09-25 12:19:50,2026-09-25 12:19:52,247
E1002325,T1000816,CREATED,2026-09-07 18:49:32,2026-09-07 18:49:40,1982
E1000198,T1000070,CREATED,2026-09-01 12:28:26,2026-09-01 12:28:27,1364
E1001030,T1000363,FAILED,2026-09-04 16:32:26,2026-09-04 16:32:36,265
E1002649,T1000930,SETTLED,2026-09-08 20:42:36,2026-09-08 20:42:45,1214
E1005861,T1002070,SETTLED,2026-09-17 20:17:25,2026-09-17 20:17:35,1942
E1000620,T1000218,CREATED,2026-09-02 13:22:23,2026-09-02 13:22:28,652
E1003908,T1001372,CREATED,2026-09-12 15:50:17,2026-09-12 15:50:25,309
E1006236,T1002205,CREATED,2026-09-18 08:28:35,2026-09-18 08:28:44,1704
E1000623,T1000219,AUTHORIZED,2026-09-02 14:33:47,2026-09-02 14:33:54,1958
E1005890,T1002080,AUTHORIZED,2026-09-17 12:20:31,2026-09-17 12:20:41,1086
E1010429,T1003696,CREATED,2026-09-29 20:03:37,2026-09-29 20:03:42,2495
E1009817,T1003482,SETTLED,2026-09-28 13:11:24,2026-09-28 13:11:28,2280
E1008140,T1002888,SETTLED,2026-09-24 15:44:36,2026-09-24 15:44:42,2313
E1008909,T1003160,CREATED,2026-09-26 20:13:37,2026-09-26 20:13:46,686
E1007982,T1002833,CREATED,2026-09-23 08:50:38,2026-09-23 08:50:47,179
E1001222,T1000431,CREATED,2026-09-04 22:00:57,2026-09-04 22:01:03,1459
E1004581,T1001610,AUTHORIZED,2026-09-13 19:02:48,2026-09-13 19:02:51,986
E1003723,T1001307,AUTHORIZED,2026-09-11 20:23:52,2026-09-11 20:23:59,2433
E1000851,T1000300,AUTHORIZED,2026-09-03 18:20:29,2026-09-03 18:20:33,1278
E1008152,T1002892,SETTLED,2026-09-24 19:25:04,2026-09-24 19:25:10,404
E1003420,T1001199,AUTHORIZED,2026-09-10 20:32:14,2026-09-10 20:32:22,1820
E1010528,T1003730,SETTLED,2026-09-30 16:52:10,2026-09-30 16:52:20,599
E1005665,T1002001,FAILED,2026-09-17 19:14:42,2026-09-17 19:14:46,1267
E1004638,T1001631,CREATED,2026-09-13 18:34:50,2026-09-13 18:35:00,2232
E1009736,T1003452,CREATED,2026-09-27 15:24:33,2026-09-27 15:24:41,1722
E1008528,T1003026,SETTLED,2026-09-25 09:10:10,2026-09-25 09:10:11,174
E1010335,T1003663,AUTHORIZED,2026-09-29 13:10:32,2026-09-29 14:11:32,1510
E1003388,T1001188,SETTLED,2026-09-10 14:04:18,2026-09-10 14:04:27,2378
E1008241,T1002923,AUTHORIZED,2026-09-24 12:04:13,2026-09-24 12:04:16,1356
E1009182,T1003257,FAILED,2026-09-26 11:58:44,2026-09-26 11:58:46,198
E1001279,T1000451,CREATED,2026-09-04 11:48:26,2026-09-04 11:48:35,1398
E1002861,T1001005,AUTHORIZED,2026-09-09 11:16:26,2026-09-09 11:16:28,788
E1004616,T1001622,SETTLED,2026-09-13 18:11:44,2026-09-13 18:11:53,654
E1009381,T1003326,AUTHORIZED,2026-09-27 19:20:23,2026-09-27 19:20:27,808
E1004453,T1001566,AUTHORIZED,2026-09-13 21:21:10,2026-09-13 21:21:19,827
E1001291,T1000455,CREATED,2026-09-04 06:34:02,2026-09-04 06:34:10,1085
E1001061,T1000375,AUTHORIZED,2026-09-04 15:18:40,2026-09-04 15:18:42,1501
E1009933,T1003523,SETTLED,2026-09-28 19:28:34,2026-09-28 19:28:40,2315
E1000058,T1000021,AUTHORIZED,2026-09-01 12:11:28,2026-09-01 12:11:29,2087
E1007134,T1002532,CREATED,2026-09-20 13:02:51,2026-09-20 13:03:01,1954
E1007995,T1002837,SETTLED,2026-09-23 19:26:45,2026-09-23 19:26:47,42
E1005312,T1001876,CREATED,2026-09-16 09:23:06,2026-09-16 09:23:08,1489
E1000178,T1000063,AUTHORIZED,2026-09-01 19:04:44,2026-09-01 19:04:54,1656
E1006019,T1002126,SETTLED,2026-09-18 19:57:49,2026-09-18 19:57:52,768
E1008912,T1003161,CREATED,2026-09-26 11:46:43,2026-09-26 11:46:44,1984
E1008257,T1002929,CREATED,2026-09-24 08:36:06,2026-09-24 08:36:10,1982
E1006629,T1002349,AUTHORIZED,2026-09-19 12:34:53,2026-09-19 12:34:56,1692
E1003460,T1001214,CREATED,2026-09-10 15:03:58,2026-09-10 15:04:00,605
E1007713,T1002740,AUTHORIZED,2026-09-22 12:28:08,2026-09-22 12:28:11,996
E1005643,T1001993,CREATED,2026-09-17 14:11:23,2026-09-17 14:11:25,1565
E1008240,T1002923,CREATED,2026-09-24 12:03:52,2026-09-24 12:03:56,2205
E1003408,T1001195,AUTHORIZED,2026-09-10 10:12:02,2026-09-10 10:12:05,1206
E1001773,T1000622,CREATED,2026-09-06 13:54:05,2026-09-06 13:54:11,811
E1002550,T1000896,SETTLED,2026-09-08 17:48:06,2026-09-08 17:48:14,1489
E1001294,T1000456,CREATED,2026-09-04 19:45:23,2026-09-04 19:45:25,1491
E1006797,T1002411,SETTLED,2026-09-20 14:16:32,2026-09-20 14:16:38,2376
E1003677,T1001291,CREATED,2026-09-11 16:37:02,2026-09-11 16:37:11,573
E1008980,T1003186,FAILED,2026-09-26 10:09:16,2026-09-26 10:09:21,97
E1007144,T1002535,AUTHORIZED,2026-09-20 19:06:37,2026-09-20 19:06:38,201
E1008496,T1003015,SETTLED,2026-09-25 13:01:50,2026-09-25 13:01:51,2077
E1008931,T1003168,AUTHORIZED,2026-09-26 10:07:15,2026-09-26 10:07:18,1827
E1001487,T1000522,SETTLED,2026-09-05 18:50:38,2026-09-05 18:50:47,654
E1007283,T1002585,AUTHORIZED,2026-09-21 13:17:26,2026-09-21 13:17:27,2217
E1009598,T1003403,CREATED,2026-09-27 17:41:30,2026-09-27 17:41:36,1363
E1009772,T1003466,CREATED,2026-09-28 14:00:37,2026-09-28 14:00:47,789
E1000236,T1000083,CREATED,2026-09-01 19:27:03,2026-09-01 19:27:13,1983
E1005245,T1001850,CREATED,2026-09-15 20:18:57,2026-09-15 20:18:59,2334
E1005779,T1002042,AUTHORIZED,2026-09-17 13:44:39,2026-09-17 13:44:43,1509
E1006603,T1002340,CREATED,2026-09-19 08:01:18,2026-09-19 08:01:19,1508
E1003805,T1001337,AUTHORIZED,2026-09-11 19:23:49,2026-09-11 19:23:56,1806
E1007155,T1002539,CREATED,2026-09-21 19:21:55,2026-09-21 19:21:58,935
E1001865,T1000653,SETTLED,2026-09-06 16:43:18,2026-09-06 16:43:20,614
E1007889,T1002801,CREATED,2026-09-23 08:12:01,2026-09-23 08:12:03,188
E1007707,T1002738,AUTHORIZED,2026-09-22 18:08:45,2026-09-22 18:08:51,516
E1008197,T1002907,SETTLED,2026-09-24 09:11:10,2026-09-24 09:11:16,110
E1002100,T1000736,SETTLED,2026-09-06 12:44:37,2026-09-06 12:44:41,966
E1006838,T1002426,SETTLED,2026-09-20 21:45:49,2026-09-20 21:45:50,1978
E1006438,T1002279,CREATED,2026-09-19 15:14:28,2026-09-19 15:14:38,1517
E1010170,T1003605,SETTLED,2026-09-29 18:59:56,2026-09-29 18:59:59,134
E1003660,T1001285,CREATED,2026-09-11 08:28:58,2026-09-11 08:29:07,1903
E1005558,T1001964,CREATED,2026-09-16 06:52:39,2026-09-16 06:52:42,1361
E1003490,T1001225,CREATED,2026-09-11 11:24:12,2026-09-11 11:24:14,664
E1009626,T1003413,CREATED,2026-09-27 20:27:18,2026-09-27 20:27:26,1786
E1007617,T1002705,SETTLED,2026-09-22 11:48:30,2026-09-22 11:48:40,2260
E1009745,T1003455,FAILED,2026-09-28 12:13:48,2026-09-28 12:13:56,1107
E1008466,T1003004,SETTLED,2026-09-24 13:01:12,2026-09-24 13:37:12,853
E1007909,T1002808,CREATED,2026-09-23 18:59:23,2026-09-23 18:59:25,794
E1010206,T1003618,CREATED,2026-09-29 09:32:25,2026-09-29 09:32:28,1472
E1003197,T1001122,CREATED,2026-09-10 14:43:50,2026-09-10 14:43:52,1575
E1004983,T1001753,SETTLED,2026-09-14 10:10:25,2026-09-14 10:52:25,345
E1009003,T1003194,SETTLED,2026-09-26 10:41:47,2026-09-26 10:41:56,1485
E1009313,T1003303,CREATED,2026-09-27 08:12:18,2026-09-27 08:12:27,842
E1003991,T1001402,AUTHORIZED,2026-09-12 13:35:03,2026-09-12 13:35:07,1777
E1003984,T1001399,SETTLED,2026-09-12 22:34:01,2026-09-12 22:34:05,1416
E1010394,T1003684,CREATED,2026-09-29 14:21:26,2026-09-29 14:21:29,2473
E1007954,T1002823,SETTLED,2026-09-23 22:58:32,2026-09-23 22:58:42,487
E1002295,T1000805,AUTHORIZED,2026-09-07 14:09:04,2026-09-07 14:09:11,1715
E1007093,T1002518,AUTHORIZED,2026-09-20 12:16:22,2026-09-20 12:16:24,1773
E1006321,T1002235,CREATED,2026-09-19 19:01:56,2026-09-19 19:01:58,941
E1002800,T1000984,CREATED,2026-09-08 12:44:45,2026-09-08 12:44:53,131
E1000622,T1000219,CREATED,2026-09-02 14:33:24,2026-09-02 14:33:28,1758
E1005654,T1001997,AUTHORIZED,2026-09-17 17:21:34,2026-09-17 17:21:44,164
E1000225,T1000079,AUTHORIZED,2026-09-01 18:27:00,2026-09-01 18:27:05,524
E1004750,T1001671,SETTLED,2026-09-14 15:26:21,2026-09-14 15:26:30,1048
E1009066,T1003216,SETTLED,2026-09-26 15:24:39,2026-09-26 15:24:46,1132
E1001001,T1000352,FAILED,2026-09-04 18:58:12,2026-09-04 18:58:21,1384
E1004770,T1001678,SETTLED,2026-09-14 13:09:19,2026-09-14 13:09:27,1569
E1010227,T1003625,SETTLED,2026-09-29 10:45:03,2026-09-29 10:45:10,592
E1008452,T1003000,CREATED,2026-09-24 18:08:34,2026-09-24 18:08:36,1560
E1010187,T1003611,SETTLED,2026-09-29 17:48:08,2026-09-29 17:48:17,805
E1009039,T1003207,CREATED,2026-09-26 17:38:08,2026-09-26 17:38:11,2140
E1004369,T1001535,SETTLED,2026-09-13 18:17:27,2026-09-13 18:17:34,1701
E1010415,T1003691,AUTHORIZED,2026-09-29 12:23:01,2026-09-29 12:23:08,588
E1002965,T1001041,SETTLED,2026-09-09 16:12:25,2026-09-09 17:19:25,1840
E1001534,T1000539,AUTHORIZED,2026-09-05 09:54:35,2026-09-05 09:54:36,1655
E1006335,T1002240,AUTHORIZED,2026-09-19 15:53:06,2026-09-19 15:53:08,2492
E1002628,T1000923,CREATED,2026-09-08 09:02:51,2026-09-08 09:02:57,1086
E1002492,T1000875,CREATED,2026-09-07 13:49:04,2026-09-07 13:49:06,169
E1000603,T1000212,AUTHORIZED,2026-09-02 18:29:51,2026-09-02 18:29:58,2277
E1008754,T1003104,AUTHORIZED,2026-09-25 14:06:20,2026-09-25 14:06:30,2500
E1005907,T1002086,AUTHORIZED,2026-09-17 13:03:35,2026-09-17 13:03:38,1848
E1006306,T1002230,CREATED,2026-09-19 12:08:04,2026-09-19 12:08:13,255
E1009792,T1003473,AUTHORIZED,2026-09-28 13:29:51,2026-09-28 13:29:55,1615
E1007246,T1002571,AUTHORIZED,2026-09-21 20:06:37,2026-09-21 20:06:43,1876
E1008567,T1003040,AUTHORIZED,2026-09-25 21:53:01,2026-09-25 21:53:03,2159
E1008944,T1003173,AUTHORIZED,2026-09-26 20:40:01,2026-09-26 20:40:02,1977
E1000599,T1000210,SETTLED,2026-09-02 16:34:00,2026-09-02 16:34:09,2321
E1008129,T1002885,CREATED,2026-09-23 20:44:55,2026-09-23 20:45:00,1159
E1008376,T1002972,SETTLED,2026-09-24 06:51:20,2026-09-24 06:51:25,328
E1009559,T1003389,AUTHORIZED,2026-09-27 12:51:40,2026-09-27 12:51:46,337
E1010511,T1003724,SETTLED,2026-09-30 10:24:25,2026-09-30 10:24:32,2030
E1002915,T1001024,CREATED,2026-09-09 22:11:02,2026-09-09 22:11:12,2068
E1002410,T1000846,AUTHORIZED,2026-09-07 12:14:22,2026-09-07 12:14:30,1040
E1006920,T1002456,CREATED,2026-09-20 21:03:42,2026-09-20 21:03:49,1201
E1002090,T1000733,CREATED,2026-09-06 10:15:22,2026-09-06 10:15:32,1527
E1009509,T1003371,SETTLED,2026-09-27 16:29:45,2026-09-27 16:29:55,2164
E1003514,T1001233,SETTLED,2026-09-11 09:53:51,2026-09-11 09:53:59,270
E1002073,T1000727,CREATED,2026-09-06 14:02:31,2026-09-06 14:02:34,573
E1002754,T1000968,CREATED,2026-09-08 09:10:28,2026-09-08 09:10:31,1340
E1005205,T1001834,SETTLED,2026-09-15 21:31:39,2026-09-15 21:31:41,1452
E1004950,T1001742,SETTLED,2026-09-14 10:51:01,2026-09-14 10:51:09,2064
E1000755,T1000265,SETTLED,2026-09-03 14:51:44,2026-09-03 14:51:48,646
E1002110,T1000740,AUTHORIZED,2026-09-06 10:30:56,2026-09-06 10:31:02,150
E1003459,T1001213,FAILED,2026-09-10 11:37:57,2026-09-10 11:38:03,123
E1008835,T1003134,CREATED,2026-09-26 13:06:14,2026-09-26 13:06:21,2137
E1006817,T1002419,AUTHORIZED,2026-09-20 08:43:53,2026-09-20 08:43:56,1809
E1007512,T1002667,FAILED,2026-09-22 14:32:48,2026-09-22 14:32:52,1795
E1003037,T1001066,AUTHORIZED,2026-09-09 10:17:31,2026-09-09 10:17:32,2244
E1001774,T1000622,AUTHORIZED,2026-09-06 13:54:18,2026-09-06 13:54:25,2117
E1008119,T1002881,AUTHORIZED,2026-09-23 12:44:22,2026-09-23 12:44:28,2161
E1004189,T1001472,FAILED,2026-09-12 10:16:09,2026-09-12 10:16:15,1630
E1008610,T1003055,CREATED,2026-09-25 18:56:24,2026-09-25 18:56:26,2355
E1002711,T1000953,CREATED,2026-09-08 22:28:30,2026-09-08 22:28:32,2448
E1001861,T1000652,AUTHORIZED,2026-09-06 13:05:02,2026-09-06 13:05:08,2437
E1003932,T1001380,SETTLED,2026-09-12 15:23:20,2026-09-12 15:23:21,236
E1000861,T1000303,SETTLED,2026-09-03 18:52:13,2026-09-03 18:52:15,731
E1008808,T1003124,SETTLED,2026-09-25 23:20:47,2026-09-25 23:20:52,1278
E1009523,T1003377,CREATED,2026-09-27 08:29:16,2026-09-27 08:29:26,1175
E1005991,T1002116,FAILED,2026-09-18 16:48:35,2026-09-18 16:48:38,1215
E1003115,T1001093,SETTLED,2026-09-09 08:40:58,2026-09-09 08:41:04,1505
E1009124,T1003237,AUTHORIZED,2026-09-26 13:19:46,2026-09-26 13:19:49,1309
E1009687,T1003435,AUTHORIZED,2026-09-27 18:20:56,2026-09-27 18:21:05,1268
E1007905,T1002806,SETTLED,2026-09-23 19:48:28,2026-09-23 19:48:34,1293
E1001948,T1000682,SETTLED,2026-09-06 23:36:22,2026-09-06 23:36:27,1193
E1005138,T1001811,CREATED,2026-09-15 16:55:23,2026-09-15 16:55:32,1490
E1002788,T1000979,SETTLED,2026-09-08 14:34:33,2026-09-08 14:34:39,2231
E1006552,T1002321,CREATED,2026-09-19 19:44:32,2026-09-19 19:44:42,698
E1005440,T1001922,AUTHORIZED,2026-09-16 22:28:04,2026-09-16 22:28:12,2456
E1007789,T1002766,SETTLED,2026-09-22 19:33:15,2026-09-22 19:33:20,1004
E1008332,T1002957,CREATED,2026-09-24 18:38:40,2026-09-24 18:38:43,1251
E1002327,T1000816,SETTLED,2026-09-07 19:12:32,2026-09-07 19:12:39,2112
E1009616,T1003409,AUTHORIZED,2026-09-27 22:39:39,2026-09-27 22:39:45,1695
E1002075,T1000727,SETTLED,2026-09-06 16:33:31,2026-09-06 16:33:41,1460
E1003202,T1001124,CREATED,2026-09-10 21:36:39,2026-09-10 21:36:45,565
E1000287,T1000101,SETTLED,2026-09-01 08:38:36,2026-09-01 08:38:46,114
E1008776,T1003113,CREATED,2026-09-25 17:25:08,2026-09-25 17:25:10,1027
E1002749,T1000966,CREATED,2026-09-08 18:16:33,2026-09-08 18:16:39,2284
E1008728,T1003095,SETTLED,2026-09-25 12:27:03,2026-09-25 12:27:11,812
E1006733,T1002389,CREATED,2026-09-19 16:56:12,2026-09-19 16:56:13,297
E1003200,T1001123,AUTHORIZED,2026-09-10 12:58:08,2026-09-10 12:58:14,435
E1002346,T1000823,AUTHORIZED,2026-09-07 19:18:44,2026-09-07 19:18:49,1749
E1006640,T1002353,SETTLED,2026-09-19 10:17:26,2026-09-19 10:17:29,1411
E1010202,T1003616,SETTLED,2026-09-29 19:09:43,2026-09-29 19:09:47,1530
E1009753,T1003458,SETTLED,2026-09-28 16:38:33,2026-09-28 16:38:36,1179
E1009170,T1003253,AUTHORIZED,2026-09-26 16:55:54,2026-09-26 16:55:57,1808
E1008828,T1003131,AUTHORIZED,2026-09-25 20:04:44,2026-09-25 20:04:54,1455
E1000031,T1000012,CREATED,2026-09-01 15:49:29,2026-09-01 15:49:33,1770
E1004863,T1001711,AUTHORIZED,2026-09-14 18:03:36,2026-09-14 18:03:37,1168
E1007792,T1002767,SETTLED,2026-09-22 15:00:57,2026-09-22 15:01:06,314
E1002178,T1000763,CREATED,2026-09-06 21:11:05,2026-09-06 21:11:15,291
E1007813,T1002775,CREATED,2026-09-23 16:04:52,2026-09-23 16:04:55,902
E1003341,T1001172,CREATED,2026-09-10 20:29:01,2026-09-10 20:29:09,361
E1006234,T1002204,AUTHORIZED,2026-09-18 12:57:03,2026-09-18 12:57:04,1128
E1004496,T1001581,AUTHORIZED,2026-09-13 19:58:37,2026-09-13 19:58:41,721
E1003467,T1001216,AUTHORIZED,2026-09-10 17:25:21,2026-09-10 17:25:31,2248
E1009530,T1003379,AUTHORIZED,2026-09-27 19:46:48,2026-09-27 19:46:55,125
E1009126,T1003238,CREATED,2026-09-26 19:49:16,2026-09-26 19:49:19,440
E1009762,T1003462,CREATED,2026-09-28 14:32:41,2026-09-28 14:32:47,911
E1008587,T1003047,CREATED,2026-09-25 14:40:46,2026-09-25 14:40:47,2271
E1005642,T1001992,SETTLED,2026-09-17 09:08:46,2026-09-17 09:08:51,2474
E1007692,T1002733,CREATED,2026-09-22 15:15:44,2026-09-22 15:15:53,1269
E1009448,T1003351,CREATED,2026-09-27 11:16:31,2026-09-27 11:16:38,1321
E1004504,T1001584,CREATED,2026-09-13 15:20:23,2026-09-13 15:20:33,769
E1008289,T1002941,AUTHORIZED,2026-09-24 06:45:39,2026-09-24 06:45:42,348
E1007654,T1002719,CREATED,2026-09-22 08:58:03,2026-09-22 08:58:11,1463
E1002663,T1000935,SETTLED,2026-09-08 10:49:55,2026-09-08 10:50:00,47
E1009920,T1003519,AUTHORIZED,2026-09-28 13:05:12,2026-09-28 13:05:22,204
E1005019,T1001767,CREATED,2026-09-15 20:35:09,2026-09-15 20:35:13,885
E1009129,T1003239,FAILED,2026-09-26 08:40:39,2026-09-26 08:40:43,1520
E1004728,T1001663,AUTHORIZED,2026-09-14 13:47:19,2026-09-14 13:47:24,1265
E1006841,T1002428,CREATED,2026-09-20 12:48:39,2026-09-20 12:48:47,1398
E1003874,T1001360,SETTLED,2026-09-12 11:50:30,2026-09-12 11:50:40,574
E1002199,T1000771,CREATED,2026-09-06 11:10:09,2026-09-06 11:10:19,2045
E1005189,T1001829,AUTHORIZED,2026-09-15 14:05:45,2026-09-15 14:05:52,356
E1010431,T1003697,CREATED,2026-09-29 17:05:39,2026-09-29 17:05:42,2488
E1005863,T1002071,AUTHORIZED,2026-09-17 15:23:44,2026-09-17 15:23:51,1827
E1009833,T1003488,AUTHORIZED,2026-09-28 16:16:52,2026-09-28 16:16:55,931
E1002465,T1000865,AUTHORIZED,2026-09-07 13:08:14,2026-09-07 13:08:15,946
E1009450,T1003351,SETTLED,2026-09-27 11:26:31,2026-09-27 11:26:39,906
E1002555,T1000898,AUTHORIZED,2026-09-08 19:26:57,2026-09-08 19:27:02,732
E1005004,T1001761,CREATED,2026-09-15 12:50:38,2026-09-15 12:50:41,1928
E1000074,T1000026,SETTLED,2026-09-01 07:32:22,2026-09-01 07:32:25,2200
E1008305,T1002947,SETTLED,2026-09-24 10:39:53,2026-09-24 10:39:57,1105
E1004706,T1001655,AUTHORIZED,2026-09-14 19:01:45,2026-09-14 19:01:46,483
E1004883,T1001719,CREATED,2026-09-14 12:08:37,2026-09-14 12:08:46,514
E1001569,T1000552,CREATED,2026-09-05 12:59:59,2026-09-05 13:00:01,1970
E1010114,T1003586,AUTHORIZED,2026-09-29 12:20:24,2026-09-29 12:20:28,1684
E1006126,T1002165,AUTHORIZED,2026-09-18 11:56:13,2026-09-18 11:56:14,717
E1009494,T1003366,SETTLED,2026-09-27 20:18:45,2026-09-27 20:18:49,1310
E1009517,T1003375,CREATED,2026-09-27 11:16:02,2026-09-27 11:16:11,289
E1008566,T1003040,CREATED,2026-09-25 21:52:34,2026-09-25 21:52:35,995
E1000158,T1000056,SETTLED,2026-09-01 08:36:17,2026-09-01 08:36:20,1675
E1006023,T1002128,CREATED,2026-09-18 18:28:50,2026-09-18 18:28:56,1868
E1001601,T1000563,CREATED,2026-09-05 19:58:12,2026-09-05 19:58:14,1789
E1003299,T1001158,CREATED,2026-09-10 13:32:17,2026-09-10 13:32:27,933
E1005549,T1001961,CREATED,2026-09-16 14:22:08,2026-09-16 14:22:15,1127
E1005481,T1001937,CREATED,2026-09-16 09:05:31,2026-09-16 09:05:38,1638
E1009191,T1003261,CREATED,2026-09-26 22:16:22,2026-09-26 22:16:26,2186
E1007960,T1002825,SETTLED,2026-09-23 21:48:49,2026-09-23 21:48:57,1802
E1003089,T1001084,CREATED,2026-09-09 08:39:37,2026-09-09 08:39:47,617
E1002060,T1000722,AUTHORIZED,2026-09-06 14:15:27,2026-09-06 14:15:29,1131
E1004868,T1001713,CREATED,2026-09-14 11:59:00,2026-09-14 11:59:01,1150
E1008106,T1002877,CREATED,2026-09-23 12:32:55,2026-09-23 12:33:03,500
E1010200,T1003616,CREATED,2026-09-29 18:54:43,2026-09-29 18:54:44,351
E1000707,T1000248,AUTHORIZED,2026-09-03 21:35:05,2026-09-03 22:41:05,1346
E1006847,T1002430,CREATED,2026-09-20 21:30:29,2026-09-20 21:30:34,621
E1003664,T1001286,AUTHORIZED,2026-09-11 13:53:06,2026-09-11 13:53:09,651
E1003268,T1001147,CREATED,2026-09-10 11:22:55,2026-09-10 11:23:04,1809
E1008926,T1003166,AUTHORIZED,2026-09-26 15:22:57,2026-09-26 15:23:05,2377
E1000952,T1000335,AUTHORIZED,2026-09-03 19:21:27,2026-09-03 19:21:32,2395
E1000075,T1000027,CREATED,2026-09-01 19:08:31,2026-09-01 19:08:41,716
E1009134,T1003241,AUTHORIZED,2026-09-26 12:13:42,2026-09-26 12:13:43,1210
E1006191,T1002189,AUTHORIZED,2026-09-18 09:31:59,2026-09-18 09:32:09,293
E1008143,T1002889,SETTLED,2026-09-24 15:21:53,2026-09-24 15:21:57,2054
E1001659,T1000583,CREATED,2026-09-05 19:07:22,2026-09-05 19:07:26,1433
E1008415,T1002986,FAILED,2026-09-24 19:17:01,2026-09-24 19:17:04,984
E1009283,T1003293,CREATED,2026-09-26 21:29:06,2026-09-26 21:29:16,1447
E1000796,T1000280,AUTHORIZED,2026-09-03 08:59:46,2026-09-03 08:59:56,438
E1000319,T1000112,SETTLED,2026-09-01 19:33:49,2026-09-01 19:33:58,1702
E1008998,T1003193,CREATED,2026-09-26 18:41:53,2026-09-26 18:42:02,1323
E1003489,T1001224,SETTLED,2026-09-11 16:54:06,2026-09-11 16:54:15,2042
E1002827,T1000993,AUTHORIZED,2026-09-08 08:16:15,2026-09-08 08:16:19,55
E1007767,T1002759,CREATED,2026-09-22 22:46:08,2026-09-22 22:46:12,862
E1010042,T1003561,CREATED,2026-09-28 20:18:29,2026-09-28 20:18:33,2247
E1000138,T1000049,AUTHORIZED,2026-09-01 10:10:19,2026-09-01 10:10:21,964
E1004096,T1001440,AUTHORIZED,2026-09-12 14:14:28,2026-09-12 14:14:30,1226
E1006357,T1002248,AUTHORIZED,2026-09-19 11:29:09,2026-09-19 11:29:12,367
E1002614,T1000918,AUTHORIZED,2026-09-08 19:01:09,2026-09-08 19:01:19,2169
E1001116,T1000395,AUTHORIZED,2026-09-04 07:27:40,2026-09-04 07:27:47,1888
E1005628,T1001988,CREATED,2026-09-17 10:40:43,2026-09-17 10:40:52,779
E1003858,T1001355,AUTHORIZED,2026-09-12 19:54:59,2026-09-12 19:55:01,1323
E1007453,T1002646,CREATED,2026-09-21 17:16:05,2026-09-21 17:16:08,1525
E1008674,T1003077,AUTHORIZED,2026-09-25 20:11:23,2026-09-25 20:11:33,590
E1003987,T1001401,CREATED,2026-09-12 11:26:52,2026-09-12 11:26:56,139
E1007522,T1002671,SETTLED,2026-09-22 18:34:25,2026-09-22 18:55:25,1244
E1003474,T1001219,CREATED,2026-09-10 14:27:42,2026-09-10 14:27:43,1935
E1005917,T1002090,CREATED,2026-09-17 11:19:34,2026-09-17 11:19:39,1278
E1004598,T1001616,SETTLED,2026-09-13 09:22:35,2026-09-13 09:22:38,2404
E1003004,T1001055,CREATED,2026-09-09 14:18:34,2026-09-09 14:18:44,1870
E1004491,T1001579,FAILED,2026-09-13 09:43:29,2026-09-13 09:43:33,1211
E1007567,T1002687,AUTHORIZED,2026-09-22 10:46:08,2026-09-22 10:46:13,1620
E1005979,T1002112,CREATED,2026-09-18 10:48:28,2026-09-18 10:48:34,1029
E1007105,T1002522,AUTHORIZED,2026-09-20 16:50:10,2026-09-20 16:50:17,945
E1010464,T1003709,CREATED,2026-09-29 14:13:42,2026-09-29 14:13:48,51
E1005449,T1001925,AUTHORIZED,2026-09-16 15:04:30,2026-09-16 15:04:36,763
E1003969,T1001394,AUTHORIZED,2026-09-12 11:45:12,2026-09-12 11:45:22,1795
E1010737,T1003805,SETTLED,2026-09-30 09:50:53,2026-09-30 09:50:54,1716
E1002695,T1000947,SETTLED,2026-09-08 12:21:34,2026-09-08 12:21:40,1865
E1008249,T1002926,CREATED,2026-09-24 19:37:54,2026-09-24 19:37:56,825
E1007070,T1002510,CREATED,2026-09-20 19:29:27,2026-09-20 19:29:36,1396
E1000064,T1000023,AUTHORIZED,2026-09-01 19:04:37,2026-09-01 19:04:47,2074
E1008312,T1002950,AUTHORIZED,2026-09-24 20:45:36,2026-09-24 20:45:38,1351
E1002806,T1000986,CREATED,2026-09-08 18:04:45,2026-09-08 18:04:47,446
E1008632,T1003062,SETTLED,2026-09-25 14:15:10,2026-09-25 14:15:19,1383
E1007728,T1002745,AUTHORIZED,2026-09-22 19:30:31,2026-09-22 19:30:32,2434
E1000255,T1000089,SETTLED,2026-09-01 16:31:18,2026-09-01 16:31:24,1237
E1008899,T1003156,AUTHORIZED,2026-09-26 13:35:35,2026-09-26 13:35:36,1397
E1005618,T1001984,SETTLED,2026-09-16 19:06:25,2026-09-16 19:06:28,525
E1010639,T1003771,CREATED,2026-09-30 18:02:39,2026-09-30 18:02:44,1215
E1009318,T1003305,CREATED,2026-09-27 17:36:37,2026-09-27 17:36:46,117
E1005483,T1001937,SETTLED,2026-09-16 09:24:31,2026-09-16 09:24:38,1693
E1003670,T1001288,SETTLED,2026-09-11 20:06:30,2026-09-11 20:06:31,1173
E1005743,T1002030,CREATED,2026-09-17 13:09:44,2026-09-17 13:09:47,2191
E1008871,T1003146,AUTHORIZED,2026-09-26 19:41:05,2026-09-26 19:41:12,172
E1002056,T1000720,SETTLED,2026-09-06 15:14:39,2026-09-06 15:14:45,1268
E1010052,T1003564,SETTLED,2026-09-28 13:17:52,2026-09-28 13:17:58,312
E1004450,T1001565,AUTHORIZED,2026-09-13 15:05:33,2026-09-13 15:05:37,2073
E1010803,T1003829,CREATED,2026-09-30 20:52:36,2026-09-30 20:52:42,1019
E1002104,T1000738,CREATED,2026-09-06 20:46:31,2026-09-06 20:46:35,206
E1005954,T1002103,CREATED,2026-09-17 14:04:13,2026-09-17 14:04:17,168
E1002514,T1000883,AUTHORIZED,2026-09-08 09:49:03,2026-09-08 09:49:07,835
E1008357,T1002966,CREATED,2026-09-24 20:02:32,2026-09-24 20:02:40,956
E1008080,T1002867,SETTLED,2026-09-23 19:11:45,2026-09-23 19:11:46,1907
E1006156,T1002177,CREATED,2026-09-18 14:28:47,2026-09-18 14:28:56,1240
E1000464,T1000163,CREATED,2026-09-02 17:42:53,2026-09-02 17:42:56,1983
E1003187,T1001118,AUTHORIZED,2026-09-10 19:41:20,2026-09-10 19:41:29,1102
E1005575,T1001970,CREATED,2026-09-16 20:34:48,2026-09-16 20:34:57,1354
E1008413,T1002985,SETTLED,2026-09-24 13:03:28,2026-09-24 13:03:30,82
E1009919,T1003519,CREATED,2026-09-28 13:05:06,2026-09-28 13:05:16,236
E1005341,T1001885,SETTLED,2026-09-16 13:40:57,2026-09-16 13:41:06,87
E1002516,T1000884,CREATED,2026-09-08 16:12:57,2026-09-08 16:12:58,745
E1001185,T1000418,AUTHORIZED,2026-09-04 08:13:21,2026-09-04 08:13:30,1782
E1010260,T1003636,SETTLED,2026-09-29 09:49:51,2026-09-29 09:49:55,2475
E1004289,T1001507,CREATED,2026-09-13 11:11:37,2026-09-13 11:11:39,1605
E1006531,T1002313,FAILED,2026-09-19 09:13:37,2026-09-19 09:13:40,600
E1007549,T1002680,SETTLED,2026-09-22 16:33:58,2026-09-22 16:34:03,1543
E1009978,T1003538,SETTLED,2026-09-28 08:41:49,2026-09-28 08:41:56,1432
E1003110,T1001092,CREATED,2026-09-09 19:18:48,2026-09-09 19:18:49,290
E1009476,T1003360,SETTLED,2026-09-27 20:48:32,2026-09-27 20:48:33,1190
E1009860,T1003498,CREATED,2026-09-28 18:42:57,2026-09-28 18:43:03,1471
E1006055,T1002139,AUTHORIZED,2026-09-18 19:02:39,2026-09-18 19:02:42,1770
E1004306,T1001513,CREATED,2026-09-13 20:38:39,2026-09-13 20:38:48,1605
E1002583,T1000907,SETTLED,2026-09-08 19:41:43,2026-09-08 19:41:51,538
E1001363,T1000479,AUTHORIZED,2026-09-05 07:47:07,2026-09-05 09:05:07,545
E1005703,T1002016,CREATED,2026-09-17 17:48:18,2026-09-17 17:48:24,2105
E1004471,T1001572,SETTLED,2026-09-13 19:25:57,2026-09-13 19:26:06,541
E1007703,T1002736,SETTLED,2026-09-22 10:29:23,2026-09-22 10:29:27,1626
E1002478,T1000870,CREATED,2026-09-07 12:53:04,2026-09-07 12:53:05,812
E1007639,T1002713,AUTHORIZED,2026-09-22 10:40:13,2026-09-22 10:40:22,1947
E1004838,T1001703,CREATED,2026-09-14 11:21:04,2026-09-14 11:21:11,2480
E1006467,T1002289,AUTHORIZED,2026-09-19 20:09:30,2026-09-19 20:09:38,2281
E1003810,T1001339,AUTHORIZED,2026-09-12 14:01:35,2026-09-12 14:01:45,1542
E1000091,T1000032,FAILED,2026-09-01 20:17:58,2026-09-01 20:18:04,1010
E1006169,T1002181,SETTLED,2026-09-18 13:51:01,2026-09-18 13:51:05,2403
E1008260,T1002930,AUTHORIZED,2026-09-24 18:28:54,2026-09-24 18:29:01,1326
E1002355,T1000826,AUTHORIZED,2026-09-07 17:19:08,2026-09-07 17:19:14,526
E1008231,T1002919,AUTHORIZED,2026-09-24 14:10:00,2026-09-24 14:10:07,2490
E1004323,T1001519,CREATED,2026-09-13 11:10:20,2026-09-13 11:10:21,2261
E1004412,T1001551,SETTLED,2026-09-13 21:30:37,2026-09-13 21:30:45,1325
E1004557,T1001602,AUTHORIZED,2026-09-13 11:50:55,2026-09-13 11:50:57,1530
E1008316,T1002951,SETTLED,2026-09-24 14:38:26,2026-09-24 14:38:33,2015
E1010241,T1003630,AUTHORIZED,2026-09-29 15:34:25,2026-09-29 15:34:33,1795
E1005694,T1002012,AUTHORIZED,2026-09-17 22:53:27,2026-09-17 22:53:31,1833
E1004182,T1001470,CREATED,2026-09-12 06:27:31,2026-09-12 06:27:38,1681
E1010032,T1003557,SETTLED,2026-09-28 17:04:43,2026-09-28 17:04:46,1680
E1008432,T1002992,SETTLED,2026-09-24 13:56:27,2026-09-24 13:56:29,1246
E1010720,T1003799,AUTHORIZED,2026-09-30 20:51:33,2026-09-30 20:51:37,1861
E1000801,T1000282,AUTHORIZED,2026-09-03 13:56:58,2026-09-03 13:57:01,1512
E1003912,T1001373,SETTLED,2026-09-12 15:26:54,2026-09-12 15:27:04,221
E1006883,T1002442,SETTLED,2026-09-20 20:16:39,2026-09-20 20:16:43,872
E1008663,T1003073,AUTHORIZED,2026-09-25 16:24:54,2026-09-25 16:25:02,1743
E1002962,T1001040,SETTLED,2026-09-09 15:55:58,2026-09-09 15:56:03,61
E1006256,T1002213,CREATED,2026-09-18 11:54:31,2026-09-18 11:54:32,316
E1002615,T1000918,SETTLED,2026-09-08 19:13:39,2026-09-08 19:13:44,2436
E1001954,T1000684,SETTLED,2026-09-06 12:19:26,2026-09-06 12:19:32,695
E1007901,T1002805,CREATED,2026-09-23 13:03:11,2026-09-23 13:03:17,2224
E1009071,T1003218,AUTHORIZED,2026-09-26 09:31:01,2026-09-26 09:31:04,2463
E1008717,T1003092,CREATED,2026-09-25 15:24:47,2026-09-25 15:24:52,1586
E1006344,T1002243,SETTLED,2026-09-19 12:16:04,2026-09-19 12:16:05,253
E1005764,T1002037,AUTHORIZED,2026-09-17 15:38:09,2026-09-17 15:38:12,395
E1004019,T1001413,AUTHORIZED,2026-09-12 19:39:25,2026-09-12 19:39:31,1510
E1000551,T1000194,AUTHORIZED,2026-09-02 10:50:30,2026-09-02 10:50:39,2191
E1001097,T1000389,CREATED,2026-09-04 08:10:57,2026-09-04 08:11:07,1647
E1007370,T1002616,AUTHORIZED,2026-09-21 09:26:45,2026-09-21 09:26:55,827
E1008058,T1002860,CREATED,2026-09-23 19:35:51,2026-09-23 19:35:56,514
E1007366,T1002615,CREATED,2026-09-21 18:09:44,2026-09-21 18:09:46,2002
E1002975,T1001045,AUTHORIZED,2026-09-09 21:41:08,2026-09-09 21:41:11,924
E1006661,T1002361,AUTHORIZED,2026-09-19 20:47:51,2026-09-19 20:48:01,1418
E1004699,T1001653,CREATED,2026-09-14 19:25:22,2026-09-14 19:25:24,783
E1008537,T1003030,CREATED,2026-09-25 09:59:36,2026-09-25 09:59:41,693
E1007855,T1002789,AUTHORIZED,2026-09-23 11:33:57,2026-09-23 11:34:01,1707
E1003174,T1001114,CREATED,2026-09-10 12:29:34,2026-09-10 12:29:40,915
E1003743,T1001316,CREATED,2026-09-11 11:16:38,2026-09-11 11:16:39,2289
E1003788,T1001331,AUTHORIZED,2026-09-11 17:29:37,2026-09-11 17:29:41,757
E1008857,T1003141,AUTHORIZED,2026-09-26 07:16:31,2026-09-26 07:16:40,387
E1005128,T1001807,AUTHORIZED,2026-09-15 12:40:22,2026-09-15 12:40:29,992
E1004921,T1001732,CREATED,2026-09-14 12:03:35,2026-09-14 12:03:37,771
E1001315,T1000463,CREATED,2026-09-04 09:06:34,2026-09-04 09:06:36,736
E1002445,T1000858,SETTLED,2026-09-07 11:30:04,2026-09-07 11:30:13,2188
E1004436,T1001560,AUTHORIZED,2026-09-13 12:27:21,2026-09-13 12:27:26,1584
E1001897,T1000664,SETTLED,2026-09-06 21:46:37,2026-09-06 21:46:39,1000
E1006580,T1002331,CREATED,2026-09-19 15:44:51,2026-09-19 15:44:52,2036
E1010263,T1003637,SETTLED,2026-09-29 10:17:30,2026-09-29 10:17:38,898
E1009635,T1003416,AUTHORIZED,2026-09-27 12:28:32,2026-09-27 12:28:34,2479
E1003650,T1001281,CREATED,2026-09-11 19:59:27,2026-09-11 19:59:32,1137
E1007740,T1002749,SETTLED,2026-09-22 11:16:57,2026-09-22 11:17:04,1479
E1003864,T1001357,AUTHORIZED,2026-09-12 12:51:40,2026-09-12 12:51:45,1121
E1001141,T1000403,SETTLED,2026-09-04 18:26:02,2026-09-04 18:26:03,353
E1003926,T1001378,SETTLED,2026-09-12 19:02:42,2026-09-12 19:02:52,825
E1007228,T1002564,SETTLED,2026-09-21 18:58:29,2026-09-21 18:58:32,1269
E1005987,T1002114,SETTLED,2026-09-18 20:14:26,2026-09-18 20:14:33,880
E1001721,T1000604,CREATED,2026-09-05 12:42:32,2026-09-05 12:42:42,726
E1000757,T1000266,AUTHORIZED,2026-09-03 20:49:39,2026-09-03 20:49:49,2316
E1007971,T1002829,AUTHORIZED,2026-09-23 12:55:19,2026-09-23 12:55:25,2049
E1007967,T1002828,CREATED,2026-09-23 12:12:40,2026-09-23 12:12:50,2013
E1003450,T1001210,CREATED,2026-09-10 21:03:15,2026-09-10 21:03:18,1935
E1008477,T1003008,SETTLED,2026-09-25 08:58:44,2026-09-25 08:58:49,1872
E1006229,T1002202,SETTLED,2026-09-18 22:06:42,2026-09-18 22:06:49,609
E1005724,T1002023,SETTLED,2026-09-17 11:30:52,2026-09-17 11:31:00,1402
E1005144,T1001813,CREATED,2026-09-15 13:34:31,2026-09-15 13:34:37,1997
E1000385,T1000135,SETTLED,2026-09-02 12:20:12,2026-09-02 12:20:22,824
E1008114,T1002879,SETTLED,2026-09-23 11:41:27,2026-09-23 11:41:29,2425
E1000151,T1000054,CREATED,2026-09-01 20:07:02,2026-09-01 20:07:03,1204
E1001956,T1000685,AUTHORIZED,2026-09-06 15:41:09,2026-09-06 15:41:11,2286
E1005950,T1002101,SETTLED,2026-09-17 11:02:31,2026-09-17 11:02:39,2267
E1003039,T1001067,CREATED,2026-09-09 19:17:53,2026-09-09 19:18:03,1497
E1008344,T1002961,AUTHORIZED,2026-09-24 16:49:59,2026-09-24 16:50:04,1797
E1004211,T1001480,AUTHORIZED,2026-09-12 21:43:21,2026-09-12 21:43:25,282
E1006727,T1002386,SETTLED,2026-09-19 20:09:39,2026-09-19 20:09:47,152
E1010203,T1003617,CREATED,2026-09-29 18:42:26,2026-09-29 18:42:29,1849
E1009620,T1003410,SETTLED,2026-09-27 12:41:39,2026-09-27 12:41:41,1413
E1002622,T1000921,CREATED,2026-09-08 11:20:42,2026-09-08 11:20:49,449
E1002210,T1000774,SETTLED,2026-09-07 22:50:01,2026-09-07 22:50:09,1714
E1010775,T1003819,AUTHORIZED,2026-09-30 18:23:21,2026-09-30 18:23:22,418
E1007521,T1002671,AUTHORIZED,2026-09-22 18:25:51,2026-09-22 18:48:51,1550
E1006297,T1002227,CREATED,2026-09-19 23:05:53,2026-09-19 23:05:59,719
E1005537,T1001957,CREATED,2026-09-16 12:05:57,2026-09-16 12:05:59,253
E1007502,T1002663,SETTLED,2026-09-22 10:39:43,2026-09-22 10:39:45,1056
E1008881,T1003150,CREATED,2026-09-26 11:49:03,2026-09-26 11:49:04,1965
E1000261,T1000092,CREATED,2026-09-01 12:13:05,2026-09-01 12:13:14,1890
E1005687,T1002010,CREATED,2026-09-17 19:20:03,2026-09-17 19:20:10,1082
E1009239,T1003278,CREATED,2026-09-26 13:16:04,2026-09-26 13:16:14,1585
E1000331,T1000117,SETTLED,2026-09-01 11:46:50,2026-09-01 11:46:56,623
E1010050,T1003564,CREATED,2026-09-28 13:08:52,2026-09-28 13:09:00,1203
E1010719,T1003799,CREATED,2026-09-30 20:51:23,2026-09-30 20:51:28,95
E1000985,T1000346,SETTLED,2026-09-03 15:45:59,2026-09-03 15:46:07,490
E1007966,T1002827,SETTLED,2026-09-23 18:07:12,2026-09-23 18:07:17,221
E1004967,T1001748,AUTHORIZED,2026-09-14 15:53:59,2026-09-14 15:54:09,890
E1001107,T1000392,AUTHORIZED,2026-09-04 11:39:24,2026-09-04 11:39:31,1513
E1005414,T1001912,AUTHORIZED,2026-09-16 22:34:38,2026-09-16 22:34:47,1926
E1003411,T1001196,AUTHORIZED,2026-09-10 20:09:11,2026-09-10 20:09:20,428
E1001888,T1000661,SETTLED,2026-09-06 13:46:19,2026-09-06 13:46:27,509
E1007998,T1002838,SETTLED,2026-09-23 20:09:15,2026-09-23 20:09:22,209
E1004048,T1001423,FAILED,2026-09-12 13:54:52,2026-09-12 13:54:53,170
E1006853,T1002432,CREATED,2026-09-20 08:14:31,2026-09-20 08:14:37,972
E1003683,T1001293,CREATED,2026-09-11 11:36:38,2026-09-11 11:36:47,1314
E1003721,T1001306,AUTHORIZED,2026-09-11 13:20:21,2026-09-11 13:20:26,1770
E1010137,T1003594,AUTHORIZED,2026-09-29 21:52:14,2026-09-29 21:52:15,767
E1000680,T1000239,AUTHORIZED,2026-09-03 18:50:28,2026-09-03 18:50:36,1716
E1010254,T1003634,SETTLED,2026-09-29 10:02:37,2026-09-29 10:02:46,2044
E1002097,T1000735,SETTLED,2026-09-06 14:21:42,2026-09-06 14:21:51,112
E1008150,T1002892,CREATED,2026-09-24 19:18:04,2026-09-24 19:18:09,1122
E1002716,T1000954,SETTLED,2026-09-08 10:49:38,2026-09-08 10:49:41,1205
E1007463,T1002649,SETTLED,2026-09-21 17:29:01,2026-09-21 17:29:05,1856
E1000935,T1000329,SETTLED,2026-09-03 11:30:00,2026-09-03 11:30:06,454
E1002045,T1000716,SETTLED,2026-09-06 23:26:10,2026-09-06 23:26:18,829
E1002452,T1000861,CREATED,2026-09-07 19:22:32,2026-09-07 19:22:34,260
E1003907,T1001371,SETTLED,2026-09-12 18:24:54,2026-09-12 18:25:03,591
E1006764,T1002400,SETTLED,2026-09-20 16:10:26,2026-09-20 16:10:29,1658
E1009572,T1003393,SETTLED,2026-09-27 08:59:18,2026-09-27 08:59:24,1768
E1001457,T1000512,SETTLED,2026-09-05 20:15:58,2026-09-05 20:16:03,685
E1003869,T1001359,CREATED,2026-09-12 15:13:58,2026-09-12 15:14:04,2330
E1009712,T1003443,SETTLED,2026-09-27 19:36:06,2026-09-27 19:36:07,2121
E1008258,T1002929,FAILED,2026-09-24 08:36:10,2026-09-24 08:36:18,434
E1008052,T1002857,SETTLED,2026-09-23 09:16:12,2026-09-23 09:16:19,2261
E1005492,T1001941,AUTHORIZED,2026-09-16 13:09:45,2026-09-16 13:09:46,1279
E1002304,T1000808,AUTHORIZED,2026-09-07 18:01:42,2026-09-07 18:01:43,445
E1004203,T1001477,AUTHORIZED,2026-09-12 10:47:46,2026-09-12 10:47:48,714
E1002259,T1000792,CREATED,2026-09-07 21:17:32,2026-09-07 21:17:40,1438
E1004887,T1001720,AUTHORIZED,2026-09-14 12:47:58,2026-09-14 12:48:00,2217
E1003355,T1001177,CREATED,2026-09-10 10:32:47,2026-09-10 10:32:49,1245
E1000181,T1000064,AUTHORIZED,2026-09-01 18:47:26,2026-09-01 18:47:34,2442
E1007149,T1002537,CREATED,2026-09-21 16:11:52,2026-09-21 16:11:59,2374
E1008578,T1003044,CREATED,2026-09-25 09:57:46,2026-09-25 09:57:55,698
E1007320,T1002598,SETTLED,2026-09-21 15:24:24,2026-09-21 15:24:31,1049
E1004669,T1001642,CREATED,2026-09-14 19:23:47,2026-09-14 19:23:53,2098
E1005819,T1002056,CREATED,2026-09-17 10:46:30,2026-09-17 10:46:31,1386
E1005746,T1002031,CREATED,2026-09-17 13:22:32,2026-09-17 13:22:39,61
E1002417,T1000848,SETTLED,2026-09-07 14:13:52,2026-09-07 14:13:54,518
E1002587,T1000909,CREATED,2026-09-08 16:04:31,2026-09-08 16:04:38,52
E1006409,T1002267,FAILED,2026-09-19 16:50:43,2026-09-19 16:50:53,1383
E1005105,T1001799,CREATED,2026-09-15 18:48:51,2026-09-15 18:48:59,1144
E1000224,T1000079,CREATED,2026-09-01 18:26:56,2026-09-01 18:27:00,604
E1010695,T1003790,SETTLED,2026-09-30 09:49:09,2026-09-30 09:49:10,53
E1001796,T1000629,SETTLED,2026-09-06 15:01:18,2026-09-06 15:01:26,755
E1008164,T1002896,SETTLED,2026-09-24 15:02:59,2026-09-24 15:03:08,731
E1007571,T1002688,SETTLED,2026-09-22 19:51:00,2026-09-22 19:51:07,2001
E1008547,T1003033,AUTHORIZED,2026-09-25 19:32:30,2026-09-25 19:32:35,679
E1003325,T1001166,SETTLED,2026-09-10 10:28:12,2026-09-10 10:28:22,1027
E1000955,T1000336,AUTHORIZED,2026-09-03 14:29:19,2026-09-03 14:29:21,604
E1002586,T1000908,SETTLED,2026-09-08 14:51:32,2026-09-08 14:51:38,1672
E1001640,T1000576,SETTLED,2026-09-05 17:18:25,2026-09-05 17:18:35,1537
E1000928,T1000327,CREATED,2026-09-03 14:42:37,2026-09-03 14:42:44,570
E1010779,T1003821,CREATED,2026-09-30 09:18:22,2026-09-30 09:18:30,956
E1003570,T1001253,CREATED,2026-09-11 08:44:45,2026-09-11 10:05:45,784
E1003896,T1001368,CREATED,2026-09-12 08:31:06,2026-09-12 08:31:07,1290
E1009629,T1003414,AUTHORIZED,2026-09-27 15:21:38,2026-09-27 15:21:43,673
E1003139,T1001102,CREATED,2026-09-09 12:37:22,2026-09-09 12:37:27,759
E1009612,T1003408,CREATED,2026-09-27 19:31:58,2026-09-27 19:32:03,259
E1001406,T1000494,SETTLED,2026-09-05 20:34:36,2026-09-05 20:34:43,237
E1003194,T1001120,SETTLED,2026-09-10 13:38:39,2026-09-10 13:38:48,846
E1002783,T1000978,CREATED,2026-09-08 10:16:49,2026-09-08 10:16:58,726
E1007625,T1002708,AUTHORIZED,2026-09-22 12:44:59,2026-09-22 12:45:01,823
E1009333,T1003310,CREATED,2026-09-27 19:07:16,2026-09-27 19:07:18,1847
E1000296,T1000105,CREATED,2026-09-01 15:49:17,2026-09-01 15:49:26,773
E1008012,T1002844,CREATED,2026-09-23 18:57:46,2026-09-23 19:39:46,2061
E1010055,T1003565,SETTLED,2026-09-28 20:27:45,2026-09-28 20:27:48,2410
E1005521,T1001951,CREATED,2026-09-16 13:43:27,2026-09-16 13:43:34,1838
E1000378,T1000133,AUTHORIZED,2026-09-02 06:28:45,2026-09-02 06:28:47,697
E1005551,T1001961,SETTLED,2026-09-16 14:31:08,2026-09-16 14:31:10,2393
E1005533,T1001955,AUTHORIZED,2026-09-16 14:29:31,2026-09-16 14:29:37,612
E1001766,T1000619,SETTLED,2026-09-06 21:33:20,2026-09-06 21:33:21,1941
E1002188,T1000767,CREATED,2026-09-06 20:20:42,2026-09-06 20:20:48,2280
E1010554,T1003740,CREATED,2026-09-30 17:06:12,2026-09-30 17:06:15,1387
E1005125,T1001806,AUTHORIZED,2026-09-15 13:44:30,2026-09-15 13:44:32,1927
E1002338,T1000820,AUTHORIZED,2026-09-07 11:03:59,2026-09-07 11:04:05,1196
E1002725,T1000957,SETTLED,2026-09-08 12:15:24,2026-09-08 12:15:34,1058
E1004114,T1001446,FAILED,2026-09-12 10:35:31,2026-09-12 10:35:37,1698
E1006066,T1002143,AUTHORIZED,2026-09-18 20:59:24,2026-09-18 20:59:29,939
E1007205,T1002556,AUTHORIZED,2026-09-21 10:28:36,2026-09-21 10:28:38,997
E1002145,T1000752,CREATED,2026-09-06 20:18:33,2026-09-06 20:18:40,2465
E1009287,T1003294,AUTHORIZED,2026-09-26 14:25:20,2026-09-26 14:25:26,1488
E1002945,T1001034,AUTHORIZED,2026-09-09 16:27:12,2026-09-09 16:27:21,133
E1009330,T1003309,CREATED,2026-09-27 14:50:33,2026-09-27 14:50:43,2011
E1008873,T1003147,CREATED,2026-09-26 11:11:38,2026-09-26 11:11:40,2101
E1001099,T1000389,SETTLED,2026-09-04 08:24:57,2026-09-04 08:25:01,2471
E1004139,T1001455,AUTHORIZED,2026-09-12 07:17:31,2026-09-12 07:17:38,1078
E1006843,T1002428,SETTLED,2026-09-20 13:13:39,2026-09-20 13:13:43,2073
E1007297,T1002590,FAILED,2026-09-21 08:49:28,2026-09-21 08:49:31,2009
E1006737,T1002390,AUTHORIZED,2026-09-19 12:49:14,2026-09-19 12:49:17,761
E1001898,T1000665,CREATED,2026-09-06 16:46:26,2026-09-06 16:46:32,619
E1010159,T1003602,CREATED,2026-09-29 17:55:22,2026-09-29 17:55:27,295
E1006492,T1002299,CREATED,2026-09-19 08:01:41,2026-09-19 08:01:45,883
E1004383,T1001541,CREATED,2026-09-13 14:47:37,2026-09-13 14:47:45,354
E1000090,T1000032,CREATED,2026-09-01 20:17:40,2026-09-01 20:17:44,1784
E1006869,T1002437,SETTLED,2026-09-20 12:16:25,2026-09-20 12:16:31,857
E1003153,T1001107,CREATED,2026-09-10 19:09:07,2026-09-10 19:09:15,1850
E1002387,T1000838,CREATED,2026-09-07 11:28:56,2026-09-07 11:29:01,394
E1006980,T1002477,CREATED,2026-09-20 15:56:31,2026-09-20 15:56:39,1834
E1006912,T1002453,AUTHORIZED,2026-09-20 19:32:38,2026-09-20 19:32:40,2148
E1008076,T1002866,AUTHORIZED,2026-09-23 21:33:36,2026-09-23 21:33:44,1725
E1001540,T1000541,AUTHORIZED,2026-09-05 15:16:07,2026-09-05 15:16:08,760
E1000984,T1000346,AUTHORIZED,2026-09-03 15:02:13,2026-09-03 15:02:19,127
E1005358,T1001892,CREATED,2026-09-16 13:33:01,2026-09-16 13:33:02,1082
E1005407,T1001909,SETTLED,2026-09-16 20:43:12,2026-09-16 20:43:21,2371
E1004095,T1001440,CREATED,2026-09-12 14:14:27,2026-09-12 14:14:35,2282
E1003800,T1001335,SETTLED,2026-09-11 20:37:48,2026-09-11 20:37:58,817
E1008224,T1002917,CREATED,2026-09-24 10:57:29,2026-09-24 10:57:37,2095
E1006565,T1002325,SETTLED,2026-09-19 19:10:16,2026-09-19 19:10:22,375
E1005508,T1001946,SETTLED,2026-09-16 12:20:21,2026-09-16 12:20:31,1573
E1005106,T1001799,AUTHORIZED,2026-09-15 18:48:58,2026-09-15 18:49:02,1293
E1008897,T1003155,AUTHORIZED,2026-09-26 17:35:06,2026-09-26 17:35:07,2254
E1008366,T1002969,AUTHORIZED,2026-09-24 20:37:32,2026-09-24 20:37:34,1341
E1010038,T1003559,SETTLED,2026-09-28 13:22:59,2026-09-28 13:23:08,716
E1010544,T1003736,SETTLED,2026-09-30 16:28:12,2026-09-30 16:28:20,1071
E1008095,T1002873,AUTHORIZED,2026-09-23 13:21:13,2026-09-23 13:21:16,2448
E1001650,T1000580,CREATED,2026-09-05 17:58:06,2026-09-05 17:58:11,961
E1004062,T1001428,SETTLED,2026-09-12 12:08:47,2026-09-12 12:08:56,801
E1007046,T1002500,CREATED,2026-09-20 19:14:43,2026-09-20 19:14:44,1957
E1008256,T1002928,SETTLED,2026-09-24 22:01:15,2026-09-24 22:01:19,862
E1000095,T1000034,CREATED,2026-09-01 08:18:44,2026-09-01 08:18:48,1555
E1008387,T1002976,FAILED,2026-09-24 12:28:52,2026-09-24 12:28:58,1393
E1009085,T1003223,AUTHORIZED,2026-09-26 19:16:58,2026-09-26 19:17:02,1150
E1006140,T1002171,CREATED,2026-09-18 18:11:04,2026-09-18 18:11:06,1746
E1003284,T1001152,SETTLED,2026-09-10 11:53:15,2026-09-10 11:53:19,1234
E1001983,T1000694,AUTHORIZED,2026-09-06 20:32:30,2026-09-06 20:32:37,1202
E1002369,T1000831,AUTHORIZED,2026-09-07 12:05:35,2026-09-07 12:05:40,2283
E1007257,T1002575,SETTLED,2026-09-21 13:22:52,2026-09-21 13:23:02,685
E1006705,T1002378,SETTLED,2026-09-19 17:35:43,2026-09-19 17:35:44,1993
E1004508,T1001585,AUTHORIZED,2026-09-13 15:40:01,2026-09-13 15:40:11,2324
E1000083,T1000029,SETTLED,2026-09-01 20:22:18,2026-09-01 20:22:24,2207
E1007881,T1002798,AUTHORIZED,2026-09-23 12:46:21,2026-09-23 12:46:28,2250
E1007472,T1002653,CREATED,2026-09-21 17:09:14,2026-09-21 17:09:15,962
E1006024,T1002128,AUTHORIZED,2026-09-18 18:29:00,2026-09-18 18:29:08,1198
E1005918,T1002090,FAILED,2026-09-17 11:19:54,2026-09-17 11:20:04,1073
E1006173,T1002183,CREATED,2026-09-18 21:07:13,2026-09-18 21:07:14,279
E1003469,T1001217,CREATED,2026-09-10 19:39:18,2026-09-10 19:39:24,1400
E1003873,T1001360,AUTHORIZED,2026-09-12 11:43:43,2026-09-12 11:43:44,52
E1003242,T1001138,CREATED,2026-09-10 18:44:46,2026-09-10 19:09:46,420
E1006153,T1002176,CREATED,2026-09-18 13:35:03,2026-09-18 13:35:08,2068
E1003517,T1001234,SETTLED,2026-09-11 11:16:11,2026-09-11 11:16:15,1367
E1006009,T1002123,AUTHORIZED,2026-09-18 11:23:17,2026-09-18 12:36:17,744
E1010434,T1003698,CREATED,2026-09-29 16:44:40,2026-09-29 16:44:48,447
E1004823,T1001698,CREATED,2026-09-14 20:09:55,2026-09-14 20:09:59,2451
E1003847,T1001351,SETTLED,2026-09-12 20:16:19,2026-09-12 20:16:25,1570
E1001059,T1000374,AUTHORIZED,2026-09-04 11:30:09,2026-09-04 11:30:13,446
E1001045,T1000368,SETTLED,2026-09-04 16:04:28,2026-09-04 16:04:38,2313
E1008586,T1003046,SETTLED,2026-09-25 12:57:22,2026-09-25 12:57:24,472
E1006003,T1002120,SETTLED,2026-09-18 11:01:16,2026-09-18 11:01:23,1745
E1008293,T1002942,SETTLED,2026-09-24 17:40:05,2026-09-24 17:40:10,1641
E1000555,T1000195,SETTLED,2026-09-02 11:55:05,2026-09-02 11:55:10,1521
E1010655,T1003776,AUTHORIZED,2026-09-30 12:15:20,2026-09-30 12:15:25,1896
E1002673,T1000940,CREATED,2026-09-08 20:23:10,2026-09-08 20:23:14,469
E1007793,T1002768,CREATED,2026-09-22 13:34:38,2026-09-22 13:34:43,2376
E1004686,T1001648,CREATED,2026-09-14 09:52:40,2026-09-14 09:52:46,2465
E1009456,T1003354,CREATED,2026-09-27 20:36:07,2026-09-27 20:36:09,1379
E1000337,T1000119,SETTLED,2026-09-01 12:18:38,2026-09-01 12:18:46,118
E1003433,T1001204,CREATED,2026-09-10 14:18:18,2026-09-10 14:18:25,2110
E1005807,T1002051,SETTLED,2026-09-17 20:56:15,2026-09-17 20:56:17,1086
E1007913,T1002809,AUTHORIZED,2026-09-23 13:40:19,2026-09-23 13:40:21,213
E1008593,T1003049,AUTHORIZED,2026-09-25 10:13:25,2026-09-25 10:13:31,1929
E1008966,T1003180,SETTLED,2026-09-26 11:28:52,2026-09-26 11:29:00,963
E1009816,T1003482,AUTHORIZED,2026-09-28 13:05:34,2026-09-28 13:05:41,1079
E1003905,T1001371,CREATED,2026-09-12 18:16:54,2026-09-12 18:16:57,1137
E1004489,T1001578,SETTLED,2026-09-13 21:04:21,2026-09-13 21:04:27,1780
E1001446,T1000509,CREATED,2026-09-05 09:32:51,2026-09-05 09:32:52,164
E1007794,T1002768,AUTHORIZED,2026-09-22 13:34:47,2026-09-22 13:34:51,289
E1004177,T1001468,AUTHORIZED,2026-09-12 17:37:57,2026-09-12 17:38:00,170
E1002372,T1000832,FAILED,2026-09-07 06:21:38,2026-09-07 06:21:41,865
E1006997,T1002483,CREATED,2026-09-20 16:13:11,2026-09-20 16:13:16,663
E1005932,T1002095,SETTLED,2026-09-17 20:11:38,2026-09-17 20:11:42,999
E1007314,T1002596,SETTLED,2026-09-21 09:23:45,2026-09-21 09:23:50,184
E1009139,T1003243,CREATED,2026-09-26 12:10:13,2026-09-26 12:10:16,2236
E1007269,T1002580,SETTLED,2026-09-21 20:01:58,2026-09-21 20:02:03,843
E1000018,T1000007,CREATED,2026-09-01 22:20:46,2026-09-01 22:20:50,303
E1005568,T1001967,SETTLED,2026-09-16 20:17:45,2026-09-16 20:17:53,1799
E1002095,T1000735,CREATED,2026-09-06 14:17:42,2026-09-06 14:17:47,133
E1003415,T1001197,SETTLED,2026-09-10 11:52:54,2026-09-10 11:52:59,2283
E1006848,T1002430,AUTHORIZED,2026-09-20 21:30:35,2026-09-20 21:30:42,2022
E1009370,T1003322,SETTLED,2026-09-27 14:40:52,2026-09-27 14:40:53,1864
E1010656,T1003777,CREATED,2026-09-30 09:42:13,2026-09-30 09:42:19,2422
E1005280,T1001863,SETTLED,2026-09-15 21:37:18,2026-09-15 21:37:19,1288
E1008351,T1002964,CREATED,2026-09-24 14:23:59,2026-09-24 14:24:07,410
E1006340,T1002242,AUTHORIZED,2026-09-19 13:43:12,2026-09-19 13:43:19,807
E1005801,T1002049,SETTLED,2026-09-17 12:21:03,2026-09-17 12:21:04,694
E1003950,T1001387,SETTLED,2026-09-12 21:22:48,2026-09-12 21:22:49,1086
E1000768,T1000270,CREATED,2026-09-03 17:24:41,2026-09-03 17:24:47,376
E1010432,T1003697,AUTHORIZED,2026-09-29 17:06:07,2026-09-29 17:06:15,1361
E1002253,T1000789,SETTLED,2026-09-07 18:54:19,2026-09-07 18:54:21,1808
E1007313,T1002596,AUTHORIZED,2026-09-21 09:13:56,2026-09-21 09:14:04,1175
E1005968,T1002107,SETTLED,2026-09-17 12:51:20,2026-09-17 12:51:25,2433
E1004680,T1001645,SETTLED,2026-09-14 14:59:19,2026-09-14 14:59:22,1021
E1002984,T1001048,AUTHORIZED,2026-09-09 17:50:48,2026-09-09 17:50:49,2104
E1010255,T1003635,CREATED,2026-09-29 21:06:13,2026-09-29 21:06:14,1995
E1005334,T1001883,AUTHORIZED,2026-09-16 18:30:27,2026-09-16 18:30:28,1174
E1002420,T1000849,SETTLED,2026-09-07 13:58:31,2026-09-07 13:58:34,2184
E1007018,T1002490,CREATED,2026-09-20 19:33:34,2026-09-20 19:33:37,730
E1009876,T1003503,AUTHORIZED,2026-09-28 16:19:51,2026-09-28 16:19:52,658
E1005953,T1002102,SETTLED,2026-09-17 12:34:31,2026-09-17 12:34:34,216
E1008631,T1003062,AUTHORIZED,2026-09-25 12:04:31,2026-09-25 12:04:37,2429
E1009869,T1003501,CREATED,2026-09-28 08:05:44,2026-09-28 08:05:54,42
E1009575,T1003395,CREATED,2026-09-27 21:42:48,2026-09-27 21:42:55,2201
E1001837,T1000644,AUTHORIZED,2026-09-06 18:10:06,2026-09-06 18:10:12,1154
E1008805,T1003123,SETTLED,2026-09-25 19:26:12,2026-09-25 19:26:19,634
E1001353,T1000476,CREATED,2026-09-05 08:05:26,2026-09-05 08:05:35,765
E1009844,T1003492,FAILED,2026-09-28 11:27:55,2026-09-28 11:28:00,1859
E1001977,T1000692,AUTHORIZED,2026-09-06 16:54:40,2026-09-06 17:10:40,1545
E1002589,T1000909,SETTLED,2026-09-08 16:22:31,2026-09-08 16:22:36,1436
E1000001,T1000001,CREATED,2026-09-01 19:58:53,2026-09-01 19:58:59,2351
E1001913,T1000670,AUTHORIZED,2026-09-06 07:18:55,2026-09-06 07:18:58,960
E1004670,T1001642,AUTHORIZED,2026-09-14 19:24:13,2026-09-14 19:24:16,598
E1008352,T1002964,AUTHORIZED,2026-09-24 14:24:15,2026-09-24 14:24:16,1324
E1003666,T1001287,CREATED,2026-09-11 11:30:56,2026-09-11 11:31:01,1163
E1001786,T1000626,AUTHORIZED,2026-09-06 18:06:15,2026-09-06 18:06:24,1458
E1004528,T1001592,AUTHORIZED,2026-09-13 18:49:40,2026-09-13 18:49:50,831
E1009236,T1003277,CREATED,2026-09-26 17:35:33,2026-09-26 19:02:33,1993
E1007286,T1002586,SETTLED,2026-09-21 09:53:18,2026-09-21 09:53:23,1672
E1008498,T1003016,AUTHORIZED,2026-09-25 15:22:53,2026-09-25 15:23:00,1201
E1008765,T1003108,SETTLED,2026-09-25 11:51:36,2026-09-25 11:51:41,431
E1002316,T1000812,SETTLED,2026-09-07 12:46:20,2026-09-07 12:46:25,821
E1003407,T1001195,CREATED,2026-09-10 10:11:56,2026-09-10 10:11:57,2302
E1000230,T1000081,CREATED,2026-09-01 13:43:53,2026-09-01 13:44:03,1375
E1008734,T1003097,SETTLED,2026-09-25 20:51:12,2026-09-25 20:51:15,1802
E1005696,T1002013,CREATED,2026-09-17 11:42:31,2026-09-17 11:42:38,1062
E1007189,T1002551,CREATED,2026-09-21 08:43:59,2026-09-21 08:44:04,890
E1009495,T1003367,CREATED,2026-09-27 10:22:39,2026-09-27 10:22:43,1852
E1002508,T1000881,CREATED,2026-09-07 08:45:38,2026-09-07 08:45:44,2121
E1002922,T1001026,AUTHORIZED,2026-09-09 09:22:29,2026-09-09 09:22:36,129
E1010362,T1003672,SETTLED,2026-09-29 15:49:19,2026-09-29 15:49:29,748
E1005077,T1001789,AUTHORIZED,2026-09-15 17:35:57,2026-09-15 17:35:58,61
E1000875,T1000308,AUTHORIZED,2026-09-03 13:52:46,2026-09-03 13:52:54,2350
E1004847,T1001706,CREATED,2026-09-14 18:04:31,2026-09-14 18:04:39,2171
E1000298,T1000105,SETTLED,2026-09-01 15:57:17,2026-09-01 15:57:19,834
E1002200,T1000771,AUTHORIZED,2026-09-06 11:10:36,2026-09-06 11:10:42,2078
E1001485,T1000522,CREATED,2026-09-05 18:32:38,2026-09-05 18:32:45,2099
E1003491,T1001225,AUTHORIZED,2026-09-11 11:24:27,2026-09-11 11:24:33,1259
E1007100,T1002520,SETTLED,2026-09-20 19:29:13,2026-09-20 19:29:21,862
E1001736,T1000609,CREATED,2026-09-05 14:01:28,2026-09-05 14:01:38,177
E1004192,T1001473,SETTLED,2026-09-12 12:38:34,2026-09-12 12:38:40,816
E1004959,T1001745,SETTLED,2026-09-14 21:16:03,2026-09-14 21:16:13,1999
E1000257,T1000090,FAILED,2026-09-01 12:52:42,2026-09-01 12:52:50,943
E1000822,T1000290,CREATED,2026-09-03 15:32:27,2026-09-03 15:32:36,1556
E1003454,T1001211,AUTHORIZED,2026-09-10 11:38:36,2026-09-10 11:38:41,2066
E1010540,T1003735,CREATED,2026-09-30 19:20:13,2026-09-30 19:20:23,1241
E1008480,T1003009,SETTLED,2026-09-25 15:23:08,2026-09-25 15:23:12,409
E1004479,T1001575,AUTHORIZED,2026-09-13 09:01:04,2026-09-13 09:01:08,380
E1009214,T1003269,AUTHORIZED,2026-09-26 08:33:40,2026-09-26 08:33:45,2375
E1006197,T1002191,SETTLED,2026-09-18 18:17:06,2026-09-18 18:17:13,1649
E1005406,T1001909,AUTHORIZED,2026-09-16 20:38:32,2026-09-16 20:38:39,737
E1008439,T1002995,CREATED,2026-09-24 09:27:09,2026-09-24 09:27:10,1507
E1001510,T1000531,CREATED,2026-09-05 17:15:29,2026-09-05 17:15:32,1286
E1000669,T1000235,SETTLED,2026-09-02 21:38:26,2026-09-02 21:38:27,1483
E1000043,T1000016,AUTHORIZED,2026-09-01 19:14:30,2026-09-01 19:14:37,96
E1005235,T1001846,CREATED,2026-09-15 16:26:27,2026-09-15 16:26:36,576
E1005477,T1001935,SETTLED,2026-09-16 15:06:36,2026-09-16 15:06:40,2282
E1009167,T1003252,AUTHORIZED,2026-09-26 08:10:40,2026-09-26 08:10:44,1093
E1010490,T1003717,SETTLED,2026-09-30 19:20:30,2026-09-30 19:20:36,1828
E1003834,T1001347,AUTHORIZED,2026-09-12 17:35:07,2026-09-12 17:35:17,1350
E1007509,T1002666,AUTHORIZED,2026-09-22 14:38:13,2026-09-22 14:38:20,1530
E1010650,T1003774,SETTLED,2026-09-30 18:25:45,2026-09-30 18:25:53,828
E1009802,T1003476,SETTLED,2026-09-28 16:39:41,2026-09-28 16:39:42,2442
E1003412,T1001196,SETTLED,2026-09-10 20:23:46,2026-09-10 20:23:48,1933
E1003403,T1001193,SETTLED,2026-09-10 12:01:23,2026-09-10 12:01:25,1633
E1007214,T1002559,AUTHORIZED,2026-09-21 13:24:57,2026-09-21 13:25:01,263
E1006591,T1002335,AUTHORIZED,2026-09-19 18:41:16,2026-09-19 18:41:26,2151
E1004512,T1001586,SETTLED,2026-09-13 20:33:28,2026-09-13 20:33:30,2256
E1002836,T1000996,SETTLED,2026-09-08 12:57:26,2026-09-08 12:57:29,1244
E1001209,T1000426,SETTLED,2026-09-04 19:12:18,2026-09-04 19:12:21,454
E1004702,T1001654,CREATED,2026-09-14 13:48:48,2026-09-14 13:48:53,729
E1003880,T1001362,SETTLED,2026-09-12 10:16:19,2026-09-12 10:16:27,55
E1001700,T1000597,CREATED,2026-09-05 18:09:08,2026-09-05 18:09:14,139
E1010676,T1003783,SETTLED,2026-09-30 21:37:49,2026-09-30 21:37:55,852
E1002924,T1001027,CREATED,2026-09-09 09:02:41,2026-09-09 09:02:50,2075
E1009290,T1003295,AUTHORIZED,2026-09-26 13:09:47,2026-09-26 13:09:53,1076
E1009837,T1003489,SETTLED,2026-09-28 19:17:32,2026-09-28 19:17:33,1846
E1009163,T1003251,CREATED,2026-09-26 17:21:23,2026-09-26 17:21:31,1080
E1008859,T1003142,CREATED,2026-09-26 08:11:12,2026-09-26 08:11:20,332
E1004137,T1001454,SETTLED,2026-09-12 20:52:15,2026-09-12 20:52:22,1063
E1006962,T1002470,SETTLED,2026-09-20 15:03:06,2026-09-20 15:03:10,462
E1006427,T1002274,AUTHORIZED,2026-09-19 17:17:43,2026-09-19 17:17:52,416
E1007501,T1002663,AUTHORIZED,2026-09-22 10:22:53,2026-09-22 10:22:59,814
E1002379,T1000835,CREATED,2026-09-07 11:35:12,2026-09-07 11:35:20,1420
E1010567,T1003745,CREATED,2026-09-30 16:12:50,2026-09-30 16:12:59,2066
E1009433,T1003345,AUTHORIZED,2026-09-27 20:01:24,2026-09-27 20:01:33,1337
E1000988,T1000347,SETTLED,2026-09-03 14:23:55,2026-09-03 14:23:57,1739
E1003569,T1001252,SETTLED,2026-09-11 11:08:32,2026-09-11 11:08:37,2342
E1003295,T1001156,SETTLED,2026-09-10 15:56:45,2026-09-10 15:56:52,1528
E1005747,T1002031,AUTHORIZED,2026-09-17 13:22:41,2026-09-17 13:22:50,2433
E1005803,T1002050,AUTHORIZED,2026-09-17 18:24:36,2026-09-17 19:05:36,400
E1004216,T1001482,CREATED,2026-09-12 19:23:40,2026-09-12 19:23:46,371
E1009801,T1003476,AUTHORIZED,2026-09-28 16:36:57,2026-09-28 16:37:07,466
E1005471,T1001933,AUTHORIZED,2026-09-16 20:20:33,2026-09-16 20:20:37,131
E1005355,T1001891,CREATED,2026-09-16 11:38:22,2026-09-16 11:38:23,1914
E1008460,T1003002,SETTLED,2026-09-24 19:33:31,2026-09-24 19:33:39,833
E1006852,T1002431,SETTLED,2026-09-20 10:34:06,2026-09-20 10:34:14,873
E1004918,T1001731,CREATED,2026-09-14 21:12:08,2026-09-14 21:12:11,700
E1009630,T1003414,SETTLED,2026-09-27 15:41:18,2026-09-27 15:41:28,440
E1007129,T1002530,AUTHORIZED,2026-09-20 07:04:46,2026-09-20 07:04:53,2018
E1002258,T1000791,SETTLED,2026-09-07 19:43:38,2026-09-07 19:43:44,1951
E1010481,T1003714,SETTLED,2026-09-30 14:08:00,2026-09-30 14:08:07,2429
E1008817,T1003127,SETTLED,2026-09-25 18:00:27,2026-09-25 18:00:37,1712
E1006027,T1002129,SETTLED,2026-09-18 15:39:11,2026-09-18 15:39:16,1090
E1007533,T1002675,AUTHORIZED,2026-09-22 11:46:03,2026-09-22 11:46:12,775
E1003452,T1001210,SETTLED,2026-09-10 21:23:15,2026-09-10 21:23:20,1437
E1008621,T1003059,CREATED,2026-09-25 20:53:21,2026-09-25 20:53:23,569
E1001600,T1000562,SETTLED,2026-09-05 13:53:38,2026-09-05 13:53:44,724
E1001661,T1000583,SETTLED,2026-09-05 19:27:22,2026-09-05 19:27:27,364
E1009714,T1003444,FAILED,2026-09-27 15:47:26,2026-09-27 15:47:27,165
E1008705,T1003088,CREATED,2026-09-25 17:50:04,2026-09-25 17:50:11,1525
E1000260,T1000091,SETTLED,2026-09-01 12:30:12,2026-09-01 12:30:17,2114
E1000733,T1000258,CREATED,2026-09-03 13:43:51,2026-09-03 13:43:53,1774
E1007404,T1002629,CREATED,2026-09-21 20:23:01,2026-09-21 20:23:07,676
E1010776,T1003819,SETTLED,2026-09-30 18:28:02,2026-09-30 18:28:10,137
E1008081,T1002868,CREATED,2026-09-23 11:45:42,2026-09-23 11:45:51,1321
E1006880,T1002441,AUTHORIZED,2026-09-20 07:10:20,2026-09-20 07:10:25,1696
E1006474,T1002291,SETTLED,2026-09-19 20:07:17,2026-09-19 20:07:18,570
E1001596,T1000561,AUTHORIZED,2026-09-05 09:27:52,2026-09-05 09:27:57,1634
E1001666,T1000585,AUTHORIZED,2026-09-05 19:49:30,2026-09-05 19:49:39,1585
E1004311,T1001514,SETTLED,2026-09-13 18:47:06,2026-09-13 18:47:09,1869
E1009981,T1003540,CREATED,2026-09-28 12:59:17,2026-09-28 12:59:23,966
E1006129,T1002166,AUTHORIZED,2026-09-18 09:16:41,2026-09-18 09:16:50,2123
E1008661,T1003072,SETTLED,2026-09-25 22:07:35,2026-09-25 22:07:43,1548
E1002961,T1001040,AUTHORIZED,2026-09-09 13:47:17,2026-09-09 13:47:26,661
E1008141,T1002889,CREATED,2026-09-24 14:57:53,2026-09-24 14:58:00,1042
E1005422,T1001915,FAILED,2026-09-16 20:33:56,2026-09-16 20:34:01,1264
E1004356,T1001531,AUTHORIZED,2026-09-13 10:53:06,2026-09-13 10:53:16,1878
E1001895,T1000664,CREATED,2026-09-06 21:34:37,2026-09-06 21:34:44,2232
E1009161,T1003250,AUTHORIZED,2026-09-26 21:21:33,2026-09-26 21:21:41,2191
E1007718,T1002742,CREATED,2026-09-22 09:10:09,2026-09-22 09:10:18,323
E1007432,T1002638,SETTLED,2026-09-21 21:42:56,2026-09-21 21:42:57,1708
E1007660,T1002721,CREATED,2026-09-22 08:08:04,2026-09-22 08:08:07,1583
E1004821,T1001697,AUTHORIZED,2026-09-14 10:26:30,2026-09-14 10:26:40,1342
E1010477,T1003713,AUTHORIZED,2026-09-30 12:33:53,2026-09-30 12:34:01,1367
E1002287,T1000802,SETTLED,2026-09-07 17:48:41,2026-09-07 17:48:50,1829
E1009468,T1003358,CREATED,2026-09-27 13:02:02,2026-09-27 13:34:02,2433
E1006045,T1002136,CREATED,2026-09-18 09:05:57,2026-09-18 09:06:06,2209
E1003866,T1001358,CREATED,2026-09-12 13:40:27,2026-09-12 14:30:27,1153
E1003785,T1001330,AUTHORIZED,2026-09-11 13:49:59,2026-09-11 13:50:02,1396
E1004861,T1001710,SETTLED,2026-09-14 16:23:59,2026-09-14 16:24:00,742
E1005040,T1001775,SETTLED,2026-09-15 20:56:35,2026-09-15 20:56:36,2152
E1003378,T1001185,CREATED,2026-09-10 11:25:07,2026-09-10 11:25:10,2467
E1000152,T1000054,AUTHORIZED,2026-09-01 20:07:21,2026-09-01 20:07:30,328
E1000098,T1000035,CREATED,2026-09-01 12:27:09,2026-09-01 12:27:15,1937
E1010173,T1003606,SETTLED,2026-09-29 20:40:20,2026-09-29 20:40:23,1108
E1006620,T1002346,CREATED,2026-09-19 17:43:42,2026-09-19 17:43:50,2190
E1002329,T1000817,AUTHORIZED,2026-09-07 11:36:31,2026-09-07 11:36:41,2237
E1006615,T1002344,AUTHORIZED,2026-09-19 11:38:48,2026-09-19 11:38:56,902
E1004536,T1001595,CREATED,2026-09-13 17:20:37,2026-09-13 17:20:44,1509
E1007623,T1002707,SETTLED,2026-09-22 08:14:15,2026-09-22 08:14:20,176
E1008016,T1002845,AUTHORIZED,2026-09-23 16:06:31,2026-09-23 16:06:34,610
E1001541,T1000541,SETTLED,2026-09-05 18:15:03,2026-09-05 18:15:11,179
E1004407,T1001549,SETTLED,2026-09-13 20:08:29,2026-09-13 20:08:30,1975
E1009299,T1003298,AUTHORIZED,2026-09-26 15:44:21,2026-09-26 15:44:22,1825
E1005574,T1001969,SETTLED,2026-09-16 13:47:43,2026-09-16 13:47:52,894
E1003574,T1001254,AUTHORIZED,2026-09-11 20:12:27,2026-09-11 20:12:31,616
E1001354,T1000476,AUTHORIZED,2026-09-05 08:05:50,2026-09-05 08:05:55,1253
E1001748,T1000613,AUTHORIZED,2026-09-05 11:17:01,2026-09-05 11:17:07,1468
E1007388,T1002623,CREATED,2026-09-21 13:24:31,2026-09-21 13:24:39,72
E1006356,T1002248,CREATED,2026-09-19 11:28:48,2026-09-19 11:28:50,178
E1002189,T1000767,AUTHORIZED,2026-09-06 20:21:01,2026-09-06 20:21:10,81
E1000494,T1000173,AUTHORIZED,2026-09-02 08:42:23,2026-09-02 08:42:28,1357
E1004545,T1001598,CREATED,2026-09-13 19:46:03,2026-09-13 21:11:03,268
E1002641,T1000927,AUTHORIZED,2026-09-08 12:01:01,2026-09-08 12:01:06,1830
E1006766,T1002401,AUTHORIZED,2026-09-20 14:42:23,2026-09-20 14:42:24,126
E1007536,T1002676,AUTHORIZED,2026-09-22 06:58:36,2026-09-22 06:58:40,759
E1007823,T1002778,AUTHORIZED,2026-09-23 17:30:29,2026-09-23 17:30:36,373
E1008527,T1003026,AUTHORIZED,2026-09-25 08:58:31,2026-09-25 08:58:38,117
E1004477,T1001574,SETTLED,2026-09-13 16:55:56,2026-09-13 16:56:03,1800
E1009673,T1003430,AUTHORIZED,2026-09-27 15:42:32,2026-09-27 15:42:38,1916
E1004604,T1001618,SETTLED,2026-09-13 19:38:47,2026-09-13 19:38:52,759
E1005409,T1001910,FAILED,2026-09-16 20:32:05,2026-09-16 20:32:06,300
E1006416,T1002270,CREATED,2026-09-19 18:00:36,2026-09-19 18:00:45,1672
E1005536,T1001956,AUTHORIZED,2026-09-16 17:21:41,2026-09-16 17:21:42,1612
E1008935,T1003170,CREATED,2026-09-26 16:05:58,2026-09-26 16:06:08,511
E1003370,T1001182,AUTHORIZED,2026-09-10 13:45:40,2026-09-10 13:45:47,2180
E1000248,T1000087,CREATED,2026-09-01 20:26:12,2026-09-01 20:26:17,1626
E1009865,T1003499,SETTLED,2026-09-28 09:10:14,2026-09-28 09:10:17,708
E1006111,T1002160,AUTHORIZED,2026-09-18 12:04:57,2026-09-18 12:05:00,1650
E1007988,T1002835,CREATED,2026-09-23 20:11:10,2026-09-23 20:11:20,1638
E1010696,T1003791,CREATED,2026-09-30 14:08:34,2026-09-30 14:08:43,1522
E1003525,T1001237,SETTLED,2026-09-11 08:29:56,2026-09-11 08:30:06,1459
E1002405,T1000844,SETTLED,2026-09-07 17:12:34,2026-09-07 17:12:35,740
E1004567,T1001605,SETTLED,2026-09-13 16:14:12,2026-09-13 16:14:20,349
E1010627,T1003766,CREATED,2026-09-30 18:42:45,2026-09-30 18:42:49,2230
E1005292,T1001868,FAILED,2026-09-16 11:04:46,2026-09-16 11:04:54,1212
E1005750,T1002032,AUTHORIZED,2026-09-17 22:00:07,2026-09-17 22:00:16,1966
E1004618,T1001623,AUTHORIZED,2026-09-13 12:14:55,2026-09-13 12:15:04,1240
E1000393,T1000138,SETTLED,2026-09-02 14:30:08,2026-09-02 14:30:12,252
E1003496,T1001227,AUTHORIZED,2026-09-11 12:51:09,2026-09-11 12:51:17,2331
E1010396,T1003684,SETTLED,2026-09-29 14:49:26,2026-09-29 14:49:36,1845
E1009665,T1003427,AUTHORIZED,2026-09-27 17:42:46,2026-09-27 17:42:48,969
E1001242,T1000437,SETTLED,2026-09-04 15:34:11,2026-09-04 15:34:14,1729
E1007032,T1002494,SETTLED,2026-09-20 19:05:24,2026-09-20 19:05:30,1424
E1002300,T1000807,CREATED,2026-09-07 14:35:21,2026-09-07 14:35:29,435
E1009506,T1003370,SETTLED,2026-09-27 14:13:49,2026-09-27 14:13:50,2285
E1002692,T1000946,SETTLED,2026-09-08 08:10:29,2026-09-08 08:10:34,1336
E1000167,T1000059,SETTLED,2026-09-01 20:22:27,2026-09-01 20:22:36,721
E1009906,T1003514,AUTHORIZED,2026-09-28 13:25:07,2026-09-28 13:25:15,203
E1000263,T1000092,SETTLED,2026-09-01 12:33:05,2026-09-01 12:33:09,2396
E1000235,T1000082,SETTLED,2026-09-01 21:08:54,2026-09-01 21:09:03,383
E1002901,T1001019,AUTHORIZED,2026-09-09 20:30:25,2026-09-09 20:30:35,148
E1001236,T1000435,SETTLED,2026-09-04 12:45:29,2026-09-04 12:45:36,2391
E1006792,T1002410,CREATED,2026-09-20 23:48:01,2026-09-20 23:48:07,361
E1000770,T1000270,SETTLED,2026-09-03 17:35:41,2026-09-03 17:35:47,2436
E1003235,T1001135,SETTLED,2026-09-10 21:20:39,2026-09-10 21:20:40,1355
E1004163,T1001463,SETTLED,2026-09-12 16:17:26,2026-09-12 16:17:29,844
E1001943,T1000681,CREATED,2026-09-06 19:25:30,2026-09-06 19:25:38,1962
E1000611,T1000215,CREATED,2026-09-02 16:30:19,2026-09-02 16:30:22,1965
E1002966,T1001042,CREATED,2026-09-09 17:21:12,2026-09-09 17:21:19,571
E1003288,T1001154,CREATED,2026-09-10 20:01:04,2026-09-10 20:01:05,1793
E1008956,T1003177,AUTHORIZED,2026-09-26 10:01:50,2026-09-26 10:01:58,1389
E1001085,T1000384,CREATED,2026-09-04 21:11:23,2026-09-04 21:11:31,1339
E1005667,T1002002,AUTHORIZED,2026-09-17 22:25:56,2026-09-17 22:26:06,707
E1010185,T1003611,CREATED,2026-09-29 17:29:08,2026-09-29 17:29:11,168
E1000819,T1000289,CREATED,2026-09-03 14:08:59,2026-09-03 14:09:03,690
E1006582,T1002331,SETTLED,2026-09-19 16:06:51,2026-09-19 16:07:00,134
E1002246,T1000787,CREATED,2026-09-07 13:59:43,2026-09-07 13:59:46,253
E1003426,T1001201,AUTHORIZED,2026-09-10 10:15:43,2026-09-10 11:02:43,256
E1009286,T1003294,CREATED,2026-09-26 14:25:10,2026-09-26 14:25:19,1966
E1001706,T1000599,CREATED,2026-09-05 13:55:03,2026-09-05 13:55:12,1465
E1010174,T1003607,CREATED,2026-09-29 16:49:03,2026-09-29 16:49:10,1377
E1001339,T1000471,CREATED,2026-09-05 14:27:58,2026-09-05 14:28:02,1895
E1004530,T1001593,CREATED,2026-09-13 20:14:02,2026-09-13 20:14:06,2034
E1003382,T1001186,SETTLED,2026-09-10 08:47:56,2026-09-10 08:48:03,1400
E1008145,T1002890,AUTHORIZED,2026-09-24 17:51:04,2026-09-24 17:51:06,985
E1005503,T1001945,CREATED,2026-09-16 10:07:04,2026-09-16 10:07:05,1618
E1002311,T1000811,CREATED,2026-09-07 14:53:13,2026-09-07 14:53:14,1952
E1005148,T1001815,CREATED,2026-09-15 12:59:19,2026-09-15 12:59:21,1042
E1010158,T1003601,SETTLED,2026-09-29 22:38:41,2026-09-29 22:38:51,1708
E1006823,T1002421,SETTLED,2026-09-20 11:58:39,2026-09-20 11:58:42,2264
E1003746,T1001317,CREATED,2026-09-11 12:35:32,2026-09-11 12:35:35,2336
E1005925,T1002093,AUTHORIZED,2026-09-17 14:40:13,2026-09-17 14:40:16,1552
E1004250,T1001493,SETTLED,2026-09-13 17:50:15,2026-09-13 17:50:17,733
E1001193,T1000421,AUTHORIZED,2026-09-04 07:12:23,2026-09-04 07:12:24,1567
E1007074,T1002511,AUTHORIZED,2026-09-20 17:43:20,2026-09-20 17:43:22,1430
E1010632,T1003768,CREATED,2026-09-30 09:45:15,2026-09-30 09:45:24,1131
E1001376,T1000483,SETTLED,2026-09-05 21:06:38,2026-09-05 21:06:47,1377
E1009648,T1003421,CREATED,2026-09-27 17:32:44,2026-09-27 17:32:45,1765
E1005751,T1002032,SETTLED,2026-09-17 23:10:42,2026-09-17 23:10:43,2110
E1002499,T1000877,AUTHORIZED,2026-09-07 14:48:56,2026-09-07 15:43:56,1585
E1004510,T1001586,CREATED,2026-09-13 20:13:28,2026-09-13 20:13:32,188
E1009815,T1003482,CREATED,2026-09-28 13:05:24,2026-09-28 13:05:25,1468
E1005518,T1001950,CREATED,2026-09-16 20:14:21,2026-09-16 20:14:26,1454
E1006401,T1002264,SETTLED,2026-09-19 18:03:49,2026-09-19 18:03:59,373
E1006742,T1002392,AUTHORIZED,2026-09-19 10:15:54,2026-09-19 10:16:04,1044
E1006827,T1002423,CREATED,2026-09-20 06:15:24,2026-09-20 06:15:30,2457
E1000276,T1000097,AUTHORIZED,2026-09-01 15:26:44,2026-09-01 15:26:51,1184
E1000063,T1000023,CREATED,2026-09-01 19:04:36,2026-09-01 19:04:42,2159
E1006923,T1002457,CREATED,2026-09-20 11:14:29,2026-09-20 11:14:31,2194
E1000398,T1000140,AUTHORIZED,2026-09-02 08:15:22,2026-09-02 08:15:24,1488
E1004329,T1001521,AUTHORIZED,2026-09-13 12:05:12,2026-09-13 12:05:22,1358
E1005636,T1001990,SETTLED,2026-09-17 13:08:31,2026-09-17 13:08:40,1885
E1002158,T1000756,AUTHORIZED,2026-09-06 21:15:19,2026-09-06 21:15:27,2009
E1001289,T1000454,AUTHORIZED,2026-09-04 13:46:32,2026-09-04 13:46:40,230
E1008213,T1002913,CREATED,2026-09-24 18:05:52,2026-09-24 18:05:58,743
E1010376,T1003677,SETTLED,2026-09-29 13:22:47,2026-09-29 13:22:57,738
E1005054,T1001780,SETTLED,2026-09-15 19:13:31,2026-09-15 19:13:37,1202
E1001218,T1000429,SETTLED,2026-09-04 09:07:40,2026-09-04 09:07:42,212
E1009731,T1003450,AUTHORIZED,2026-09-27 17:56:02,2026-09-27 17:56:09,1997
E1010300,T1003650,CREATED,2026-09-29 17:33:59,2026-09-29 17:34:09,2000
E1001374,T1000483,CREATED,2026-09-05 20:51:38,2026-09-05 20:51:40,785
E1002462,T1000864,AUTHORIZED,2026-09-07 17:15:05,2026-09-07 17:15:09,1590
E1005583,T1001972,SETTLED,2026-09-16 22:33:24,2026-09-16 22:33:29,2333
E1004413,T1001552,CREATED,2026-09-13 14:53:45,2026-09-13 14:53:48,1090
E1010371,T1003676,CREATED,2026-09-29 15:21:37,2026-09-29 15:21:44,2425
E1002153,T1000754,SETTLED,2026-09-06 10:56:08,2026-09-06 10:56:16,2127
E1010402,T1003686,SETTLED,2026-09-29 20:54:56,2026-09-29 20:54:57,1220
E1010534,T1003732,SETTLED,2026-09-30 14:24:15,2026-09-30 14:47:15,483
E1007934,T1002817,CREATED,2026-09-23 08:37:03,2026-09-23 08:37:05,1829
E1002792,T1000981,CREATED,2026-09-08 11:07:40,2026-09-08 11:07:47,2172
E1002871,T1001009,CREATED,2026-09-09 17:04:20,2026-09-09 17:04:22,2182
E1003929,T1001379,SETTLED,2026-09-12 20:54:23,2026-09-12 20:54:33,325
E1002553,T1000897,SETTLED,2026-09-08 23:40:46,2026-09-08 23:40:53,2451
E1006210,T1002196,CREATED,2026-09-18 11:05:05,2026-09-18 11:05:14,1979
E1008088,T1002870,AUTHORIZED,2026-09-23 08:24:14,2026-09-23 08:24:21,145
E1003611,T1001267,SETTLED,2026-09-11 11:40:24,2026-09-11 11:40:28,1763
E1009225,T1003273,CREATED,2026-09-26 19:21:21,2026-09-26 19:21:22,1259
E1004656,T1001637,AUTHORIZED,2026-09-14 20:35:29,2026-09-14 20:35:32,714
E1006496,T1002300,AUTHORIZED,2026-09-19 09:11:18,2026-09-19 09:11:27,118
E1002869,T1001008,AUTHORIZED,2026-09-09 09:11:32,2026-09-09 09:11:34,809
E1003259,T1001144,CREATED,2026-09-10 12:49:54,2026-09-10 12:50:02,1170
E1010504,T1003722,AUTHORIZED,2026-09-30 19:40:39,2026-09-30 19:40:47,2095
E1002999,T1001053,AUTHORIZED,2026-09-09 09:42:42,2026-09-09 09:42:45,1789
E1008008,T1002842,SETTLED,2026-09-23 12:44:48,2026-09-23 12:44:49,831
E1008443,T1002996,AUTHORIZED,2026-09-24 17:37:19,2026-09-24 17:37:29,2088
E1010575,T1003747,SETTLED,2026-09-30 16:38:33,2026-09-30 16:38:39,1243
E1010393,T1003683,SETTLED,2026-09-29 20:21:37,2026-09-29 20:21:45,1499
E1008243,T1002924,CREATED,2026-09-24 08:36:23,2026-09-24 08:36:33,2169
E1001418,T1000498,SETTLED,2026-09-05 07:41:50,2026-09-05 07:41:59,740
E1009353,T1003317,CREATED,2026-09-27 11:38:01,2026-09-27 11:38:03,2426
E1007001,T1002484,AUTHORIZED,2026-09-20 12:24:12,2026-09-20 12:24:18,290
E1004902,T1001725,AUTHORIZED,2026-09-14 13:26:22,2026-09-14 13:45:22,1745
E1000169,T1000060,AUTHORIZED,2026-09-01 19:26:51,2026-09-01 19:27:00,2340
E1002209,T1000774,AUTHORIZED,2026-09-07 22:22:28,2026-09-07 22:22:33,2480
E1008060,T1002860,SETTLED,2026-09-23 20:00:51,2026-09-23 20:00:54,2445
E1002727,T1000958,AUTHORIZED,2026-09-08 11:46:43,2026-09-08 11:46:47,2061
E1001638,T1000576,CREATED,2026-09-05 17:08:25,2026-09-05 17:08:27,1031
E1010522,T1003728,AUTHORIZED,2026-09-30 11:01:16,2026-09-30 11:01:25,1565
E1009355,T1003317,SETTLED,2026-09-27 11:50:01,2026-09-27 11:50:02,2006
E1006641,T1002354,CREATED,2026-09-19 10:17:19,2026-09-19 10:17:23,1193
E1006551,T1002320,SETTLED,2026-09-19 07:57:13,2026-09-19 07:57:19,1986
E1003795,T1001334,CREATED,2026-09-11 09:31:51,2026-09-11 09:32:00,52
E1007737,T1002748,SETTLED,2026-09-22 08:22:19,2026-09-22 09:12:19,2266
E1001522,T1000535,AUTHORIZED,2026-09-05 14:33:13,2026-09-05 14:33:22,1779
E1005931,T1002095,AUTHORIZED,2026-09-17 20:06:46,2026-09-17 20:06:51,2256
E1006928,T1002458,SETTLED,2026-09-20 20:27:16,2026-09-20 20:27:25,136
E1004810,T1001693,SETTLED,2026-09-14 20:56:52,2026-09-14 20:56:55,2271
E1004744,T1001669,AUTHORIZED,2026-09-14 17:37:25,2026-09-14 17:37:31,1942
E1000192,T1000068,CREATED,2026-09-01 12:05:26,2026-09-01 12:05:31,382
E1007458,T1002648,CREATED,2026-09-21 14:47:43,2026-09-21 14:47:44,2022
E1006559,T1002323,SETTLED,2026-09-19 13:58:11,2026-09-19 13:58:13,1938
E1000758,T1000266,SETTLED,2026-09-03 20:53:15,2026-09-03 20:53:19,1282
E1005017,T1001766,AUTHORIZED,2026-09-15 20:25:07,2026-09-15 20:25:15,553
E1001557,T1000547,FAILED,2026-09-05 11:25:43,2026-09-05 11:25:52,1874
E1004160,T1001462,SETTLED,2026-09-12 10:17:57,2026-09-12 10:18:05,1291
E1005492,T1001941,AUTHORIZED,2026-09-16 13:09:45,2026-09-16 13:09:46,1279
E1007545,T1002679,AUTHORIZED,2026-09-22 18:57:26,2026-09-22 18:57:32,322
E1008009,T1002843,CREATED,2026-09-23 19:09:04,2026-09-23 19:09:11,1395
E1006498,T1002301,CREATED,2026-09-19 12:28:04,2026-09-19 12:28:08,680
E1006849,T1002430,SETTLED,2026-09-20 21:42:29,2026-09-20 21:42:39,271
E1007603,T1002700,AUTHORIZED,2026-09-22 18:55:28,2026-09-22 18:55:37,1769
E1006420,T1002271,AUTHORIZED,2026-09-19 14:24:27,2026-09-19 14:24:29,589
E1002111,T1000740,SETTLED,2026-09-06 10:37:31,2026-09-06 10:37:39,1758
E1001649,T1000579,SETTLED,2026-09-05 13:51:24,2026-09-05 15:11:24,2003
E1009053,T1003212,AUTHORIZED,2026-09-26 15:41:52,2026-09-26 15:41:55,1089
E1000514,T1000180,AUTHORIZED,2026-09-02 10:23:56,2026-09-02 10:24:05,1369
E1009144,T1003244,SETTLED,2026-09-26 13:58:27,2026-09-26 13:58:37,1585
E1005311,T1001875,SETTLED,2026-09-16 10:59:57,2026-09-16 11:00:03,84
E1001906,T1000667,SETTLED,2026-09-06 10:17:43,2026-09-06 10:17:53,1140
E1004045,T1001422,AUTHORIZED,2026-09-12 06:09:33,2026-09-12 06:09:38,1160
E1001421,T1000500,CREATED,2026-09-05 11:02:32,2026-09-05 11:02:36,877
E1006029,T1002130,AUTHORIZED,2026-09-18 10:18:34,2026-09-18 10:18:37,1162
E1010746,T1003808,SETTLED,2026-09-30 18:09:16,2026-09-30 18:09:26,158
E1009702,T1003440,AUTHORIZED,2026-09-27 11:48:44,2026-09-27 11:48:48,1306
E1007273,T1002582,CREATED,2026-09-21 10:53:05,2026-09-21 10:53:06,1719
E1007500,T1002663,CREATED,2026-09-22 10:22:43,2026-09-22 10:22:48,1209
E1003787,T1001331,CREATED,2026-09-11 17:29:24,2026-09-11 17:29:31,2444
E1010106,T1003583,AUTHORIZED,2026-09-28 20:56:40,2026-09-28 20:56:46,108
E1010246,T1003632,CREATED,2026-09-29 16:04:26,2026-09-29 16:04:30,1728
E1006457,T1002285,SETTLED,2026-09-19 11:17:26,2026-09-19 11:17:35,2018
E1000286,T1000101,AUTHORIZED,2026-09-01 08:35:48,2026-09-01 08:35:53,282
E1000446,T1000157,CREATED,2026-09-02 08:33:45,2026-09-02 08:33:55,1496
E1009424,T1003342,CREATED,2026-09-27 14:46:44,2026-09-27 14:46:54,675
E1010068,T1003570,CREATED,2026-09-28 16:10:42,2026-09-28 16:10:47,594
E1008487,T1003012,CREATED,2026-09-25 16:38:21,2026-09-25 16:38:29,2381
E1006031,T1002131,CREATED,2026-09-18 13:18:34,2026-09-18 13:18:40,1559
E1010716,T1003797,SETTLED,2026-09-30 12:36:04,2026-09-30 12:36:13,95
E1006073,T1002145,SETTLED,2026-09-18 18:52:58,2026-09-18 18:53:06,1054
E1003028,T1001063,CREATED,2026-09-09 13:08:16,2026-09-09 13:08:22,833
E1004996,T1001758,CREATED,2026-09-14 20:03:27,2026-09-14 20:03:31,809
E1004168,T1001465,AUTHORIZED,2026-09-12 14:57:30,2026-09-12 14:57:37,2296
E1002883,T1001013,AUTHORIZED,2026-09-09 21:47:08,2026-09-09 21:47:11,853
E1008435,T1002993,SETTLED,2026-09-24 21:47:30,2026-09-24 21:47:33,2144
E1003077,T1001080,CREATED,2026-09-09 19:57:11,2026-09-09 19:57:21,2117
E1005293,T1001869,CREATED,2026-09-16 18:34:55,2026-09-16 18:34:56,1860
E1003068,T1001077,CREATED,2026-09-09 13:29:04,2026-09-09 13:29:10,1459
E1006918,T1002455,AUTHORIZED,2026-09-20 11:23:39,2026-09-20 11:23:43,1066
E1004549,T1001599,AUTHORIZED,2026-09-13 12:25:16,2026-09-13 12:25:24,2237
E1004026,T1001415,SETTLED,2026-09-12 17:10:30,2026-09-12 17:10:36,540
E1010795,T1003826,AUTHORIZED,2026-09-30 13:00:05,2026-09-30 13:00:14,1928
E1008825,T1003130,AUTHORIZED,2026-09-25 20:58:04,2026-09-25 20:58:07,370
E1010102,T1003582,CREATED,2026-09-28 14:19:15,2026-09-28 14:19:16,1583
E1002020,T1000707,SETTLED,2026-09-06 12:50:57,2026-09-06 12:51:04,302
E1004303,T1001512,CREATED,2026-09-13 12:52:23,2026-09-13 12:52:30,532
E1001002,T1000353,CREATED,2026-09-04 17:55:11,2026-09-04 17:55:15,759
E1000951,T1000335,CREATED,2026-09-03 19:21:12,2026-09-03 19:21:16,567
E1008748,T1003102,AUTHORIZED,2026-09-25 10:06:28,2026-09-25 10:06:35,690
E1007621,T1002707,CREATED,2026-09-22 08:08:15,2026-09-22 08:08:25,1982
E1009558,T1003389,CREATED,2026-09-27 12:51:18,2026-09-27 12:51:24,2283
E1002828,T1000993,SETTLED,2026-09-08 09:45:01,2026-09-08 09:45:07,454
E1009581,T1003397,CREATED,2026-09-27 16:59:11,2026-09-27 17:41:11,745
E1003258,T1001143,SETTLED,2026-09-10 09:31:15,2026-09-10 09:31:19,629
E1001908,T1000668,AUTHORIZED,2026-09-06 17:48:20,2026-09-06 17:48:22,1806
E1006833,T1002425,CREATED,2026-09-20 11:30:16,2026-09-20 11:30:17,270
E1006103,T1002157,FAILED,2026-09-18 20:15:30,2026-09-18 20:15:40,565
E1007339,T1002605,CREATED,2026-09-21 15:03:10,2026-09-21 15:03:17,2432
E1007239,T1002569,CREATED,2026-09-21 17:22:03,2026-09-21 17:22:11,920
E1004511,T1001586,AUTHORIZED,2026-09-13 20:13:31,2026-09-13 20:13:33,832
E1010201,T1003616,AUTHORIZED,2026-09-29 18:54:53,2026-09-29 18:54:54,1952
E1005585,T1001973,AUTHORIZED,2026-09-16 09:29:06,2026-09-16 09:29:13,1840
E1000375,T1000132,AUTHORIZED,2026-09-02 19:28:07,2026-09-02 19:28:17,1367
E1008113,T1002879,AUTHORIZED,2026-09-23 10:58:32,2026-09-23 10:58:42,961
E1004076,T1001433,SETTLED,2026-09-12 19:28:03,2026-09-12 19:28:05,945
E1000416,T1000146,SETTLED,2026-09-02 09:41:27,2026-09-02 09:41:34,100
E1010493,T1003718,SETTLED,2026-09-30 10:59:14,2026-09-30 10:59:20,636
E1009717,T1003445,SETTLED,2026-09-27 15:52:47,2026-09-27 15:52:49,906
E1002214,T1000776,CREATED,2026-09-07 19:24:04,2026-09-07 19:24:06,1321
E1004628,T1001627,AUTHORIZED,2026-09-13 14:13:03,2026-09-13 14:13:08,1978
E1000268,T1000094,AUTHORIZED,2026-09-01 13:29:39,2026-09-01 13:29:40,1262
E1000449,T1000158,CREATED,2026-09-02 20:00:49,2026-09-02 20:00:58,1545
E1000962,T1000338,SETTLED,2026-09-03 20:24:13,2026-09-03 20:24:23,780
E1001044,T1000368,AUTHORIZED,2026-09-04 15:38:56,2026-09-04 15:38:58,801
E1001815,T1000636,AUTHORIZED,2026-09-06 17:36:11,2026-09-06 17:36:20,835
E1010317,T1003656,CREATED,2026-09-29 13:16:17,2026-09-29 13:16:22,2093
E1010101,T1003581,SETTLED,2026-09-28 09:56:15,2026-09-28 09:56:23,710
E1001771,T1000621,AUTHORIZED,2026-09-06 21:48:26,2026-09-06 21:48:28,1182
E1000842,T1000297,CREATED,2026-09-03 21:23:06,2026-09-03 21:23:12,1126
E1003324,T1001166,AUTHORIZED,2026-09-10 10:16:20,2026-09-10 10:16:25,2349
E1003180,T1001116,CREATED,2026-09-10 10:04:59,2026-09-10 10:05:03,396
E1003406,T1001194,SETTLED,2026-09-10 06:18:27,2026-09-10 06:18:37,989
E1008169,T1002898,AUTHORIZED,2026-09-24 16:56:33,2026-09-24 16:56:38,1638
E1004912,T1001729,CREATED,2026-09-14 18:52:25,2026-09-14 18:52:28,747
E1007024,T1002492,CREATED,2026-09-20 17:55:00,2026-09-20 19:14:00,864
E1005808,T1002052,CREATED,2026-09-17 12:06:41,2026-09-17 12:06:46,183
E1010709,T1003795,AUTHORIZED,2026-09-30 10:26:54,2026-09-30 10:35:54,1519
E1007741,T1002750,CREATED,2026-09-22 22:10:51,2026-09-22 22:10:58,2147
E1006390,T1002260,SETTLED,2026-09-19 11:15:50,2026-09-19 11:15:58,687
E1007927,T1002814,SETTLED,2026-09-23 19:50:55,2026-09-23 19:50:59,944
E1001999,T1000699,SETTLED,2026-09-06 21:31:04,2026-09-06 21:31:10,791
E1010468,T1003710,AUTHORIZED,2026-09-29 13:51:42,2026-09-29 13:51:46,1281
E1001460,T1000513,SETTLED,2026-09-05 15:45:16,2026-09-05 15:45:18,347
E1007483,T1002656,SETTLED,2026-09-21 11:54:23,2026-09-21 11:54:33,2377
E1006736,T1002390,CREATED,2026-09-19 12:48:52,2026-09-19 12:48:54,1107
E1004910,T1001728,CREATED,2026-09-14 21:24:53,2026-09-14 21:24:58,1065
E1009742,T1003454,CREATED,2026-09-27 11:09:46,2026-09-27 11:09:52,231
E1008613,T1003056,CREATED,2026-09-25 17:39:55,2026-09-25 17:40:02,2343
E1003541,T1001243,AUTHORIZED,2026-09-11 18:01:50,2026-09-11 18:01:57,1699
E1007977,T1002831,AUTHORIZED,2026-09-23 20:22:53,2026-09-23 20:22:58,690
E1008007,T1002842,AUTHORIZED,2026-09-23 12:25:05,2026-09-23 12:25:06,855
E1008558,T1003037,CREATED,2026-09-25 09:05:29,2026-09-25 09:05:30,1995
E1000740,T1000260,SETTLED,2026-09-03 15:01:26,2026-09-03 15:01:33,452
E1004007,T1001408,CREATED,2026-09-12 21:02:40,2026-09-12 21:02:47,2381
E1004145,T1001457,SETTLED,2026-09-12 10:05:21,2026-09-12 10:05:26,886
E1000168,T1000060,CREATED,2026-09-01 19:26:30,2026-09-01 19:26:32,744
E1002775,T1000975,CREATED,2026-09-08 11:22:06,2026-09-08 11:22:12,2065
E1004537,T1001595,AUTHORIZED,2026-09-13 17:20:41,2026-09-13 17:20:48,905
E1005517,T1001949,SETTLED,2026-09-16 17:49:38,2026-09-16 17:49:48,1207
E1005940,T1002098,AUTHORIZED,2026-09-17 22:30:25,2026-09-17 22:30:35,1611
E1008199,T1002908,AUTHORIZED,2026-09-24 07:08:58,2026-09-24 07:09:02,400
E1000439,T1000154,SETTLED,2026-09-02 22:49:31,2026-09-02 22:49:32,1062
E1000511,T1000179,AUTHORIZED,2026-09-02 16:50:52,2026-09-02 16:50:56,499
E1004933,T1001736,CREATED,2026-09-14 21:09:25,2026-09-14 21:09:30,256
E1000101,T1000036,CREATED,2026-09-01 12:59:49,2026-09-01 12:59:58,2073
E1009646,T1003420,AUTHORIZED,2026-09-27 12:21:01,2026-09-27 12:21:06,1889
E1002357,T1000827,CREATED,2026-09-07 19:50:33,2026-09-07 19:50:43,996
E1005511,T1001947,SETTLED,2026-09-16 08:16:46,2026-09-16 09:08:46,328
E1004016,T1001412,CREATED,2026-09-12 17:06:25,2026-09-12 17:06:31,314
E1008689,T1003082,AUTHORIZED,2026-09-25 09:37:10,2026-09-25 09:37:14,459
E1004221,T1001483,SETTLED,2026-09-12 11:23:05,2026-09-12 11:23:08,2352
E1000567,T1000199,SETTLED,2026-09-02 20:50:20,2026-09-02 20:50:21,123
E1008342,T1002960,SETTLED,2026-09-24 13:48:58,2026-09-24 13:49:03,1404
E1004605,T1001619,CREATED,2026-09-13 14:37:24,2026-09-13 14:37:34,1841
E1009855,T1003496,AUTHORIZED,2026-09-28 19:28:30,2026-09-28 19:28:34,263
E1001960,T1000686,SETTLED,2026-09-06 19:39:11,2026-09-06 19:39:14,1809
E1006612,T1002343,AUTHORIZED,2026-09-19 12:12:11,2026-09-19 12:12:18,2256
E1000164,T1000058,SETTLED,2026-09-01 19:12:46,2026-09-01 19:12:47,735
E1006892,T1002446,CREATED,2026-09-20 11:41:33,2026-09-20 11:41:40,463
E1000438,T1000154,AUTHORIZED,2026-09-02 22:27:34,2026-09-02 22:27:39,1705
E1007433,T1002639,CREATED,2026-09-21 20:18:00,2026-09-21 20:18:04,1776
E1006247,T1002209,AUTHORIZED,2026-09-18 12:47:05,2026-09-18 12:47:06,1510
E1005232,T1001845,CREATED,2026-09-15 19:07:20,2026-09-15 19:07:21,1466
E1004417,T1001553,AUTHORIZED,2026-09-13 12:41:36,2026-09-13 12:41:37,788
E1009885,T1003506,SETTLED,2026-09-28 21:19:56,2026-09-28 21:20:03,2439
E1009162,T1003250,SETTLED,2026-09-26 21:33:31,2026-09-26 21:33:39,2481
E1006879,T1002441,CREATED,2026-09-20 07:09:55,2026-09-20 07:10:04,2140
E1004827,T1001699,AUTHORIZED,2026-09-14 20:37:39,2026-09-14 20:37:49,754
E1008491,T1003014,CREATED,2026-09-25 21:02:46,2026-09-25 21:02:50,244
E1007075,T1002511,SETTLED,2026-09-20 18:04:13,2026-09-20 18:04:21,1782
E1003176,T1001114,SETTLED,2026-09-10 12:35:34,2026-09-10 12:35:37,219
E1005988,T1002115,CREATED,2026-09-18 20:28:18,2026-09-18 20:28:22,1232
E1005842,T1002064,AUTHORIZED,2026-09-17 12:49:17,2026-09-17 12:49:24,140
E1001314,T1000462,SETTLED,2026-09-04 18:36:08,2026-09-04 18:36:12,1067
E1008458,T1003002,CREATED,2026-09-24 19:27:31,2026-09-24 19:27:34,1415
E1004594,T1001615,CREATED,2026-09-13 13:46:32,2026-09-13 13:46:42,478
E1005802,T1002050,CREATED,2026-09-17 18:24:25,2026-09-17 19:05:25,82
E1000568,T1000200,CREATED,2026-09-02 10:57:04,2026-09-02 10:57:11,1725
E1007121,T1002527,SETTLED,2026-09-20 12:47:18,2026-09-20 12:47:22,1008
E1008801,T1003122,AUTHORIZED,2026-09-25 17:49:01,2026-09-25 17:49:10,2415
E1009859,T1003497,SETTLED,2026-09-28 18:32:27,2026-09-28 18:32:35,2306
E1005021,T1001767,SETTLED,2026-09-15 21:56:09,2026-09-15 21:56:14,1548
E1002989,T1001050,CREATED,2026-09-09 19:36:53,2026-09-09 19:37:02,1472
E1002392,T1000839,SETTLED,2026-09-07 13:17:37,2026-09-07 13:17:45,540
E1006270,T1002218,CREATED,2026-09-18 13:28:58,2026-09-18 13:29:08,1330
E1000283,T1000100,CREATED,2026-09-01 19:02:10,2026-09-01 19:02:20,1895
E1006545,T1002318,SETTLED,2026-09-19 09:55:54,2026-09-19 09:55:58,1281
E1007233,T1002566,AUTHORIZED,2026-09-21 13:07:58,2026-09-21 13:26:58,1574
E1009467,T1003357,SETTLED,2026-09-27 14:46:22,2026-09-27 14:46:24,1946
E1001731,T1000607,AUTHORIZED,2026-09-05 07:40:00,2026-09-05 07:40:02,513
E1005647,T1001994,AUTHORIZED,2026-09-17 14:22:30,2026-09-17 14:22:31,1338
E1010418,T1003692,AUTHORIZED,2026-09-29 13:56:59,2026-09-29 13:57:07,904
E1009173,T1003254,AUTHORIZED,2026-09-26 11:25:57,2026-09-26 11:26:02,2058
E1004180,T1001469,AUTHORIZED,2026-09-12 20:11:26,2026-09-12 20:11:35,1195
E1006469,T1002290,CREATED,2026-09-19 10:26:30,2026-09-19 10:26:38,1930
E1002301,T1000807,AUTHORIZED,2026-09-07 14:35:30,2026-09-07 14:35:36,480
E1003510,T1001232,AUTHORIZED,2026-09-11 10:47:21,2026-09-11 10:47:27,237
E1005619,T1001985,CREATED,2026-09-17 15:19:55,2026-09-17 15:19:59,2186
E1005212,T1001837,AUTHORIZED,2026-09-15 12:33:21,2026-09-15 12:33:26,852
E1008929,T1003167,SETTLED,2026-09-26 11:54:10,2026-09-26 11:54:15,336
E1007119,T1002527,CREATED,2026-09-20 12:26:18,2026-09-20 12:26:22,542
E1000601,T1000211,AUTHORIZED,2026-09-02 19:15:18,2026-09-02 19:15:19,2466
E1010665,T1003780,CREATED,2026-09-30 07:04:00,2026-09-30 07:26:00,489
E1000673,T1000237,CREATED,2026-09-02 09:04:11,2026-09-02 09:04:19,1919
E1009563,T1003390,SETTLED,2026-09-27 23:09:20,2026-09-27 23:09:28,1602
E1009109,T1003232,AUTHORIZED,2026-09-26 13:35:22,2026-09-26 13:35:28,1401
E1008611,T1003055,AUTHORIZED,2026-09-25 18:56:28,2026-09-25 18:56:32,1066
E1000999,T1000351,FAILED,2026-09-04 20:48:16,2026-09-04 20:48:21,361
E1007894,T1002802,SETTLED,2026-09-23 11:25:46,2026-09-23 11:25:55,1624
E1009872,T1003502,CREATED,2026-09-28 12:55:17,2026-09-28 12:55:21,1635
E1010058,T1003566,SETTLED,2026-09-28 22:07:05,2026-09-28 22:07:07,189
E1006854,T1002432,AUTHORIZED,2026-09-20 08:14:36,2026-09-20 08:14:41,551
E1007683,T1002729,SETTLED,2026-09-22 10:42:32,2026-09-22 10:42:33,2167
E1002047,T1000717,AUTHORIZED,2026-09-06 22:19:34,2026-09-06 22:19:44,621
E1009661,T1003425,SETTLED,2026-09-27 20:51:25,2026-09-27 20:51:30,391
E1006342,T1002243,CREATED,2026-09-19 12:07:04,2026-09-19 12:07:06,653
E1005685,T1002009,CREATED,2026-09-17 15:27:29,2026-09-17 15:27:39,382
E1004820,T1001697,CREATED,2026-09-14 10:26:19,2026-09-14 10:26:25,51
E1009939,T1003525,SETTLED,2026-09-28 15:06:24,2026-09-28 15:06:29,482
E1003134,T1001100,CREATED,2026-09-09 18:43:50,2026-09-09 18:43:53,2094
E1002109,T1000740,CREATED,2026-09-06 10:30:31,2026-09-06 10:30:41,847
E1009615,T1003409,CREATED,2026-09-27 22:39:34,2026-09-27 22:39:38,2359
E1005301,T1001872,CREATED,2026-09-16 19:44:01,2026-09-16 20:19:01,283
E1007942,T1002819,SETTLED,2026-09-23 17:20:17,2026-09-23 17:53:17,337
E1007174,T1002545,SETTLED,2026-09-21 21:13:34,2026-09-21 21:13:43,2257
E1002077,T1000728,AUTHORIZED,2026-09-06 21:44:36,2026-09-06 21:44:41,2499
E1001579,T1000555,SETTLED,2026-09-05 13:43:51,2026-09-05 13:43:55,211
E1007678,T1002728,CREATED,2026-09-22 21:52:13,2026-09-22 21:52:21,1497
E1009049,T1003210,AUTHORIZED,2026-09-26 11:26:22,2026-09-26 11:26:32,2410
E1009778,T1003468,CREATED,2026-09-28 18:08:06,2026-09-28 18:08:14,1211
E1006139,T1002170,FAILED,2026-09-18 09:26:15,2026-09-18 09:26:22,2496
E1008775,T1003112,SETTLED,2026-09-25 20:15:05,2026-09-25 20:15:11,283
E1002761,T1000970,AUTHORIZED,2026-09-08 12:38:32,2026-09-08 12:38:36,1390
E1004158,T1001462,CREATED,2026-09-12 09:57:57,2026-09-12 09:58:04,876
E1006585,T1002333,CREATED,2026-09-19 21:03:43,2026-09-19 21:03:51,1119
E1009488,T1003364,SETTLED,2026-09-27 14:08:57,2026-09-27 14:09:04,641
E1008811,T1003125,SETTLED,2026-09-25 07:28:06,2026-09-25 07:28:16,2009
E1010091,T1003578,AUTHORIZED,2026-09-28 08:02:44,2026-09-28 08:02:45,1045
E1005607,T1001980,SETTLED,2026-09-16 20:32:12,2026-09-16 20:32:22,352
E1010028,T1003556,AUTHORIZED,2026-09-28 19:27:48,2026-09-28 19:27:50,1670
E1005431,T1001919,CREATED,2026-09-16 14:07:29,2026-09-16 14:07:37,186
E1002336,T1000819,SETTLED,2026-09-07 20:52:48,2026-09-07 20:52:57,1722
E1009125,T1003237,SETTLED,2026-09-26 13:25:31,2026-09-26 13:25:33,516
E1002705,T1000951,CREATED,2026-09-08 19:29:48,2026-09-08 19:29:55,218
E1004138,T1001455,CREATED,2026-09-12 07:17:30,2026-09-12 07:17:40,1576
E1001312,T1000462,CREATED,2026-09-04 18:28:08,2026-09-04 18:28:10,733
E1004092,T1001439,CREATED,2026-09-12 17:20:29,2026-09-12 17:20:37,2293
E1004570,T1001606,SETTLED,2026-09-13 11:25:06,2026-09-13 11:25:11,1802
E1002715,T1000954,AUTHORIZED,2026-09-08 10:34:51,2026-09-08 10:35:00,289
E1001394,T1000490,AUTHORIZED,2026-09-05 11:24:49,2026-09-05 11:24:55,757
E1006275,T1002219,SETTLED,2026-09-18 20:47:16,2026-09-18 20:47:20,1082
E1001629,T1000573,CREATED,2026-09-05 20:14:24,2026-09-05 20:14:26,1228
E1010076,T1003573,CREATED,2026-09-28 14:16:28,2026-09-28 14:16:33,306
E1004299,T1001510,SETTLED,2026-09-13 20:51:27,2026-09-13 20:51:29,1757
E1007427,T1002637,CREATED,2026-09-21 09:18:03,2026-09-21 09:18:05,2071
E1010422,T1003693,SETTLED,2026-09-29 12:53:31,2026-09-29 12:53:38,807
E1010606,T1003758,SETTLED,2026-09-30 15:42:41,2026-09-30 15:42:47,1774
E1010008,T1003549,CREATED,2026-09-28 19:31:40,2026-09-28 19:31:42,212
E1008599,T1003051,AUTHORIZED,2026-09-25 14:23:39,2026-09-25 14:23:47,1668
E1004349,T1001529,CREATED,2026-09-13 19:37:36,2026-09-13 19:37:44,1998
E1002635,T1000925,AUTHORIZED,2026-09-08 19:09:05,2026-09-08 19:09:12,871
E1006911,T1002453,CREATED,2026-09-20 19:32:32,2026-09-20 19:32:34,2166
E1005524,T1001952,CREATED,2026-09-16 09:46:38,2026-09-16 09:46:41,148
E1008713,T1003090,SETTLED,2026-09-25 11:05:43,2026-09-25 11:05:45,2494
E1010406,T1003688,CREATED,2026-09-29 15:30:00,2026-09-29 15:30:02,1951
E1000406,T1000143,AUTHORIZED,2026-09-02 13:10:02,2026-09-02 13:10:09,589
E1000429,T1000151,AUTHORIZED,2026-09-02 20:25:46,2026-09-02 20:25:49,1462
E1010054,T1003565,AUTHORIZED,2026-09-28 19:01:07,2026-09-28 19:01:15,1855
E1001017,T1000359,CREATED,2026-09-04 16:49:57,2026-09-04 16:50:06,1533
E1010194,T1003614,CREATED,2026-09-29 12:57:55,2026-09-29 12:58:00,396
E1002759,T1000969,SETTLED,2026-09-08 21:37:18,2026-09-08 21:55:18,289
E1007993,T1002837,CREATED,2026-09-23 19:18:45,2026-09-23 19:18:48,1170
E1002471,T1000867,SETTLED,2026-09-07 06:48:15,2026-09-07 06:48:24,616
E1006530,T1002313,CREATED,2026-09-19 09:13:18,2026-09-19 09:13:21,124
E1001011,T1000356,AUTHORIZED,2026-09-04 10:56:03,2026-09-04 10:56:04,1271
E1009259,T1003285,CREATED,2026-09-26 17:51:47,2026-09-26 17:51:51,62
E1001677,T1000589,CREATED,2026-09-05 22:21:31,2026-09-05 22:21:41,840
E1005927,T1002094,CREATED,2026-09-17 19:56:37,2026-09-17 19:56:44,1282
E1008264,T1002931,SETTLED,2026-09-24 20:51:15,2026-09-24 21:13:15,466
E1006118,T1002162,SETTLED,2026-09-18 08:55:30,2026-09-18 08:55:37,463
E1000877,T1000309,CREATED,2026-09-03 20:39:45,2026-09-03 20:39:52,1635
E1009619,T1003410,AUTHORIZED,2026-09-27 12:29:43,2026-09-27 12:29:47,1024
E1003147,T1001104,SETTLED,2026-09-09 14:12:02,2026-09-09 14:12:11,1224
E1000277,T1000097,SETTLED,2026-09-01 15:39:28,2026-09-01 15:39:34,2261
E1005151,T1001816,CREATED,2026-09-15 13:48:57,2026-09-15 13:49:00,997
E1003694,T1001296,SETTLED,2026-09-11 19:33:28,2026-09-11 19:33:32,1385
E1003886,T1001364,SETTLED,2026-09-12 15:16:38,2026-09-12 15:16:46,457
E1008763,T1003108,CREATED,2026-09-25 11:33:36,2026-09-25 11:33:44,1303
E1007114,T1002525,AUTHORIZED,2026-09-20 21:06:08,2026-09-20 21:06:10,1497
E1001332,T1000468,SETTLED,2026-09-05 11:07:23,2026-09-05 11:07:25,247
E1009627,T1003413,AUTHORIZED,2026-09-27 20:27:40,2026-09-27 20:27:41,1862
E1006795,T1002411,CREATED,2026-09-20 14:12:32,2026-09-20 14:12:38,288
E1003103,T1001089,CREATED,2026-09-09 18:53:45,2026-09-09 18:53:50,294
E1001449,T1000510,CREATED,2026-09-05 11:39:03,2026-09-05 11:39:05,1699
E1000578,T1000203,AUTHORIZED,2026-09-02 11:10:34,2026-09-02 11:10:35,1598
E1004694,T1001651,CREATED,2026-09-14 12:02:45,2026-09-14 12:02:55,205
E1003704,T1001300,CREATED,2026-09-11 10:19:11,2026-09-11 10:19:17,2111
E1010731,T1003803,FAILED,2026-09-30 17:31:29,2026-09-30 17:31:38,1639
E1004727,T1001663,CREATED,2026-09-14 13:46:56,2026-09-14 13:47:00,2156
E1010088,T1003577,AUTHORIZED,2026-09-28 13:56:21,2026-09-28 15:06:21,601
E1001880,T1000659,CREATED,2026-09-06 12:33:26,2026-09-06 12:33:31,512
E1004781,T1001683,CREATED,2026-09-14 14:26:01,2026-09-14 14:26:04,1254
E1003220,T1001130,AUTHORIZED,2026-09-10 11:08:48,2026-09-10 11:08:52,363
E1010089,T1003577,SETTLED,2026-09-28 16:04:00,2026-09-28 16:44:00,1347
E1002350,T1000824,SETTLED,2026-09-07 10:00:23,2026-09-07 10:00:25,1881
E1008602,T1003052,AUTHORIZED,2026-09-25 20:30:07,2026-09-25 20:30:17,2280
E1003552,T1001247,CREATED,2026-09-11 17:06:21,2026-09-11 17:06:26,1291
E1006100,T1002156,CREATED,2026-09-18 07:07:09,2026-09-18 07:07:15,2224
E1010762,T1003814,SETTLED,2026-09-30 19:22:49,2026-09-30 19:22:53,1958
E1007788,T1002766,AUTHORIZED,2026-09-22 19:26:25,2026-09-22 19:26:34,646
E1009657,T1003424,CREATED,2026-09-27 10:54:06,2026-09-27 10:54:10,1636
E1005108,T1001800,CREATED,2026-09-15 20:26:00,2026-09-15 20:26:10,1787
E1005394,T1001904,AUTHORIZED,2026-09-16 19:44:09,2026-09-16 19:44:18,2326
E1004011,T1001410,CREATED,2026-09-12 14:45:14,2026-09-12 14:45:18,1141
E1001967,T1000689,CREATED,2026-09-06 12:58:09,2026-09-06 12:58:13,1685
E1004438,T1001561,CREATED,2026-09-13 20:26:07,2026-09-13 20:26:11,992
E1005683,T1002008,CREATED,2026-09-17 20:21:20,2026-09-17 20:21:22,207
E1010012,T1003550,AUTHORIZED,2026-09-28 19:16:00,2026-09-28 19:16:05,1053
E1009471,T1003359,CREATED,2026-09-27 12:09:29,2026-09-27 12:09:34,789
E1000437,T1000154,CREATED,2026-09-02 22:27:31,2026-09-02 22:27:41,2314
E1005259,T1001855,SETTLED,2026-09-15 15:56:24,2026-09-15 15:56:32,1440
E1001725,T1000605,AUTHORIZED,2026-09-05 09:55:35,2026-09-05 09:55:38,1911
E1010732,T1003804,CREATED,2026-09-30 13:54:13,2026-09-30 13:54:16,2496
E1010053,T1003565,CREATED,2026-09-28 19:00:45,2026-09-28 19:00:51,1873
E1009464,T1003356,SETTLED,2026-09-27 20:05:42,2026-09-27 20:05:49,1743
E1009889,T1003508,CREATED,2026-09-28 13:08:22,2026-09-28 13:08:31,1402
E1004800,T1001689,SETTLED,2026-09-14 13:38:10,2026-09-14 13:38:19,198
E1007247,T1002571,SETTLED,2026-09-21 20:14:33,2026-09-21 20:14:36,1582
E1001754,T1000615,AUTHORIZED,2026-09-05 20:31:46,2026-09-05 20:31:48,436
E1000828,T1000292,CREATED,2026-09-03 12:30:45,2026-09-03 12:30:52,1919
E1000027,T1000010,AUTHORIZED,2026-09-01 21:37:30,2026-09-01 21:37:35,1638
E1009744,T1003455,CREATED,2026-09-28 12:13:37,2026-09-28 12:13:46,1560
E1000275,T1000097,CREATED,2026-09-01 15:26:28,2026-09-01 15:26:38,860
E1005962,T1002105,SETTLED,2026-09-17 12:21:37,2026-09-17 12:21:41,526
E1000624,T1000219,SETTLED,2026-09-02 14:45:24,2026-09-02 14:45:34,2248
E1007223,T1002563,CREATED,2026-09-21 15:25:42,2026-09-21 15:25:46,1110
E1001618,T1000569,CREATED,2026-09-05 06:40:21,2026-09-05 06:40:22,54
E1005591,T1001975,AUTHORIZED,2026-09-16 20:54:18,2026-09-16 20:54:28,1720
E1005282,T1001864,AUTHORIZED,2026-09-15 10:18:50,2026-09-15 10:18:58,2208
E1007950,T1002822,AUTHORIZED,2026-09-23 11:02:36,2026-09-23 11:02:37,1648
E1006527,T1002311,FAILED,2026-09-19 08:03:01,2026-09-19 08:03:05,2470
E1003604,T1001265,CREATED,2026-09-11 19:35:43,2026-09-11 19:35:47,1091
E1008445,T1002997,CREATED,2026-09-24 18:01:08,2026-09-24 18:01:11,558
E1006901,T1002449,AUTHORIZED,2026-09-20 11:13:36,2026-09-20 11:13:45,2274
E1008692,T1003083,AUTHORIZED,2026-09-25 21:54:17,2026-09-25 21:54:22,2355
E1007364,T1002614,CREATED,2026-09-21 08:32:00,2026-09-21 08:32:07,2242
E1000894,T1000315,CREATED,2026-09-03 12:39:46,2026-09-03 13:39:46,1608
E1004003,T1001406,SETTLED,2026-09-12 17:34:36,2026-09-12 17:34:44,1575
E1008596,T1003050,AUTHORIZED,2026-09-25 21:38:45,2026-09-25 21:38:49,908
E1000100,T1000035,SETTLED,2026-09-01 12:41:09,2026-09-01 12:41:18,563
E1010151,T1003599,AUTHORIZED,2026-09-29 15:58:21,2026-09-29 16:13:21,1235
E1006643,T1002354,SETTLED,2026-09-19 11:13:19,2026-09-19 11:13:29,1020
E1001662,T1000584,CREATED,2026-09-05 16:10:24,2026-09-05 16:10:28,2352
E1002951,T1001036,SETTLED,2026-09-09 18:56:01,2026-09-09 18:56:06,1996
E1002456,T1000862,AUTHORIZED,2026-09-07 15:46:24,2026-09-07 15:46:34,682
E1008138,T1002888,CREATED,2026-09-24 15:25:36,2026-09-24 15:25:46,864
E1004659,T1001638,AUTHORIZED,2026-09-14 20:37:31,2026-09-14 20:37:38,74
E1001669,T1000586,AUTHORIZED,2026-09-05 19:14:17,2026-09-05 19:14:20,2237
E1005475,T1001935,CREATED,2026-09-16 15:01:36,2026-09-16 15:01:40,248
E1008718,T1003092,AUTHORIZED,2026-09-25 15:25:05,2026-09-25 15:25:12,799
E1001903,T1000666,SETTLED,2026-09-06 14:58:48,2026-09-06 14:58:49,1245
E1004757,T1001674,CREATED,2026-09-14 18:29:16,2026-09-14 18:29:25,446
E1010214,T1003621,CREATED,2026-09-29 10:28:31,2026-09-29 10:28:34,1110
E1009621,T1003411,CREATED,2026-09-27 18:35:16,2026-09-27 18:35:19,1468
E1007945,T1002820,SETTLED,2026-09-23 07:30:44,2026-09-23 07:30:49,2339
E1007071,T1002510,AUTHORIZED,2026-09-20 19:29:46,2026-09-20 19:29:55,90
E1007452,T1002645,AUTHORIZED,2026-09-21 15:07:58,2026-09-21 15:08:04,1500
E1006851,T1002431,AUTHORIZED,2026-09-20 10:18:23,2026-09-20 10:18:29,836
E1006322,T1002235,AUTHORIZED,2026-09-19 19:02:05,2026-09-19 19:02:06,1045
E1008090,T1002871,FAILED,2026-09-23 07:38:47,2026-09-23 07:38:54,1153
E1009246,T1003280,FAILED,2026-09-26 15:55:08,2026-09-26 15:55:10,2005
E1001348,T1000474,AUTHORIZED,2026-09-05 15:52:12,2026-09-05 15:52:15,1941
E1005576,T1001970,AUTHORIZED,2026-09-16 20:35:03,2026-09-16 20:35:06,1344
E1008262,T1002931,CREATED,2026-09-24 20:45:15,2026-09-24 21:00:15,1872
E1010144,T1003597,CREATED,2026-09-29 11:23:30,2026-09-29 11:23:38,1330
E1006517,T1002307,SETTLED,2026-09-19 12:07:37,2026-09-19 12:07:42,1647
E1002866,T1001007,CREATED,2026-09-09 19:34:18,2026-09-09 19:34:19,344
E1000954,T1000336,CREATED,2026-09-03 14:28:54,2026-09-03 14:29:02,1964
E1002165,T1000758,SETTLED,2026-09-06 13:24:55,2026-09-06 13:25:03,2381
E1008424,T1002990,CREATED,2026-09-24 20:00:13,2026-09-24 20:00:15,605
E1006011,T1002124,CREATED,2026-09-18 11:53:10,2026-09-18 11:53:14,776
E1001129,T1000399,SETTLED,2026-09-04 13:03:48,2026-09-04 13:03:52,889
E1001101,T1000390,AUTHORIZED,2026-09-04 20:57:01,2026-09-04 20:57:10,1240
E1004989,T1001755,SETTLED,2026-09-14 13:57:47,2026-09-14 13:57:51,1661
E1006163,T1002179,AUTHORIZED,2026-09-18 14:58:59,2026-09-18 14:59:08,1969
E1007910,T1002808,AUTHORIZED,2026-09-23 18:59:39,2026-09-23 18:59:41,1705
E1006345,T1002244,CREATED,2026-09-19 08:52:33,2026-09-19 08:52:34,1413
E1010723,T1003800,FAILED,2026-09-30 15:38:53,2026-09-30 15:39:00,739
E1009060,T1003214,SETTLED,2026-09-26 12:41:06,2026-09-26 12:41:11,1288
E1005995,T1002118,CREATED,2026-09-18 20:44:11,2026-09-18 20:44:18,1080
E1009863,T1003499,CREATED,2026-09-28 08:52:14,2026-09-28 08:52:23,438
E1004517,T1001588,AUTHORIZED,2026-09-13 12:42:59,2026-09-13 12:43:06,2138
E1003386,T1001188,CREATED,2026-09-10 13:51:18,2026-09-10 13:51:28,2113
E1010113,T1003586,CREATED,2026-09-29 12:20:21,2026-09-29 12:20:27,2283
E1009565,T1003391,AUTHORIZED,2026-09-27 15:54:03,2026-09-27 15:54:04,1471
E1008015,T1002845,CREATED,2026-09-23 16:06:07,2026-09-23 16:06:15,2072
E1006046,T1002136,AUTHORIZED,2026-09-18 09:06:24,2026-09-18 09:06:26,1138
E1000900,T1000317,CREATED,2026-09-03 21:34:44,2026-09-03 21:34:54,765
E1001445,T1000508,SETTLED,2026-09-05 18:45:19,2026-09-05 18:45:25,1569
E1009156,T1003248,SETTLED,2026-09-26 16:30:42,2026-09-26 16:30:46,2450
E1006088,T1002150,SETTLED,2026-09-18 17:17:47,2026-09-18 17:17:55,778
E1009481,T1003362,AUTHORIZED,2026-09-27 08:21:31,2026-09-27 08:21:40,155
E1000023,T1000008,SETTLED,2026-09-01 15:57:09,2026-09-01 15:57:17,520
E1006379,T1002256,AUTHORIZED,2026-09-19 20:09:14,2026-09-19 20:09:15,2466
E1000543,T1000191,CREATED,2026-09-02 17:19:31,2026-09-02 17:19:40,1965
E1001272,T1000448,CREATED,2026-09-04 11:37:01,2026-09-04 11:37:11,612
E1001292,T1000455,AUTHORIZED,2026-09-04 06:34:11,2026-09-04 06:34:21,438
E1008416,T1002987,CREATED,2026-09-24 13:15:21,2026-09-24 13:15:30,625
E1002598,T1000912,SETTLED,2026-09-08 20:55:50,2026-09-08 20:55:54,123
E1000265,T1000093,AUTHORIZED,2026-09-01 07:00:31,2026-09-01 07:00:33,1788
E1000785,T1000276,CREATED,2026-09-03 17:27:41,2026-09-03 17:27:42,1821
E1008160,T1002895,AUTHORIZED,2026-09-24 12:57:13,2026-09-24 12:57:16,808
E1001755,T1000615,SETTLED,2026-09-05 20:43:42,2026-09-05 20:43:47,1344
E1008065,T1002862,AUTHORIZED,2026-09-23 10:36:45,2026-09-23 10:36:48,2297
E1010324,T1003658,AUTHORIZED,2026-09-29 13:13:43,2026-09-29 13:13:46,2036
E1003942,T1001384,FAILED,2026-09-12 20:23:08,2026-09-12 20:23:14,2307
E1010581,T1003750,CREATED,2026-09-30 18:06:51,2026-09-30 18:06:52,579
E1004771,T1001679,CREATED,2026-09-14 18:30:38,2026-09-14 18:30:42,1781
E1001807,T1000633,SETTLED,2026-09-06 10:06:15,2026-09-06 10:06:23,1256
E1009209,T1003267,AUTHORIZED,2026-09-26 10:56:00,2026-09-26 10:56:08,932
E1009609,T1003406,SETTLED,2026-09-27 14:34:47,2026-09-27 14:34:55,1410
E1006424,T1002273,CREATED,2026-09-19 12:10:02,2026-09-19 12:10:06,1944
E1003522,T1001236,SETTLED,2026-09-11 11:05:39,2026-09-11 11:05:48,1926
E1003348,T1001174,AUTHORIZED,2026-09-10 09:31:48,2026-09-10 09:31:51,1579
E1004907,T1001727,CREATED,2026-09-14 14:48:01,2026-09-14 14:48:06,740
E1008794,T1003120,CREATED,2026-09-25 20:43:25,2026-09-25 20:43:26,2218
E1000026,T1000010,CREATED,2026-09-01 21:37:29,2026-09-01 21:37:32,1185
E1004767,T1001677,FAILED,2026-09-14 17:41:52,2026-09-14 17:41:59,290
E1003345,T1001173,AUTHORIZED,2026-09-10 20:11:22,2026-09-10 20:11:29,1576
E1000542,T1000190,SETTLED,2026-09-02 13:50:27,2026-09-02 13:50:29,1985
E1009832,T1003488,CREATED,2026-09-28 16:16:30,2026-09-28 16:16:37,563
E1010184,T1003610,SETTLED,2026-09-29 16:53:43,2026-09-29 16:53:52,680
E1010018,T1003552,SETTLED,2026-09-28 11:59:46,2026-09-28 11:59:52,729
E1002440,T1000856,SETTLED,2026-09-07 18:22:47,2026-09-07 18:22:55,867
E1007863,T1002792,CREATED,2026-09-23 20:33:12,2026-09-23 20:33:14,1711
E1001438,T1000506,AUTHORIZED,2026-09-05 13:38:17,2026-09-05 13:38:20,2164
E1006332,T1002239,CREATED,2026-09-19 11:19:42,2026-09-19 11:19:43,2148
E1006988,T1002479,SETTLED,2026-09-20 10:09:51,2026-09-20 10:09:53,1057
E1009428,T1003343,FAILED,2026-09-27 19:06:31,2026-09-27 19:06:35,728
E1010523,T1003728,SETTLED,2026-09-30 11:10:52,2026-09-30 11:10:53,2027
E1003451,T1001210,AUTHORIZED,2026-09-10 21:03:37,2026-09-10 21:03:42,382
E1007870,T1002794,SETTLED,2026-09-23 12:09:04,2026-09-23 12:09:09,551
E1009400,T1003333,CREATED,2026-09-27 15:35:00,2026-09-27 15:55:00,2219
E1006646,T1002355,SETTLED,2026-09-19 13:26:54,2026-09-19 13:27:00,1961
E1004808,T1001693,CREATED,2026-09-14 20:43:52,2026-09-14 20:44:00,1877
E1001909,T1000668,SETTLED,2026-09-06 18:05:17,2026-09-06 18:05:23,1572
E1008877,T1003148,SETTLED,2026-09-26 19:33:23,2026-09-26 19:33:33,1945
E1008742,T1003100,AUTHORIZED,2026-09-25 14:14:03,2026-09-25 14:14:12,1557
E1006863,T1002435,SETTLED,2026-09-20 18:38:30,2026-09-20 19:43:30,1386
E1007804,T1002772,CREATED,2026-09-22 15:04:34,2026-09-22 15:04:41,2279
E1010712,T1003796,AUTHORIZED,2026-09-30 18:14:42,2026-09-30 18:14:44,509
E1010455,T1003705,SETTLED,2026-09-29 12:33:34,2026-09-29 12:33:36,934
E1005756,T1002034,SETTLED,2026-09-17 21:40:54,2026-09-17 21:41:01,1452
E1001183,T1000417,SETTLED,2026-09-04 13:22:31,2026-09-04 13:22:33,2359
E1007108,T1002523,AUTHORIZED,2026-09-20 14:11:57,2026-09-20 14:12:00,1566
E1009580,T1003396,SETTLED,2026-09-27 13:00:59,2026-09-27 13:01:01,1620
E1003133,T1001099,SETTLED,2026-09-09 21:59:04,2026-09-09 21:59:11,1822
E1006553,T1002321,AUTHORIZED,2026-09-19 19:44:33,2026-09-19 19:44:39,815
E1008952,T1003176,CREATED,2026-09-26 20:59:24,2026-09-26 20:59:30,81
E1003292,T1001155,SETTLED,2026-09-10 23:52:15,2026-09-10 23:52:21,64
E1008021,T1002847,CREATED,2026-09-23 13:35:20,2026-09-23 13:35:25,1096
E1007301,T1002592,CREATED,2026-09-21 16:43:39,2026-09-21 16:43:44,2263
E1002138,T1000749,SETTLED,2026-09-06 09:17:31,2026-09-06 09:17:41,2285
E1009335,T1003310,SETTLED,2026-09-27 19:22:16,2026-09-27 19:22:21,228
E1004406,T1001549,AUTHORIZED,2026-09-13 19:55:57,2026-09-13 19:55:59,1764
E1002532,T1000890,CREATED,2026-09-08 07:11:21,2026-09-08 07:11:22,1666
E1008790,T1003118,AUTHORIZED,2026-09-25 13:05:15,2026-09-25 13:05:20,1494
E1004849,T1001706,SETTLED,2026-09-14 18:10:31,2026-09-14 18:10:40,347
E1008687,T1003081,SETTLED,2026-09-25 16:21:14,2026-09-25 16:21:23,50
E1000529,T1000186,AUTHORIZED,2026-09-02 08:29:03,2026-09-02 08:29:05,82
E1003713,T1001303,AUTHORIZED,2026-09-11 18:35:32,2026-09-11 18:35:33,2460
E1007305,T1002593,AUTHORIZED,2026-09-21 13:58:45,2026-09-21 13:58:53,1257
E1005348,T1001888,AUTHORIZED,2026-09-16 08:26:41,2026-09-16 08:26:51,2500
E1006631,T1002350,CREATED,2026-09-19 08:30:07,2026-09-19 08:30:11,2104
E1001495,T1000525,SETTLED,2026-09-05 12:14:44,2026-09-05 12:14:47,1777
E1005753,T1002033,AUTHORIZED,2026-09-17 16:34:09,2026-09-17 16:34:14,372
E1001737,T1000609,AUTHORIZED,2026-09-05 14:01:39,2026-09-05 14:01:49,1608
E1004970,T1001749,AUTHORIZED,2026-09-14 20:11:14,2026-09-14 20:11:22,805
E1004708,T1001656,CREATED,2026-09-14 13:33:43,2026-09-14 13:33:49,2265
E1006991,T1002481,CREATED,2026-09-20 18:01:15,2026-09-20 18:01:20,952
E1002055,T1000720,AUTHORIZED,2026-09-06 12:20:44,2026-09-06 12:20:45,344
E1009486,T1003364,CREATED,2026-09-27 13:57:57,2026-09-27 13:58:00,1599
E1000048,T1000018,CREATED,2026-09-01 09:47:49,2026-09-01 09:47:51,548
E1002255,T1000790,AUTHORIZED,2026-09-07 16:12:29,2026-09-07 16:12:37,116
E1001004,T1000353,SETTLED,2026-09-04 18:02:11,2026-09-04 18:02:12,399
E1002151,T1000754,CREATED,2026-09-06 10:36:08,2026-09-06 10:36:15,2101
E1010175,T1003607,FAILED,2026-09-29 16:49:22,2026-09-29 16:49:23,944
E1008195,T1002907,CREATED,2026-09-24 08:57:10,2026-09-24 08:57:16,510
E1007422,T1002635,AUTHORIZED,2026-09-21 09:45:24,2026-09-21 09:45:33,1419
E1010768,T1003816,SETTLED,2026-09-30 14:59:57,2026-09-30 14:59:58,242
E1006850,T1002431,CREATED,2026-09-20 10:18:06,2026-09-20 10:18:11,557
E1005602,T1001979,CREATED,2026-09-16 10:29:49,2026-09-16 10:29:53,407
E1002652,T1000931,SETTLED,2026-09-08 13:19:39,2026-09-08 13:19:43,53
E1010430,T1003696,AUTHORIZED,2026-09-29 20:03:51,2026-09-29 20:03:53,182
E1003773,T1001326,AUTHORIZED,2026-09-11 18:28:02,2026-09-11 18:28:09,2273
E1001552,T1000545,SETTLED,2026-09-05 18:40:05,2026-09-05 18:40:13,1748
E1001197,T1000422,SETTLED,2026-09-04 09:14:52,2026-09-04 10:24:52,968
E1010117,T1003587,FAILED,2026-09-29 18:53:42,2026-09-29 18:53:44,1858
E1005727,T1002024,SETTLED,2026-09-17 10:21:12,2026-09-17 10:21:13,72
E1000314,T1000111,CREATED,2026-09-01 15:37:03,2026-09-01 15:37:10,590
E1005042,T1001776,AUTHORIZED,2026-09-15 15:01:35,2026-09-15 15:01:41,2401
E1006737,T1002390,AUTHORIZED,2026-09-19 12:49:14,2026-09-19 12:49:17,761
E1005805,T1002051,CREATED,2026-09-17 20:38:15,2026-09-17 20:38:16,278
E1001270,T1000447,AUTHORIZED,2026-09-04 15:03:22,2026-09-04 15:03:24,552
E1009931,T1003523,CREATED,2026-09-28 19:12:34,2026-09-28 19:12:35,1410
E1006288,T1002224,CREATED,2026-09-18 16:28:09,2026-09-18 16:28:19,1181
E1007546,T1002679,SETTLED,2026-09-22 19:15:20,2026-09-22 19:15:27,565
E1006014,T1002125,CREATED,2026-09-18 18:38:49,2026-09-18 18:38:58,2418
E1005695,T1002012,SETTLED,2026-09-17 22:56:23,2026-09-17 22:56:32,1817
E1010668,T1003781,CREATED,2026-09-30 17:34:24,2026-09-30 17:34:27,258
E1007371,T1002616,SETTLED,2026-09-21 09:46:19,2026-09-21 09:46:23,713
E1006768,T1002402,CREATED,2026-09-20 15:13:15,2026-09-20 15:13:17,529
E1007841,T1002784,SETTLED,2026-09-23 13:40:44,2026-09-23 13:40:54,2047
E1007300,T1002591,SETTLED,2026-09-21 12:37:22,2026-09-21 12:37:24,735
E1005826,T1002058,SETTLED,2026-09-17 18:30:41,2026-09-17 18:30:47,1292
E1001720,T1000603,SETTLED,2026-09-05 11:48:22,2026-09-05 11:48:25,1927
E1003793,T1001333,CREATED,2026-09-11 09:10:54,2026-09-11 09:10:57,781
E1003949,T1001387,AUTHORIZED,2026-09-12 21:05:05,2026-09-12 21:05:06,681
E1007156,T1002539,AUTHORIZED,2026-09-21 19:22:20,2026-09-21 19:22:22,998
E1002190,T1000767,SETTLED,2026-09-06 20:36:42,2026-09-06 20:36:45,2394
E1009371,T1003323,CREATED,2026-09-27 23:55:04,2026-09-27 23:55:10,719
E1003784,T1001330,CREATED,2026-09-11 13:49:50,2026-09-11 13:49:51,337
E1010228,T1003626,CREATED,2026-09-29 14:01:59,2026-09-29 14:02:05,454
E1002560,T1000900,CREATED,2026-09-08 09:06:12,2026-09-08 09:06:18,1659
E1006033,T1002131,SETTLED,2026-09-18 14:46:34,2026-09-18 14:46:42,1974
E1003185,T1001117,SETTLED,2026-09-10 19:45:17,2026-09-10 19:45:27,1650
E1007962,T1002826,AUTHORIZED,2026-09-23 10:17:06,2026-09-23 10:17:08,163
E1001215,T1000428,SETTLED,2026-09-04 18:54:45,2026-09-04 18:54:48,1973
E1001036,T1000365,SETTLED,2026-09-04 17:16:36,2026-09-04 17:16:44,2417
E1010698,T1003791,SETTLED,2026-09-30 16:22:34,2026-09-30 16:22:42,547
E1010622,T1003764,AUTHORIZED,2026-09-30 17:00:36,2026-09-30 17:00:46,336
E1006958,T1002469,AUTHORIZED,2026-09-20 16:38:50,2026-09-20 16:38:55,181
E1006239,T1002206,AUTHORIZED,2026-09-18 13:19:04,2026-09-18 13:19:09,1152
E1007725,T1002744,AUTHORIZED,2026-09-22 07:45:07,2026-09-22 08:14:07,138
E1004892,T1001722,CREATED,2026-09-14 18:45:00,2026-09-14 18:45:03,1347
E1001742,T1000611,AUTHORIZED,2026-09-05 19:05:38,2026-09-05 19:05:43,1476
E1003478,T1001221,CREATED,2026-09-10 08:08:15,2026-09-10 08:08:23,854
E1007037,T1002496,AUTHORIZED,2026-09-20 15:53:50,2026-09-20 15:53:52,1554
E1004552,T1001600,AUTHORIZED,2026-09-13 11:49:22,2026-09-13 11:49:27,2458
E1001316,T1000463,AUTHORIZED,2026-09-04 09:06:59,2026-09-04 09:07:00,240
E1005051,T1001779,SETTLED,2026-09-15 22:09:44,2026-09-15 22:09:49,975
E1006028,T1002130,CREATED,2026-09-18 10:18:24,2026-09-18 10:18:31,2356
E1005336,T1001884,CREATED,2026-09-16 13:43:57,2026-09-16 15:00:57,1521
E1007575,T1002690,CREATED,2026-09-22 13:26:03,2026-09-22 13:26:13,1261
E1001719,T1000603,AUTHORIZED,2026-09-05 11:30:43,2026-09-05 11:30:48,147
E1009829,T1003487,CREATED,2026-09-28 12:25:49,2026-09-28 12:25:53,1681
E1001613,T1000567,AUTHORIZED,2026-09-05 19:51:30,2026-09-05 19:51:40,1753
E1008317,T1002952,CREATED,2026-09-24 17:32:42,2026-09-24 17:32:44,284
E1004416,T1001553,CREATED,2026-09-13 12:41:24,2026-09-13 12:41:30,1846
E1007232,T1002566,CREATED,2026-09-21 13:07:29,2026-09-21 14:10:29,768
E1003400,T1001192,SETTLED,2026-09-10 14:30:23,2026-09-10 14:30:28,1228
E1002169,T1000760,CREATED,2026-09-06 19:09:51,2026-09-06 19:09:58,450
E1000348,T1000123,AUTHORIZED,2026-09-01 18:58:47,2026-09-01 18:58:54,1797
E1006713,T1002381,SETTLED,2026-09-19 12:54:49,2026-09-19 12:54:50,2297
E1004782,T1001683,AUTHORIZED,2026-09-14 14:26:20,2026-09-14 14:26:22,1821
E1009279,T1003291,SETTLED,2026-09-26 12:48:09,2026-09-26 12:48:15,1306
E1001239,T1000436,SETTLED,2026-09-04 18:16:08,2026-09-04 18:16:16,2278
E1006526,T1002311,CREATED,2026-09-19 08:02:45,2026-09-19 08:02:46,2059
E1006407,T1002266,SETTLED,2026-09-19 11:37:47,2026-09-19 11:37:53,861
E1007719,T1002742,AUTHORIZED,2026-09-22 09:10:18,2026-09-22 09:10:25,1079
E1006346,T1002244,AUTHORIZED,2026-09-19 08:52:52,2026-09-19 08:53:01,2094
E1007781,T1002764,CREATED,2026-09-22 15:29:03,2026-09-22 15:29:12,976
E1007976,T1002831,CREATED,2026-09-23 20:22:31,2026-09-23 20:22:38,1206
E1007377,T1002618,SETTLED,2026-09-21 20:34:38,2026-09-21 20:34:40,1954
E1002116,T1000742,AUTHORIZED,2026-09-06 11:53:58,2026-09-06 11:54:05,512
E1002363,T1000829,AUTHORIZED,2026-09-07 22:39:52,2026-09-07 22:39:57,1068
E1006639,T1002353,AUTHORIZED,2026-09-19 08:15:31,2026-09-19 08:15:38,2301
E1007172,T1002545,CREATED,2026-09-21 20:55:34,2026-09-21 20:55:36,1337
E1006633,T1002350,SETTLED,2026-09-19 08:52:07,2026-09-19 08:52:16,2279
E1003976,T1001397,CREATED,2026-09-12 13:13:55,2026-09-12 13:14:04,1501
E1005152,T1001816,AUTHORIZED,2026-09-15 13:49:22,2026-09-15 13:49:27,1726
E1005957,T1002104,CREATED,2026-09-17 07:12:45,2026-09-17 07:12:50,1523
E1000527,T1000185,SETTLED,2026-09-02 10:38:20,2026-09-02 10:38:29,1831
E1002293,T1000804,SETTLED,2026-09-07 17:26:47,2026-09-07 17:26:56,1828
E1010154,T1003600,AUTHORIZED,2026-09-29 19:41:28,2026-09-29 19:41:34,2467
E1006671,T1002365,AUTHORIZED,2026-09-19 21:30:55,2026-09-19 21:30:58,403
E1007516,T1002669,AUTHORIZED,2026-09-22 13:14:07,2026-09-22 13:14:16,2296
E1009078,T1003221,CREATED,2026-09-26 10:09:51,2026-09-26 10:09:58,550
E1000134,T1000048,CREATED,2026-09-01 11:41:10,2026-09-01 11:41:20,1038
E1007094,T1002518,SETTLED,2026-09-20 12:27:01,2026-09-20 12:27:04,2320
E1000418,T1000147,FAILED,2026-09-02 12:58:31,2026-09-02 12:58:34,2227
E1000714,T1000251,CREATED,2026-09-03 22:17:02,2026-09-03 22:17:07,480
E1005009,T1001763,CREATED,2026-09-15 10:19:43,2026-09-15 10:19:51,2214
E1010510,T1003724,AUTHORIZED,2026-09-30 10:05:26,2026-09-30 10:05:29,864
E1005062,T1001783,SETTLED,2026-09-15 17:49:11,2026-09-15 17:49:17,1350
E1001526,T1000536,SETTLED,2026-09-05 21:20:03,2026-09-05 21:20:10,941
E1008253,T1002927,AUTHORIZED,2026-09-24 19:40:43,2026-09-24 19:40:53,1941
E1009511,T1003372,AUTHORIZED,2026-09-27 08:42:34,2026-09-27 08:42:37,1164
E1005513,T1001948,AUTHORIZED,2026-09-16 14:22:23,2026-09-16 14:22:30,397
E1005896,T1002082,AUTHORIZED,2026-09-17 18:05:13,2026-09-17 18:05:14,646
E1005158,T1001818,AUTHORIZED,2026-09-15 12:56:38,2026-09-15 12:56:45,1623
E1009455,T1003353,FAILED,2026-09-27 09:18:55,2026-09-27 09:19:02,1388
E1010387,T1003681,SETTLED,2026-09-29 11:03:58,2026-09-29 11:04:06,1153
E1007279,T1002584,CREATED,2026-09-21 13:55:31,2026-09-21 13:55:32,851
E1001109,T1000393,CREATED,2026-09-04 10:52:01,2026-09-04 10:52:09,1506
E1005650,T1001995,AUTHORIZED,2026-09-17 14:47:23,2026-09-17 14:47:30,2257
E1002670,T1000938,AUTHORIZED,2026-09-08 12:52:29,2026-09-08 12:52:34,1782
E1009820,T1003483,SETTLED,2026-09-28 12:03:11,2026-09-28 12:03:19,1545
E1006769,T1002402,AUTHORIZED,2026-09-20 15:13:23,2026-09-20 15:13:25,2470
E1004514,T1001587,AUTHORIZED,2026-09-13 09:10:02,2026-09-13 09:10:11,1348
E1009250,T1003282,CREATED,2026-09-26 13:04:00,2026-09-26 13:04:05,441
E1008083,T1002868,SETTLED,2026-09-23 11:53:42,2026-09-23 11:53:52,2212
E1009192,T1003261,AUTHORIZED,2026-09-26 22:16:25,2026-09-26 22:16:30,1522
E1002882,T1001013,CREATED,2026-09-09 21:47:03,2026-09-09 21:47:09,1005
E1006449,T1002283,CREATED,2026-09-19 19:04:01,2026-09-19 19:04:02,415
E1005823,T1002057,AUTHORIZED,2026-09-17 20:41:34,2026-09-17 20:41:35,1416
E1001106,T1000392,CREATED,2026-09-04 11:39:15,2026-09-04 11:39:22,365
E1001866,T1000654,CREATED,2026-09-06 22:50:36,2026-09-06 22:50:39,659
E1003171,T1001113,CREATED,2026-09-10 10:59:46,2026-09-10 10:59:52,1166
E1001389,T1000488,FAILED,2026-09-05 22:31:06,2026-09-05 22:31:14,63
E1007016,T1002489,AUTHORIZED,2026-09-20 20:22:12,2026-09-20 20:22:20,1912
E1001767,T1000620,CREATED,2026-09-06 20:22:17,2026-09-06 20:22:24,43
E1003899,T1001369,CREATED,2026-09-12 16:16:48,2026-09-12 16:16:52,995
E1006982,T1002477,SETTLED,2026-09-20 16:06:31,2026-09-20 16:06:33,1120
E1004210,T1001480,CREATED,2026-09-12 21:43:11,2026-09-12 21:43:21,651
E1001100,T1000390,CREATED,2026-09-04 20:56:36,2026-09-04 20:56:41,898
E1008904,T1003158,AUTHORIZED,2026-09-26 12:57:08,2026-09-26 12:57:14,303
E1000451,T1000158,SETTLED,2026-09-02 20:15:49,2026-09-02 20:15:59,1497
E1005616,T1001984,CREATED,2026-09-16 19:02:25,2026-09-16 19:02:26,402
E1009372,T1003323,AUTHORIZED,2026-09-27 23:55:27,2026-09-27 23:55:37,791
E1002229,T1000781,CREATED,2026-09-07 17:46:40,2026-09-07 17:46:43,1313
E1008626,T1003060,SETTLED,2026-09-25 18:26:39,2026-09-25 19:39:39,144
E1000383,T1000135,CREATED,2026-09-02 12:09:12,2026-09-02 12:09:13,2339
E1007757,T1002755,AUTHORIZED,2026-09-22 14:14:14,2026-09-22 14:14:19,1945
E1009918,T1003518,SETTLED,2026-09-28 11:00:41,2026-09-28 11:00:50,92
E1004610,T1001620,SETTLED,2026-09-13 19:17:06,2026-09-13 19:17:14,1963
E1005800,T1002049,AUTHORIZED,2026-09-17 12:09:11,2026-09-17 12:09:19,531
E1006788,T1002408,SETTLED,2026-09-20 18:17:32,2026-09-20 18:17:41,1990
E1006365,T1002251,AUTHORIZED,2026-09-19 19:43:36,2026-09-19 19:43:45,1331
E1003725,T1001308,FAILED,2026-09-11 11:21:22,2026-09-11 11:21:31,1339
E1006998,T1002483,AUTHORIZED,2026-09-20 16:13:15,2026-09-20 16:13:24,1407
E1010161,T1003602,SETTLED,2026-09-29 18:20:22,2026-09-29 18:20:29,1573
E1010783,T1003822,AUTHORIZED,2026-09-30 11:16:48,2026-09-30 11:16:49,2477
E1005630,T1001988,SETTLED,2026-09-17 10:54:43,2026-09-17 10:54:49,78
E1003384,T1001187,AUTHORIZED,2026-09-10 10:59:18,2026-09-10 10:59:22,2257
E1006696,T1002375,AUTHORIZED,2026-09-19 17:29:33,2026-09-19 17:29:42,1056
E1001078,T1000381,AUTHORIZED,2026-09-04 08:03:32,2026-09-04 08:03:38,1872
E1004798,T1001689,CREATED,2026-09-14 13:18:10,2026-09-14 13:18:16,381
E1004713,T1001657,SETTLED,2026-09-14 22:06:38,2026-09-14 22:06:41,265
E1005924,T1002093,CREATED,2026-09-17 14:39:49,2026-09-17 14:39:50,1675
E1004121,T1001449,CREATED,2026-09-12 17:47:18,2026-09-12 17:47:19,572
E1009805,T1003478,CREATED,2026-09-28 16:19:24,2026-09-28 16:19:26,982
E1000127,T1000045,SETTLED,2026-09-01 19:55:15,2026-09-01 19:55:22,716
E1002958,T1001039,AUTHORIZED,2026-09-09 18:16:33,2026-09-09 18:16:41,2382
E1000679,T1000239,CREATED,2026-09-03 18:50:14,2026-09-03 18:50:21,1319
E1006233,T1002204,CREATED,2026-09-18 12:56:58,2026-09-18 12:57:01,1356
E1000616,T1000216,SETTLED,2026-09-02 12:25:51,2026-09-02 12:25:52,1202
E1008099,T1002874,SETTLED,2026-09-23 14:16:11,2026-09-23 14:16:12,704
E1006352,T1002246,SETTLED,2026-09-19 18:54:36,2026-09-19 18:54:37,1679
E1005682,T1002007,SETTLED,2026-09-17 10:58:37,2026-09-17 10:58:41,2384
E1009430,T1003344,AUTHORIZED,2026-09-27 13:26:01,2026-09-27 13:26:02,629
E1008990,T1003190,AUTHORIZED,2026-09-26 13:34:06,2026-09-26 13:34:11,96
E1001048,T1000370,CREATED,2026-09-04 07:32:23,2026-09-04 07:32:26,1730
E1004965,T1001747,SETTLED,2026-09-14 11:11:32,2026-09-14 11:11:38,1837
E1007148,T1002536,SETTLED,2026-09-20 19:19:19,2026-09-20 19:19:21,806
E1006243,T1002208,CREATED,2026-09-18 11:22:12,2026-09-18 11:22:18,807
E1005016,T1001766,CREATED,2026-09-15 20:24:41,2026-09-15 20:24:51,2165
E1006488,T1002297,AUTHORIZED,2026-09-19 14:04:36,2026-09-19 15:00:36,1229
E1000649,T1000228,FAILED,2026-09-02 09:32:02,2026-09-02 09:32:04,283
E1005032,T1001772,CREATED,2026-09-15 20:26:26,2026-09-15 20:26:28,1298
E1002528,T1000888,AUTHORIZED,2026-09-08 09:15:55,2026-09-08 09:15:58,1180
E1004855,T1001708,SETTLED,2026-09-14 17:51:26,2026-09-14 17:51:31,1006
E1001730,T1000607,CREATED,2026-09-05 07:39:33,2026-09-05 07:39:41,627
E1001216,T1000429,CREATED,2026-09-04 08:47:40,2026-09-04 08:47:44,941
E1003792,T1001332,SETTLED,2026-09-11 08:51:34,2026-09-11 08:51:36,2353
E1005002,T1001760,CREATED,2026-09-15 18:02:47,2026-09-15 18:02:51,1505
E1010389,T1003682,AUTHORIZED,2026-09-29 21:45:57,2026-09-29 21:46:06,1926
E1010744,T1003808,CREATED,2026-09-30 17:58:16,2026-09-30 17:58:24,1283
E1004316,T1001516,AUTHORIZED,2026-09-13 14:13:01,2026-09-13 14:13:11,679
E1006130,T1002167,CREATED,2026-09-18 12:24:52,2026-09-18 12:24:57,2018
E1007911,T1002808,SETTLED,2026-09-23 19:11:23,2026-09-23 19:11:31,1599
E1000471,T1000165,AUTHORIZED,2026-09-02 16:50:20,2026-09-02 16:50:28,343
E1009956,T1003531,AUTHORIZED,2026-09-28 11:56:02,2026-09-28 11:56:09,819
E1000394,T1000139,CREATED,2026-09-02 12:16:21,2026-09-02 12:50:21,482
E1000975,T1000343,AUTHORIZED,2026-09-03 08:07:31,2026-09-03 08:07:39,554
E1008700,T1003086,AUTHORIZED,2026-09-25 20:09:09,2026-09-25 20:09:19,1126
E1009222,T1003272,CREATED,2026-09-26 11:40:46,2026-09-26 11:40:53,784
E1008067,T1002863,CREATED,2026-09-23 13:48:59,2026-09-23 13:49:05,1353
E1004018,T1001413,CREATED,2026-09-12 19:39:06,2026-09-12 19:39:10,1029
E1005371,T1001896,AUTHORIZED,2026-09-16 11:16:11,2026-09-16 11:16:15,1448
E1000631,T1000222,AUTHORIZED,2026-09-02 16:20:26,2026-09-02 16:20:27,864
E1010031,T1003557,AUTHORIZED,2026-09-28 16:41:52,2026-09-28 16:42:00,1451
E1003853,T1001353,SETTLED,2026-09-12 15:42:00,2026-09-12 15:42:03,848
E1007936,T1002817,SETTLED,2026-09-23 08:58:03,2026-09-23 08:58:08,1096
E1007727,T1002745,CREATED,2026-09-22 19:30:27,2026-09-22 19:30:36,57
E1009219,T1003271,CREATED,2026-09-26 06:47:02,2026-09-26 06:47:07,287
E1009534,T1003380,SETTLED,2026-09-27 19:20:17,2026-09-27 19:20:21,2159
E1006063,T1002142,AUTHORIZED,2026-09-18 13:14:36,2026-09-18 13:14:37,2004
E1001154,T1000408,CREATED,2026-09-04 11:11:51,2026-09-04 11:11:56,66
E1006819,T1002420,AUTHORIZED,2026-09-20 11:38:53,2026-09-20 11:39:02,1925
E1009469,T1003358,AUTHORIZED,2026-09-27 13:02:21,2026-09-27 13:10:21,1107
E1003327,T1001167,AUTHORIZED,2026-09-10 21:48:38,2026-09-10 21:48:40,1094
E1000802,T1000282,SETTLED,2026-09-03 14:07:42,2026-09-03 14:07:43,2059
E1005702,T1002015,SETTLED,2026-09-17 09:27:48,2026-09-17 09:27:54,2318
E1006271,T1002218,AUTHORIZED,2026-09-18 13:29:27,2026-09-18 13:29:35,2034
E1008847,T1003138,CREATED,2026-09-26 13:03:18,2026-09-26 13:03:25,1083
E1000210,T1000074,CREATED,2026-09-01 09:24:02,2026-09-01 09:24:05,1297
E1009878,T1003504,CREATED,2026-09-28 11:08:48,2026-09-28 11:08:58,765
E1005527,T1001953,CREATED,2026-09-16 14:46:55,2026-09-16 14:47:02,2083
E1007675,T1002727,CREATED,2026-09-22 19:12:35,2026-09-22 19:12:38,277
E1000039,T1000015,CREATED,2026-09-01 22:26:14,2026-09-01 22:26:23,527
E1009016,T1003199,CREATED,2026-09-26 21:10:02,2026-09-26 21:10:10,449
E1004344,T1001527,CREATED,2026-09-13 18:02:14,2026-09-13 18:02:15,1045
E1000767,T1000269,SETTLED,2026-09-03 17:25:15,2026-09-03 17:25:20,1215
E1000661,T1000233,CREATED,2026-09-02 11:15:14,2026-09-02 11:15:18,2155
E1007560,T1002685,CREATED,2026-09-22 11:02:12,2026-09-22 11:02:14,826
E1005629,T1001988,AUTHORIZED,2026-09-17 10:41:08,2026-09-17 10:41:13,1602
E1002728,T1000958,SETTLED,2026-09-08 12:06:18,2026-09-08 12:06:21,2105
E1000882,T1000310,SETTLED,2026-09-03 10:11:53,2026-09-03 10:11:57,1026
E1000269,T1000094,SETTLED,2026-09-01 13:43:17,2026-09-01 13:43:25,681
E1001393,T1000490,CREATED,2026-09-05 11:24:38,2026-09-05 11:24:46,360
E1005663,T1002000,SETTLED,2026-09-17 12:51:35,2026-09-17 12:51:44,389
E1004377,T1001538,SETTLED,2026-09-13 17:59:37,2026-09-13 17:59:42,2071
E1001607,T1000565,AUTHORIZED,2026-09-05 19:02:22,2026-09-05 19:02:29,1499
E1001982,T1000694,CREATED,2026-09-06 20:32:00,2026-09-06 20:32:06,1706
E1004611,T1001621,CREATED,2026-09-13 18:45:52,2026-09-13 18:46:01,1453
E1002206,T1000773,AUTHORIZED,2026-09-06 08:12:40,2026-09-06 08:12:50,2273
E1005928,T1002094,AUTHORIZED,2026-09-17 19:56:47,2026-09-17 19:56:51,2488
E1008772,T1003111,AUTHORIZED,2026-09-25 11:51:29,2026-09-25 11:51:37,722
E1004373,T1001537,CREATED,2026-09-13 11:43:53,2026-09-13 11:43:59,678
E1005757,T1002035,CREATED,2026-09-17 11:34:43,2026-09-17 11:34:53,417
E1000766,T1000269,AUTHORIZED,2026-09-03 17:12:41,2026-09-03 17:12:45,1648
E1009014,T1003198,AUTHORIZED,2026-09-26 21:20:01,2026-09-26 21:20:02,2076
E1004724,T1001661,SETTLED,2026-09-14 13:57:11,2026-09-14 13:57:20,378
E1005820,T1002056,AUTHORIZED,2026-09-17 10:46:38,2026-09-17 10:46:48,1381
E1000695,T1000244,AUTHORIZED,2026-09-03 13:43:43,2026-09-03 13:43:46,1666
E1002404,T1000844,AUTHORIZED,2026-09-07 16:48:41,2026-09-07 16:48:51,1688
E1008386,T1002976,CREATED,2026-09-24 12:28:36,2026-09-24 12:28:43,1077
E1004242,T1001490,SETTLED,2026-09-13 22:17:49,2026-09-13 22:17:53,212
E1009686,T1003435,CREATED,2026-09-27 18:20:38,2026-09-27 18:20:43,2172
E1006648,T1002356,AUTHORIZED,2026-09-19 09:19:41,2026-09-19 09:19:44,1481
E1002233,T1000782,AUTHORIZED,2026-09-07 11:06:59,2026-09-07 11:07:08,941
E1007530,T1002674,AUTHORIZED,2026-09-22 19:24:20,2026-09-22 19:24:29,2247
E1004006,T1001407,SETTLED,2026-09-12 14:46:30,2026-09-12 14:46:38,716
E1009232,T1003275,SETTLED,2026-09-26 18:27:04,2026-09-26 18:27:13,1439
E1006963,T1002471,CREATED,2026-09-20 15:22:39,2026-09-20 15:22:43,2125
E1010778,T1003820,FAILED,2026-09-30 19:24:19,2026-09-30 19:24:22,1402
E1002326,T1000816,AUTHORIZED,2026-09-07 18:49:40,2026-09-07 18:49:49,341
E1009111,T1003233,CREATED,2026-09-26 23:45:17,2026-09-26 23:45:26,1067
E1002494,T1000875,SETTLED,2026-09-07 13:53:04,2026-09-07 13:53:14,2329
E1008488,T1003012,FAILED,2026-09-25 16:38:31,2026-09-25 16:38:32,982
E1001322,T1000465,AUTHORIZED,2026-09-05 14:16:00,2026-09-05 14:16:05,751
E1006650,T1002357,CREATED,2026-09-19 13:57:58,2026-09-19 14:44:58,182
E1008422,T1002989,AUTHORIZED,2026-09-24 21:53:04,2026-09-24 22:25:04,888
E1008822,T1003129,AUTHORIZED,2026-09-25 10:31:12,2026-09-25 10:31:19,713
E1000918,T1000323,SETTLED,2026-09-03 12:55:03,2026-09-03 12:55:11,784
E1007715,T1002741,CREATED,2026-09-22 14:51:00,2026-09-22 14:51:10,1731
E1000911,T1000321,CREATED,2026-09-03 10:13:16,2026-09-03 10:13:18,1507
E1004870,T1001713,SETTLED,2026-09-14 12:24:00,2026-09-14 12:24:09,2198
E1002510,T1000882,CREATED,2026-09-07 19:47:35,2026-09-07 19:47:38,484
E1004269,T1001500,AUTHORIZED,2026-09-13 20:51:04,2026-09-13 20:51:06,226
E1005886,T1002079,CREATED,2026-09-17 19:27:52,2026-09-17 19:28:00,547
E1001297,T1000457,CREATED,2026-09-04 14:17:14,2026-09-04 14:17:15,1904
E1009708,T1003442,AUTHORIZED,2026-09-27 18:38:36,2026-09-27 18:38:39,312
E1007638,T1002713,CREATED,2026-09-22 10:39:49,2026-09-22 10:39:55,568
E1010354,T1003670,CREATED,2026-09-29 18:20:57,2026-09-29 18:21:07,115
E1009962,T1003533,AUTHORIZED,2026-09-28 12:03:21,2026-09-28 12:03:30,894
E1005184,T1001827,SETTLED,2026-09-15 14:32:31,2026-09-15 14:32:33,1641
E1009868,T1003500,SETTLED,2026-09-28 09:46:06,2026-09-28 09:46:08,2162
E1007809,T1002773,SETTLED,2026-09-23 11:33:24,2026-09-23 11:33:32,1103
E1004754,T1001673,CREATED,2026-09-14 12:50:47,2026-09-14 12:50:54,2297
E1002746,T1000965,CREATED,2026-09-08 12:13:52,2026-09-08 12:13:55,2351
E1004077,T1001434,CREATED,2026-09-12 09:03:16,2026-09-12 09:03:23,2121
E1001007,T1000354,SETTLED,2026-09-04 13:29:32,2026-09-04 13:29:34,1398
E1007284,T1002586,CREATED,2026-09-21 09:32:18,2026-09-21 09:32:25,866
E1002865,T1001006,SETTLED,2026-09-09 21:17:13,2026-09-09 21:17:20,586
E1005256,T1001854,SETTLED,2026-09-15 19:56:04,2026-09-15 19:56:10,480
E1010041,T1003560,SETTLED,2026-09-28 20:32:24,2026-09-28 20:32:33,1227
E1007052,T1002502,CREATED,2026-09-20 13:34:24,2026-09-20 13:34:32,322
E1007480,T1002655,SETTLED,2026-09-21 14:02:26,2026-09-21 14:02:31,2401
E1000242,T1000085,CREATED,2026-09-01 11:22:33,2026-09-01 11:22:41,1434
E1005948,T1002101,CREATED,2026-09-17 10:40:31,2026-09-17 10:40:37,755
E1002040,T1000715,CREATED,2026-09-06 13:34:18,2026-09-06 13:34:23,921
E1002136,T1000749,CREATED,2026-09-06 09:02:31,2026-09-06 09:02:38,1537
E1005810,T1002052,SETTLED,2026-09-17 12:31:41,2026-09-17 12:31:49,2459
E1005286,T1001865,SETTLED,2026-09-15 19:26:46,2026-09-15 19:26:53,192
E1009577,T1003395,SETTLED,2026-09-27 21:57:48,2026-09-27 21:57:50,1514
E1003458,T1001213,CREATED,2026-09-10 11:37:39,2026-09-10 11:37:44,268
E1000648,T1000228,CREATED,2026-09-02 09:31:56,2026-09-02 09:32:03,1693
E1006074,T1002146,CREATED,2026-09-18 19:58:03,2026-09-18 19:58:09,1466
E1007383,T1002621,CREATED,2026-09-21 20:29:45,2026-09-21 20:29:48,1516
E1007839,T1002784,CREATED,2026-09-23 13:32:44,2026-09-23 13:32:48,1832
E1000289,T1000102,AUTHORIZED,2026-09-01 19:49:28,2026-09-01 19:49:36,1883
E1007303,T1002592,SETTLED,2026-09-21 16:52:39,2026-09-21 16:52:41,1901
E1008803,T1003123,CREATED,2026-09-25 19:01:12,2026-09-25 19:01:15,1544
E1002970,T1001043,AUTHORIZED,2026-09-09 18:48:35,2026-09-09 18:48:39,583
E1000415,T1000146,AUTHORIZED,2026-09-02 09:19:54,2026-09-02 09:20:01,2451
E1004917,T1001730,SETTLED,2026-09-14 21:31:37,2026-09-14 21:31:38,736
E1006828,T1002423,AUTHORIZED,2026-09-20 06:15:49,2026-09-20 06:15:53,2346
E1005111,T1001801,AUTHORIZED,2026-09-15 13:35:59,2026-09-15 13:36:07,40
E1004687,T1001648,AUTHORIZED,2026-09-14 09:53:02,2026-09-14 09:53:05,1945
E1005790,T1002046,CREATED,2026-09-17 18:48:13,2026-09-17 18:48:17,717
E1002909,T1001022,CREATED,2026-09-09 18:15:28,2026-09-09 18:15:35,2242
E1007513,T1002668,CREATED,2026-09-22 09:16:06,2026-09-22 09:16:10,1836
E1001413,T1000497,CREATED,2026-09-05 20:32:03,2026-09-05 20:32:07,1096
E1007280,T1002584,AUTHORIZED,2026-09-21 13:55:39,2026-09-21 13:55:46,1751
E1002527,T1000888,CREATED,2026-09-08 09:15:27,2026-09-08 09:15:31,1974
E1003715,T1001304,CREATED,2026-09-11 10:32:02,2026-09-11 10:32:10,511
E1006830,T1002424,CREATED,2026-09-20 21:11:09,2026-09-20 21:11:11,1569
E1005721,T1002022,FAILED,2026-09-17 22:20:43,2026-09-17 22:20:44,50
E1005135,T1001810,CREATED,2026-09-15 10:30:44,2026-09-15 10:30:47,922
E1002270,T1000796,AUTHORIZED,2026-09-07 20:34:19,2026-09-07 20:34:21,2096
E1008526,T1003026,CREATED,2026-09-25 08:58:10,2026-09-25 08:58:20,832
E1009216,T1003270,CREATED,2026-09-26 15:30:43,2026-09-26 15:30:49,336
E1002995,T1001052,CREATED,2026-09-09 10:04:32,2026-09-09 10:04:40,2102
E1003201,T1001123,SETTLED,2026-09-10 13:00:41,2026-09-10 13:00:49,60
E1003982,T1001399,CREATED,2026-09-12 22:22:01,2026-09-12 22:22:03,1977
E1001240,T1000437,CREATED,2026-09-04 15:23:11,2026-09-04 15:23:14,1146
E1002763,T1000971,CREATED,2026-09-08 09:24:44,2026-09-08 10:48:44,2222
E1008636,T1003064,CREATED,2026-09-25 19:41:18,2026-09-25 19:41:27,983
E1005427,T1001917,SETTLED,2026-09-16 18:53:44,2026-09-16 18:53:46,378
E1002007,T1000703,CREATED,2026-09-06 13:29:40,2026-09-06 13:29:43,2201
E1008311,T1002950,CREATED,2026-09-24 20:45:16,2026-09-24 20:45:21,1041
E1006137,T1002169,SETTLED,2026-09-18 16:00:28,2026-09-18 16:00:35,325
E1010604,T1003758,CREATED,2026-09-30 15:39:41,2026-09-30 15:39:51,2264
E1004566,T1001605,AUTHORIZED,2026-09-13 15:59:35,2026-09-13 15:59:40,1150
E1009890,T1003508,AUTHORIZED,2026-09-28 13:08:37,2026-09-28 13:08:44,1924
E1007022,T1002491,AUTHORIZED,2026-09-20 22:04:12,2026-09-20 22:04:15,573
E1005497,T1001943,CREATED,2026-09-16 19:28:06,2026-09-16 19:28:09,2363
E1000306,T1000108,AUTHORIZED,2026-09-01 20:30:11,2026-09-01 20:30:12,1969
E1010582,T1003750,AUTHORIZED,2026-09-30 18:06:52,2026-09-30 18:06:56,1977
E1006708,T1002380,CREATED,2026-09-19 19:43:28,2026-09-19 19:43:38,2016
E1001973,T1000691,CREATED,2026-09-06 15:59:28,2026-09-06 15:59:37,1490
E1009231,T1003275,AUTHORIZED,2026-09-26 18:17:32,2026-09-26 18:17:33,2136
E1000310,T1000109,SETTLED,2026-09-01 10:55:00,2026-09-01 10:55:09,1461
E1009930,T1003522,SETTLED,2026-09-28 10:06:31,2026-09-28 10:06:39,1074
E1005162,T1001819,SETTLED,2026-09-15 13:08:19,2026-09-15 13:08:20,1504
E1003513,T1001233,AUTHORIZED,2026-09-11 09:30:06,2026-09-11 09:30:12,1529
E1006946,T1002465,CREATED,2026-09-20 15:35:37,2026-09-20 15:35:38,648
E1002194,T1000769,CREATED,2026-09-06 20:32:44,2026-09-06 20:32:51,1948
E1006447,T1002282,AUTHORIZED,2026-09-19 12:19:16,2026-09-19 12:19:19,2115
E1002891,T1001016,CREATED,2026-09-09 20:43:56,2026-09-09 20:44:02,318
E1003396,T1001191,AUTHORIZED,2026-09-10 14:47:09,2026-09-10 14:47:14,1935
E1007359,T1002612,CREATED,2026-09-21 14:08:10,2026-09-21 14:08:19,277
E1004553,T1001601,CREATED,2026-09-13 16:49:17,2026-09-13 16:49:25,1143
E1010253,T1003634,AUTHORIZED,2026-09-29 09:44:59,2026-09-29 09:45:03,945
E1006520,T1002308,SETTLED,2026-09-19 11:26:31,2026-09-19 11:26:33,1993
E1002862,T1001005,SETTLED,2026-09-09 11:29:59,2026-09-09 11:30:01,915
E1001018,T1000359,AUTHORIZED,2026-09-04 16:50:19,2026-09-04 16:50:21,1613
E1008579,T1003044,AUTHORIZED,2026-09-25 09:57:51,2026-09-25 09:57:58,510
E1003195,T1001121,CREATED,2026-09-10 12:20:45,2026-09-10 12:20:55,486
E1009508,T1003371,AUTHORIZED,2026-09-27 13:46:49,2026-09-27 13:46:50,1892
E1010162,T1003603,CREATED,2026-09-29 20:18:37,2026-09-29 20:18:42,295
E1008108,T1002877,SETTLED,2026-09-23 12:50:55,2026-09-23 12:51:05,1013
E1006396,T1002262,SETTLED,2026-09-19 18:28:26,2026-09-19 18:28:28,280
E1001390,T1000489,CREATED,2026-09-05 12:28:43,2026-09-05 12:28:51,1388
E1000839,T1000296,CREATED,2026-09-03 17:41:19,2026-09-03 17:41:27,1419
E1002244,T1000786,CREATED,2026-09-07 11:23:58,2026-09-07 11:24:05,2187
E1004941,T1001739,CREATED,2026-09-14 10:15:24,2026-09-14 10:15:26,1814
E1004475,T1001574,CREATED,2026-09-13 15:03:56,2026-09-13 15:04:01,731
E1008945,T1003173,SETTLED,2026-09-26 20:56:33,2026-09-26 20:56:42,2065
E1004050,T1001424,AUTHORIZED,2026-09-12 20:34:07,2026-09-12 20:34:15,1743
E1003823,T1001343,SETTLED,2026-09-12 11:43:31,2026-09-12 11:43:40,704
E1003511,T1001232,SETTLED,2026-09-11 10:54:19,2026-09-11 10:54:21,1579
E1003629,T1001273,SETTLED,2026-09-11 16:07:30,2026-09-11 16:07:37,476
E1005956,T1002103,SETTLED,2026-09-17 14:11:13,2026-09-17 14:11:18,1231
E1000974,T1000343,CREATED,2026-09-03 08:07:21,2026-09-03 08:07:29,1195
E1005222,T1001841,AUTHORIZED,2026-09-15 18:10:06,2026-09-15 18:10:10,1919
E1003849,T1001352,AUTHORIZED,2026-09-12 20:16:20,2026-09-12 20:16:23,861
E1010270,T1003640,CREATED,2026-09-29 11:23:22,2026-09-29 11:23:23,1281
E1003058,T1001073,AUTHORIZED,2026-09-09 20:45:42,2026-09-09 20:45:46,2259
E1007857,T1002790,CREATED,2026-09-23 19:29:21,2026-09-23 19:29:28,447
E1007430,T1002638,CREATED,2026-09-21 21:20:56,2026-09-21 21:20:58,248
E1003097,T1001087,CREATED,2026-09-09 12:50:42,2026-09-09 13:34:42,577
E1004170,T1001466,CREATED,2026-09-12 15:41:20,2026-09-12 15:41:29,1179
E1007663,T1002722,AUTHORIZED,2026-09-22 15:30:56,2026-09-22 15:30:59,577
E1006611,T1002343,CREATED,2026-09-19 12:12:02,2026-09-19 12:12:08,1409
E1001369,T1000481,AUTHORIZED,2026-09-05 10:11:54,2026-09-05 10:12:00,1005
E1007921,T1002812,AUTHORIZED,2026-09-23 14:14:01,2026-09-23 14:14:08,412
E1004614,T1001622,CREATED,2026-09-13 17:47:44,2026-09-13 17:47:45,2221
E1007369,T1002616,CREATED,2026-09-21 09:26:19,2026-09-21 09:26:24,1483
E1005033,T1001772,AUTHORIZED,2026-09-15 20:26:43,2026-09-15 20:26:48,2399
E1003519,T1001235,AUTHORIZED,2026-09-11 10:31:23,2026-09-11 10:31:25,2287
E1007959,T1002825,AUTHORIZED,2026-09-23 21:36:17,2026-09-23 21:36:23,1713
E1002568,T1000902,SETTLED,2026-09-08 12:48:45,2026-09-08 12:48:46,1488
E1004924,T1001733,CREATED,2026-09-14 11:14:13,2026-09-14 11:20:13,502
E1001220,T1000430,AUTHORIZED,2026-09-04 15:24:32,2026-09-04 15:24:37,1907
E1001496,T1000526,CREATED,2026-09-05 11:40:34,2026-09-05 11:40:42,759
E1000369,T1000130,AUTHORIZED,2026-09-02 13:47:32,2026-09-02 13:47:37,290
E1001147,T1000405,SETTLED,2026-09-04 12:46:59,2026-09-04 12:47:00,1942
E1006525,T1002310,SETTLED,2026-09-19 16:59:52,2026-09-19 17:22:52,2001
E1007999,T1002839,CREATED,2026-09-23 16:20:59,2026-09-23 16:21:05,1191
E1007495,T1002661,CREATED,2026-09-21 14:44:42,2026-09-21 14:44:48,1458
E1007948,T1002821,SETTLED,2026-09-23 22:07:17,2026-09-23 22:07:19,925
E1005168,T1001822,CREATED,2026-09-15 20:46:15,2026-09-15 21:40:15,1557
E1010096,T1003580,CREATED,2026-09-28 11:35:37,2026-09-28 11:35:39,332
E1007188,T1002550,SETTLED,2026-09-21 08:59:07,2026-09-21 08:59:12,2398
E1000676,T1000238,CREATED,2026-09-03 09:38:19,2026-09-03 09:38:28,127
E1000744,T1000262,CREATED,2026-09-03 17:59:04,2026-09-03 17:59:14,167
E1010442,T1003700,SETTLED,2026-09-29 10:14:36,2026-09-29 10:14:40,527
E1009784,T1003470,CREATED,2026-09-28 20:59:33,2026-09-28 20:59:38,90
E1001699,T1000596,SETTLED,2026-09-05 09:53:00,2026-09-05 09:53:03,2208
E1008838,T1003135,CREATED,2026-09-26 12:33:57,2026-09-26 12:34:05,149
E1002493,T1000875,AUTHORIZED,2026-09-07 13:49:08,2026-09-07 13:49:18,2489
E1004404,T1001548,SETTLED,2026-09-13 09:21:04,2026-09-13 09:21:09,304
E1007191,T1002551,SETTLED,2026-09-21 08:52:59,2026-09-21 08:53:09,2398
E1004698,T1001652,SETTLED,2026-09-14 17:59:44,2026-09-14 17:59:47,574
E1008307,T1002948,AUTHORIZED,2026-09-24 17:26:27,2026-09-24 17:26:28,933
E1006761,T1002399,SETTLED,2026-09-20 19:12:55,2026-09-20 19:13:05,529
E1005544,T1001959,AUTHORIZED,2026-09-16 22:18:42,2026-09-16 22:18:52,2151
E1001726,T1000605,SETTLED,2026-09-05 10:06:31,2026-09-05 10:06:32,1700
E1009977,T1003538,AUTHORIZED,2026-09-28 08:24:52,2026-09-28 08:24:58,953
E1010714,T1003797,CREATED,2026-09-30 12:33:04,2026-09-30 12:33:09,337
E1006363,T1002250,SETTLED,2026-09-19 20:39:48,2026-09-19 20:39:57,213
E1009853,T1003495,SETTLED,2026-09-28 12:04:24,2026-09-28 12:04:30,1910
E1003960,T1001391,AUTHORIZED,2026-09-12 12:29:20,2026-09-12 12:29:23,2304
E1010331,T1003661,FAILED,2026-09-29 07:46:31,2026-09-29 07:46:33,1201
E1009649,T1003421,AUTHORIZED,2026-09-27 17:33:14,2026-09-27 17:33:18,2128
E1005466,T1001931,AUTHORIZED,2026-09-16 12:24:21,2026-09-16 12:24:27,1264
E1010506,T1003723,CREATED,2026-09-30 11:19:30,2026-09-30 11:19:40,1300
E1001499,T1000527,CREATED,2026-09-05 22:28:54,2026-09-05 22:29:02,1988
E1007853,T1002788,SETTLED,2026-09-23 11:27:43,2026-09-23 11:27:52,1477
E1002437,T1000855,SETTLED,2026-09-07 10:58:19,2026-09-07 10:58:26,1859
E1005202,T1001833,SETTLED,2026-09-15 16:49:48,2026-09-15 16:49:55,272
E1005226,T1001842,SETTLED,2026-09-15 15:58:23,2026-09-15 15:58:31,884
E1006343,T1002243,AUTHORIZED,2026-09-19 12:07:29,2026-09-19 12:07:36,1455
E1000430,T1000151,SETTLED,2026-09-02 20:48:41,2026-09-02 20:48:49,2157
E1001606,T1000565,CREATED,2026-09-05 19:02:09,2026-09-05 19:02:13,2314
E1010576,T1003748,CREATED,2026-09-30 18:41:40,2026-09-30 18:41:43,1371
E1006599,T1002338,SETTLED,2026-09-19 18:29:31,2026-09-19 18:29:33,778
E1005804,T1002050,SETTLED,2026-09-17 18:38:25,2026-09-17 19:27:25,1302
E1000037,T1000014,CREATED,2026-09-01 17:12:25,2026-09-01 17:12:35,481
E1002083,T1000730,AUTHORIZED,2026-09-06 11:39:15,2026-09-06 12:56:15,250
E1004661,T1001639,CREATED,2026-09-14 14:41:04,2026-09-14 14:41:10,2306
E1005838,T1002063,CREATED,2026-09-17 16:33:58,2026-09-17 16:34:03,1563
E1006216,T1002198,CREATED,2026-09-18 12:42:48,2026-09-18 12:42:56,976
E1010065,T1003569,CREATED,2026-09-28 12:28:25,2026-09-28 12:28:34,1873
E1005557,T1001963,SETTLED,2026-09-16 22:05:19,2026-09-16 22:05:24,746
E1010021,T1003554,CREATED,2026-09-28 22:53:40,2026-09-28 22:53:45,818
E1008433,T1002993,CREATED,2026-09-24 21:22:30,2026-09-24 21:22:39,156
E1005283,T1001864,SETTLED,2026-09-15 13:10:38,2026-09-15 13:10:46,699
E1002444,T1000858,AUTHORIZED,2026-09-07 11:25:26,2026-09-07 11:25:30,1165
E1005167,T1001821,SETTLED,2026-09-15 11:48:40,2026-09-15 11:48:46,1653
E1004046,T1001422,SETTLED,2026-09-12 06:14:26,2026-09-12 06:14:36,1223
E1010195,T1003614,AUTHORIZED,2026-09-29 12:58:14,2026-09-29 12:58:21,154
E1003374,T1001183,SETTLED,2026-09-10 18:12:19,2026-09-10 18:12:21,1705
E1006564,T1002325,AUTHORIZED,2026-09-19 18:48:17,2026-09-19 18:48:23,1156
E1010304,T1003651,AUTHORIZED,2026-09-29 10:00:23,2026-09-29 10:00:31,2428
E1002796,T1000982,FAILED,2026-09-08 18:14:18,2026-09-08 18:14:24,358
E1004955,T1001744,AUTHORIZED,2026-09-14 12:39:32,2026-09-14 12:39:40,788
E1001055,T1000373,CREATED,2026-09-04 21:14:38,2026-09-04 21:14:41,1215
E1007406,T1002629,SETTLED,2026-09-21 20:31:01,2026-09-21 20:31:09,1578
E1010561,T1003742,SETTLED,2026-09-30 12:36:58,2026-09-30 12:36:59,1435
E1003290,T1001155,CREATED,2026-09-10 23:48:15,2026-09-10 23:48:23,2155
E1000069,T1000025,CREATED,2026-09-01 14:50:43,2026-09-01 14:50:47,2309
E1004922,T1001732,AUTHORIZED,2026-09-14 12:03:39,2026-09-14 12:03:46,350
E1010299,T1003649,SETTLED,2026-09-29 10:14:30,2026-09-29 10:14:38,2492
E1001229,T1000433,AUTHORIZED,2026-09-04 13:39:48,2026-09-04 13:39:55,2484
E1010357,T1003671,CREATED,2026-09-29 20:25:48,2026-09-29 20:25:50,1034
E1003726,T1001309,CREATED,2026-09-11 13:30:23,2026-09-11 13:30:31,805
E1002247,T1000787,FAILED,2026-09-07 13:59:52,2026-09-07 14:00:02,967
E1001654,T1000581,AUTHORIZED,2026-09-05 09:36:12,2026-09-05 09:36:13,1464
E1010675,T1003783,AUTHORIZED,2026-09-30 18:43:08,2026-09-30 18:43:12,1817
E1009143,T1003244,AUTHORIZED,2026-09-26 13:49:44,2026-09-26 13:49:45,2486
E1002998,T1001053,CREATED,2026-09-09 09:42:25,2026-09-09 09:42:28,2465
E1008057,T1002859,SETTLED,2026-09-23 16:05:20,2026-09-23 16:05:22,2416
E1004673,T1001643,AUTHORIZED,2026-09-14 13:52:49,2026-09-14 13:52:56,1913
E1003095,T1001086,AUTHORIZED,2026-09-09 10:46:36,2026-09-09 12:16:36,255
E1010375,T1003677,AUTHORIZED,2026-09-29 12:58:58,2026-09-29 12:59:04,544
E1002439,T1000856,AUTHORIZED,2026-09-07 18:04:01,2026-09-07 18:04:07,221
E1006064,T1002142,SETTLED,2026-09-18 13:28:21,2026-09-18 13:28:28,1595
E1005884,T1002078,AUTHORIZED,2026-09-17 21:07:56,2026-09-17 21:08:05,1534
E1003329,T1001168,CREATED,2026-09-10 19:10:39,2026-09-10 19:10:48,1325
E1004150,T1001459,AUTHORIZED,2026-09-12 08:06:05,2026-09-12 08:06:10,114
E1008037,T1002852,SETTLED,2026-09-23 10:44:50,2026-09-23 10:45:00,1298
E1002254,T1000790,CREATED,2026-09-07 16:12:16,2026-09-07 16:12:17,2059
E1005388,T1001902,AUTHORIZED,2026-09-16 19:08:14,2026-09-16 19:08:20,2319
E1003759,T1001321,SETTLED,2026-09-11 18:51:04,2026-09-11 18:51:09,1073
E1005597,T1001977,AUTHORIZED,2026-09-16 12:21:13,2026-09-16 12:21:23,1895
E1004971,T1001749,SETTLED,2026-09-14 20:17:49,2026-09-14 20:17:58,2018
E1006700,T1002377,CREATED,2026-09-19 17:47:46,2026-09-19 17:47:49,577
E1003610,T1001267,AUTHORIZED,2026-09-11 08:44:36,2026-09-11 08:44:43,1639
E1005123,T1001805,SETTLED,2026-09-15 20:30:19,2026-09-15 20:30:21,601
E1005555,T1001963,CREATED,2026-09-16 21:42:19,2026-09-16 21:42:28,2220
E1006610,T1002342,SETTLED,2026-09-19 19:55:11,2026-09-19 19:55:16,189
E1000503,T1000176,SETTLED,2026-09-02 13:23:03,2026-09-02 13:23:12,1574
E1010533,T1003732,AUTHORIZED,2026-09-30 14:04:32,2026-09-30 15:30:32,1178
E1005186,T1001828,AUTHORIZED,2026-09-15 21:17:17,2026-09-15 21:17:26,1756
E1007751,T1002753,AUTHORIZED,2026-09-22 09:57:03,2026-09-22 09:57:05,848
E1002274,T1000797,SETTLED,2026-09-07 15:24:01,2026-09-07 15:24:07,1763
E1000811,T1000286,CREATED,2026-09-03 07:40:05,2026-09-03 07:40:09,2021
E1007963,T1002826,SETTLED,2026-09-23 11:12:02,2026-09-23 11:12:07,289
E1006577,T1002329,SETTLED,2026-09-19 12:54:05,2026-09-19 12:54:14,335
E1009349,T1003315,SETTLED,2026-09-27 19:01:19,2026-09-27 19:01:27,561
E1004843,T1001704,SETTLED,2026-09-14 23:10:56,2026-09-14 23:10:58,1018
E1009698,T1003439,CREATED,2026-09-27 08:13:08,2026-09-27 08:13:14,1742
E1004332,T1001522,SETTLED,2026-09-13 22:20:36,2026-09-13 22:20:41,420
E1010514,T1003725,SETTLED,2026-10-01 00:22:43,2026-10-01 00:22:53,1822
E1000545,T1000191,SETTLED,2026-09-02 17:41:31,2026-09-02 17:41:34,2339
E1000140,T1000050,CREATED,2026-09-01 20:44:08,2026-09-01 20:44:18,858
E1007576,T1002690,FAILED,2026-09-22 13:26:10,2026-09-22 13:26:11,1801
E1004279,T1001503,SETTLED,2026-09-13 18:47:38,2026-09-13 18:47:40,412
E1001963,T1000687,SETTLED,2026-09-06 12:11:07,2026-09-06 12:11:12,2018
E1008109,T1002878,CREATED,2026-09-23 19:04:42,2026-09-23 19:04:48,646
E1008939,T1003171,SETTLED,2026-09-26 12:19:43,2026-09-26 12:19:50,2192
E1008431,T1002992,AUTHORIZED,2026-09-24 13:40:55,2026-09-24 13:40:59,847
E1009328,T1003308,AUTHORIZED,2026-09-27 15:33:07,2026-09-27 15:33:15,349
E1005350,T1001889,AUTHORIZED,2026-09-16 16:39:54,2026-09-16 16:39:58,1561
E1009875,T1003503,CREATED,2026-09-28 16:19:40,2026-09-28 16:19:50,2053
E1002841,T1000998,SETTLED,2026-09-08 18:41:46,2026-09-08 18:41:55,1310
E1002384,T1000836,SETTLED,2026-09-07 09:04:20,2026-09-07 09:36:20,836
E1009897,T1003511,CREATED,2026-09-28 15:38:48,2026-09-28 15:38:51,1248
E1003790,T1001332,CREATED,2026-09-11 08:38:34,2026-09-11 08:38:40,1386
E1003939,T1001383,CREATED,2026-09-12 12:05:52,2026-09-12 12:05:56,1509
E1008238,T1002922,CREATED,2026-09-24 20:39:56,2026-09-24 20:40:03,926
E1000203,T1000071,SETTLED,2026-09-01 17:28:42,2026-09-01 17:28:51,940
E1010450,T1003703,SETTLED,2026-09-29 18:58:43,2026-09-29 18:58:46,2252
E1006625,T1002347,SETTLED,2026-09-19 09:03:20,2026-09-19 09:03:29,1313
E1009438,T1003347,CREATED,2026-09-27 08:28:51,2026-09-27 08:29:01,1595
E1000732,T1000257,AUTHORIZED,2026-09-03 19:20:17,2026-09-03 19:20:27,2181
E1000480,T1000168,SETTLED,2026-09-02 20:03:21,2026-09-02 20:03:25,2230
E1008218,T1002914,SETTLED,2026-09-24 13:56:05,2026-09-24 13:56:13,1458
E1002548,T1000896,CREATED,2026-09-08 17:00:06,2026-09-08 17:00:13,1894
E1001549,T1000544,SETTLED,2026-09-05 14:15:46,2026-09-05 14:15:55,1217
E1002721,T1000956,AUTHORIZED,2026-09-08 18:25:41,2026-09-08 18:25:46,568
E1005849,T1002066,SETTLED,2026-09-17 12:57:20,2026-09-17 12:57:30,922
E1002219,T1000777,SETTLED,2026-09-07 18:34:48,2026-09-07 18:34:57,85
E1008072,T1002865,CREATED,2026-09-23 10:22:25,2026-09-23 10:22:26,1820
E1000208,T1000073,AUTHORIZED,2026-09-01 19:56:38,2026-09-01 19:56:48,892
E1010679,T1003785,CREATED,2026-09-30 19:22:48,2026-09-30 19:22:57,76
E1000748,T1000263,AUTHORIZED,2026-09-03 13:01:10,2026-09-03 13:01:20,218
E1010286,T1003645,AUTHORIZED,2026-09-29 17:07:34,2026-09-29 17:07:39,1180
E1005528,T1001953,AUTHORIZED,2026-09-16 14:47:16,2026-09-16 14:47:21,1643
E1010404,T1003687,AUTHORIZED,2026-09-29 23:03:31,2026-09-29 23:03:37,1448
E1001043,T1000368,CREATED,2026-09-04 15:38:28,2026-09-04 15:38:34,1510
E1001785,T1000626,CREATED,2026-09-06 18:05:52,2026-09-06 18:05:59,1916
E1002592,T1000910,SETTLED,2026-09-08 20:19:45,2026-09-08 20:19:53,286
E1001276,T1000450,CREATED,2026-09-04 10:36:41,2026-09-04 10:36:43,1354
E1009035,T1003205,SETTLED,2026-09-26 18:57:43,2026-09-26 18:57:51,1053
E1004277,T1001503,CREATED,2026-09-13 18:41:38,2026-09-13 18:41:39,158
E1007803,T1002771,AUTHORIZED,2026-09-22 18:48:10,2026-09-22 18:48:11,1947
E1000515,T1000180,SETTLED,2026-09-02 10:35:28,2026-09-02 10:35:36,2041
E1005915,T1002089,AUTHORIZED,2026-09-17 13:55:04,2026-09-17 13:55:13,1675
E1000226,T1000079,SETTLED,2026-09-01 18:35:56,2026-09-01 18:36:06,840
E1008328,T1002955,SETTLED,2026-09-24 11:38:52,2026-09-24 11:39:00,770
E1002331,T1000818,CREATED,2026-09-07 17:09:03,2026-09-07 17:09:11,352
E1009574,T1003394,FAILED,2026-09-27 16:49:32,2026-09-27 16:49:33,1239
E1000914,T1000322,AUTHORIZED,2026-09-03 22:24:35,2026-09-03 23:27:35,1682
E1007166,T1002542,SETTLED,2026-09-21 12:41:06,2026-09-21 12:41:12,1633
E1008608,T1003054,AUTHORIZED,2026-09-25 22:59:31,2026-09-25 22:59:37,353
E1005611,T1001982,CREATED,2026-09-16 22:13:49,2026-09-16 22:13:50,1618
E1006953,T1002467,SETTLED,2026-09-20 13:29:29,2026-09-20 13:29:36,2359
E1000428,T1000151,CREATED,2026-09-02 20:25:41,2026-09-02 20:25:46,1979
E1007220,T1002561,SETTLED,2026-09-21 13:02:01,2026-09-21 13:02:06,1707
E1002081,T1000729,SETTLED,2026-09-06 18:39:28,2026-09-06 18:39:31,622
E1002395,T1000841,CREATED,2026-09-07 20:52:17,2026-09-07 20:52:25,627
E1010107,T1003583,SETTLED,2026-09-28 21:24:29,2026-09-28 21:24:35,2402
E1007143,T1002535,CREATED,2026-09-20 19:06:17,2026-09-20 19:06:26,74
E1006692,T1002373,FAILED,2026-09-19 13:38:17,2026-09-19 13:38:20,587
E1001870,T1000655,AUTHORIZED,2026-09-06 12:56:56,2026-09-06 12:57:00,2011
E1003463,T1001215,CREATED,2026-09-10 14:38:44,2026-09-10 14:38:47,2254
E1009380,T1003326,CREATED,2026-09-27 19:20:00,2026-09-27 19:20:08,2115
E1010571,T1003746,AUTHORIZED,2026-09-30 17:12:02,2026-09-30 17:12:06,1829
E1002187,T1000766,SETTLED,2026-09-06 20:57:32,2026-09-06 20:57:35,1651
E1007086,T1002515,SETTLED,2026-09-20 17:33:34,2026-09-20 17:33:36,327
E1003590,T1001260,AUTHORIZED,2026-09-11 14:00:35,2026-09-11 14:00:43,148
E1003571,T1001253,AUTHORIZED,2026-09-11 08:44:56,2026-09-11 10:07:56,1552
E1007060,T1002505,AUTHORIZED,2026-09-20 18:38:20,2026-09-20 18:38:29,1874
E1005567,T1001967,AUTHORIZED,2026-09-16 20:09:04,2026-09-16 20:09:06,2246
E1001478,T1000519,SETTLED,2026-09-05 07:32:55,2026-09-05 07:32:56,1963
E1005484,T1001938,CREATED,2026-09-16 18:45:24,2026-09-16 18:45:27,2299
E1010244,T1003631,AUTHORIZED,2026-09-29 07:50:28,2026-09-29 07:50:35,1503
E1006370,T1002253,AUTHORIZED,2026-09-19 12:14:39,2026-09-19 12:14:40,2177
E1004021,T1001414,CREATED,2026-09-12 12:13:42,2026-09-12 12:13:50,885
E1000939,T1000331,CREATED,2026-09-03 09:09:41,2026-09-03 09:09:47,2469
E1010367,T1003674,AUTHORIZED,2026-09-29 14:13:29,2026-09-29 14:13:30,1940
E1001738,T1000609,SETTLED,2026-09-05 14:06:28,2026-09-05 14:06:31,2449
E1002851,T1001002,CREATED,2026-09-09 11:16:14,2026-09-09 11:16:21,2441
E1000176,T1000062,SETTLED,2026-09-01 10:18:16,2026-09-01 10:18:22,1295
E1000547,T1000192,AUTHORIZED,2026-09-02 22:37:34,2026-09-02 23:44:34,1798
E1000789,T1000277,FAILED,2026-09-03 19:09:21,2026-09-03 19:09:30,2401
E1001244,T1000438,AUTHORIZED,2026-09-04 09:05:04,2026-09-04 09:05:07,1013
E1006820,T1002420,SETTLED,2026-09-20 11:56:36,2026-09-20 11:56:39,1374
E1006281,T1002221,SETTLED,2026-09-18 13:27:24,2026-09-18 13:27:29,606
E1000905,T1000319,CREATED,2026-09-03 17:51:52,2026-09-03 17:51:58,1969
E1009342,T1003313,AUTHORIZED,2026-09-27 18:31:17,2026-09-27 18:31:27,2370
E1001329,T1000467,SETTLED,2026-09-05 11:21:32,2026-09-05 11:21:42,944
E1004568,T1001606,CREATED,2026-09-13 11:15:06,2026-09-13 11:15:07,853
E1001981,T1000693,SETTLED,2026-09-06 11:46:15,2026-09-06 11:46:16,1582
E1010163,T1003603,AUTHORIZED,2026-09-29 20:18:46,2026-09-29 20:18:56,166
E1004063,T1001429,CREATED,2026-09-12 15:08:51,2026-09-12 15:08:54,1151
E1003893,T1001367,CREATED,2026-09-12 21:54:59,2026-09-12 21:55:09,2420
E1001744,T1000612,CREATED,2026-09-05 20:24:19,2026-09-05 20:24:26,1609
E1005542,T1001958,SETTLED,2026-09-16 21:12:32,2026-09-16 21:12:33,40
E1002062,T1000723,CREATED,2026-09-06 17:06:40,2026-09-06 17:06:45,1886
E1004144,T1001457,AUTHORIZED,2026-09-12 09:54:48,2026-09-12 09:54:57,1025
E1007478,T1002655,CREATED,2026-09-21 13:39:26,2026-09-21 13:39:32,1189
E1010686,T1003787,FAILED,2026-09-30 20:13:30,2026-09-30 20:13:39,480
E1000191,T1000067,SETTLED,2026-09-01 12:54:48,2026-09-01 12:54:56,1492
E1002382,T1000836,CREATED,2026-09-07 08:52:20,2026-09-07 10:02:20,2017
E1009599,T1003403,AUTHORIZED,2026-09-27 17:41:33,2026-09-27 17:41:43,2003
E1000372,T1000131,AUTHORIZED,2026-09-02 07:10:06,2026-09-02 07:10:16,1491
E1006981,T1002477,AUTHORIZED,2026-09-20 15:56:57,2026-09-20 15:57:06,1757
E1008947,T1003174,AUTHORIZED,2026-09-26 13:00:19,2026-09-26 13:00:28,2474
E1006302,T1002228,SETTLED,2026-09-19 20:34:20,2026-09-19 20:34:24,2387
E1010753,T1003811,CREATED,2026-09-30 12:54:55,2026-09-30 12:54:57,1437
E1002393,T1000840,CREATED,2026-09-07 19:25:23,2026-09-07 19:25:25,618
E1006291,T1002225,CREATED,2026-09-18 13:49:27,2026-09-18 13:49:28,500
E1002541,T1000893,AUTHORIZED,2026-09-08 13:48:01,2026-09-08 13:48:08,1471
E1007147,T1002536,AUTHORIZED,2026-09-20 19:03:37,2026-09-20 19:03:42,2220
E1005218,T1001840,CREATED,2026-09-15 13:07:52,2026-09-15 13:08:01,1995
E1010419,T1003692,SETTLED,2026-09-29 14:10:30,2026-09-29 14:10:38,1496
E1004691,T1001650,CREATED,2026-09-14 17:03:24,2026-09-14 17:03:33,1671
E1003953,T1001389,CREATED,2026-09-12 08:49:40,2026-09-12 08:49:49,1807
E1003196,T1001121,FAILED,2026-09-10 12:21:00,2026-09-10 12:21:09,1899
E1008217,T1002914,AUTHORIZED,2026-09-24 13:38:14,2026-09-24 13:38:17,1085
E1009806,T1003478,AUTHORIZED,2026-09-28 16:19:36,2026-09-28 16:19:46,251
E1002091,T1000733,FAILED,2026-09-06 10:15:35,2026-09-06 10:15:36,358
E1000571,T1000201,CREATED,2026-09-02 14:58:42,2026-09-02 14:58:48,1979
E1004995,T1001757,SETTLED,2026-09-14 14:22:56,2026-09-14 14:23:02,816
E1003074,T1001079,CREATED,2026-09-09 15:49:14,2026-09-09 15:49:17,1418
E1006060,T1002141,CREATED,2026-09-18 17:51:22,2026-09-18 17:51:25,1023
E1003144,T1001103,SETTLED,2026-09-09 19:16:55,2026-09-09 19:16:57,2003
E1009277,T1003291,CREATED,2026-09-26 12:33:09,2026-09-26 12:33:10,1779
E1008697,T1003085,CREATED,2026-09-25 10:49:17,2026-09-25 10:49:26,330
E1010524,T1003729,CREATED,2026-09-30 14:16:22,2026-09-30 14:16:32,522
E1009631,T1003415,CREATED,2026-09-27 19:30:32,2026-09-27 19:30:34,1744
E1001598,T1000562,CREATED,2026-09-05 13:32:38,2026-09-05 13:32:40,2327
E1004737,T1001666,SETTLED,2026-09-14 15:00:17,2026-09-14 15:00:24,226
E1003593,T1001261,AUTHORIZED,2026-09-11 15:06:50,2026-09-11 15:06:51,755
E1007481,T1002656,CREATED,2026-09-21 11:37:23,2026-09-21 11:37:31,347
E1000356,T1000126,CREATED,2026-09-01 12:15:41,2026-09-01 12:15:44,569
E1009873,T1003502,AUTHORIZED,2026-09-28 12:55:46,2026-09-28 12:55:49,2125
E1001448,T1000509,SETTLED,2026-09-05 09:50:51,2026-09-05 09:50:52,631
E1009850,T1003494,SETTLED,2026-09-28 19:05:59,2026-09-28 19:06:02,1924
E1003488,T1001224,AUTHORIZED,2026-09-11 16:45:31,2026-09-11 16:45:32,410
E1006678,T1002368,AUTHORIZED,2026-09-19 18:38:11,2026-09-19 18:38:14,1028
E1007771,T1002760,AUTHORIZED,2026-09-22 22:11:39,2026-09-22 22:11:41,389
E1009529,T1003379,CREATED,2026-09-27 19:46:27,2026-09-27 19:46:36,915
E1007454,T1002646,FAILED,2026-09-21 17:16:06,2026-09-21 17:16:10,117
E1009905,T1003514,CREATED,2026-09-28 13:24:56,2026-09-28 13:25:02,2396
E1007262,T1002578,CREATED,2026-09-21 12:17:43,2026-09-21 12:17:53,178
E1005454,T1001927,AUTHORIZED,2026-09-16 15:23:01,2026-09-16 16:35:01,530
E1001027,T1000362,AUTHORIZED,2026-09-04 09:11:50,2026-09-04 09:11:57,1733
E1004218,T1001482,SETTLED,2026-09-12 19:44:40,2026-09-12 19:44:47,2371
E1003640,T1001277,SETTLED,2026-09-11 15:41:57,2026-09-11 15:42:00,1413
E1001217,T1000429,AUTHORIZED,2026-09-04 08:47:41,2026-09-04 08:47:49,778
E1007184,T1002549,AUTHORIZED,2026-09-21 07:10:25,2026-09-21 07:10:29,1524
E1005963,T1002106,CREATED,2026-09-17 13:14:32,2026-09-17 13:14:41,1734
E1006944,T1002464,AUTHORIZED,2026-09-20 12:08:51,2026-09-20 12:08:55,182
E1006016,T1002125,SETTLED,2026-09-18 18:47:49,2026-09-18 18:47:50,172
E1008405,T1002983,CREATED,2026-09-24 19:07:06,2026-09-24 19:07:11,777
E1006400,T1002264,AUTHORIZED,2026-09-19 17:57:09,2026-09-19 17:57:13,1774
E1006180,T1002185,SETTLED,2026-09-18 19:52:21,2026-09-18 19:52:26,2027
E1010625,T1003765,AUTHORIZED,2026-09-30 17:36:16,2026-09-30 17:36:23,86
E1008623,T1003059,SETTLED,2026-09-25 21:18:21,2026-09-25 21:18:28,2319
E1009895,T1003510,AUTHORIZED,2026-09-28 13:15:05,2026-09-28 13:15:13,1676
E1008242,T1002923,SETTLED,2026-09-24 12:09:52,2026-09-24 12:09:56,2155
E1008711,T1003090,CREATED,2026-09-25 10:57:43,2026-09-25 10:57:45,604
E1003615,T1001269,CREATED,2026-09-11 10:08:55,2026-09-11 10:09:00,1080
E1001646,T1000578,SETTLED,2026-09-05 21:09:03,2026-09-05 21:09:09,2420
E1005706,T1002017,CREATED,2026-09-17 10:22:59,2026-09-17 10:23:04,2400
E1010640,T1003771,AUTHORIZED,2026-09-30 18:02:42,2026-09-30 18:02:44,180
E1005901,T1002084,CREATED,2026-09-17 21:23:38,2026-09-17 21:23:41,2156
E1001145,T1000405,CREATED,2026-09-04 12:21:59,2026-09-04 12:22:04,1831
E1004835,T1001702,CREATED,2026-09-14 22:07:28,2026-09-14 22:07:29,887
E1004851,T1001707,AUTHORIZED,2026-09-14 20:50:08,2026-09-14 20:50:11,2004
E1006537,T1002315,SETTLED,2026-09-19 17:30:13,2026-09-19 17:30:23,2111
E1003545,T1001244,SETTLED,2026-09-11 16:23:46,2026-09-11 16:23:52,1262
E1010398,T1003685,AUTHORIZED,2026-09-29 23:28:15,2026-09-29 23:28:18,412
E1005610,T1001981,SETTLED,2026-09-16 15:05:44,2026-09-16 15:05:49,405
E1001820,T1000638,AUTHORIZED,2026-09-06 16:13:03,2026-09-06 16:13:06,586
E1002167,T1000759,AUTHORIZED,2026-09-06 09:23:28,2026-09-06 09:23:32,705
E1003930,T1001380,CREATED,2026-09-12 14:59:20,2026-09-12 14:59:21,2124
E1000581,T1000204,AUTHORIZED,2026-09-02 21:53:27,2026-09-02 21:53:29,1613
E1008869,T1003145,SETTLED,2026-09-26 15:54:18,2026-09-26 15:54:27,731
E1006865,T1002436,AUTHORIZED,2026-09-20 19:08:53,2026-09-20 19:08:55,1769
E1001020,T1000360,CREATED,2026-09-04 18:21:19,2026-09-04 18:21:21,789
E1005914,T1002089,CREATED,2026-09-17 13:54:37,2026-09-17 13:54:46,1077
E1002223,T1000779,CREATED,2026-09-07 16:07:14,2026-09-07 16:07:18,1390
E1007925,T1002814,CREATED,2026-09-23 19:25:55,2026-09-23 19:26:02,311
E1005078,T1001789,SETTLED,2026-09-15 18:57:34,2026-09-15 18:57:35,439
E1005563,T1001966,CREATED,2026-09-16 10:04:28,2026-09-16 10:04:38,991
E1005302,T1001872,AUTHORIZED,2026-09-16 19:44:27,2026-09-16 20:38:27,2226
E1002335,T1000819,AUTHORIZED,2026-09-07 20:34:17,2026-09-07 20:34:19,1730
E1010229,T1003626,AUTHORIZED,2026-09-29 14:02:28,2026-09-29 14:02:30,1181
E1009922,T1003520,CREATED,2026-09-28 13:41:23,2026-09-28 13:41:32,2240
E1008455,T1003001,CREATED,2026-09-24 23:12:02,2026-09-24 23:12:11,1660
E1008191,T1002905,SETTLED,2026-09-24 22:13:47,2026-09-24 22:13:49,407
E1008676,T1003078,CREATED,2026-09-25 12:25:37,2026-09-25 12:25:43,1062
E1001823,T1000639,AUTHORIZED,2026-09-06 11:33:33,2026-09-06 11:33:36,2132
E1008730,T1003096,AUTHORIZED,2026-09-25 19:56:44,2026-09-25 19:56:50,1736
E1000516,T1000181,CREATED,2026-09-02 13:07:13,2026-09-02 13:07:22,2493
E1001313,T1000462,AUTHORIZED,2026-09-04 18:28:28,2026-09-04 18:28:38,2278
E1004199,T1001476,CREATED,2026-09-12 21:18:38,2026-09-12 21:18:46,1489
E1001491,T1000524,CREATED,2026-09-05 13:17:33,2026-09-05 13:17:40,961
E1008161,T1002895,SETTLED,2026-09-24 13:11:50,2026-09-24 13:11:55,683
E1005110,T1001801,CREATED,2026-09-15 13:35:51,2026-09-15 13:35:57,309
E1007765,T1002758,AUTHORIZED,2026-09-22 07:33:38,2026-09-22 07:33:45,1853
E1005878,T1002076,AUTHORIZED,2026-09-17 21:55:47,2026-09-17 21:55:53,892
E1005463,T1001930,AUTHORIZED,2026-09-16 09:26:46,2026-09-16 09:26:54,2432
E1000907,T1000319,SETTLED,2026-09-03 18:15:52,2026-09-03 18:15:55,1365
E1008077,T1002866,SETTLED,2026-09-23 21:55:06,2026-09-23 21:55:09,1373
E1008453,T1003000,AUTHORIZED,2026-09-24 18:08:58,2026-09-24 18:09:07,828
E1001140,T1000403,AUTHORIZED,2026-09-04 18:13:13,2026-09-04 18:13:22,571
E1006965,T1002472,CREATED,2026-09-20 15:33:40,2026-09-20 15:33:47,396
E1010603,T1003757,SETTLED,2026-09-30 14:26:13,2026-09-30 14:26:17,2168
E1007418,T1002634,CREATED,2026-09-21 18:15:50,2026-09-21 18:15:59,754
E1003546,T1001245,CREATED,2026-09-11 09:57:01,2026-09-11 09:57:06,133
E1003754,T1001319,SETTLED,2026-09-11 22:58:25,2026-09-11 22:58:29,1053
E1002495,T1000876,CREATED,2026-09-07 13:07:51,2026-09-07 13:57:51,884
E1003919,T1001376,AUTHORIZED,2026-09-12 09:56:41,2026-09-12 09:56:46,377
E1000274,T1000096,AUTHORIZED,2026-09-01 19:03:40,2026-09-01 19:03:47,1820
E1004442,T1001562,AUTHORIZED,2026-09-13 13:42:06,2026-09-13 13:42:12,1653
E1001988,T1000696,CREATED,2026-09-06 19:08:19,2026-09-06 19:08:29,719
E1000574,T1000202,CREATED,2026-09-02 18:26:04,2026-09-02 18:26:12,436
E1009775,T1003467,CREATED,2026-09-28 16:13:13,2026-09-28 16:13:15,943
E1004662,T1001639,AUTHORIZED,2026-09-14 14:41:10,2026-09-14 14:41:16,2435
E1000159,T1000057,CREATED,2026-09-01 10:58:07,2026-09-01 10:58:08,158
E1000878,T1000309,AUTHORIZED,2026-09-03 20:39:58,2026-09-03 20:40:07,43
E1002039,T1000714,SETTLED,2026-09-06 17:19:07,2026-09-06 17:19:12,1355
E1007285,T1002586,AUTHORIZED,2026-09-21 09:32:24,2026-09-21 09:32:31,243
E1007202,T1002555,AUTHORIZED,2026-09-21 11:24:51,2026-09-21 11:24:55,1266
E1003668,T1001288,CREATED,2026-09-11 20:03:30,2026-09-11 20:03:31,609
E1010112,T1003585,FAILED,2026-09-28 13:25:19,2026-09-28 13:25:21,1604
E1005621,T1001985,SETTLED,2026-09-17 15:29:55,2026-09-17 15:30:00,1750
E1007914,T1002810,CREATED,2026-09-23 11:22:09,2026-09-23 11:22:14,1999
E1000377,T1000133,CREATED,2026-09-02 06:28:17,2026-09-02 06:28:27,1602
E1009062,T1003215,AUTHORIZED,2026-09-26 14:10:17,2026-09-26 14:10:24,2324
E1001536,T1000540,CREATED,2026-09-05 22:10:29,2026-09-05 22:10:37,327
E1001611,T1000566,SETTLED,2026-09-05 20:50:13,2026-09-05 20:50:15,2024
E1010341,T1003665,SETTLED,2026-09-29 18:14:45,2026-09-29 18:14:48,1284
E1010469,T1003710,SETTLED,2026-09-29 14:14:14,2026-09-29 14:14:21,1943
E1010754,T1003811,FAILED,2026-09-30 12:55:02,2026-09-30 12:55:11,2349
E1000501,T1000176,CREATED,2026-09-02 13:09:03,2026-09-02 13:09:11,1030
E1007790,T1002767,CREATED,2026-09-22 14:44:57,2026-09-22 14:45:07,1350
E1006803,T1002414,CREATED,2026-09-20 20:00:19,2026-09-20 20:00:26,2051
E1002831,T1000995,CREATED,2026-09-08 13:35:38,2026-09-08 13:35:39,517
E1010266,T1003638,SETTLED,2026-09-29 23:51:12,2026-09-29 23:51:22,1262
E1003064,T1001075,SETTLED,2026-09-09 18:49:10,2026-09-09 18:49:16,1215
E1008399,T1002981,CREATED,2026-09-24 23:18:02,2026-09-24 23:18:11,177
E1006770,T1002402,SETTLED,2026-09-20 15:34:15,2026-09-20 15:34:20,2107
E1006984,T1002478,AUTHORIZED,2026-09-20 11:06:49,2026-09-20 11:06:55,1187
E1009248,T1003281,AUTHORIZED,2026-09-26 09:02:36,2026-09-26 09:02:43,1612
E1008047,T1002856,CREATED,2026-09-23 11:41:30,2026-09-23 11:41:39,396
E1008961,T1003179,CREATED,2026-09-26 19:54:05,2026-09-26 19:54:13,1123
E1000813,T1000286,SETTLED,2026-09-03 07:57:05,2026-09-03 07:57:14,1990
E1009624,T1003412,CREATED,2026-09-27 12:40:21,2026-09-27 12:40:31,963
E1005473,T1001934,AUTHORIZED,2026-09-16 20:28:28,2026-09-16 20:28:38,2300
E1000745,T1000262,AUTHORIZED,2026-09-03 17:59:14,2026-09-03 17:59:16,1215
E1009582,T1003397,AUTHORIZED,2026-09-27 16:59:14,2026-09-27 17:33:14,1364
E1003164,T1001110,SETTLED,2026-09-10 08:16:14,2026-09-10 08:16:16,1146
E1000332,T1000118,CREATED,2026-09-01 19:24:53,2026-09-01 19:25:00,1497
E1001916,T1000671,AUTHORIZED,2026-09-06 12:39:37,2026-09-06 12:39:42,771
E1001784,T1000625,SETTLED,2026-09-06 17:46:34,2026-09-06 17:46:44,2340
E1010479,T1003714,CREATED,2026-09-30 13:58:00,2026-09-30 13:58:10,134
E1001995,T1000698,AUTHORIZED,2026-09-06 08:47:17,2026-09-06 08:47:21,1607
E1001156,T1000408,SETTLED,2026-09-04 13:13:51,2026-09-04 13:14:01,2238
E1002319,T1000814,CREATED,2026-09-07 20:13:54,2026-09-07 20:13:59,2231
E1001763,T1000618,SETTLED,2026-09-06 20:26:01,2026-09-06 20:26:06,1792
E1001921,T1000673,AUTHORIZED,2026-09-06 08:06:47,2026-09-06 08:06:55,2392
E1004293,T1001508,AUTHORIZED,2026-09-13 11:10:45,2026-09-13 11:10:47,365
E1002599,T1000913,CREATED,2026-09-08 07:34:53,2026-09-08 07:35:00,929
E1002366,T1000830,AUTHORIZED,2026-09-07 10:40:35,2026-09-07 10:40:37,446
E1008629,T1003061,SETTLED,2026-09-25 20:16:01,2026-09-25 20:16:09,277
E1003236,T1001136,CREATED,2026-09-10 21:07:31,2026-09-10 21:07:33,1485
E1001789,T1000627,AUTHORIZED,2026-09-06 18:54:09,2026-09-06 18:54:12,639
E1006513,T1002306,AUTHORIZED,2026-09-19 09:09:13,2026-09-19 09:09:20,1698
E1002521,T1000885,SETTLED,2026-09-08 10:43:25,2026-09-08 10:43:34,714
E1000081,T1000029,CREATED,2026-09-01 20:15:18,2026-09-01 20:15:28,2077
E1006550,T1002320,AUTHORIZED,2026-09-19 07:34:32,2026-09-19 07:34:34,2119
E1006050,T1002137,SETTLED,2026-09-18 10:50:30,2026-09-18 10:50:39,1158
E1010123,T1003589,SETTLED,2026-09-29 10:58:09,2026-09-29 10:58:10,2276
E1008753,T1003104,CREATED,2026-09-25 14:05:55,2026-09-25 14:06:03,309
E1002307,T1000809,AUTHORIZED,2026-09-07 19:31:29,2026-09-07 19:31:39,2430
E1001693,T1000594,SETTLED,2026-09-05 21:28:58,2026-09-05 21:29:01,2493
E1005559,T1001964,AUTHORIZED,2026-09-16 06:53:03,2026-09-16 06:53:05,1610
E1010545,T1003737,CREATED,2026-09-30 10:58:41,2026-09-30 10:58:44,2265
E1009315,T1003304,CREATED,2026-09-27 16:30:27,2026-09-27 16:30:32,1400
E1006309,T1002231,CREATED,2026-09-19 11:25:53,2026-09-19 11:25:55,2484
E1009104,T1003230,CREATED,2026-09-26 17:48:28,2026-09-26 17:48:34,1291
E1008607,T1003054,CREATED,2026-09-25 22:59:11,2026-09-25 22:59:18,654
E1004534,T1001594,AUTHORIZED,2026-09-13 18:07:37,2026-09-13 18:07:44,1719
E1006688,T1002372,CREATED,2026-09-19 07:45:34,2026-09-19 07:45:35,792
E1007448,T1002644,CREATED,2026-09-21 06:26:25,2026-09-21 06:26:32,504
E1002990,T1001050,AUTHORIZED,2026-09-09 19:37:21,2026-09-09 19:37:22,859
E1009048,T1003210,CREATED,2026-09-26 11:26:14,2026-09-26 11:26:15,1834
E1004895,T1001723,CREATED,2026-09-14 19:32:40,2026-09-14 19:32:50,1742
E1006480,T1002294,CREATED,2026-09-19 17:42:53,2026-09-19 17:42:57,1354
E1007879,T1002797,SETTLED,2026-09-23 18:47:12,2026-09-23 18:47:17,754
E1003697,T1001297,SETTLED,2026-09-11 12:43:10,2026-09-11 13:05:10,728
E1006791,T1002409,SETTLED,2026-09-20 17:39:27,2026-09-20 17:39:34,993
E1004991,T1001756,AUTHORIZED,2026-09-14 12:07:50,2026-09-14 12:07:51,1535
E1008619,T1003058,AUTHORIZED,2026-09-25 10:30:37,2026-09-25 10:30:44,715
E1002689,T1000945,AUTHORIZED,2026-09-08 15:25:22,2026-09-08 15:25:32,1483
E1008277,T1002936,AUTHORIZED,2026-09-24 08:36:14,2026-09-24 09:07:14,824
E1005266,T1001858,AUTHORIZED,2026-09-15 19:49:07,2026-09-15 19:49:12,2088
E1001170,T1000413,AUTHORIZED,2026-09-04 21:41:24,2026-09-04 21:41:30,1218
E1001590,T1000559,AUTHORIZED,2026-09-05 18:39:12,2026-09-05 18:39:15,640
E1003392,T1001190,CREATED,2026-09-10 10:32:48,2026-09-10 10:32:49,1907
E1001619,T1000569,FAILED,2026-09-05 06:40:22,2026-09-05 06:40:30,1938
E1007674,T1002726,FAILED,2026-09-22 16:46:03,2026-09-22 16:46:04,421
E1004470,T1001572,AUTHORIZED,2026-09-13 19:04:04,2026-09-13 19:04:07,1248
E1008417,T1002987,FAILED,2026-09-24 13:15:41,2026-09-24 13:15:44,265
E1008044,T1002855,CREATED,2026-09-23 16:10:10,2026-09-23 16:10:17,1992
E1008883,T1003150,SETTLED,2026-09-26 12:07:03,2026-09-26 12:07:10,250
E1007555,T1002682,SETTLED,2026-09-22 13:53:32,2026-09-22 13:53:42,741
E1004766,T1001677,CREATED,2026-09-14 17:41:51,2026-09-14 17:41:52,1762
E1003848,T1001352,CREATED,2026-09-12 20:16:19,2026-09-12 20:16:26,2487
E1009727,T1003449,CREATED,2026-09-27 14:00:31,2026-09-27 14:00:37,1323
E1010774,T1003819,CREATED,2026-09-30 18:23:02,2026-09-30 18:23:03,2498
E1005640,T1001992,CREATED,2026-09-17 08:44:46,2026-09-17 08:44:49,87
E1000490,T1000172,CREATED,2026-09-02 20:45:16,2026-09-02 20:45:23,251
E1002639,T1000926,SETTLED,2026-09-08 19:59:17,2026-09-08 19:59:27,2403
E1000582,T1000204,SETTLED,2026-09-02 21:58:20,2026-09-02 21:58:25,1347
E1002907,T1001021,AUTHORIZED,2026-09-09 14:40:55,2026-09-09 14:40:56,762
E1007866,T1002793,CREATED,2026-09-23 19:26:21,2026-09-23 19:26:29,2165
E1005248,T1001851,AUTHORIZED,2026-09-15 10:04:24,2026-09-15 10:04:25,1100
E1003985,T1001400,CREATED,2026-09-12 06:42:15,2026-09-12 06:42:25,493
E1002636,T1000925,SETTLED,2026-09-08 19:22:01,2026-09-08 19:22:10,1491
E1007808,T1002773,AUTHORIZED,2026-09-23 10:46:34,2026-09-23 10:46:43,1458
E1010747,T1003809,CREATED,2026-09-30 16:58:50,2026-09-30 16:58:58,1170
E1009983,T1003540,SETTLED,2026-09-28 13:14:17,2026-09-28 13:14:26,186
E1000309,T1000109,AUTHORIZED,2026-09-01 08:04:06,2026-09-01 08:04:12,1795
E1005309,T1001875,CREATED,2026-09-16 10:49:57,2026-09-16 10:50:02,2391
E1005365,T1001894,AUTHORIZED,2026-09-16 13:40:21,2026-09-16 13:40:25,1705
E1006254,T1002212,AUTHORIZED,2026-09-18 16:04:47,2026-09-18 16:04:57,1117
E1008508,T1003019,SETTLED,2026-09-25 11:32:31,2026-09-25 11:32:40,144
E1009974,T1003537,AUTHORIZED,2026-09-28 08:23:15,2026-09-28 08:23:17,843
E1005679,T1002006,SETTLED,2026-09-17 20:30:58,2026-09-17 20:31:07,1481
E1006025,T1002129,CREATED,2026-09-18 15:18:11,2026-09-18 15:18:21,1332
E1001498,T1000526,SETTLED,2026-09-05 11:43:34,2026-09-05 11:43:38,1225
E1009770,T1003465,CREATED,2026-09-28 07:19:31,2026-09-28 07:19:32,765
E1005261,T1001856,AUTHORIZED,2026-09-15 12:00:53,2026-09-15 12:00:59,746
E1005631,T1001989,CREATED,2026-09-17 12:42:48,2026-09-17 12:42:56,2279
E1000521,T1000183,AUTHORIZED,2026-09-02 10:14:42,2026-09-02 10:14:45,1662
E1000006,T1000002,SETTLED,2026-09-01 19:35:44,2026-09-01 19:35:46,1295
E1003305,T1001160,CREATED,2026-09-10 11:00:33,2026-09-10 11:00:37,1270
E1001971,T1000690,AUTHORIZED,2026-09-06 06:38:28,2026-09-06 06:56:28,912
E1006190,T1002189,CREATED,2026-09-18 09:31:52,2026-09-18 09:32:00,87
E1001458,T1000513,CREATED,2026-09-05 15:36:16,2026-09-05 15:36:17,595
E1002323,T1000815,AUTHORIZED,2026-09-07 15:21:50,2026-09-07 15:22:00,1065
E1008234,T1002920,AUTHORIZED,2026-09-24 21:52:02,2026-09-24 21:52:10,830
E1007873,T1002795,SETTLED,2026-09-23 19:05:46,2026-09-23 19:05:55,2012
E1009204,T1003265,AUTHORIZED,2026-09-26 08:24:34,2026-09-26 08:24:41,437
E1010383,T1003680,AUTHORIZED,2026-09-29 21:18:57,2026-09-29 21:19:03,2070
E1002251,T1000789,CREATED,2026-09-07 18:31:19,2026-09-07 18:31:24,1719
E1001221,T1000430,SETTLED,2026-09-04 15:44:23,2026-09-04 15:44:26,2183
E1006874,T1002439,AUTHORIZED,2026-09-20 13:25:13,2026-09-20 13:25:19,460
E1007759,T1002756,AUTHORIZED,2026-09-22 19:38:04,2026-09-22 19:38:13,1734
E1001190,T1000420,AUTHORIZED,2026-09-04 20:59:06,2026-09-04 20:59:12,1334
E1010462,T1003708,AUTHORIZED,2026-09-29 15:55:38,2026-09-29 15:55:41,1386
E1007669,T1002724,SETTLED,2026-09-22 11:22:46,2026-09-22 11:22:55,1636
E1006533,T1002314,AUTHORIZED,2026-09-19 19:46:27,2026-09-19 19:46:32,2086
E1003344,T1001173,CREATED,2026-09-10 20:10:54,2026-09-10 20:10:57,1935
E1000818,T1000288,FAILED,2026-09-03 17:33:20,2026-09-03 17:33:27,1275
E1008892,T1003153,SETTLED,2026-09-26 22:42:46,2026-09-26 22:42:55,1135
E1006410,T1002268,CREATED,2026-09-19 18:57:23,2026-09-19 18:57:30,572
E1007782,T1002764,AUTHORIZED,2026-09-22 15:29:29,2026-09-22 15:29:32,1627
E1010103,T1003582,AUTHORIZED,2026-09-28 14:19:18,2026-09-28 14:19:19,1297
E1006452,T1002284,CREATED,2026-09-19 13:27:22,2026-09-19 14:31:22,1839
E1004408,T1001550,CREATED,2026-09-13 23:15:04,2026-09-13 23:15:10,1979
E1009077,T1003220,SETTLED,2026-09-26 14:37:23,2026-09-26 14:37:26,1043
E1002236,T1000783,AUTHORIZED,2026-09-07 10:06:42,2026-09-07 10:06:44,2219
E1001015,T1000358,CREATED,2026-09-04 21:36:04,2026-09-04 21:36:14,718
E1008708,T1003089,CREATED,2026-09-25 22:58:34,2026-09-25 22:58:40,164
E1003465,T1001215,SETTLED,2026-09-10 14:59:44,2026-09-10 14:59:51,460
E1000727,T1000255,SETTLED,2026-09-03 09:05:11,2026-09-03 09:05:12,979
E1003146,T1001104,AUTHORIZED,2026-09-09 13:58:24,2026-09-09 13:58:31,392
E1003072,T1001078,AUTHORIZED,2026-09-09 08:56:32,2026-09-09 08:56:35,474
E1001831,T1000642,AUTHORIZED,2026-09-06 17:52:49,2026-09-06 17:52:59,1958
E1008349,T1002963,CREATED,2026-09-24 12:11:07,2026-09-24 12:11:11,299
E1007077,T1002512,AUTHORIZED,2026-09-20 13:14:53,2026-09-20 13:15:03,120
E1003527,T1001238,FAILED,2026-09-11 19:20:52,2026-09-11 19:20:57,1167
E1001196,T1000422,AUTHORIZED,2026-09-04 09:04:56,2026-09-04 09:55:56,2021
E1001855,T1000650,AUTHORIZED,2026-09-06 17:27:23,2026-09-06 17:27:27,765
E1001887,T1000661,AUTHORIZED,2026-09-06 13:29:45,2026-09-06 13:29:55,2046
E1002143,T1000751,AUTHORIZED,2026-09-06 07:56:42,2026-09-06 07:56:45,2308
E1008695,T1003084,AUTHORIZED,2026-09-25 18:47:10,2026-09-25 18:47:15,1038
E1001347,T1000474,CREATED,2026-09-05 15:52:11,2026-09-05 15:52:17,1292
E1001859,T1000651,SETTLED,2026-09-06 10:41:20,2026-09-06 10:41:24,1648
E1008946,T1003174,CREATED,2026-09-26 13:00:10,2026-09-26 13:00:11,1810
E1008746,T1003101,SETTLED,2026-09-25 15:39:06,2026-09-25 15:39:08,1465
E1005828,T1002059,AUTHORIZED,2026-09-17 15:33:44,2026-09-17 15:33:45,785
E1004469,T1001572,CREATED,2026-09-13 19:03:57,2026-09-13 19:04:07,1552
E1004402,T1001548,CREATED,2026-09-13 09:09:04,2026-09-13 09:09:05,1025
E1002805,T1000985,SETTLED,2026-09-09 00:21:51,2026-09-09 00:21:55,146
E1009220,T1003271,AUTHORIZED,2026-09-26 06:47:08,2026-09-26 06:47:18,1850
E1003871,T1001359,SETTLED,2026-09-12 16:43:58,2026-09-12 16:44:08,1149
E1006502,T1002302,FAILED,2026-09-19 20:26:52,2026-09-19 20:27:02,1361
E1010071,T1003571,CREATED,2026-09-28 13:22:17,2026-09-28 13:22:21,604
E1005075,T1001788,SETTLED,2026-09-15 13:49:16,2026-09-15 13:49:21,317
E1004988,T1001755,AUTHORIZED,2026-09-14 13:40:02,2026-09-14 13:40:11,1036
E1008686,T1003081,AUTHORIZED,2026-09-25 16:03:32,2026-09-25 16:03:36,1472
E1000912,T1000321,FAILED,2026-09-03 10:13:19,2026-09-03 10:13:28,603
E1007420,T1002634,SETTLED,2026-09-21 18:19:50,2026-09-21 18:19:56,1505
E1007685,T1002730,AUTHORIZED,2026-09-22 13:37:32,2026-09-22 13:37:36,112
E1000054,T1000020,CREATED,2026-09-01 10:36:05,2026-09-01 10:36:14,1447
E1003780,T1001328,SETTLED,2026-09-11 19:47:10,2026-09-11 19:47:13,2252
E1009261,T1003285,SETTLED,2026-09-26 18:08:47,2026-09-26 18:08:53,1979
E1003895,T1001367,SETTLED,2026-09-12 23:04:59,2026-09-12 23:05:09,385
E1010080,T1003574,SETTLED,2026-09-28 19:59:10,2026-09-28 19:59:11,830
E1008740,T1003099,SETTLED,2026-09-25 14:47:21,2026-09-25 14:47:22,436
E1009189,T1003260,CREATED,2026-09-26 19:19:58,2026-09-26 19:20:07,861
E1003778,T1001328,CREATED,2026-09-11 19:38:10,2026-09-11 19:38:19,1823
E1001772,T1000621,SETTLED,2026-09-06 21:51:57,2026-09-06 21:52:02,1794
E1007021,T1002491,CREATED,2026-09-20 22:03:52,2026-09-20 22:04:01,2247
E1007508,T1002666,CREATED,2026-09-22 14:37:59,2026-09-22 14:38:08,2378
E1009804,T1003477,FAILED,2026-09-28 13:14:40,2026-09-28 13:14:46,271
E1003005,T1001055,AUTHORIZED,2026-09-09 14:18:55,2026-09-09 14:19:01,430
E1004788,T1001685,AUTHORIZED,2026-09-14 18:09:11,2026-09-14 18:09:12,1406
E1004112,T1001445,SETTLED,2026-09-12 10:16:40,2026-09-12 10:16:47,1123
E1009401,T1003333,AUTHORIZED,2026-09-27 15:35:02,2026-09-27 16:22:02,2347
E1001689,T1000593,AUTHORIZED,2026-09-05 19:53:16,2026-09-05 19:53:17,691
E1002794,T1000981,SETTLED,2026-09-08 11:17:40,2026-09-08 11:17:43,224
E1007820,T1002777,AUTHORIZED,2026-09-23 21:56:41,2026-09-23 21:56:50,674
E1005797,T1002048,AUTHORIZED,2026-09-17 14:22:46,2026-09-17 14:22:52,1448
E1005421,T1001915,CREATED,2026-09-16 20:33:41,2026-09-16 20:33:43,514
E1005127,T1001807,CREATED,2026-09-15 12:40:11,2026-09-15 12:40:20,477
E1003023,T1001061,AUTHORIZED,2026-09-09 19:47:39,2026-09-09 19:47:45,781
E1001711,T1000600,SETTLED,2026-09-05 20:36:38,2026-09-05 20:36:41,1781
E1007973,T1002830,CREATED,2026-09-23 21:07:27,2026-09-23 21:07:28,700
E1006567,T1002326,AUTHORIZED,2026-09-19 20:06:33,2026-09-19 20:06:39,1548
E1000007,T1000003,CREATED,2026-09-01 13:10:10,2026-09-01 13:10:16,861
E1000983,T1000346,CREATED,2026-09-03 15:01:59,2026-09-03 15:02:08,1796
E1001021,T1000360,AUTHORIZED,2026-09-04 18:21:44,2026-09-04 18:21:46,697
E1002608,T1000916,AUTHORIZED,2026-09-08 10:55:38,2026-09-08 10:55:43,706
E1009761,T1003461,SETTLED,2026-09-28 15:57:22,2026-09-28 15:57:24,315
E1001368,T1000481,CREATED,2026-09-05 10:11:48,2026-09-05 10:11:51,221
E1002977,T1001046,CREATED,2026-09-09 17:20:41,2026-09-09 17:20:50,143
E1007090,T1002517,CREATED,2026-09-20 19:27:41,2026-09-20 19:27:44,1032
E1008819,T1003128,AUTHORIZED,2026-09-25 14:22:26,2026-09-25 14:22:28,1994
E1000691,T1000243,CREATED,2026-09-03 15:14:07,2026-09-03 15:14:17,1463
E1010758,T1003813,AUTHORIZED,2026-09-30 15:47:12,2026-09-30 15:47:14,172
E1005769,T1002039,CREATED,2026-09-17 22:22:52,2026-09-17 22:22:53,1130
E1009858,T1003497,AUTHORIZED,2026-09-28 16:18:50,2026-09-28 16:18:52,1492
E1010179,T1003609,CREATED,2026-09-29 12:35:16,2026-09-29 12:35:17,1795
E1002389,T1000838,SETTLED,2026-09-07 11:40:56,2026-09-07 11:41:05,615
E1001935,T1000678,CREATED,2026-09-06 18:02:06,2026-09-06 18:02:10,1523
E1010063,T1003568,AUTHORIZED,2026-09-28 18:53:46,2026-09-28 18:53:55,930
E1008515,T1003022,CREATED,2026-09-25 19:40:47,2026-09-25 19:40:51,2415
E1005129,T1001808,CREATED,2026-09-15 11:10:57,2026-09-15 11:11:06,1068
E1008791,T1003118,SETTLED,2026-09-25 13:10:14,2026-09-25 13:10:18,232
E1004264,T1001498,SETTLED,2026-09-13 10:21:24,2026-09-13 10:21:25,434
E1005833,T1002061,AUTHORIZED,2026-09-17 11:21:59,2026-09-17 11:22:06,2338
E1001006,T1000354,AUTHORIZED,2026-09-04 13:23:55,2026-09-04 13:24:01,1694
E1008051,T1002857,AUTHORIZED,2026-09-23 09:01:41,2026-09-23 09:01:50,116
E1008650,T1003069,CREATED,2026-09-25 08:37:12,2026-09-25 08:37:15,203
E1003749,T1001318,CREATED,2026-09-11 12:25:40,2026-09-11 12:25:49,2402
E1002490,T1000874,AUTHORIZED,2026-09-07 11:21:49,2026-09-07 11:21:51,773
E1003232,T1001134,SETTLED,2026-09-10 15:45:08,2026-09-10 15:45:12,359
E1001568,T1000551,SETTLED,2026-09-05 12:11:14,2026-09-05 12:11:20,1595
E1010500,T1003721,CREATED,2026-09-30 15:52:41,2026-09-30 15:52:42,2143
E1008070,T1002864,AUTHORIZED,2026-09-23 22:08:07,2026-09-23 23:17:07,1167
E1008531,T1003027,SETTLED,2026-09-25 12:45:14,2026-09-25 12:45:19,1672
E1000121,T1000043,AUTHORIZED,2026-09-01 10:45:32,2026-09-01 10:45:40,1055
E1007590,T1002696,CREATED,2026-09-22 10:09:45,2026-09-22 10:09:48,130
E1004696,T1001652,CREATED,2026-09-14 17:44:44,2026-09-14 17:44:48,1927
E1001337,T1000470,AUTHORIZED,2026-09-05 08:26:10,2026-09-05 08:42:10,1868
E1000389,T1000137,CREATED,2026-09-02 16:11:17,2026-09-02 16:11:22,1818
E1007235,T1002567,CREATED,2026-09-21 12:37:53,2026-09-21 12:37:57,1981
E1007547,T1002680,CREATED,2026-09-22 16:26:58,2026-09-22 16:27:06,1339
E1007764,T1002758,CREATED,2026-09-22 07:33:28,2026-09-22 07:33:35,1761
E1006709,T1002380,AUTHORIZED,2026-09-19 19:43:44,2026-09-19 19:43:54,1914
E1004582,T1001610,SETTLED,2026-09-13 19:27:40,2026-09-13 19:27:48,2262
E1006494,T1002299,SETTLED,2026-09-19 08:20:41,2026-09-19 08:20:43,1047
E1003015,T1001058,SETTLED,2026-09-09 13:49:20,2026-09-09 13:49:27,1447
E1009735,T1003451,SETTLED,2026-09-27 12:10:08,2026-09-27 12:10:17,909
E1004742,T1001668,SETTLED,2026-09-14 12:30:22,2026-09-14 12:30:24,533
E1008769,T1003110,CREATED,2026-09-25 09:01:12,2026-09-25 09:01:21,1339
E1010410,T1003689,AUTHORIZED,2026-09-29 17:40:21,2026-09-29 17:40:30,2425
E1006712,T1002381,AUTHORIZED,2026-09-19 12:39:01,2026-09-19 12:39:05,97
E1004013,T1001411,CREATED,2026-09-12 19:13:19,2026-09-12 19:13:23,2014
E1000442,T1000155,SETTLED,2026-09-02 13:15:14,2026-09-02 13:15:21,2310
E1008530,T1003027,AUTHORIZED,2026-09-25 12:30:43,2026-09-25 12:30:49,1579
E1006022,T1002127,SETTLED,2026-09-18 22:38:29,2026-09-18 22:38:35,2343
E1008555,T1003036,CREATED,2026-09-25 19:40:21,2026-09-25 19:40:22,1047
E1006645,T1002355,AUTHORIZED,2026-09-19 13:14:11,2026-09-19 13:14:12,1192
E1010062,T1003568,CREATED,2026-09-28 18:53:30,2026-09-28 18:53:35,1496
E1003339,T1001171,AUTHORIZED,2026-09-10 21:00:26,2026-09-10 21:00:32,1343
E1009807,T1003478,SETTLED,2026-09-28 18:12:24,2026-09-28 18:12:30,2473
E1006684,T1002370,AUTHORIZED,2026-09-19 10:56:48,2026-09-19 10:56:58,2420
E1004462,T1001569,SETTLED,2026-09-13 13:25:19,2026-09-13 13:25:22,1866
E1002408,T1000845,SETTLED,2026-09-07 20:09:39,2026-09-07 20:09:48,969
E1002283,T1000801,CREATED,2026-09-07 19:16:32,2026-09-07 19:16:38,1967
E1008879,T1003149,AUTHORIZED,2026-09-26 18:47:43,2026-09-26 18:47:45,2428
E1007665,T1002723,AUTHORIZED,2026-09-22 17:41:38,2026-09-22 17:41:45,656
E1010051,T1003564,AUTHORIZED,2026-09-28 13:08:53,2026-09-28 13:08:55,2158
E1002707,T1000951,SETTLED,2026-09-08 19:37:48,2026-09-08 19:37:49,850
E1002084,T1000730,SETTLED,2026-09-06 11:42:50,2026-09-06 12:55:50,2099
E1010219,T1003623,CREATED,2026-09-29 14:20:19,2026-09-29 14:20:21,1611
E1003293,T1001156,CREATED,2026-09-10 15:34:45,2026-09-10 15:34:53,2113
E1005516,T1001949,AUTHORIZED,2026-09-16 17:26:08,2026-09-16 17:26:17,102
E1000943,T1000332,AUTHORIZED,2026-09-03 18:12:41,2026-09-03 18:12:42,488
E1007538,T1002677,CREATED,2026-09-22 19:57:01,2026-09-22 19:57:10,1963
E1002776,T1000975,AUTHORIZED,2026-09-08 11:22:17,2026-09-08 11:22:24,1908
E1010310,T1003653,AUTHORIZED,2026-09-29 10:25:44,2026-09-29 10:25:48,360
E1000066,T1000024,CREATED,2026-09-01 14:25:50,2026-09-01 14:25:55,2111
E1007253,T1002574,CREATED,2026-09-21 13:42:52,2026-09-21 13:43:00,416
E1006220,T1002199,AUTHORIZED,2026-09-18 21:38:33,2026-09-18 21:38:38,137
E1003644,T1001279,CREATED,2026-09-11 13:53:03,2026-09-11 13:53:07,934
E1003321,T1001165,AUTHORIZED,2026-09-10 11:43:46,2026-09-10 11:43:49,1423
E1010039,T1003560,CREATED,2026-09-28 20:12:24,2026-09-28 20:12:34,1352
E1006579,T1002330,AUTHORIZED,2026-09-19 19:27:17,2026-09-19 19:27:18,1945
E1007891,T1002801,SETTLED,2026-09-23 08:31:01,2026-09-23 08:31:11,497
E1000220,T1000077,SETTLED,2026-09-01 11:55:58,2026-09-01 11:55:59,864
E1004327,T1001520,FAILED,2026-09-13 11:26:55,2026-09-13 11:26:59,2161
E1007416,T1002633,AUTHORIZED,2026-09-21 20:41:22,2026-09-21 20:41:27,733
E1007796,T1002769,CREATED,2026-09-22 19:54:45,2026-09-22 19:54:48,1440
E1007341,T1002605,SETTLED,2026-09-21 16:25:10,2026-09-21 16:25:16,211
E1003937,T1001382,AUTHORIZED,2026-09-12 16:53:44,2026-09-12 16:53:54,2335
E1003012,T1001057,SETTLED,2026-09-09 10:26:22,2026-09-09 10:26:27,2258
E1007496,T1002661,AUTHORIZED,2026-09-21 14:44:51,2026-09-21 14:45:01,1199
E1010669,T1003781,AUTHORIZED,2026-09-30 17:34:29,2026-09-30 17:34:31,1973
E1002343,T1000822,AUTHORIZED,2026-09-07 19:06:54,2026-09-07 20:14:54,2202
E1008385,T1002975,SETTLED,2026-09-24 14:08:58,2026-09-24 14:09:05,1078
E1007858,T1002790,AUTHORIZED,2026-09-23 19:29:40,2026-09-23 19:29:43,929
E1006348,T1002245,CREATED,2026-09-19 13:17:00,2026-09-19 14:39:00,817
E1010443,T1003701,CREATED,2026-09-29 09:09:24,2026-09-29 09:09:29,2263
E1007415,T1002633,CREATED,2026-09-21 20:41:04,2026-09-21 20:41:09,1170
E1001476,T1000519,CREATED,2026-09-05 07:20:55,2026-09-05 07:21:02,1577
E1007798,T1002769,SETTLED,2026-09-22 20:01:45,2026-09-22 20:01:53,1086
E1001058,T1000374,CREATED,2026-09-04 11:29:51,2026-09-04 11:29:55,1651
E1010785,T1003823,CREATED,2026-09-30 12:11:02,2026-09-30 12:11:11,1245
E1000417,T1000147,CREATED,2026-09-02 12:58:18,2026-09-02 12:58:23,1994
E1007011,T1002487,SETTLED,2026-09-20 17:28:54,2026-09-20 17:29:03,1475
E1010692,T1003789,SETTLED,2026-09-30 12:07:15,2026-09-30 12:07:22,2112
E1004297,T1001510,CREATED,2026-09-13 20:29:27,2026-09-13 20:29:35,2474
E1009787,T1003471,AUTHORIZED,2026-09-28 20:22:46,2026-09-28 20:22:53,168
E1007562,T1002685,SETTLED,2026-09-22 11:18:12,2026-09-22 11:18:14,553
E1009198,T1003263,AUTHORIZED,2026-09-26 17:56:39,2026-09-26 17:56:46,217
E1008374,T1002972,CREATED,2026-09-24 06:35:20,2026-09-24 06:35:25,660
E1008594,T1003049,SETTLED,2026-09-25 10:22:12,2026-09-25 10:22:17,2305
E1008110,T1002878,AUTHORIZED,2026-09-23 19:04:52,2026-09-23 19:04:54,1982
E1000130,T1000046,SETTLED,2026-09-01 20:00:49,2026-09-01 20:00:54,499
E1003538,T1001242,AUTHORIZED,2026-09-11 15:09:39,2026-09-11 15:09:43,1828
E1004704,T1001654,SETTLED,2026-09-14 13:56:48,2026-09-14 13:56:53,2050
E1005104,T1001798,SETTLED,2026-09-15 19:08:13,2026-09-15 19:08:22,2200
E1001450,T1000510,AUTHORIZED,2026-09-05 11:39:07,2026-09-05 11:39:17,2386
E1005693,T1002012,CREATED,2026-09-17 22:53:23,2026-09-17 22:53:33,1152
E1004681,T1001646,CREATED,2026-09-14 12:11:00,2026-09-14 12:11:10,1040
E1003897,T1001368,AUTHORIZED,2026-09-12 08:31:15,2026-09-12 08:31:19,1737
E1010109,T1003584,AUTHORIZED,2026-09-28 16:29:17,2026-09-28 16:29:24,868
E1006001,T1002120,CREATED,2026-09-18 10:40:16,2026-09-18 10:40:20,597
E1001359,T1000478,CREATED,2026-09-05 14:16:36,2026-09-05 14:16:40,1931
E1010542,T1003736,CREATED,2026-09-30 16:07:12,2026-09-30 16:07:18,1400
E1006032,T1002131,AUTHORIZED,2026-09-18 13:18:53,2026-09-18 13:18:56,1780
E1003252,T1001141,AUTHORIZED,2026-09-10 13:11:08,2026-09-10 13:11:09,1210
E1005045,T1001777,SETTLED,2026-09-15 23:04:50,2026-09-15 23:04:52,2283
E1008085,T1002869,AUTHORIZED,2026-09-23 07:02:23,2026-09-23 07:02:24,668
E1003470,T1001217,AUTHORIZED,2026-09-10 19:39:48,2026-09-10 19:39:56,263
E1004675,T1001644,CREATED,2026-09-14 11:24:38,2026-09-14 11:24:46,2430
E1000153,T1000054,SETTLED,2026-09-01 20:11:02,2026-09-01 20:11:10,2330
E1010290,T1003646,SETTLED,2026-09-29 20:07:20,2026-09-29 20:07:21,493
E1008054,T1002858,FAILED,2026-09-23 15:59:01,2026-09-23 15:59:09,2159
E1000685,T1000241,CREATED,2026-09-03 23:05:31,2026-09-03 23:05:34,285
E1007163,T1002541,SETTLED,2026-09-21 15:20:21,2026-09-21 15:20:22,714
E1004065,T1001430,CREATED,2026-09-12 21:40:43,2026-09-12 21:40:49,2158
E1000342,T1000121,AUTHORIZED,2026-09-01 21:55:46,2026-09-01 22:30:46,842
E1003931,T1001380,AUTHORIZED,2026-09-12 14:59:38,2026-09-12 14:59:47,1346
E1004624,T1001625,SETTLED,2026-09-13 07:50:18,2026-09-13 07:50:19,192
E1006398,T1002263,AUTHORIZED,2026-09-19 11:24:45,2026-09-19 11:24:50,1552
E1007387,T1002622,FAILED,2026-09-21 14:59:38,2026-09-21 14:59:44,598
E1002581,T1000907,CREATED,2026-09-08 19:30:43,2026-09-08 19:30:49,110
E1000060,T1000022,CREATED,2026-09-01 16:50:25,2026-09-01 16:50:30,1734
E1006107,T1002159,CREATED,2026-09-18 22:02:39,2026-09-18 22:02:41,73
E1010234,T1003628,CREATED,2026-09-29 19:09:46,2026-09-29 19:09:49,1152
E1003250,T1001140,SETTLED,2026-09-10 22:15:52,2026-09-10 22:15:55,623
E1003506,T1001231,CREATED,2026-09-11 13:39:02,2026-09-11 13:39:09,1715
E1000556,T1000196,CREATED,2026-09-02 18:31:25,2026-09-02 18:31:32,1108
E1008978,T1003185,SETTLED,2026-09-26 19:49:56,2026-09-26 19:49:59,1888
E1007337,T1002604,AUTHORIZED,2026-09-21 11:19:52,2026-09-21 11:19:54,198
E1007673,T1002726,CREATED,2026-09-22 16:45:47,2026-09-22 16:45:50,1428
E1010386,T1003681,AUTHORIZED,2026-09-29 11:00:27,2026-09-29 11:00:33,1700
E1000969,T1000341,CREATED,2026-09-03 10:55:05,2026-09-03 10:55:07,2363
E1008993,T1003191,AUTHORIZED,2026-09-26 21:38:46,2026-09-26 21:38:48,684
E1005439,T1001922,CREATED,2026-09-16 22:27:59,2026-09-16 22:28:00,1705
E1002422,T1000850,AUTHORIZED,2026-09-07 16:53:39,2026-09-07 16:53:41,949
E1000426,T1000150,AUTHORIZED,2026-09-02 06:27:40,2026-09-02 06:27:41,284
E1004172,T1001466,SETTLED,2026-09-12 16:06:20,2026-09-12 16:06:28,2442
E1008659,T1003072,CREATED,2026-09-25 21:43:35,2026-09-25 21:43:45,780
E1004993,T1001757,CREATED,2026-09-14 14:07:56,2026-09-14 14:08:02,421
E1004765,T1001676,SETTLED,2026-09-14 10:53:30,2026-09-14 10:53:39,374
E1005474,T1001934,SETTLED,2026-09-16 20:52:21,2026-09-16 20:52:23,2428
E1008172,T1002899,AUTHORIZED,2026-09-24 13:48:28,2026-09-24 13:48:38,799
E1003736,T1001313,AUTHORIZED,2026-09-11 07:28:57,2026-09-11 07:29:02,436
E1002133,T1000748,CREATED,2026-09-06 13:07:25,2026-09-06 13:07:28,978
E1006908,T1002452,CREATED,2026-09-20 19:18:44,2026-09-20 19:18:45,1725
E1010773,T1003818,FAILED,2026-09-30 17:18:19,2026-09-30 17:18:29,670
E1008296,T1002944,CREATED,2026-09-24 17:50:54,2026-09-24 17:51:02,230
E1003756,T1001320,AUTHORIZED,2026-09-11 13:42:20,2026-09-11 13:42:25,344
E1008196,T1002907,AUTHORIZED,2026-09-24 08:57:11,2026-09-24 08:57:13,2022
E1003685,T1001293,SETTLED,2026-09-11 11:44:38,2026-09-11 11:44:39,1546
E1007721,T1002743,CREATED,2026-09-22 20:27:21,2026-09-22 20:27:23,921
E1007167,T1002543,CREATED,2026-09-21 19:10:56,2026-09-21 19:11:00,1681
E1003669,T1001288,AUTHORIZED,2026-09-11 20:03:35,2026-09-11 20:03:38,790
E1001357,T1000477,AUTHORIZED,2026-09-05 21:25:19,2026-09-05 21:25:22,481
E1003336,T1001170,AUTHORIZED,2026-09-10 13:25:58,2026-09-10 13:26:07,179
E1010745,T1003808,AUTHORIZED,2026-09-30 17:58:25,2026-09-30 17:58:35,252
E1003334,T1001169,SETTLED,2026-09-10 08:45:23,2026-09-10 08:45:29,331
E1001143,T1000404,AUTHORIZED,2026-09-04 20:06:18,2026-09-04 20:06:24,1869
E1006293,T1002225,SETTLED,2026-09-18 14:02:27,2026-09-18 14:02:28,2078
E1004596,T1001616,CREATED,2026-09-13 09:05:35,2026-09-13 09:05:44,1674
E1002886,T1001014,AUTHORIZED,2026-09-09 08:09:30,2026-09-09 08:09:38,2397
E1003003,T1001054,SETTLED,2026-09-09 14:19:02,2026-09-09 14:19:06,388
E1000976,T1000343,SETTLED,2026-09-03 08:29:21,2026-09-03 08:29:24,104
E1010742,T1003807,AUTHORIZED,2026-09-30 15:27:22,2026-09-30 15:27:30,158
E1003472,T1001218,CREATED,2026-09-10 09:21:43,2026-09-10 09:21:51,1477
E1002009,T1000703,SETTLED,2026-09-06 13:41:40,2026-09-06 13:41:50,50
E1010264,T1003638,CREATED,2026-09-29 23:30:12,2026-09-29 23:30:21,286
E1007125,T1002529,CREATED,2026-09-20 20:27:55,2026-09-20 20:28:01,1645
E1010441,T1003700,AUTHORIZED,2026-09-29 10:12:04,2026-09-29 10:12:10,1216
E1005698,T1002014,CREATED,2026-09-17 21:13:28,2026-09-17 21:13:36,900
E1003868,T1001358,SETTLED,2026-09-12 16:17:27,2026-09-12 17:11:27,97
E1000425,T1000150,CREATED,2026-09-02 06:27:30,2026-09-02 06:27:35,1087
E1003786,T1001330,SETTLED,2026-09-11 13:59:50,2026-09-11 13:59:54,829
E1004213,T1001481,CREATED,2026-09-12 10:56:14,2026-09-12 10:56:23,2079
E1005543,T1001959,CREATED,2026-09-16 22:18:26,2026-09-16 22:18:36,319
E1003330,T1001168,AUTHORIZED,2026-09-10 19:10:58,2026-09-10 19:11:00,569
E1005777,T1002041,SETTLED,2026-09-17 14:37:20,2026-09-17 14:37:29,1606
E1003526,T1001238,CREATED,2026-09-11 19:20:48,2026-09-11 19:20:58,1654
E1005443,T1001923,AUTHORIZED,2026-09-16 14:03:01,2026-09-16 14:03:03,1642
E1000697,T1000245,CREATED,2026-09-03 15:44:00,2026-09-03 15:44:06,1259
E1006904,T1002450,FAILED,2026-09-20 16:36:44,2026-09-20 16:36:53,1302
E1001864,T1000653,AUTHORIZED,2026-09-06 16:34:39,2026-09-06 16:34:49,239
E1001809,T1000634,AUTHORIZED,2026-09-06 09:01:55,2026-09-06 09:01:59,1027
E1007084,T1002515,CREATED,2026-09-20 17:26:34,2026-09-20 17:26:43,2260
E1001656,T1000582,CREATED,2026-09-05 12:25:43,2026-09-05 12:25:53,692
E1009760,T1003461,AUTHORIZED,2026-09-28 15:49:44,2026-09-28 15:49:53,975
E1001794,T1000629,CREATED,2026-09-06 14:52:18,2026-09-06 14:52:22,626
E1007397,T1002626,FAILED,2026-09-21 11:18:24,2026-09-21 11:18:31,1572
E1000653,T1000230,CREATED,2026-09-02 19:40:44,2026-09-02 20:38:44,741
E1006560,T1002324,CREATED,2026-09-19 08:38:21,2026-09-19 08:38:23,2285
E1002789,T1000980,CREATED,2026-09-08 17:51:39,2026-09-08 17:51:46,1920
E1005936,T1002097,CREATED,2026-09-17 09:18:02,2026-09-17 09:18:06,2200
E1007958,T1002825,CREATED,2026-09-23 21:35:49,2026-09-23 21:35:50,1260
E1000373,T1000131,SETTLED,2026-09-02 07:24:05,2026-09-02 07:24:10,1274
E1005684,T1002008,FAILED,2026-09-17 20:21:35,2026-09-17 20:21:45,959
E1004037,T1001419,AUTHORIZED,2026-09-12 18:53:01,2026-09-12 18:53:02,2208
E1003643,T1001278,SETTLED,2026-09-11 18:55:20,2026-09-11 18:55:28,820
E1009664,T1003427,CREATED,2026-09-27 17:42:40,2026-09-27 17:42:42,1885
E1006857,T1002433,FAILED,2026-09-20 18:27:00,2026-09-20 18:27:10,2409
E1006572,T1002328,CREATED,2026-09-19 08:24:37,2026-09-19 08:24:42,2439
E1010288,T1003646,CREATED,2026-09-29 20:02:20,2026-09-29 20:02:30,1615
E1003055,T1001072,AUTHORIZED,2026-09-09 20:15:50,2026-09-09 20:15:51,498
E1007154,T1002538,SETTLED,2026-09-21 15:49:34,2026-09-21 15:49:44,1545
E1004707,T1001655,SETTLED,2026-09-14 19:25:24,2026-09-14 19:25:26,1723
E1010152,T1003599,SETTLED,2026-09-29 16:07:12,2026-09-29 17:32:12,576
E1008326,T1002955,CREATED,2026-09-24 11:32:52,2026-09-24 11:32:54,779
E1009203,T1003265,CREATED,2026-09-26 08:24:12,2026-09-26 08:24:20,1883
E1000864,T1000304,SETTLED,2026-09-03 08:10:11,2026-09-03 08:10:13,1567
E1009601,T1003404,CREATED,2026-09-27 18:42:02,2026-09-27 18:42:12,85
E1001461,T1000514,CREATED,2026-09-05 13:00:21,2026-09-05 13:00:23,841
E1010338,T1003664,AUTHORIZED,2026-09-29 17:37:47,2026-09-29 17:37:56,1608
E1005606,T1001980,AUTHORIZED,2026-09-16 20:24:17,2026-09-16 20:24:21,353
E1002697,T1000948,AUTHORIZED,2026-09-08 19:28:00,2026-09-08 19:28:08,686
E1004237,T1001489,CREATED,2026-09-13 13:38:40,2026-09-13 13:38:50,1079
E1001212,T1000427,SETTLED,2026-09-04 14:55:12,2026-09-04 14:55:13,668
E1000445,T1000156,SETTLED,2026-09-02 13:12:46,2026-09-02 13:12:54,2021
E1003096,T1001086,SETTLED,2026-09-09 11:00:13,2026-09-09 11:39:13,1325
E1004961,T1001746,AUTHORIZED,2026-09-14 17:34:09,2026-09-14 17:34:18,2098
E1000432,T1000152,AUTHORIZED,2026-09-02 11:27:48,2026-09-02 11:27:56,1398
E1000987,T1000347,AUTHORIZED,2026-09-03 13:59:00,2026-09-03 13:59:06,2359
E1002146,T1000752,AUTHORIZED,2026-09-06 20:18:56,2026-09-06 20:19:05,1143
E1001986,T1000695,AUTHORIZED,2026-09-06 14:36:50,2026-09-06 14:36:51,1941
E1004790,T1001686,CREATED,2026-09-14 12:33:26,2026-09-14 12:33:29,2410
E1002518,T1000884,SETTLED,2026-09-08 19:02:57,2026-09-08 19:02:59,1618
E1000972,T1000342,CREATED,2026-09-03 20:04:17,2026-09-03 20:04:19,1878
E1009033,T1003205,CREATED,2026-09-26 18:33:43,2026-09-26 18:33:46,204
E1006150,T1002175,CREATED,2026-09-18 10:33:43,2026-09-18 10:33:51,136
E1002633,T1000924,SETTLED,2026-09-08 14:01:47,2026-09-08 14:01:49,1829
E1008679,T1003079,CREATED,2026-09-25 13:39:06,2026-09-25 13:39:07,926
E1004352,T1001530,CREATED,2026-09-13 11:05:07,2026-09-13 11:05:10,1358
E1009695,T1003438,CREATED,2026-09-27 12:15:07,2026-09-27 12:15:13,844
E1007776,T1002762,AUTHORIZED,2026-09-22 09:25:58,2026-09-22 09:26:06,2257
E1004364,T1001534,CREATED,2026-09-13 20:04:43,2026-09-13 20:04:45,1319
E1008507,T1003019,AUTHORIZED,2026-09-25 09:19:43,2026-09-25 09:19:45,1186
E1008660,T1003072,AUTHORIZED,2026-09-25 21:43:59,2026-09-25 21:44:04,1620
E1009789,T1003472,CREATED,2026-09-28 15:28:46,2026-09-28 15:28:53,2348
E1000583,T1000205,CREATED,2026-09-02 13:31:16,2026-09-02 13:31:23,1501
E1009213,T1003269,CREATED,2026-09-26 08:33:10,2026-09-26 08:33:18,1310
E1003531,T1001240,CREATED,2026-09-11 18:54:24,2026-09-11 18:54:31,286
E1008845,T1003137,AUTHORIZED,2026-09-26 18:03:02,2026-09-26 18:03:08,2178
E1002520,T1000885,AUTHORIZED,2026-09-08 10:19:51,2026-09-08 10:20:01,1598
E1005593,T1001976,CREATED,2026-09-16 09:47:50,2026-09-16 09:47:52,627
E1007543,T1002678,SETTLED,2026-09-22 12:39:53,2026-09-22 12:39:56,1021
E1006593,T1002336,AUTHORIZED,2026-09-19 10:40:41,2026-09-19 10:40:50,633
E1004714,T1001658,CREATED,2026-09-14 11:26:04,2026-09-14 11:26:11,2101
E1007618,T1002706,CREATED,2026-09-22 13:59:51,2026-09-22 13:59:59,1446
E1010694,T1003790,AUTHORIZED,2026-09-30 09:35:15,2026-09-30 09:35:21,1715
E1008205,T1002910,AUTHORIZED,2026-09-24 17:55:50,2026-09-24 17:56:00,1044
E1008983,T1003187,SETTLED,2026-09-26 14:24:36,2026-09-26 14:24:44,203
E1010281,T1003643,SETTLED,2026-09-29 19:22:57,2026-09-29 19:23:07,1566
E1009554,T1003387,SETTLED,2026-09-27 09:31:12,2026-09-27 09:31:18,945
E1006801,T1002413,CREATED,2026-09-20 16:22:31,2026-09-20 16:22:34,702
E1001563,T1000549,SETTLED,2026-09-05 10:29:47,2026-09-05 10:29:52,142
E1007701,T1002736,CREATED,2026-09-22 10:07:23,2026-09-22 10:07:33,1456
E1004098,T1001441,CREATED,2026-09-12 14:03:48,2026-09-12 14:03:52,102
E1006735,T1002389,SETTLED,2026-09-19 17:09:12,2026-09-19 17:09:14,1145
E1009945,T1003527,SETTLED,2026-09-28 12:42:25,2026-09-28 12:42:31,1169
E1003300,T1001158,AUTHORIZED,2026-09-10 13:32:38,2026-09-10 13:32:44,1081
E1008534,T1003029,CREATED,2026-09-25 13:54:39,2026-09-25 13:54:48,850
E1000364,T1000128,SETTLED,2026-09-02 20:57:32,2026-09-02 20:57:39,1540
E1010579,T1003749,CREATED,2026-09-30 10:07:30,2026-09-30 10:07:37,1350
E1010736,T1003805,AUTHORIZED,2026-09-30 09:26:10,2026-09-30 09:26:20,924
E1001533,T1000539,CREATED,2026-09-05 09:54:29,2026-09-05 09:54:32,1720
E1003337,T1001170,SETTLED,2026-09-10 13:47:41,2026-09-10 13:47:44,1424
E1009822,T1003484,AUTHORIZED,2026-09-28 10:51:39,2026-09-28 10:51:40,127
E1002183,T1000765,AUTHORIZED,2026-09-06 20:20:41,2026-09-06 20:20:49,792
E1008723,T1003094,CREATED,2026-09-25 22:55:32,2026-09-25 22:55:41,1711
E1007984,T1002833,SETTLED,2026-09-23 09:15:38,2026-09-23 09:15:44,978
E1001585,T1000557,SETTLED,2026-09-05 18:18:02,2026-09-05 18:18:05,168
E1004915,T1001730,CREATED,2026-09-14 21:09:37,2026-09-14 21:09:44,1083
E1000847,T1000299,CREATED,2026-09-03 19:58:11,2026-09-03 19:58:12,1851
E1001468,T1000516,AUTHORIZED,2026-09-05 18:50:30,2026-09-05 18:50:32,642
E1000689,T1000242,AUTHORIZED,2026-09-03 13:37:59,2026-09-03 13:38:08,2336
E1003658,T1001284,AUTHORIZED,2026-09-11 09:57:37,2026-09-11 09:57:41,356
E1002903,T1001020,CREATED,2026-09-09 23:40:26,2026-09-09 23:40:33,2474
E1005277,T1001862,SETTLED,2026-09-15 13:06:51,2026-09-15 13:06:53,2032
E1005048,T1001778,SETTLED,2026-09-15 20:42:47,2026-09-15 20:42:49,1040
E1008210,T1002912,CREATED,2026-09-24 10:27:02,2026-09-24 10:27:11,1199
E1008291,T1002942,CREATED,2026-09-24 17:16:05,2026-09-24 17:16:09,1367
E1007092,T1002518,CREATED,2026-09-20 12:16:01,2026-09-20 12:16:09,1705
E1009585,T1003398,AUTHORIZED,2026-09-27 20:21:43,2026-09-27 20:21:48,1423
E1004235,T1001488,AUTHORIZED,2026-09-13 13:04:10,2026-09-13 13:04:20,1141
E1003186,T1001118,CREATED,2026-09-10 19:41:04,2026-09-10 19:41:05,1082
E1000387,T1000136,AUTHORIZED,2026-09-02 19:55:49,2026-09-02 20:56:49,1618
E1002787,T1000979,AUTHORIZED,2026-09-08 14:18:57,2026-09-08 14:19:00,1510
E1005825,T1002058,AUTHORIZED,2026-09-17 18:23:06,2026-09-17 18:23:14,1510
E1001181,T1000417,CREATED,2026-09-04 10:39:31,2026-09-04 10:39:32,794
E1003533,T1001240,SETTLED,2026-09-11 19:16:24,2026-09-11 19:16:33,2175
E1003150,T1001105,SETTLED,2026-09-09 19:08:47,2026-09-09 19:34:47,2188
E1001428,T1000503,CREATED,2026-09-05 15:13:04,2026-09-05 15:13:14,1049
E1009870,T1003501,AUTHORIZED,2026-09-28 08:05:56,2026-09-28 08:05:59,930
E1009669,T1003429,CREATED,2026-09-27 20:54:25,2026-09-27 20:54:30,698
E1003544,T1001244,AUTHORIZED,2026-09-11 16:00:05,2026-09-11 16:00:08,1032
E1004909,T1001727,SETTLED,2026-09-14 14:56:01,2026-09-14 14:56:08,721
E1002764,T1000971,AUTHORIZED,2026-09-08 09:25:07,2026-09-08 09:33:07,611
E1004207,T1001479,CREATED,2026-09-12 20:22:18,2026-09-12 20:22:21,640
E1007608,T1002702,CREATED,2026-09-22 11:40:00,2026-09-22 11:40:02,1501
E1005589,T1001974,SETTLED,2026-09-16 20:19:02,2026-09-16 20:19:04,454
E1002996,T1001052,AUTHORIZED,2026-09-09 10:04:40,2026-09-09 10:04:43,1136
E1008346,T1002962,CREATED,2026-09-24 12:47:26,2026-09-24 12:47:30,1899
E1007409,T1002631,CREATED,2026-09-21 17:33:45,2026-09-21 17:33:54,2300
E1005452,T1001926,FAILED,2026-09-16 20:05:56,2026-09-16 20:06:06,156
E1000326,T1000115,FAILED,2026-09-01 13:05:47,2026-09-01 13:05:57,80
E1004718,T1001659,FAILED,2026-09-14 20:46:59,2026-09-14 20:47:03,366
E1003294,T1001156,AUTHORIZED,2026-09-10 15:35:05,2026-09-10 15:35:14,2419
E1001063,T1000376,CREATED,2026-09-04 12:45:46,2026-09-04 12:45:48,1964
E1010374,T1003677,CREATED,2026-09-29 12:58:47,2026-09-29 12:58:50,170
E1010502,T1003721,SETTLED,2026-09-30 15:57:41,2026-09-30 15:57:45,1680
E1001265,T1000445,AUTHORIZED,2026-09-04 20:18:58,2026-09-04 20:19:00,342
E1003867,T1001358,AUTHORIZED,2026-09-12 13:40:52,2026-09-12 14:16:52,1093
E1006464,T1002288,AUTHORIZED,2026-09-19 15:26:12,2026-09-19 15:26:21,442
E1008979,T1003186,CREATED,2026-09-26 10:09:05,2026-09-26 10:09:13,1037
E1010521,T1003728,CREATED,2026-09-30 11:00:52,2026-09-30 11:00:54,2094
E1009141,T1003243,SETTLED,2026-09-26 12:14:13,2026-09-26 12:14:23,225
E1004636,T1001630,AUTHORIZED,2026-09-13 09:25:22,2026-09-13 09:25:24,1786
E1004667,T1001641,CREATED,2026-09-14 12:05:45,2026-09-14 12:05:49,1423
E1008922,T1003165,CREATED,2026-09-26 08:10:05,2026-09-26 08:10:09,1785
E1003188,T1001118,SETTLED,2026-09-10 19:46:04,2026-09-10 19:46:09,2151
E1007026,T1002492,SETTLED,2026-09-20 18:10:00,2026-09-20 19:08:00,2155
E1007101,T1002521,CREATED,2026-09-20 17:57:09,2026-09-20 17:57:11,646
E1000849,T1000299,SETTLED,2026-09-03 20:22:11,2026-09-03 20:22:17,880
E1000992,T1000349,CREATED,2026-09-03 08:56:29,2026-09-03 08:56:34,1192
E1002115,T1000742,CREATED,2026-09-06 11:53:51,2026-09-06 11:53:55,2450
E1002042,T1000715,SETTLED,2026-09-06 13:43:18,2026-09-06 13:43:22,2102
E1008524,T1003025,AUTHORIZED,2026-09-25 16:18:12,2026-09-25 16:18:14,825
E1005989,T1002115,AUTHORIZED,2026-09-18 20:28:35,2026-09-18 20:28:45,58
E1009743,T1003454,AUTHORIZED,2026-09-27 11:10:02,2026-09-27 11:10:05,152
E1000262,T1000092,AUTHORIZED,2026-09-01 12:13:29,2026-09-01 12:13:39,2041
E1009268,T1003288,CREATED,2026-09-26 22:00:23,2026-09-26 22:00:32,2157
E1010475,T1003712,SETTLED,2026-09-30 22:15:16,2026-09-30 22:15:21,426
E1004056,T1001426,AUTHORIZED,2026-09-12 10:19:16,2026-09-12 10:19:17,946
E1009186,T1003259,CREATED,2026-09-26 19:42:51,2026-09-26 19:42:55,2455
E1008375,T1002972,AUTHORIZED,2026-09-24 06:35:35,2026-09-24 06:35:42,844
E1007775,T1002762,CREATED,2026-09-22 09:25:41,2026-09-22 09:25:48,1751
E1000195,T1000069,CREATED,2026-09-01 18:09:59,2026-09-01 18:10:07,2233
E1001587,T1000558,AUTHORIZED,2026-09-05 16:20:00,2026-09-05 16:20:03,779
E1004817,T1001696,CREATED,2026-09-14 06:04:49,2026-09-14 06:04:53,728
E1002010,T1000704,CREATED,2026-09-06 13:21:14,2026-09-06 13:21:21,1577
E1003573,T1001254,CREATED,2026-09-11 20:12:13,2026-09-11 20:12:19,2484
E1005873,T1002074,SETTLED,2026-09-17 19:48:15,2026-09-17 19:48:24,2395
E1009728,T1003449,AUTHORIZED,2026-09-27 14:00:45,2026-09-27 14:00:53,486
E1009732,T1003450,SETTLED,2026-09-27 18:18:59,2026-09-27 18:19:04,2230
E1000981,T1000345,AUTHORIZED,2026-09-03 17:39:03,2026-09-03 18:04:03,822
E1000078,T1000028,CREATED,2026-09-01 10:13:46,2026-09-01 10:13:53,340
E1004136,T1001454,AUTHORIZED,2026-09-12 20:49:29,2026-09-12 20:49:35,2303
E1005560,T1001965,CREATED,2026-09-16 17:40:39,2026-09-16 17:40:45,1597
E1005378,T1001898,SETTLED,2026-09-16 16:50:07,2026-09-16 16:50:11,1878
E1007462,T1002649,AUTHORIZED,2026-09-21 17:07:25,2026-09-21 17:07:30,1969
E1008923,T1003165,AUTHORIZED,2026-09-26 08:10:06,2026-09-26 08:10:11,1765
E1008188,T1002904,SETTLED,2026-09-24 12:26:44,2026-09-24 12:26:50,1322
E1002310,T1000810,SETTLED,2026-09-07 20:41:52,2026-09-07 20:42:01,729
E1009345,T1003314,AUTHORIZED,2026-09-27 14:07:16,2026-09-27 14:07:23,1983
E1009368,T1003322,CREATED,2026-09-27 11:55:52,2026-09-27 11:55:54,842
E1002361,T1000828,FAILED,2026-09-07 08:11:17,2026-09-07 08:11:23,1640
E1003559,T1001249,AUTHORIZED,2026-09-11 11:56:15,2026-09-11 11:56:24,1261
E1004873,T1001715,CREATED,2026-09-14 15:36:04,2026-09-14 15:36:13,322
E1004148,T1001458,SETTLED,2026-09-12 14:09:51,2026-09-12 14:09:55,333
E1008568,T1003040,SETTLED,2026-09-25 23:41:34,2026-09-25 23:41:42,1612
E1002691,T1000946,AUTHORIZED,2026-09-08 08:05:37,2026-09-08 08:05:39,745
E1009884,T1003506,AUTHORIZED,2026-09-28 21:13:19,2026-09-28 21:13:25,2222
E1001166,T1000412,CREATED,2026-09-04 09:06:28,2026-09-04 09:06:33,1078
E1002413,T1000847,AUTHORIZED,2026-09-07 22:18:09,2026-09-07 22:18:19,1793
E1004428,T1001557,SETTLED,2026-09-13 13:33:22,2026-09-13 13:33:24,1461
E1006313,T1002232,AUTHORIZED,2026-09-19 10:06:18,2026-09-19 10:06:28,294
E1000608,T1000214,CREATED,2026-09-02 15:17:00,2026-09-02 15:17:02,303
E1009023,T1003201,SETTLED,2026-09-26 22:03:35,2026-09-26 22:03:36,409
E1007587,T1002695,CREATED,2026-09-22 18:47:37,2026-09-22 18:47:46,80
E1005572,T1001969,CREATED,2026-09-16 13:25:43,2026-09-16 13:25:50,2216
E1000395,T1000139,AUTHORIZED,2026-09-02 12:16:33,2026-09-02 13:10:33,1120
E1004118,T1001448,CREATED,2026-09-12 13:24:47,2026-09-12 13:24:56,1427
E1007552,T1002681,SETTLED,2026-09-22 21:53:17,2026-09-22 21:53:27,1225
E1003566,T1001251,SETTLED,2026-09-11 13:36:15,2026-09-11 13:36:23,2459
E1009263,T1003286,AUTHORIZED,2026-09-26 13:47:55,2026-09-26 13:48:03,448
E1003975,T1001396,SETTLED,2026-09-12 18:58:09,2026-09-12 18:58:10,545
E1008030,T1002850,CREATED,2026-09-23 11:00:09,2026-09-23 11:00:17,716
E1007436,T1002640,CREATED,2026-09-21 18:34:10,2026-09-21 18:34:20,764
E1005894,T1002081,SETTLED,2026-09-17 09:21:02,2026-09-17 09:21:10,1052
E1010289,T1003646,AUTHORIZED,2026-09-29 20:02:41,2026-09-29 20:02:47,748
E1008545,T1003032,SETTLED,2026-09-25 13:04:26,2026-09-25 13:04:36,2202
E1003562,T1001250,AUTHORIZED,2026-09-11 14:30:35,2026-09-11 14:30:42,882
E1003364,T1001180,AUTHORIZED,2026-09-10 13:45:12,2026-09-10 13:45:19,2209
E1008005,T1002841,AUTHORIZED,2026-09-23 15:16:39,2026-09-23 15:16:46,1841
E1010120,T1003588,SETTLED,2026-09-29 20:09:37,2026-09-29 20:09:47,791
E1004547,T1001598,SETTLED,2026-09-13 19:59:03,2026-09-13 20:05:03,1966
E1002769,T1000973,CREATED,2026-09-08 21:17:43,2026-09-08 21:17:46,997
E1008236,T1002921,AUTHORIZED,2026-09-24 18:42:19,2026-09-24 18:42:28,1968
E1000794,T1000279,FAILED,2026-09-03 07:34:02,2026-09-03 07:34:10,443
E1009724,T1003448,CREATED,2026-09-27 13:55:52,2026-09-27 13:55:55,338
E1001479,T1000520,CREATED,2026-09-05 20:21:00,2026-09-05 20:21:10,303
E1009068,T1003217,AUTHORIZED,2026-09-26 19:39:08,2026-09-26 19:39:17,709
E1010549,T1003738,AUTHORIZED,2026-09-30 21:34:22,2026-09-30 21:34:32,212
E1005084,T1001792,CREATED,2026-09-15 19:43:22,2026-09-15 19:43:23,830
E1001798,T1000630,FAILED,2026-09-06 15:47:53,2026-09-06 15:47:55,1768
E1000459,T1000161,AUTHORIZED,2026-09-02 20:05:42,2026-09-02 20:05:49,1724
E1010359,T1003671,SETTLED,2026-09-29 20:28:48,2026-09-29 20:28:52,1765
E1005539,T1001957,SETTLED,2026-09-16 12:26:57,2026-09-16 12:26:59,2155
E1008673,T1003077,CREATED,2026-09-25 20:11:20,2026-09-25 20:11:30,41
E1005089,T1001793,SETTLED,2026-09-15 21:21:22,2026-09-15 21:21:30,1003
E1001167,T1000412,AUTHORIZED,2026-09-04 09:06:54,2026-09-04 09:07:01,2481
E1009902,T1003512,SETTLED,2026-09-28 11:41:31,2026-09-28 11:41:41,2056
E1009237,T1003277,AUTHORIZED,2026-09-26 17:35:44,2026-09-26 18:25:44,1216
E1000029,T1000011,CREATED,2026-09-01 11:05:29,2026-09-01 11:05:32,1675
E1007372,T1002617,CREATED,2026-09-21 21:36:46,2026-09-21 21:36:56,715
E1000280,T1000098,SETTLED,2026-09-01 17:53:39,2026-09-01 17:53:48,1269
E1006765,T1002401,CREATED,2026-09-20 14:42:10,2026-09-20 14:42:16,1590
E1009900,T1003512,CREATED,2026-09-28 11:34:31,2026-09-28 11:34:32,1248
E1009057,T1003213,SETTLED,2026-09-26 20:46:44,2026-09-26 20:46:52,1948
E1005899,T1002083,AUTHORIZED,2026-09-17 10:32:42,2026-09-17 10:32:44,756
E1009979,T1003539,CREATED,2026-09-28 13:35:33,2026-09-28 13:35:43,1194
E1008654,T1003070,AUTHORIZED,2026-09-25 21:49:24,2026-09-25 22:50:24,1316
E1001273,T1000448,FAILED,2026-09-04 11:37:12,2026-09-04 11:37:19,206
E1002991,T1001050,SETTLED,2026-09-09 19:47:53,2026-09-09 19:48:03,2304
E1009024,T1003202,CREATED,2026-09-26 09:09:10,2026-09-26 09:09:15,280
E1007457,T1002647,SETTLED,2026-09-21 16:42:45,2026-09-21 16:42:46,1309
E1004945,T1001740,SETTLED,2026-09-14 22:34:32,2026-09-14 22:34:37,2138
E1005387,T1001902,CREATED,2026-09-16 19:07:58,2026-09-16 19:08:07,786
E1007570,T1002688,AUTHORIZED,2026-09-22 19:43:25,2026-09-22 19:43:27,133
E1010082,T1003575,AUTHORIZED,2026-09-28 20:17:04,2026-09-28 20:17:12,77
E1001117,T1000395,SETTLED,2026-09-04 07:34:25,2026-09-04 07:34:32,1998
E1005975,T1002110,CREATED,2026-09-18 21:28:09,2026-09-18 21:28:15,1316
E1004072,T1001432,AUTHORIZED,2026-09-12 14:48:30,2026-09-12 14:48:37,1660
E1003515,T1001234,CREATED,2026-09-11 11:04:11,2026-09-11 11:04:14,717
E1002757,T1000969,CREATED,2026-09-08 21:22:18,2026-09-08 21:45:18,1748
E1000774,T1000272,CREATED,2026-09-03 11:05:58,2026-09-03 11:05:59,144
E1004543,T1001597,AUTHORIZED,2026-09-13 15:58:01,2026-09-13 15:58:06,301
E1005391,T1001903,AUTHORIZED,2026-09-16 18:45:36,2026-09-16 18:45:39,533
E1000776,T1000272,SETTLED,2026-09-03 12:35:58,2026-09-03 12:35:59,2219
E1006566,T1002326,CREATED,2026-09-19 20:06:32,2026-09-19 20:06:36,1828
E1005207,T1001835,AUTHORIZED,2026-09-15 18:19:05,2026-09-15 18:19:08,1701
E1003585,T1001258,AUTHORIZED,2026-09-11 13:14:06,2026-09-11 13:14:09,654
E1000838,T1000295,SETTLED,2026-09-03 23:08:55,2026-09-03 23:52:55,315
E1000118,T1000042,AUTHORIZED,2026-09-01 18:47:53,2026-09-01 18:48:00,1962
E1005519,T1001950,AUTHORIZED,2026-09-16 20:14:27,2026-09-16 20:14:36,2088
E1001900,T1000665,SETTLED,2026-09-06 17:46:26,2026-09-06 17:46:34,472
E1002290,T1000803,SETTLED,2026-09-07 08:31:58,2026-09-07 08:31:59,2262
E1000827,T1000291,SETTLED,2026-09-03 21:38:29,2026-09-03 21:38:38,1092
E1004333,T1001523,CREATED,2026-09-13 16:24:35,2026-09-13 16:24:45,1148
E1010204,T1003617,AUTHORIZED,2026-09-29 18:42:53,2026-09-29 18:43:02,1076
E1003945,T1001385,SETTLED,2026-09-12 08:45:39,2026-09-12 08:45:48,1995
E1003318,T1001164,AUTHORIZED,2026-09-10 20:56:03,2026-09-10 20:56:13,2481
E1004889,T1001721,CREATED,2026-09-14 20:21:46,2026-09-14 20:21:56,1246
E1005114,T1001802,AUTHORIZED,2026-09-15 21:01:46,2026-09-15 21:01:55,1033
E1007251,T1002573,CREATED,2026-09-21 11:13:02,2026-09-21 11:13:11,1874
E1003689,T1001295,CREATED,2026-09-11 10:20:31,2026-09-11 10:20:37,998
E1004239,T1001489,SETTLED,2026-09-13 16:37:40,2026-09-13 16:37:48,904
E1002050,T1000718,AUTHORIZED,2026-09-06 18:16:23,2026-09-06 18:16:24,171
E1001544,T1000543,CREATED,2026-09-05 17:46:04,2026-09-05 17:46:05,855
E1008215,T1002913,SETTLED,2026-09-24 18:18:52,2026-09-24 18:18:54,2480
E1006431,T1002276,CREATED,2026-09-19 11:09:23,2026-09-19 11:09:25,1876
E1009484,T1003363,AUTHORIZED,2026-09-27 13:29:53,2026-09-27 13:29:57,1377
E1003730,T1001310,SETTLED,2026-09-11 17:56:18,2026-09-11 17:56:20,2150
E1007326,T1002600,SETTLED,2026-09-21 11:30:51,2026-09-21 11:31:00,2032
E1007569,T1002688,CREATED,2026-09-22 19:43:00,2026-09-22 19:43:07,516
E1005416,T1001913,CREATED,2026-09-16 20:58:49,2026-09-16 20:58:57,1557
E1010220,T1003623,AUTHORIZED,2026-09-29 14:20:32,2026-09-29 14:20:34,1949
E1004583,T1001611,CREATED,2026-09-13 11:11:46,2026-09-13 11:11:49,1999
E1009054,T1003212,SETTLED,2026-09-26 16:37:36,2026-09-26 16:37:45,353
E1008820,T1003128,SETTLED,2026-09-25 14:38:19,2026-09-25 14:38:23,2209
E1005897,T1002082,SETTLED,2026-09-17 18:15:53,2026-09-17 18:15:59,652
E1000711,T1000250,CREATED,2026-09-03 22:17:54,2026-09-03 22:18:01,2202
E1009196,T1003262,SETTLED,2026-09-26 17:07:12,2026-09-26 17:07:19,1225
E1002900,T1001019,CREATED,2026-09-09 20:30:02,2026-09-09 20:30:09,364
E1001088,T1000385,AUTHORIZED,2026-09-04 10:15:24,2026-09-04 10:15:32,1121
E1009586,T1003398,SETTLED,2026-09-27 20:38:40,2026-09-27 20:38:47,2334
E1001603,T1000564,CREATED,2026-09-05 13:29:58,2026-09-05 13:30:00,1235
E1004497,T1001581,SETTLED,2026-09-13 20:14:26,2026-09-13 20:14:35,167
E1006540,T1002317,CREATED,2026-09-19 20:25:14,2026-09-19 20:25:16,1744
E1006178,T1002185,CREATED,2026-09-18 19:30:21,2026-09-18 19:30:29,863
E1001702,T1000597,SETTLED,2026-09-05 18:33:08,2026-09-05 18:33:11,728
E1006005,T1002121,FAILED,2026-09-18 20:22:21,2026-09-18 20:22:28,1775
E1003978,T1001397,SETTLED,2026-09-12 13:32:55,2026-09-12 13:33:04,1742
E1005891,T1002080,SETTLED,2026-09-17 14:07:10,2026-09-17 14:07:19,1046
E1002180,T1000764,CREATED,2026-09-06 11:36:03,2026-09-06 11:36:05,260
E1007992,T1002836,SETTLED,2026-09-23 17:22:08,2026-09-23 17:22:15,352
E1001734,T1000608,AUTHORIZED,2026-09-05 09:34:04,2026-09-05 09:34:12,2232
E1007456,T1002647,AUTHORIZED,2026-09-21 16:28:02,2026-09-21 16:28:10,1257
E1009491,T1003365,SETTLED,2026-09-27 19:48:10,2026-09-27 19:48:16,1997
E1008916,T1003162,AUTHORIZED,2026-09-26 20:05:32,2026-09-26 20:05:35,64
E1005579,T1001971,AUTHORIZED,2026-09-16 16:31:53,2026-09-16 16:32:03,2077
E1009781,T1003469,CREATED,2026-09-28 13:41:40,2026-09-28 13:41:48,676
E1006282,T1002222,CREATED,2026-09-18 17:06:39,2026-09-18 17:06:42,1614
E1002621,T1000920,SETTLED,2026-09-08 17:34:07,2026-09-08 17:43:07,477
E1003777,T1001327,SETTLED,2026-09-11 14:58:23,2026-09-11 14:58:26,256
E1004463,T1001570,CREATED,2026-09-13 19:10:31,2026-09-13 19:10:39,2124
E1001136,T1000402,CREATED,2026-09-04 08:34:30,2026-09-04 08:34:38,679
E1000531,T1000187,CREATED,2026-09-02 11:04:55,2026-09-02 11:05:00,1271
E1008177,T1002901,CREATED,2026-09-24 15:03:29,2026-09-24 15:03:34,1249
E1006728,T1002387,CREATED,2026-09-19 15:33:38,2026-09-19 15:33:41,2203
E1009929,T1003522,AUTHORIZED,2026-09-28 09:56:57,2026-09-28 09:57:03,2297
E1008625,T1003060,AUTHORIZED,2026-09-25 18:09:43,2026-09-25 19:37:43,2459
E1006598,T1002338,AUTHORIZED,2026-09-19 18:17:46,2026-09-19 18:17:55,564
E1007762,T1002757,AUTHORIZED,2026-09-22 10:38:01,2026-09-22 12:02:01,1176
E1000030,T1000011,FAILED,2026-09-01 11:05:39,2026-09-01 11:05:49,735
E1007072,T1002510,SETTLED,2026-09-20 20:04:27,2026-09-20 20:04:33,1251
E1000347,T1000123,CREATED,2026-09-01 18:58:44,2026-09-01 18:58:45,472
E1003326,T1001167,CREATED,2026-09-10 21:48:19,2026-09-10 21:48:20,884
E1001407,T1000495,CREATED,2026-09-05 11:28:45,2026-09-05 11:28:52,2197
E1001844,T1000646,SETTLED,2026-09-06 12:29:07,2026-09-06 12:29:11,1526
E1009207,T1003266,AUTHORIZED,2026-09-26 15:42:38,2026-09-26 15:42:41,491
E1008941,T1003172,AUTHORIZED,2026-09-26 17:07:06,2026-09-26 17:07:07,2030
E1008540,T1003031,CREATED,2026-09-25 11:27:02,2026-09-25 11:27:03,1420
E1009138,T1003242,SETTLED,2026-09-26 16:58:47,2026-09-26 16:58:49,684
E1004812,T1001694,AUTHORIZED,2026-09-14 11:24:15,2026-09-14 11:24:21,1050
E1002917,T1001024,SETTLED,2026-09-09 22:17:02,2026-09-09 22:17:12,905
E1000888,T1000313,CREATED,2026-09-03 14:32:37,2026-09-03 14:32:44,2251
E1003481,T1001222,CREATED,2026-09-10 07:20:07,2026-09-10 07:20:13,2361
E1002563,T1000901,CREATED,2026-09-08 18:49:21,2026-09-08 18:49:23,653
E1004603,T1001618,AUTHORIZED,2026-09-13 19:15:54,2026-09-13 19:16:04,2238
E1006811,T1002417,CREATED,2026-09-20 10:10:04,2026-09-20 10:10:06,1595
E1010010,T1003549,SETTLED,2026-09-28 19:47:40,2026-09-28 19:47:43,85
E1010494,T1003719,CREATED,2026-09-30 10:17:39,2026-09-30 10:17:49,715
E1007514,T1002668,FAILED,2026-09-22 09:16:10,2026-09-22 09:16:19,2044
E1010671,T1003782,CREATED,2026-09-30 11:58:08,2026-09-30 11:58:17,1618
E1004811,T1001694,CREATED,2026-09-14 11:24:00,2026-09-14 11:24:04,1754
E1004146,T1001458,CREATED,2026-09-12 13:58:51,2026-09-12 13:58:57,508
E1010574,T1003747,AUTHORIZED,2026-09-30 16:31:38,2026-09-30 16:31:42,1454
E1001652,T1000580,SETTLED,2026-09-05 18:19:06,2026-09-05 18:19:07,403
E1008770,T1003110,FAILED,2026-09-25 09:01:20,2026-09-25 09:01:30,898
E1007906,T1002807,CREATED,2026-09-23 09:11:00,2026-09-23 09:11:01,1955
E1009082,T1003222,AUTHORIZED,2026-09-26 18:08:32,2026-09-26 18:08:37,40
E1010457,T1003706,AUTHORIZED,2026-09-29 16:40:17,2026-09-29 16:40:23,906
E1009431,T1003344,SETTLED,2026-09-27 13:42:39,2026-09-27 13:42:45,388
E1003032,T1001064,FAILED,2026-09-09 19:28:31,2026-09-09 19:28:37,206
E1005322,T1001879,AUTHORIZED,2026-09-16 13:11:07,2026-09-16 13:11:13,259
E1001207,T1000426,CREATED,2026-09-04 18:58:18,2026-09-04 18:58:28,2439
E1002686,T1000944,AUTHORIZED,2026-09-08 10:58:23,2026-09-08 11:26:23,2197
E1005983,T1002113,AUTHORIZED,2026-09-18 18:56:36,2026-09-18 18:56:37,2030
E1006079,T1002147,SETTLED,2026-09-18 21:51:43,2026-09-18 21:51:53,2069
E1004390,T1001544,CREATED,2026-09-13 15:10:44,2026-09-13 15:10:54,1560
E1003838,T1001348,SETTLED,2026-09-12 08:11:55,2026-09-12 08:12:02,1366
E1008563,T1003039,CREATED,2026-09-25 20:09:26,2026-09-25 20:09:34,2290
E1004952,T1001743,AUTHORIZED,2026-09-14 07:19:33,2026-09-14 07:19:35,1603
E1000728,T1000256,CREATED,2026-09-03 13:42:21,2026-09-03 13:42:26,359
E1006096,T1002154,AUTHORIZED,2026-09-18 10:52:08,2026-09-18 10:52:11,1489
E1001285,T1000453,CREATED,2026-09-04 14:35:38,2026-09-04 14:35:45,2370
E1005037,T1001774,AUTHORIZED,2026-09-15 12:42:19,2026-09-15 12:42:28,2244
E1006947,T1002465,FAILED,2026-09-20 15:35:38,2026-09-20 15:35:48,1466
E1009637,T1003417,CREATED,2026-09-27 07:46:21,2026-09-27 07:46:26,1611
E1007645,T1002715,FAILED,2026-09-22 13:45:08,2026-09-22 13:45:16,711
E1008157,T1002894,AUTHORIZED,2026-09-24 09:35:39,2026-09-24 09:35:41,2090
E1003916,T1001375,AUTHORIZED,2026-09-12 14:04:02,2026-09-12 14:04:07,1371
E1005496,T1001942,SETTLED,2026-09-16 16:37:22,2026-09-16 16:37:30,670
E1004828,T1001699,SETTLED,2026-09-14 20:43:10,2026-09-14 20:43:20,750
E1000133,T1000047,SETTLED,2026-09-01 11:34:13,2026-09-01 11:55:13,1212
E1001612,T1000567,CREATED,2026-09-05 19:51:06,2026-09-05 19:51:07,52
E1009570,T1003393,CREATED,2026-09-27 08:56:18,2026-09-27 08:56:23,1681
E1007488,T1002658,AUTHORIZED,2026-09-21 16:45:06,2026-09-21 16:45:10,1069
E1010099,T1003581,CREATED,2026-09-28 09:35:15,2026-09-28 09:35:17,1423
E1004245,T1001491,SETTLED,2026-09-13 19:55:55,2026-09-13 19:56:00,783
E1006925,T1002457,SETTLED,2026-09-20 11:38:29,2026-09-20 11:38:33,1398
E1004980,T1001752,SETTLED,2026-09-14 10:44:21,2026-09-14 10:44:27,1939
E1006784,T1002407,AUTHORIZED,2026-09-20 18:56:38,2026-09-20 18:56:40,2019
E1004499,T1001582,AUTHORIZED,2026-09-13 13:24:02,2026-09-13 13:24:04,755
E1003822,T1001343,AUTHORIZED,2026-09-12 11:38:43,2026-09-12 11:38:53,1990
E1006475,T1002292,CREATED,2026-09-19 13:13:47,2026-09-19 13:13:54,1139
E1005726,T1002024,AUTHORIZED,2026-09-17 10:09:16,2026-09-17 10:09:18,2094
E1003230,T1001134,CREATED,2026-09-10 15:30:08,2026-09-10 15:30:09,2452
E1005364,T1001894,CREATED,2026-09-16 13:40:08,2026-09-16 13:40:16,2290
E1002529,T1000888,SETTLED,2026-09-08 09:32:27,2026-09-08 09:32:32,1922
E1009994,T1003544,AUTHORIZED,2026-09-28 19:00:09,2026-09-28 19:00:14,587
E1010193,T1003613,SETTLED,2026-09-29 22:42:14,2026-09-29 22:42:22,1006
E1009070,T1003218,CREATED,2026-09-26 09:30:57,2026-09-26 09:31:07,693
E1002193,T1000768,SETTLED,2026-09-06 20:43:08,2026-09-06 20:43:17,785
E1003618,T1001270,CREATED,2026-09-11 20:04:01,2026-09-11 20:04:03,2329
E1006461,T1002287,AUTHORIZED,2026-09-19 12:32:08,2026-09-19 12:32:12,71
E1003435,T1001204,SETTLED,2026-09-10 14:44:18,2026-09-10 14:44:21,1989
E1000730,T1000256,SETTLED,2026-09-03 14:07:21,2026-09-03 14:07:22,1099
E1005398,T1001906,CREATED,2026-09-16 12:48:08,2026-09-16 12:48:11,2422
E1000061,T1000022,AUTHORIZED,2026-09-01 16:50:29,2026-09-01 16:50:31,934
E1009958,T1003532,CREATED,2026-09-28 10:29:59,2026-09-28 10:30:09,1461
E1000450,T1000158,AUTHORIZED,2026-09-02 20:00:50,2026-09-02 20:00:51,167
E1007123,T1002528,AUTHORIZED,2026-09-20 13:55:25,2026-09-20 13:55:29,2125
E1000089,T1000031,SETTLED,2026-09-01 11:44:33,2026-09-01 11:44:40,435
E1003951,T1001388,CREATED,2026-09-12 16:00:13,2026-09-12 16:00:23,2487
E1007261,T1002577,AUTHORIZED,2026-09-21 21:46:49,2026-09-21 21:56:49,2154
E1007951,T1002822,SETTLED,2026-09-23 11:30:07,2026-09-23 11:30:15,981
E1007201,T1002555,CREATED,2026-09-21 11:24:45,2026-09-21 11:24:54,881
E1005614,T1001983,CREATED,2026-09-16 12:14:23,2026-09-16 12:14:29,1006
E1002218,T1000777,AUTHORIZED,2026-09-07 18:21:59,2026-09-07 18:22:04,2447
E1005791,T1002046,AUTHORIZED,2026-09-17 18:48:24,2026-09-17 18:48:26,1205
E1000247,T1000086,SETTLED,2026-09-01 09:03:23,2026-09-01 09:57:23,2320
E1006774,T1002404,CREATED,2026-09-20 11:24:55,2026-09-20 11:25:02,1159
E1001701,T1000597,AUTHORIZED,2026-09-05 18:09:23,2026-09-05 18:09:29,969
E1002842,T1000999,CREATED,2026-09-09 19:05:48,2026-09-09 19:05:51,754
E1000597,T1000210,CREATED,2026-09-02 16:19:00,2026-09-02 16:19:05,287
E1005094,T1001795,AUTHORIZED,2026-09-15 17:03:47,2026-09-15 17:03:57,1641
E1003298,T1001157,SETTLED,2026-09-10 17:43:35,2026-09-10 17:43:40,1265
E1008605,T1003053,AUTHORIZED,2026-09-25 08:49:10,2026-09-25 08:49:12,1820
E1009410,T1003336,AUTHORIZED,2026-09-27 13:00:24,2026-09-27 13:00:30,2085
E1000295,T1000104,SETTLED,2026-09-01 20:04:32,2026-09-01 20:04:39,2060
E1006067,T1002143,SETTLED,2026-09-18 22:44:19,2026-09-18 22:44:24,378
E1007264,T1002578,SETTLED,2026-09-21 12:39:43,2026-09-21 12:39:48,1446
E1006882,T1002442,AUTHORIZED,2026-09-20 18:13:40,2026-09-20 18:13:50,975
E1003809,T1001339,CREATED,2026-09-12 14:01:23,2026-09-12 14:01:29,1844
E1001931,T1000676,SETTLED,2026-09-06 07:19:32,2026-09-06 07:19:33,881
E1005143,T1001812,SETTLED,2026-09-15 15:41:30,2026-09-15 15:41:36,627
E1001716,T1000602,AUTHORIZED,2026-09-05 12:53:12,2026-09-05 12:53:21,625
E1000513,T1000180,CREATED,2026-09-02 10:23:28,2026-09-02 10:23:37,838
E1010081,T1003575,CREATED,2026-09-28 20:16:42,2026-09-28 20:16:43,2062
E1006135,T1002169,CREATED,2026-09-18 15:41:28,2026-09-18 15:41:36,475
E1010291,T1003647,CREATED,2026-09-29 21:47:42,2026-09-29 21:47:49,2181
E1006994,T1002482,CREATED,2026-09-20 10:00:38,2026-09-20 10:00:47,2051
E1002623,T1000921,AUTHORIZED,2026-09-08 11:20:59,2026-09-08 11:21:00,1334
E1002569,T1000903,CREATED,2026-09-08 20:45:53,2026-09-08 20:46:02,1331
E1007563,T1002686,CREATED,2026-09-22 09:49:48,2026-09-22 09:49:54,383
E1010800,T1003828,CREATED,2026-09-30 20:00:18,2026-09-30 20:00:20,2497
E1009542,T1003383,SETTLED,2026-09-27 10:19:51,2026-09-27 10:19:52,164
E1001295,T1000456,AUTHORIZED,2026-09-04 19:45:43,2026-09-04 19:45:48,565
E1005034,T1001773,CREATED,2026-09-15 10:51:04,2026-09-15 10:51:08,868
E1001165,T1000411,SETTLED,2026-09-04 15:07:38,2026-09-04 15:07:45,806
E1003137,T1001101,AUTHORIZED,2026-09-09 11:16:03,2026-09-09 11:16:06,550
E1002053,T1000719,SETTLED,2026-09-06 21:31:02,2026-09-06 21:31:06,423
E1006196,T1002191,AUTHORIZED,2026-09-18 18:09:14,2026-09-18 18:09:24,247
E1010408,T1003688,SETTLED,2026-09-29 17:56:00,2026-09-29 17:56:09,1560
E1006948,T1002466,CREATED,2026-09-20 10:36:36,2026-09-20 10:36:45,959
E1006584,T1002332,AUTHORIZED,2026-09-19 21:33:19,2026-09-19 22:45:19,1970
E1010463,T1003708,SETTLED,2026-09-29 16:08:31,2026-09-29 16:08:33,1519
E1010207,T1003618,AUTHORIZED,2026-09-29 09:32:49,2026-09-29 09:32:54,808
E1009941,T1003526,AUTHORIZED,2026-09-28 09:37:51,2026-09-28 09:37:54,1485
E1002729,T1000959,CREATED,2026-09-08 17:56:50,2026-09-08 17:56:53,2392
E1002868,T1001008,CREATED,2026-09-09 09:11:08,2026-09-09 09:11:11,1147
E1009149,T1003246,AUTHORIZED,2026-09-26 22:43:32,2026-09-26 22:43:33,594
E1009115,T1003234,AUTHORIZED,2026-09-26 13:58:09,2026-09-26 14:46:09,383
E1003808,T1001338,AUTHORIZED,2026-09-12 10:35:26,2026-09-12 10:35:30,809
E1000672,T1000236,SETTLED,2026-09-02 08:29:34,2026-09-02 08:29:41,1255
E1009387,T1003328,AUTHORIZED,2026-09-27 10:44:37,2026-09-27 10:44:45,1972
E1007266,T1002579,FAILED,2026-09-21 21:33:12,2026-09-21 21:33:15,230
E1002577,T1000905,SETTLED,2026-09-08 22:09:50,2026-09-08 22:09:56,1838
E1009359,T1003319,CREATED,2026-09-27 19:58:20,2026-09-27 19:58:26,571
E1009552,T1003387,CREATED,2026-09-27 09:13:12,2026-09-27 09:13:21,1465
E1001071,T1000378,SETTLED,2026-09-04 11:49:40,2026-09-04 11:49:45,1172
E1003413,T1001197,CREATED,2026-09-10 11:43:54,2026-09-10 11:43:56,1575
E1002650,T1000931,CREATED,2026-09-08 13:02:39,2026-09-08 13:02:49,1862
E1004619,T1001624,CREATED,2026-09-13 13:33:39,2026-09-13 13:33:47,1478
E1000301,T1000106,SETTLED,2026-09-01 20:05:31,2026-09-01 20:05:32,1279
E1002818,T1000990,AUTHORIZED,2026-09-08 22:06:02,2026-09-08 22:06:12,1603
E1008483,T1003010,SETTLED,2026-09-25 13:02:22,2026-09-25 13:02:23,2415
E1002033,T1000712,SETTLED,2026-09-06 18:51:34,2026-09-06 18:51:40,2001
E1001233,T1000434,SETTLED,2026-09-04 07:18:34,2026-09-04 07:18:41,87
E1009395,T1003331,CREATED,2026-09-27 21:28:02,2026-09-27 21:28:09,811
E1008521,T1003024,CREATED,2026-09-25 22:31:41,2026-09-25 22:31:43,634
E1008010,T1002843,AUTHORIZED,2026-09-23 19:09:27,2026-09-23 19:09:36,2318
E1001885,T1000660,SETTLED,2026-09-06 23:15:31,2026-09-06 23:15:36,1938
E1003806,T1001337,SETTLED,2026-09-11 21:22:33,2026-09-11 21:22:35,961
E1010143,T1003596,FAILED,2026-09-29 22:09:57,2026-09-29 22:10:03,908
E1001243,T1000438,CREATED,2026-09-04 09:04:58,2026-09-04 09:05:00,1123
E1010259,T1003636,AUTHORIZED,2026-09-29 09:39:14,2026-09-29 09:39:23,1485
E1003667,T1001287,AUTHORIZED,2026-09-11 11:31:04,2026-09-11 11:31:09,1594
E1001770,T1000621,CREATED,2026-09-06 21:47:57,2026-09-06 21:48:06,142
E1007393,T1002624,SETTLED,2026-09-21 20:30:52,2026-09-21 20:30:59,1104
E1007938,T1002818,AUTHORIZED,2026-09-23 11:23:25,2026-09-23 11:23:30,1778
E1000353,T1000125,CREATED,2026-09-01 07:55:15,2026-09-01 07:55:17,1439
E1004939,T1001738,AUTHORIZED,2026-09-14 19:36:09,2026-09-14 19:36:12,601
E1004842,T1001704,AUTHORIZED,2026-09-14 23:05:08,2026-09-14 23:05:16,1282
E1006285,T1002223,CREATED,2026-09-18 14:41:36,2026-09-18 14:41:45,1584
E1008518,T1003023,CREATED,2026-09-25 19:06:33,2026-09-25 19:06:35,843
E1002204,T1000772,SETTLED,2026-09-06 14:13:34,2026-09-06 14:13:42,1784
E1002257,T1000791,AUTHORIZED,2026-09-07 19:34:46,2026-09-07 19:34:52,399
E1004513,T1001587,CREATED,2026-09-13 09:09:42,2026-09-13 09:09:51,876
E1001296,T1000456,SETTLED,2026-09-04 20:01:23,2026-09-04 20:01:29,1368
E1005622,T1001986,CREATED,2026-09-17 16:50:54,2026-09-17 16:51:00,2167
E1001124,T1000398,CREATED,2026-09-04 22:08:58,2026-09-04 22:09:08,1567
E1006359,T1002249,CREATED,2026-09-19 16:04:45,2026-09-19 16:49:45,2191
E1005895,T1002082,CREATED,2026-09-17 18:04:53,2026-09-17 18:04:54,1084
E1007892,T1002802,CREATED,2026-09-23 11:06:46,2026-09-23 11:06:49,1873
E1000593,T1000208,SETTLED,2026-09-02 15:18:48,2026-09-02 15:18:55,2331
E1004573,T1001607,SETTLED,2026-09-13 20:14:40,2026-09-13 20:14:50,565
E1010458,T1003706,SETTLED,2026-09-29 16:48:58,2026-09-29 16:48:59,657
E1009233,T1003276,CREATED,2026-09-26 10:36:06,2026-09-26 10:36:14,426
E1007275,T1002582,SETTLED,2026-09-21 11:14:05,2026-09-21 11:14:06,2106
E1003549,T1001246,CREATED,2026-09-11 21:19:57,2026-09-11 21:20:05,1479
E1005945,T1002100,CREATED,2026-09-17 14:12:39,2026-09-17 14:12:46,774
E1009617,T1003409,SETTLED,2026-09-27 23:00:34,2026-09-27 23:00:41,2234
E1008092,T1002872,AUTHORIZED,2026-09-23 12:10:15,2026-09-23 12:10:19,1718
E1001417,T1000498,AUTHORIZED,2026-09-05 07:22:01,2026-09-05 07:22:05,1615
E1006707,T1002379,FAILED,2026-09-19 21:04:29,2026-09-19 21:04:33,2274
E1002398,T1000842,CREATED,2026-09-07 12:04:51,2026-09-07 12:04:52,182
E1010680,T1003785,AUTHORIZED,2026-09-30 19:23:16,2026-09-30 19:23:20,680
E1006866,T1002436,SETTLED,2026-09-20 19:18:46,2026-09-20 19:18:50,2241
E1002416,T1000848,AUTHORIZED,2026-09-07 13:58:06,2026-09-07 13:58:11,625
E1003010,T1001057,CREATED,2026-09-09 10:10:22,2026-09-09 10:10:30,1771
E1010425,T1003694,SETTLED,2026-09-29 20:14:59,2026-09-29 20:15:04,1323
E1001090,T1000386,CREATED,2026-09-04 16:13:32,2026-09-04 16:13:42,2002
E1008290,T1002941,SETTLED,2026-09-24 09:38:37,2026-09-24 09:38:41,1244
E1005385,T1001901,AUTHORIZED,2026-09-16 22:53:16,2026-09-16 22:53:21,1305
E1010467,T1003710,CREATED,2026-09-29 13:51:14,2026-09-29 13:51:17,669
E1008874,T1003147,AUTHORIZED,2026-09-26 11:11:50,2026-09-26 11:11:51,207
E1002848,T1001001,CREATED,2026-09-09 12:30:54,2026-09-09 12:30:58,2177
E1002559,T1000899,SETTLED,2026-09-08 10:14:14,2026-09-08 10:14:15,1468
E1006152,T1002175,SETTLED,2026-09-18 10:39:43,2026-09-18 10:39:53,127
E1002196,T1000770,CREATED,2026-09-06 10:56:59,2026-09-06 10:57:05,1915
E1000750,T1000264,CREATED,2026-09-03 21:08:48,2026-09-03 21:08:54,1292
E1008042,T1002854,AUTHORIZED,2026-09-23 21:14:09,2026-09-23 21:14:13,70
E1006596,T1002337,FAILED,2026-09-19 17:17:28,2026-09-19 17:17:31,1038
E1005657,T1001998,AUTHORIZED,2026-09-17 20:17:19,2026-09-17 20:17:28,2361
E1005871,T1002074,CREATED,2026-09-17 19:42:15,2026-09-17 19:42:20,1475
E1004122,T1001449,AUTHORIZED,2026-09-12 17:47:33,2026-09-12 17:47:41,558
E1005538,T1001957,AUTHORIZED,2026-09-16 12:06:09,2026-09-16 12:06:17,811
E1005244,T1001849,SETTLED,2026-09-15 21:06:24,2026-09-15 22:31:24,132
E1004403,T1001548,AUTHORIZED,2026-09-13 09:09:12,2026-09-13 09:09:22,1349
E1005020,T1001767,AUTHORIZED,2026-09-15 20:35:39,2026-09-15 20:35:46,983
E1007527,T1002673,AUTHORIZED,2026-09-22 17:53:17,2026-09-22 17:53:22,2474
E1002720,T1000956,CREATED,2026-09-08 18:25:40,2026-09-08 18:25:45,1697
E1001025,T1000361,SETTLED,2026-09-04 20:58:21,2026-09-04 20:58:30,421
E1001632,T1000574,CREATED,2026-09-05 08:29:11,2026-09-05 08:36:11,266
E1000021,T1000008,CREATED,2026-09-01 15:45:09,2026-09-01 15:45:17,651
E1001795,T1000629,AUTHORIZED,2026-09-06 14:52:45,2026-09-06 14:52:54,2484
E1006052,T1002138,AUTHORIZED,2026-09-18 18:05:46,2026-09-18 18:05:56,1570
E1010495,T1003719,AUTHORIZED,2026-09-30 10:17:50,2026-09-30 10:17:54,180
E1004276,T1001502,SETTLED,2026-09-13 11:28:00,2026-09-13 11:28:02,1728
E1006284,T1002222,SETTLED,2026-09-18 17:25:39,2026-09-18 17:25:42,1599
E1010074,T1003572,AUTHORIZED,2026-09-28 14:06:10,2026-09-28 14:06:19,342
E1004155,T1001461,CREATED,2026-09-12 20:10:44,2026-09-12 20:10:46,2250
E1009989,T1003542,SETTLED,2026-09-28 11:05:09,2026-09-28 11:05:18,1983
E1008556,T1003036,AUTHORIZED,2026-09-25 19:40:49,2026-09-25 19:40:58,1552
E1002927,T1001028,CREATED,2026-09-09 18:56:46,2026-09-09 18:56:53,1019
E1010726,T1003801,SETTLED,2026-09-30 13:52:46,2026-09-30 13:52:53,331
E1004195,T1001474,SETTLED,2026-09-12 14:05:58,2026-09-12 14:06:00,2328
E1005357,T1001891,SETTLED,2026-09-16 11:52:22,2026-09-16 11:52:29,2181
E1009107,T1003231,AUTHORIZED,2026-09-26 10:42:22,2026-09-26 10:42:32,1625
E1009707,T1003442,CREATED,2026-09-27 18:38:32,2026-09-27 18:38:42,1039
E1009131,T1003240,AUTHORIZED,2026-09-26 17:12:25,2026-09-26 17:12:32,1403
E1007795,T1002768,SETTLED,2026-09-22 13:39:38,2026-09-22 13:39:46,1399
E1000365,T1000129,CREATED,2026-09-02 10:49:49,2026-09-02 10:49:55,408
E1004493,T1001580,AUTHORIZED,2026-09-13 16:35:36,2026-09-13 16:35:37,2259
E1008025,T1002848,AUTHORIZED,2026-09-23 16:40:14,2026-09-23 16:40:15,2090
E1008173,T1002899,SETTLED,2026-09-24 14:08:16,2026-09-24 14:08:26,1760
E1003584,T1001258,CREATED,2026-09-11 13:13:39,2026-09-11 13:13:48,1964
E1009591,T1003400,AUTHORIZED,2026-09-27 15:13:34,2026-09-27 15:13:40,252
E1000945,T1000333,CREATED,2026-09-03 19:29:46,2026-09-03 19:29:49,443
E1009938,T1003525,AUTHORIZED,2026-09-28 14:40:26,2026-09-28 14:40:28,2086
E1004320,T1001518,CREATED,2026-09-13 18:24:44,2026-09-13 18:24:53,938
E1010757,T1003813,CREATED,2026-09-30 15:46:55,2026-09-30 15:46:59,474
E1001735,T1000608,SETTLED,2026-09-05 09:48:37,2026-09-05 09:48:47,1987
E1000901,T1000317,AUTHORIZED,2026-09-03 21:35:08,2026-09-03 21:35:11,1046
E1008419,T1002988,AUTHORIZED,2026-09-24 08:39:40,2026-09-24 08:39:43,535
E1002316,T1000812,SETTLED,2026-09-07 12:46:20,2026-09-07 12:46:25,821
E1009310,T1003302,CREATED,2026-09-26 16:50:34,2026-09-26 16:50:43,95
E1000638,T1000224,SETTLED,2026-09-02 18:25:32,2026-09-02 18:25:39,2460
E1009228,T1003274,AUTHORIZED,2026-09-26 09:59:06,2026-09-26 09:59:12,943
E1009212,T1003268,AUTHORIZED,2026-09-26 18:04:48,2026-09-26 18:04:55,1603
E1006829,T1002423,SETTLED,2026-09-20 06:27:24,2026-09-20 06:27:34,524
E1009971,T1003536,AUTHORIZED,2026-09-28 19:43:17,2026-09-28 19:43:25,899
E1002926,T1001027,SETTLED,2026-09-09 10:00:41,2026-09-09 10:00:50,598
E1010301,T1003650,AUTHORIZED,2026-09-29 17:34:28,2026-09-29 17:34:36,274
E1002513,T1000883,CREATED,2026-09-08 09:48:41,2026-09-08 09:48:47,2046
E1007176,T1002546,FAILED,2026-09-21 10:42:30,2026-09-21 10:42:38,1921
E1001432,T1000504,AUTHORIZED,2026-09-05 14:35:36,2026-09-05 14:35:46,150
E1001713,T1000601,AUTHORIZED,2026-09-05 14:58:29,2026-09-05 14:58:32,1576
E1004473,T1001573,AUTHORIZED,2026-09-13 09:15:31,2026-09-13 09:15:41,1528
E1010767,T1003816,AUTHORIZED,2026-09-30 14:57:10,2026-09-30 14:57:13,1674
E1005723,T1002023,AUTHORIZED,2026-09-17 11:15:20,2026-09-17 11:15:28,801
E1003280,T1001151,AUTHORIZED,2026-09-10 13:10:04,2026-09-10 13:10:14,370
E1002758,T1000969,AUTHORIZED,2026-09-08 21:22:39,2026-09-08 22:52:39,968
E1001174,T1000414,SETTLED,2026-09-04 13:28:29,2026-09-04 13:28:35,876
E1007150,T1002537,AUTHORIZED,2026-09-21 16:12:14,2026-09-21 16:12:20,2422
E1009249,T1003281,SETTLED,2026-09-26 09:09:16,2026-09-26 09:09:17,614
E1006886,T1002444,CREATED,2026-09-20 13:47:10,2026-09-20 13:47:13,967
E1001263,T1000444,SETTLED,2026-09-04 15:14:05,2026-09-04 15:14:15,581
E1008647,T1003068,CREATED,2026-09-25 10:23:09,2026-09-25 10:23:19,1612
E1001037,T1000366,CREATED,2026-09-04 18:43:50,2026-09-04 18:43:53,2322
E1008863,T1003143,AUTHORIZED,2026-09-26 13:18:03,2026-09-26 13:18:08,412
E1000493,T1000173,CREATED,2026-09-02 08:42:22,2026-09-02 08:42:27,2172
E1008118,T1002881,CREATED,2026-09-23 12:44:18,2026-09-23 12:44:27,1470
E1009499,T1003368,AUTHORIZED,2026-09-27 23:37:09,2026-09-27 23:37:18,218
E1005008,T1001762,AUTHORIZED,2026-09-15 09:51:53,2026-09-15 09:51:58,1308
E1004319,T1001517,AUTHORIZED,2026-09-13 18:25:16,2026-09-13 18:25:25,692
E1005788,T1002045,AUTHORIZED,2026-09-17 23:24:33,2026-09-17 23:24:35,162
E1005566,T1001967,CREATED,2026-09-16 20:08:45,2026-09-16 20:08:50,295
E1007614,T1002704,SETTLED,2026-09-22 23:19:09,2026-09-22 23:19:15,2476
E1006146,T1002173,AUTHORIZED,2026-09-18 10:28:31,2026-09-18 10:28:32,1161
E1008175,T1002900,AUTHORIZED,2026-09-24 21:27:41,2026-09-24 21:27:42,1744
E1010364,T1003673,AUTHORIZED,2026-09-29 14:05:58,2026-09-29 14:06:05,291
E1004932,T1001735,SETTLED,2026-09-14 09:24:16,2026-09-14 09:24:23,1502
E1010658,T1003777,SETTLED,2026-09-30 09:57:13,2026-09-30 09:57:18,1719
E1008032,T1002850,SETTLED,2026-09-23 11:15:09,2026-09-23 11:15:10,2256
E1008093,T1002872,SETTLED,2026-09-23 12:15:55,2026-09-23 12:16:05,1758
E1007137,T1002533,CREATED,2026-09-20 09:02:45,2026-09-20 09:02:50,551
E1006654,T1002359,CREATED,2026-09-19 17:27:51,2026-09-19 17:27:57,1838
E1001391,T1000489,AUTHORIZED,2026-09-05 12:28:52,2026-09-05 12:28:56,172
E1000145,T1000051,SETTLED,2026-09-01 22:07:47,2026-09-01 22:07:53,1369
E1002059,T1000722,CREATED,2026-09-06 14:15:05,2026-09-06 14:15:10,1349
E1001758,T1000617,CREATED,2026-09-05 10:03:36,2026-09-05 11:08:36,2390
E1002013,T1000705,CREATED,2026-09-06 13:41:48,2026-09-06 13:41:58,622
E1010221,T1003623,SETTLED,2026-09-29 14:36:19,2026-09-29 14:36:20,2220
E1002174,T1000761,SETTLED,2026-09-06 14:17:15,2026-09-06 15:05:15,834
E1003448,T1001209,CREATED,2026-09-10 06:01:48,2026-09-10 06:01:54,1354
E1008577,T1003043,SETTLED,2026-09-26 00:57:10,2026-09-26 00:57:13,2325
E1007265,T1002579,CREATED,2026-09-21 21:32:55,2026-09-21 21:33:01,1122
E1002328,T1000817,CREATED,2026-09-07 11:36:29,2026-09-07 11:36:30,2241
E1000016,T1000006,CREATED,2026-09-01 19:33:25,2026-09-01 19:33:27,1304
E1005980,T1002112,AUTHORIZED,2026-09-18 10:48:50,2026-09-18 10:48:59,2034
E1006328,T1002237,SETTLED,2026-09-19 10:18:27,2026-09-19 10:18:35,1011
E1004433,T1001559,AUTHORIZED,2026-09-13 09:14:38,2026-09-13 09:14:41,116
E1006417,T1002270,AUTHORIZED,2026-09-19 18:00:39,2026-09-19 18:00:43,1331
E1002430,T1000853,CREATED,2026-09-07 12:59:32,2026-09-07 12:59:35,1645
E1002730,T1000959,AUTHORIZED,2026-09-08 17:57:11,2026-09-08 17:57:16,112
E1005701,T1002015,AUTHORIZED,2026-09-17 08:15:16,2026-09-17 08:15:21,750
E1001703,T1000598,CREATED,2026-09-05 11:53:05,2026-09-05 11:53:06,1709
E1005999,T1002119,AUTHORIZED,2026-09-18 18:32:38,2026-09-18 18:32:46,2473
E1008297,T1002944,AUTHORIZED,2026-09-24 17:50:56,2026-09-24 17:50:58,2405
E1004949,T1001742,AUTHORIZED,2026-09-14 09:08:12,2026-09-14 09:08:19,861
E1006094,T1002153,FAILED,2026-09-18 18:56:18,2026-09-18 18:56:27,651
E1005799,T1002049,CREATED,2026-09-17 12:09:03,2026-09-17 12:09:04,1774
E1009043,T1003208,AUTHORIZED,2026-09-26 11:47:07,2026-09-26 11:47:11,2171
E1004963,T1001747,CREATED,2026-09-14 10:53:32,2026-09-14 10:53:39,1681
E1008959,T1003178,AUTHORIZED,2026-09-26 11:46:22,2026-09-26 11:46:24,82
E1003898,T1001368,SETTLED,2026-09-12 08:52:06,2026-09-12 08:52:11,2276
E1001559,T1000548,AUTHORIZED,2026-09-05 13:24:18,2026-09-05 13:24:28,802
E1008615,T1003056,SETTLED,2026-09-25 17:59:55,2026-09-25 17:59:56,1950
E1000936,T1000330,CREATED,2026-09-03 11:49:47,2026-09-03 11:49:54,445
E1006226,T1002201,SETTLED,2026-09-18 13:06:34,2026-09-18 13:06:35,1262
E1003729,T1001310,AUTHORIZED,2026-09-11 17:53:36,2026-09-11 17:53:46,2268
E1001524,T1000536,CREATED,2026-09-05 20:58:03,2026-09-05 20:58:05,1766
E1000142,T1000050,SETTLED,2026-09-01 21:03:08,2026-09-01 21:03:12,67
E1003001,T1001054,CREATED,2026-09-09 14:13:02,2026-09-09 14:13:09,522
E1004571,T1001607,CREATED,2026-09-13 20:02:40,2026-09-13 20:02:50,1684
E1008281,T1002938,CREATED,2026-09-24 13:12:38,2026-09-24 13:12:47,2332
E1004039,T1001420,AUTHORIZED,2026-09-12 16:43:22,2026-09-12 16:43:26,2292
E1005450,T1001925,SETTLED,2026-09-16 17:11:13,2026-09-16 17:11:21,1836
E1003801,T1001336,CREATED,2026-09-11 14:05:04,2026-09-11 14:05:06,763
E1006711,T1002381,CREATED,2026-09-19 12:38:49,2026-09-19 12:38:54,1815
E1002767,T1000972,AUTHORIZED,2026-09-08 13:48:51,2026-09-08 13:48:57,1968
E1006978,T1002476,AUTHORIZED,2026-09-20 16:02:26,2026-09-20 16:02:28,575
E1007350,T1002608,SETTLED,2026-09-21 21:14:42,2026-09-21 21:14:47,624
E1002088,T1000732,CREATED,2026-09-06 18:26:04,2026-09-06 18:26:13,1784
E1007579,T1002691,SETTLED,2026-09-22 18:06:32,2026-09-22 18:06:34,1704
E1007689,T1002732,CREATED,2026-09-22 11:21:17,2026-09-22 11:21:22,2100
E1003066,T1001076,AUTHORIZED,2026-09-09 12:57:29,2026-09-09 12:57:35,898
E1009821,T1003484,CREATED,2026-09-28 10:51:35,2026-09-28 10:51:42,69
E1009181,T1003257,CREATED,2026-09-26 11:58:40,2026-09-26 11:58:46,2481
E1000041,T1000015,SETTLED,2026-09-02 01:07:14,2026-09-02 01:07:23,348
E1000932,T1000328,AUTHORIZED,2026-09-03 20:19:31,2026-09-03 20:19:32,1690
E1006334,T1002240,CREATED,2026-09-19 15:53:05,2026-09-19 15:53:13,2371
E1001009,T1000355,AUTHORIZED,2026-09-04 12:14:27,2026-09-04 12:14:28,392
E1009031,T1003204,AUTHORIZED,2026-09-26 21:59:10,2026-09-26 21:59:20,47
E1005413,T1001912,CREATED,2026-09-16 22:34:17,2026-09-16 22:34:26,829
E1003646,T1001279,SETTLED,2026-09-11 14:01:03,2026-09-11 14:01:07,1261
E1010613,T1003761,CREATED,2026-09-30 09:56:40,2026-09-30 09:56:50,2193
E1009748,T1003457,CREATED,2026-09-28 21:10:44,2026-09-28 21:10:53,1048
E1001388,T1000488,CREATED,2026-09-05 22:30:54,2026-09-05 22:31:00,1055
E1005429,T1001918,AUTHORIZED,2026-09-16 13:30:16,2026-09-16 13:30:20,1633
E1001673,T1000587,SETTLED,2026-09-05 20:12:24,2026-09-05 20:32:24,1080
E1010491,T1003718,CREATED,2026-09-30 10:40:14,2026-09-30 10:40:24,509
E1007210,T1002558,CREATED,2026-09-21 12:39:16,2026-09-21 12:39:19,653
E1004365,T1001534,AUTHORIZED,2026-09-13 20:05:06,2026-09-13 20:05:15,2042
E1000232,T1000081,SETTLED,2026-09-01 14:08:53,2026-09-01 14:09:01,536
E1002938,T1001032,CREATED,2026-09-09 17:10:52,2026-09-09 17:10:55,718
E1009764,T1003462,SETTLED,2026-09-28 14:56:41,2026-09-28 14:56:51,471
E1002860,T1001005,CREATED,2026-09-09 11:15:59,2026-09-09 11:16:04,940
E1001608,T1000565,SETTLED,2026-09-05 19:30:09,2026-09-05 19:30:17,370
E1006952,T1002467,AUTHORIZED,2026-09-20 13:05:34,2026-09-20 13:05:36,84
E1006802,T1002413,AUTHORIZED,2026-09-20 16:22:42,2026-09-20 16:22:50,1023
E1002752,T1000967,CREATED,2026-09-08 18:57:01,2026-09-08 18:57:06,975
E1001769,T1000620,SETTLED,2026-09-06 20:42:17,2026-09-06 20:42:26,673
E1006246,T1002209,CREATED,2026-09-18 12:46:51,2026-09-18 12:46:54,393
E1006286,T1002223,AUTHORIZED,2026-09-18 14:41:52,2026-09-18 14:41:59,2470
E1006562,T1002324,SETTLED,2026-09-19 08:43:21,2026-09-19 08:43:22,1087
E1002066,T1000724,SETTLED,2026-09-06 10:49:54,2026-09-06 10:49:59,530
E1004448,T1001564,SETTLED,2026-09-13 09:04:06,2026-09-13 09:04:16,2500
E1001223,T1000431,AUTHORIZED,2026-09-04 22:01:25,2026-09-04 22:01:28,2008
E1003311,T1001162,CREATED,2026-09-10 13:57:46,2026-09-10 13:57:55,559
E1000615,T1000216,AUTHORIZED,2026-09-02 12:15:06,2026-09-02 12:15:12,1652
E1007985,T1002834,CREATED,2026-09-23 19:48:38,2026-09-23 19:48:44,667
E1008010,T1002843,AUTHORIZED,2026-09-23 19:09:27,2026-09-23 19:09:36,2318
E1004791,T1001686,AUTHORIZED,2026-09-14 12:33:38,2026-09-14 12:33:40,422
E1005762,T1002036,SETTLED,2026-09-17 15:59:51,2026-09-17 15:59:57,2247
E1000612,T1000215,AUTHORIZED,2026-09-02 16:30:49,2026-09-02 16:30:59,524
E1000160,T1000057,AUTHORIZED,2026-09-01 10:58:11,2026-09-01 10:58:19,90
E1009545,T1003384,SETTLED,2026-09-27 15:49:22,2026-09-27 15:49:23,2479
E1005722,T1002023,CREATED,2026-09-17 11:14:52,2026-09-17 11:14:59,785
E1000042,T1000016,CREATED,2026-09-01 19:14:01,2026-09-01 19:14:09,1349
E1000633,T1000223,CREATED,2026-09-02 10:54:30,2026-09-02 10:54:34,2260
E1001538,T1000540,SETTLED,2026-09-05 22:23:29,2026-09-05 22:23:32,430
E1006842,T1002428,AUTHORIZED,2026-09-20 12:49:05,2026-09-20 12:49:08,2469
E1002266,T1000794,SETTLED,2026-09-07 16:03:57,2026-09-07 16:04:03,1799
E1001201,T1000424,CREATED,2026-09-04 16:36:48,2026-09-04 16:36:53,1777
E1003831,T1001346,AUTHORIZED,2026-09-12 10:31:02,2026-09-12 10:31:04,1091
E1008245,T1002924,SETTLED,2026-09-24 08:53:23,2026-09-24 08:53:25,2199
E1002709,T1000952,AUTHORIZED,2026-09-08 19:18:52,2026-09-08 19:19:02,620
E1008780,T1003114,AUTHORIZED,2026-09-25 12:20:30,2026-09-25 12:20:31,1918
E1005716,T1002020,SETTLED,2026-09-17 10:27:15,2026-09-17 10:27:25,2072
E1009942,T1003526,SETTLED,2026-09-28 10:00:30,2026-09-28 10:00:39,1791
E1005380,T1001899,AUTHORIZED,2026-09-16 13:10:47,2026-09-16 13:10:51,1331
E1003911,T1001373,AUTHORIZED,2026-09-12 15:15:02,2026-09-12 15:15:07,1137
E1003025,T1001062,CREATED,2026-09-09 17:16:04,2026-09-09 17:16:07,1133
E1009894,T1003510,CREATED,2026-09-28 13:14:57,2026-09-28 13:15:06,1212
E1006308,T1002230,SETTLED,2026-09-19 12:28:04,2026-09-19 12:28:12,1873
E1009999,T1003546,CREATED,2026-09-28 17:49:21,2026-09-28 17:49:25,1916
E1000379,T1000133,SETTLED,2026-09-02 07:37:17,2026-09-02 07:37:20,463
E1004752,T1001672,AUTHORIZED,2026-09-14 13:59:50,2026-09-14 13:59:53,405
E1007085,T1002515,AUTHORIZED,2026-09-20 17:26:40,2026-09-20 17:26:49,148
E1004426,T1001557,CREATED,2026-09-13 13:13:22,2026-09-13 13:13:32,1512
E1001367,T1000480,SETTLED,2026-09-05 19:59:18,2026-09-05 19:59:28,2000
E1001054,T1000372,AUTHORIZED,2026-09-04 19:03:39,2026-09-04 19:03:41,1996
E1010782,T1003822,CREATED,2026-09-30 11:16:34,2026-09-30 11:16:44,2036
E1010515,T1003726,CREATED,2026-09-30 12:44:55,2026-09-30 12:45:02,1689
E1001811,T1000635,CREATED,2026-09-06 18:55:34,2026-09-06 18:55:35,214
E1000650,T1000229,CREATED,2026-09-02 23:59:55,2026-09-02 23:59:56,376
E1001997,T1000699,CREATED,2026-09-06 21:27:04,2026-09-06 21:27:10,1021
E1008994,T1003191,SETTLED,2026-09-26 21:59:45,2026-09-26 21:59:55,375
E1004651,T1001635,SETTLED,2026-09-14 23:29:32,2026-09-14 23:29:42,191
E1003901,T1001369,SETTLED,2026-09-12 16:32:48,2026-09-12 16:32:52,1759
E1009605,T1003405,AUTHORIZED,2026-09-27 18:34:06,2026-09-27 18:34:11,720
E1004550,T1001599,SETTLED,2026-09-13 12:34:54,2026-09-13 12:34:57,2438
E1002488,T1000873,SETTLED,2026-09-07 09:21:11,2026-09-07 09:21:18,1949
E1008867,T1003145,CREATED,2026-09-26 15:44:18,2026-09-26 15:44:22,521
E1005300,T1001871,AUTHORIZED,2026-09-16 09:48:55,2026-09-16 09:48:58,673
E1003674,T1001290,CREATED,2026-09-11 23:20:10,2026-09-11 23:20:18,2078
E1000667,T1000235,CREATED,2026-09-02 21:14:26,2026-09-02 21:14:31,1517
E1001575,T1000554,CREATED,2026-09-05 12:06:13,2026-09-05 12:06:17,1046
E1000937,T1000330,AUTHORIZED,2026-09-03 11:50:13,2026-09-03 11:50:22,2380
E1001984,T1000694,SETTLED,2026-09-06 20:39:00,2026-09-06 20:39:04,1268
E1005228,T1001843,AUTHORIZED,2026-09-15 16:37:25,2026-09-15 16:37:27,66
E1001942,T1000680,SETTLED,2026-09-06 18:19:50,2026-09-06 18:19:58,1013
E1009365,T1003321,CREATED,2026-09-27 19:14:47,2026-09-27 19:14:48,795
E1001925,T1000674,SETTLED,2026-09-06 13:04:42,2026-09-06 13:04:50,1047
E1001959,T1000686,AUTHORIZED,2026-09-06 19:28:37,2026-09-06 19:28:46,91
E1005063,T1001784,CREATED,2026-09-15 08:52:17,2026-09-15 10:18:17,2437
E1009190,T1003260,AUTHORIZED,2026-09-26 19:20:08,2026-09-26 19:20:11,2174
E1003031,T1001064,CREATED,2026-09-09 19:28:22,2026-09-09 19:28:27,282
E1000600,T1000211,CREATED,2026-09-02 19:14:55,2026-09-02 19:15:05,747
E1003461,T1001214,AUTHORIZED,2026-09-10 15:04:08,2026-09-10 15:04:14,697
E1002567,T1000902,AUTHORIZED,2026-09-08 12:39:46,2026-09-08 12:39:50,504
E1007065,T1002507,FAILED,2026-09-20 12:37:26,2026-09-20 12:37:30,1622
E1008653,T1003070,CREATED,2026-09-25 21:49:18,2026-09-25 22:40:18,2374
E1001594,T1000560,SETTLED,2026-09-05 14:37:19,2026-09-05 14:37:20,940
E1003423,T1001200,AUTHORIZED,2026-09-10 10:53:32,2026-09-10 10:53:38,906
E1008565,T1003039,SETTLED,2026-09-25 22:15:26,2026-09-25 22:15:32,706
E1009498,T1003368,CREATED,2026-09-27 23:36:41,2026-09-27 23:36:44,1638
E1002517,T1000884,AUTHORIZED,2026-09-08 16:13:20,2026-09-08 16:13:22,2297
E1002303,T1000808,CREATED,2026-09-07 18:01:27,2026-09-07 18:01:34,2169
E1006932,T1002460,CREATED,2026-09-20 21:20:15,2026-09-20 21:35:15,917
E1001080,T1000382,AUTHORIZED,2026-09-04 09:11:08,2026-09-04 09:11:13,781
E1010373,T1003676,SETTLED,2026-09-29 15:30:37,2026-09-29 15:30:42,355
E1001131,T1000400,AUTHORIZED,2026-09-04 18:13:06,2026-09-04 18:13:09,1654
E1000658,T1000232,CREATED,2026-09-02 12:35:30,2026-09-02 12:35:36,262
E1009321,T1003306,CREATED,2026-09-27 22:47:10,2026-09-27 22:47:15,1532
E1001410,T1000496,CREATED,2026-09-05 12:58:18,2026-09-05 12:58:23,226
E1004079,T1001434,SETTLED,2026-09-12 09:28:16,2026-09-12 09:28:21,2420
E1010788,T1003824,CREATED,2026-09-30 20:19:37,2026-09-30 20:19:42,1080
E1001812,T1000635,AUTHORIZED,2026-09-06 18:55:55,2026-09-06 18:56:00,1517
E1008318,T1002952,AUTHORIZED,2026-09-24 17:32:58,2026-09-24 17:33:01,581
E1002530,T1000889,CREATED,2026-09-08 13:35:52,2026-09-08 14:56:52,304
E1009375,T1003324,AUTHORIZED,2026-09-27 19:09:24,2026-09-27 19:09:27,396
E1001825,T1000640,AUTHORIZED,2026-09-06 12:23:42,2026-09-06 12:23:49,1218
E1008474,T1003007,AUTHORIZED,2026-09-25 15:00:36,2026-09-25 15:00:43,361
E1009397,T1003331,SETTLED,2026-09-27 21:48:02,2026-09-27 21:48:03,1467
E1003429,T1001202,SETTLED,2026-09-10 12:01:43,2026-09-10 12:01:50,1624
E1008339,T1002959,AUTHORIZED,2026-09-24 21:37:34,2026-09-24 21:37:41,1078
E1001714,T1000601,SETTLED,2026-09-05 15:19:15,2026-09-05 15:19:17,1590
E1003439,T1001206,CREATED,2026-09-10 14:35:30,2026-09-10 14:35:33,1230
E1009985,T1003541,AUTHORIZED,2026-09-28 11:16:19,2026-09-28 11:16:29,1565
E1000544,T1000191,AUTHORIZED,2026-09-02 17:19:49,2026-09-02 17:19:55,725
E1007308,T1002594,SETTLED,2026-09-21 22:21:29,2026-09-21 22:21:39,264
E1000523,T1000184,AUTHORIZED,2026-09-02 14:35:01,2026-09-02 14:35:08,1163
E1008784,T1003115,SETTLED,2026-09-25 08:33:32,2026-09-25 08:33:42,1741
E1005432,T1001919,AUTHORIZED,2026-09-16 14:07:55,2026-09-16 14:08:00,1185
E1001344,T1000473,CREATED,2026-09-05 06:08:58,2026-09-05 06:09:08,328
E1007315,T1002597,CREATED,2026-09-21 11:32:02,2026-09-21 11:32:06,790
E1010208,T1003618,SETTLED,2026-09-29 09:55:25,2026-09-29 09:55:27,1818
E1003312,T1001162,AUTHORIZED,2026-09-10 13:58:01,2026-09-10 13:58:10,477
E1010535,T1003733,CREATED,2026-09-30 13:40:57,2026-09-30 13:40:58,1488
E1009193,T1003261,SETTLED,2026-09-26 22:37:22,2026-09-26 22:37:32,2065
E1005700,T1002015,CREATED,2026-09-17 08:14:48,2026-09-17 08:14:51,425
E1003189,T1001119,CREATED,2026-09-10 10:47:59,2026-09-10 10:48:08,362
E1009751,T1003458,CREATED,2026-09-28 16:13:33,2026-09-28 16:13:37,792
E1007333,T1002603,CREATED,2026-09-21 20:11:04,2026-09-21 20:11:11,1985
E1006265,T1002216,AUTHORIZED,2026-09-18 07:26:21,2026-09-18 07:26:22,153
E1007131,T1002531,CREATED,2026-09-20 18:19:20,2026-09-20 18:19:23,476
E1010130,T1003592,CREATED,2026-09-29 17:42:46,2026-09-29 17:42:47,1782
E1002665,T1000936,AUTHORIZED,2026-09-08 18:59:28,2026-09-08 18:59:30,55
E1000836,T1000295,CREATED,2026-09-03 22:44:55,2026-09-03 23:01:55,628
E1009360,T1003319,AUTHORIZED,2026-09-27 19:58:27,2026-09-27 19:58:30,1107
E1002974,T1001045,CREATED,2026-09-09 21:40:50,2026-09-09 21:40:59,1390
E1006506,T1002304,CREATED,2026-09-19 09:50:29,2026-09-19 09:50:35,1149
E1004367,T1001535,CREATED,2026-09-13 18:00:27,2026-09-13 18:00:29,2302
E1010488,T1003717,CREATED,2026-09-30 19:04:30,2026-09-30 19:04:32,213
E1008836,T1003134,AUTHORIZED,2026-09-26 13:06:35,2026-09-26 13:06:42,1408
E1004206,T1001478,SETTLED,2026-09-12 12:42:49,2026-09-12 12:42:52,1701
E1006082,T1002148,SETTLED,2026-09-18 16:10:23,2026-09-18 16:10:29,75
E1000411,T1000145,CREATED,2026-09-02 18:48:18,2026-09-02 18:48:25,2401
E1003612,T1001268,CREATED,2026-09-11 22:22:10,2026-09-11 22:22:17,1114
E1003691,T1001295,SETTLED,2026-09-11 10:43:31,2026-09-11 10:43:32,2297
E1006729,T1002387,AUTHORIZED,2026-09-19 15:33:55,2026-09-19 15:34:02,283
E1010401,T1003686,AUTHORIZED,2026-09-29 20:31:14,2026-09-29 20:31:15,911
E1002983,T1001048,CREATED,2026-09-09 17:50:27,2026-09-09 17:50:29,573
E1007237,T1002568,CREATED,2026-09-21 20:20:43,2026-09-21 20:20:48,2318
E1007212,T1002558,SETTLED,2026-09-21 12:43:16,2026-09-21 12:43:22,1130
E1009383,T1003327,CREATED,2026-09-27 18:44:54,2026-09-27 18:44:55,583
E1000174,T1000062,CREATED,2026-09-01 10:00:16,2026-09-01 10:00:20,1941
E1005199,T1001832,SETTLED,2026-09-15 22:13:08,2026-09-15 22:13:12,1188
E1006771,T1002403,CREATED,2026-09-20 13:47:02,2026-09-20 13:47:06,2098
E1008696,T1003084,SETTLED,2026-09-25 21:17:09,2026-09-25 21:17:10,1529
E1006477,T1002293,CREATED,2026-09-19 18:24:40,2026-09-19 18:24:43,1880
E1006664,T1002362,SETTLED,2026-09-19 19:31:42,2026-09-19 19:31:47,2013
E1003906,T1001371,AUTHORIZED,2026-09-12 18:17:23,2026-09-12 18:17:30,1968
E1007517,T1002670,CREATED,2026-09-22 12:30:49,2026-09-22 12:30:54,2152
E1004500,T1001582,SETTLED,2026-09-13 13:44:43,2026-09-13 13:44:50,1282
E1009540,T1003383,CREATED,2026-09-27 10:10:51,2026-09-27 10:10:55,2490
E1005179,T1001826,CREATED,2026-09-15 09:46:57,2026-09-15 09:46:58,746
E1001688,T1000593,CREATED,2026-09-05 19:53:10,2026-09-05 19:53:15,1760
E1007554,T1002682,AUTHORIZED,2026-09-22 13:47:02,2026-09-22 13:47:08,631
E1003772,T1001326,CREATED,2026-09-11 18:27:47,2026-09-11 18:27:50,1582
E1006415,T1002269,SETTLED,2026-09-19 15:38:12,2026-09-19 15:38:14,1202
E1008702,T1003087,CREATED,2026-09-25 13:07:51,2026-09-25 13:08:01,1635
E1005136,T1001810,AUTHORIZED,2026-09-15 10:31:10,2026-09-15 10:31:17,2259
E1009500,T1003368,SETTLED,2026-09-27 23:40:41,2026-09-27 23:40:47,1307
E1006919,T1002455,SETTLED,2026-09-20 11:28:24,2026-09-20 11:28:34,2198
E1003829,T1001345,SETTLED,2026-09-12 18:26:12,2026-09-12 18:26:18,1784
E1001119,T1000396,AUTHORIZED,2026-09-04 10:18:02,2026-09-04 10:18:08,1823
E1008158,T1002894,SETTLED,2026-09-24 09:39:12,2026-09-24 09:39:21,108
E1000921,T1000324,SETTLED,2026-09-03 19:02:08,2026-09-03 19:02:11,2485
E1006667,T1002364,CREATED,2026-09-19 06:36:52,2026-09-19 06:36:58,2406
E1009443,T1003348,SETTLED,2026-09-27 21:28:43,2026-09-27 21:28:53,1046
E1003739,T1001314,AUTHORIZED,2026-09-11 12:27:14,2026-09-11 12:27:24,327
E1008684,T1003080,SETTLED,2026-09-25 14:02:25,2026-09-25 14:02:29,2498
E1006272,T1002218,SETTLED,2026-09-18 13:40:58,2026-09-18 13:41:05,1296
E1000781,T1000274,SETTLED,2026-09-03 16:08:35,2026-09-03 16:08:38,1857
E1005294,T1001869,AUTHORIZED,2026-09-16 18:35:10,2026-09-16 18:35:16,1259
E1006809,T1002416,CREATED,2026-09-20 20:58:01,2026-09-20 20:58:05,1739
E1006405,T1002266,CREATED,2026-09-19 11:15:47,2026-09-19 11:15:51,2058
E1003425,T1001201,CREATED,2026-09-10 10:15:25,2026-09-10 10:26:25,1492
E1009541,T1003383,AUTHORIZED,2026-09-27 10:11:10,2026-09-27 10:11:19,1551
E1002859,T1001004,SETTLED,2026-09-09 14:46:57,2026-09-09 14:47:06,1842
E1007706,T1002738,CREATED,2026-09-22 18:08:19,2026-09-22 18:08:24,1937
E1003979,T1001398,CREATED,2026-09-12 17:43:44,2026-09-12 17:43:48,2111
E1006674,T1002367,CREATED,2026-09-19 13:05:48,2026-09-19 13:23:48,2211
E1004575,T1001608,AUTHORIZED,2026-09-13 08:43:24,2026-09-13 08:43:25,2140
E1006539,T1002316,AUTHORIZED,2026-09-19 16:27:03,2026-09-19 16:27:04,654
E1009667,T1003428,CREATED,2026-09-27 19:02:20,2026-09-27 19:02:25,977
E1001788,T1000627,CREATED,2026-09-06 18:53:49,2026-09-06 18:53:55,154
E1007036,T1002496,CREATED,2026-09-20 15:53:40,2026-09-20 15:53:46,815
E1007893,T1002802,AUTHORIZED,2026-09-23 11:07:02,2026-09-23 11:07:12,1369
E1006652,T1002358,CREATED,2026-09-19 13:54:19,2026-09-19 13:54:22,1894
E1003647,T1001280,CREATED,2026-09-11 17:03:40,2026-09-11 17:03:50,1339
E1007486,T1002657,SETTLED,2026-09-21 18:01:33,2026-09-21 18:01:40,455
E1004867,T1001712,SETTLED,2026-09-14 20:23:04,2026-09-14 20:23:08,1804
E1004739,T1001667,FAILED,2026-09-14 19:44:17,2026-09-14 19:44:21,1372
E1008921,T1003164,AUTHORIZED,2026-09-26 23:30:15,2026-09-26 23:30:20,1822
E1001481,T1000520,SETTLED,2026-09-05 20:45:00,2026-09-05 20:45:01,2494
E1003246,T1001139,AUTHORIZED,2026-09-10 10:55:17,2026-09-10 10:55:27,1922
E1001235,T1000435,AUTHORIZED,2026-09-04 12:34:47,2026-09-04 12:34:51,1384
E1007356,T1002611,CREATED,2026-09-21 19:30:41,2026-09-21 19:30:51,128
E1006443,T1002281,CREATED,2026-09-19 09:30:00,2026-09-19 09:30:08,1168
E1004563,T1001604,AUTHORIZED,2026-09-13 14:31:31,2026-09-13 14:31:40,2336
E1000173,T1000061,SETTLED,2026-09-01 17:03:28,2026-09-01 17:03:37,1053
E1001041,T1000367,AUTHORIZED,2026-09-04 17:38:30,2026-09-04 17:38:31,260
E1001232,T1000434,AUTHORIZED,2026-09-04 07:07:49,2026-09-04 07:07:55,2482
E1002893,T1001016,SETTLED,2026-09-09 20:51:56,2026-09-09 20:52:06,1303
E1003900,T1001369,AUTHORIZED,2026-09-12 16:17:12,2026-09-12 16:17:22,722
E1006437,T1002278,SETTLED,2026-09-19 15:26:28,2026-09-19 15:26:35,601
E1002228,T1000780,SETTLED,2026-09-07 15:35:27,2026-09-07 15:35:37,737
E1000663,T1000233,SETTLED,2026-09-02 11:18:14,2026-09-02 11:18:20,661
E1010799,T1003827,SETTLED,2026-09-30 11:26:05,2026-09-30 11:26:06,510
E1003904,T1001370,SETTLED,2026-09-12 22:11:39,2026-09-12 22:11:40,994
E1002477,T1000869,SETTLED,2026-09-07 20:12:11,2026-09-07 20:12:16,1884
E1010127,T1003591,CREATED,2026-09-29 19:08:38,2026-09-29 19:08:47,2223
E1004398,T1001546,SETTLED,2026-09-13 23:05:28,2026-09-13 23:05:38,2214
E1006353,T1002247,CREATED,2026-09-19 15:12:10,2026-09-19 15:12:15,2285
E1002470,T1000867,AUTHORIZED,2026-09-07 06:39:43,2026-09-07 06:39:51,632
E1002959,T1001039,SETTLED,2026-09-09 18:24:17,2026-09-09 18:24:26,2283
E1002401,T1000843,AUTHORIZED,2026-09-07 20:05:37,2026-09-07 20:05:46,1965
E1007157,T1002539,SETTLED,2026-09-21 19:45:55,2026-09-21 19:45:59,1870
E1009069,T1003217,SETTLED,2026-09-26 20:03:40,2026-09-26 20:03:48,188
E1004232,T1001487,AUTHORIZED,2026-09-12 16:56:03,2026-09-12 16:56:11,2430
E1009512,T1003373,CREATED,2026-09-27 09:01:50,2026-09-27 09:01:55,515
E1009768,T1003464,AUTHORIZED,2026-09-28 11:13:34,2026-09-28 11:13:38,338
E1001184,T1000418,CREATED,2026-09-04 08:13:10,2026-09-04 08:13:13,1914
E1006924,T1002457,AUTHORIZED,2026-09-20 11:14:30,2026-09-20 11:14:40,2046
E1010699,T1003792,CREATED,2026-09-30 07:15:39,2026-09-30 07:15:45,446
E1001261,T1000444,CREATED,2026-09-04 15:05:05,2026-09-04 15:05:15,2221
E1010157,T1003601,AUTHORIZED,2026-09-29 22:20:00,2026-09-29 22:20:01,1690
E1008447,T1002997,SETTLED,2026-09-24 18:22:08,2026-09-24 18:22:09,765
E1005609,T1001981,AUTHORIZED,2026-09-16 14:40:49,2026-09-16 14:40:57,2094
E1002976,T1001045,SETTLED,2026-09-09 21:44:50,2026-09-09 21:44:58,2217
E1004703,T1001654,AUTHORIZED,2026-09-14 13:49:05,2026-09-14 13:49:12,1119
E1008101,T1002875,AUTHORIZED,2026-09-23 18:47:37,2026-09-23 18:47:47,2302
E1007989,T1002835,FAILED,2026-09-23 20:11:29,2026-09-23 20:11:30,724
E1008094,T1002873,CREATED,2026-09-23 13:20:56,2026-09-23 13:21:00,1624
E1004194,T1001474,AUTHORIZED,2026-09-12 13:45:19,2026-09-12 13:45:22,2383
E1004824,T1001698,AUTHORIZED,2026-09-14 20:10:19,2026-09-14 20:10:24,501
E1006095,T1002154,CREATED,2026-09-18 10:51:50,2026-09-18 10:51:53,1299
E1007511,T1002667,CREATED,2026-09-22 14:32:40,2026-09-22 15:22:40,621
E1008800,T1003122,CREATED,2026-09-25 17:48:54,2026-09-25 17:48:55,1717
E1007588,T1002695,AUTHORIZED,2026-09-22 18:47:43,2026-09-22 18:47:52,74
E1006927,T1002458,AUTHORIZED,2026-09-20 20:24:21,2026-09-20 20:24:28,666
E1003581,T1001257,CREATED,2026-09-11 20:18:56,2026-09-11 20:19:06,1486
E1004476,T1001574,AUTHORIZED,2026-09-13 15:04:16,2026-09-13 15:04:26,1430
E1009460,T1003355,AUTHORIZED,2026-09-27 09:42:10,2026-09-27 09:42:18,1515
E1004225,T1001485,CREATED,2026-09-12 10:25:04,2026-09-12 10:25:13,1281
E1006510,T1002305,AUTHORIZED,2026-09-19 12:13:26,2026-09-19 12:13:29,1369
E1001430,T1000503,SETTLED,2026-09-05 15:33:04,2026-09-05 15:33:05,1576
E1001363,T1000479,AUTHORIZED,2026-09-05 07:47:07,2026-09-05 09:05:07,545
E1001172,T1000414,CREATED,2026-09-04 13:13:29,2026-09-04 13:13:31,1079
E1004432,T1001559,CREATED,2026-09-13 09:14:34,2026-09-13 09:14:36,2378
E1003279,T1001151,CREATED,2026-09-10 13:09:59,2026-09-10 13:10:06,1256
E1009842,T1003491,SETTLED,2026-09-28 18:00:33,2026-09-28 18:00:37,738
E1003651,T1001281,FAILED,2026-09-11 19:59:46,2026-09-11 19:59:55,350
E1000859,T1000303,CREATED,2026-09-03 18:28:13,2026-09-03 18:28:18,1399
E1004017,T1001412,AUTHORIZED,2026-09-12 17:06:28,2026-09-12 17:06:31,1727
E1003779,T1001328,AUTHORIZED,2026-09-11 19:38:26,2026-09-11 19:38:31,569
E1008226,T1002917,SETTLED,2026-09-24 11:18:29,2026-09-24 11:18:39,1026
E1000206,T1000072,SETTLED,2026-09-01 19:15:21,2026-09-01 19:15:25,2198
E1008932,T1003169,CREATED,2026-09-26 10:01:25,2026-09-26 10:01:35,327
E1003173,T1001113,SETTLED,2026-09-10 11:13:46,2026-09-10 11:13:54,942
E1005252,T1001853,AUTHORIZED,2026-09-15 22:14:21,2026-09-15 22:14:26,1102
E1009482,T1003362,SETTLED,2026-09-27 08:29:12,2026-09-27 08:29:19,824
E1003130,T1001098,SETTLED,2026-09-10 00:12:07,2026-09-10 00:12:16,2486
E1001949,T1000683,CREATED,2026-09-06 18:01:03,2026-09-06 18:01:05,1628
E1004507,T1001585,CREATED,2026-09-13 15:39:54,2026-09-13 15:40:02,401
E1009021,T1003201,CREATED,2026-09-26 21:45:35,2026-09-26 21:45:41,1482
E1006000,T1002119,SETTLED,2026-09-18 18:37:11,2026-09-18 18:37:21,641
E1006300,T1002228,CREATED,2026-09-19 20:10:20,2026-09-19 20:10:29,1195
E1005946,T1002100,AUTHORIZED,2026-09-17 14:12:46,2026-09-17 14:12:48,1243
E1005451,T1001926,CREATED,2026-09-16 20:05:39,2026-09-16 20:05:40,1845
E1002105,T1000738,AUTHORIZED,2026-09-06 20:46:53,2026-09-06 20:47:01,781
E1004101,T1001442,CREATED,2026-09-12 17:03:48,2026-09-12 17:03:55,412
E1009100,T1003228,SETTLED,2026-09-26 17:47:43,2026-09-26 17:47:44,887
E1010565,T1003744,CREATED,2026-09-30 12:30:24,2026-09-30 12:30:31,1345
E1002539,T1000892,SETTLED,2026-09-08 15:20:29,2026-09-08 15:20:37,357
E1006691,T1002373,CREATED,2026-09-19 13:38:00,2026-09-19 13:38:07,1995
E1001341,T1000471,SETTLED,2026-09-05 14:39:58,2026-09-05 14:40:08,1333
E1005773,T1002040,AUTHORIZED,2026-09-17 12:15:37,2026-09-17 12:15:41,326
E1006909,T1002452,AUTHORIZED,2026-09-20 19:18:45,2026-09-20 19:18:49,130
E1008842,T1003136,AUTHORIZED,2026-09-26 15:53:59,2026-09-26 15:54:03,2113
E1006937,T1002461,SETTLED,2026-09-20 20:37:39,2026-09-20 20:37:44,2269
E1002511,T1000882,AUTHORIZED,2026-09-07 19:48:01,2026-09-07 19:48:11,2124
E1006004,T1002121,CREATED,2026-09-18 20:22:09,2026-09-18 20:22:15,114
E1000618,T1000217,AUTHORIZED,2026-09-02 08:33:14,2026-09-02 08:33:16,1868
E1007871,T1002795,CREATED,2026-09-23 18:55:46,2026-09-23 18:55:56,685
E1008580,T1003044,SETTLED,2026-09-25 10:16:46,2026-09-25 10:16:54,1651
E1005556,T1001963,AUTHORIZED,2026-09-16 21:42:23,2026-09-16 21:42:24,2477
E1004178,T1001468,SETTLED,2026-09-12 17:50:27,2026-09-12 17:50:36,1505
E1010509,T1003724,CREATED,2026-09-30 10:05:25,2026-09-30 10:05:26,1186
E1003672,T1001289,AUTHORIZED,2026-09-11 10:00:57,2026-09-11 10:01:02,1830
E1002148,T1000753,CREATED,2026-09-06 12:20:54,2026-09-06 12:21:02,566
E1009604,T1003405,CREATED,2026-09-27 18:33:56,2026-09-27 18:34:06,1361
E1003693,T1001296,AUTHORIZED,2026-09-11 19:16:30,2026-09-11 19:16:35,1490
E1002434,T1000854,SETTLED,2026-09-07 19:44:02,2026-09-07 19:44:03,52
E1001745,T1000612,AUTHORIZED,2026-09-05 20:24:21,2026-09-05 20:24:30,986
E1000565,T1000199,CREATED,2026-09-02 20:32:20,2026-09-02 20:32:25,2481
E1006241,T1002207,CREATED,2026-09-18 11:22:07,2026-09-18 11:22:12,435
E1000421,T1000148,SETTLED,2026-09-02 11:22:42,2026-09-02 11:22:47,1344
E1006987,T1002479,AUTHORIZED,2026-09-20 08:40:07,2026-09-20 08:40:12,928
E1004723,T1001661,AUTHORIZED,2026-09-14 13:35:16,2026-09-14 13:35:18,2038
E1008529,T1003027,CREATED,2026-09-25 12:30:14,2026-09-25 12:30:16,404
E1009808,T1003479,CREATED,2026-09-28 10:05:21,2026-09-28 10:05:31,1638
E1000171,T1000061,CREATED,2026-09-01 16:57:28,2026-09-01 16:57:32,675
E1008027,T1002849,CREATED,2026-09-23 11:48:33,2026-09-23 11:48:41,2125
E1000595,T1000209,AUTHORIZED,2026-09-02 17:29:47,2026-09-02 17:29:51,804
E1003861,T1001356,AUTHORIZED,2026-09-12 12:23:55,2026-09-12 12:24:02,1207
E1003783,T1001329,SETTLED,2026-09-11 18:45:19,2026-09-11 18:45:28,1082
E1003124,T1001096,SETTLED,2026-09-09 13:57:13,2026-09-09 13:57:15,2495
E1004435,T1001560,CREATED,2026-09-13 12:27:07,2026-09-13 12:27:12,930
E1002605,T1000915,AUTHORIZED,2026-09-08 15:41:16,2026-09-08 15:41:26,838
E1005632,T1001989,AUTHORIZED,2026-09-17 12:42:58,2026-09-17 12:43:03,530
E1008389,T1002977,FAILED,2026-09-24 18:16:48,2026-09-24 18:16:55,1332
E1001077,T1000381,CREATED,2026-09-04 08:03:22,2026-09-04 08:03:28,2321
E1003892,T1001366,SETTLED,2026-09-12 22:09:13,2026-09-12 22:09:19,435
E1000473,T1000166,AUTHORIZED,2026-09-02 11:31:40,2026-09-02 11:31:44,1774
E1003018,T1001059,SETTLED,2026-09-09 13:34:32,2026-09-09 13:34:36,708
E1008795,T1003120,AUTHORIZED,2026-09-25 20:43:42,2026-09-25 20:43:44,284
E1001965,T1000688,AUTHORIZED,2026-09-06 16:32:07,2026-09-06 16:32:11,2162
E1006672,T1002366,CREATED,2026-09-19 19:17:13,2026-09-19 19:17:14,268
E1003149,T1001105,AUTHORIZED,2026-09-09 18:48:10,2026-09-09 19:23:10,1118
E1008996,T1003192,AUTHORIZED,2026-09-26 17:02:15,2026-09-26 17:02:17,965
E1009704,T1003441,CREATED,2026-09-27 11:19:22,2026-09-27 11:19:27,756
E1008798,T1003121,AUTHORIZED,2026-09-25 11:06:00,2026-09-25 11:06:07,1328
E1005188,T1001829,CREATED,2026-09-15 14:05:32,2026-09-15 14:05:38,1799
E1006143,T1002172,CREATED,2026-09-18 16:29:40,2026-09-18 16:29:44,974
E1007054,T1002503,CREATED,2026-09-20 06:55:59,2026-09-20 06:56:09,2037
E1001751,T1000614,AUTHORIZED,2026-09-05 17:04:43,2026-09-05 17:51:43,650
E1009799,T1003475,SETTLED,2026-09-28 19:52:03,2026-09-28 19:52:07,1505
E1006219,T1002199,CREATED,2026-09-18 21:38:03,2026-09-18 21:38:10,1570
E1007208,T1002557,AUTHORIZED,2026-09-21 19:45:21,2026-09-21 19:45:26,2108
E1001868,T1000654,SETTLED,2026-09-07 01:49:36,2026-09-07 01:49:39,797
E1010223,T1003624,AUTHORIZED,2026-09-29 16:23:09,2026-09-29 16:23:18,1612
E1003702,T1001299,AUTHORIZED,2026-09-11 12:50:45,2026-09-11 12:50:54,2279
E1009439,T1003347,AUTHORIZED,2026-09-27 08:29:04,2026-09-27 08:29:08,1431
E1000117,T1000042,CREATED,2026-09-01 18:47:36,2026-09-01 18:47:39,1939
E1006062,T1002142,CREATED,2026-09-18 13:14:21,2026-09-18 13:14:25,148
E1007358,T1002611,SETTLED,2026-09-21 21:35:41,2026-09-21 21:35:47,1912
E1006412,T1002268,SETTLED,2026-09-19 19:07:23,2026-09-19 19:07:32,1741
E1000703,T1000247,CREATED,2026-09-03 21:17:52,2026-09-03 21:18:01,2192
E1005482,T1001937,AUTHORIZED,2026-09-16 09:05:32,2026-09-16 09:05:40,2024
E1008121,T1002882,CREATED,2026-09-23 18:43:59,2026-09-23 18:44:08,711
E1004625,T1001626,CREATED,2026-09-13 12:10:23,2026-09-13 12:10:33,1387
E1001108,T1000392,SETTLED,2026-09-04 11:58:15,2026-09-04 11:58:19,1969
E1002023,T1000709,CREATED,2026-09-06 17:34:32,2026-09-06 17:34:39,1145
E1004860,T1001710,AUTHORIZED,2026-09-14 16:01:22,2026-09-14 16:01:32,819
E1008913,T1003161,AUTHORIZED,2026-09-26 11:46:52,2026-09-26 11:46:54,991
E1002006,T1000702,AUTHORIZED,2026-09-06 17:20:13,2026-09-06 17:20:16,858
E1001340,T1000471,AUTHORIZED,2026-09-05 14:28:13,2026-09-05 14:28:14,419
E1008071,T1002864,SETTLED,2026-09-23 22:12:54,2026-09-23 23:02:54,2126
E1002118,T1000743,CREATED,2026-09-06 17:53:21,2026-09-06 17:53:24,941
E1002388,T1000838,AUTHORIZED,2026-09-07 11:29:08,2026-09-07 11:29:09,1067
E1005275,T1001862,CREATED,2026-09-15 11:08:51,2026-09-15 11:08:59,334
E1005321,T1001879,CREATED,2026-09-16 13:10:44,2026-09-16 13:10:45,925
E1006366,T1002251,SETTLED,2026-09-19 19:49:20,2026-09-19 19:49:24,2148
E1004399,T1001547,CREATED,2026-09-13 12:03:20,2026-09-13 12:03:28,401
E1006314,T1002232,SETTLED,2026-09-19 10:14:51,2026-09-19 10:14:59,261
E1006404,T1002265,SETTLED,2026-09-19 17:12:47,2026-09-19 17:41:47,1896
E1008666,T1003074,AUTHORIZED,2026-09-25 17:29:01,2026-09-25 17:29:07,1531
E1008402,T1002982,CREATED,2026-09-24 15:46:39,2026-09-24 15:46:41,1547
E1007922,T1002812,SETTLED,2026-09-23 15:49:58,2026-09-23 15:50:01,880
E1003706,T1001300,SETTLED,2026-09-11 10:29:11,2026-09-11 10:29:21,1952
E1005635,T1001990,AUTHORIZED,2026-09-17 13:00:39,2026-09-17 13:00:44,450
E1007722,T1002743,AUTHORIZED,2026-09-22 20:27:51,2026-09-22 20:27:52,2400
E1003542,T1001243,SETTLED,2026-09-11 18:24:48,2026-09-11 18:24:51,585
E1010040,T1003560,AUTHORIZED,2026-09-28 20:12:51,2026-09-28 20:12:53,1250
E1007677,T1002727,SETTLED,2026-09-22 19:33:35,2026-09-22 19:33:41,1938
E1007972,T1002829,SETTLED,2026-09-23 13:03:54,2026-09-23 13:04:01,1178
E1005806,T1002051,AUTHORIZED,2026-09-17 20:38:39,2026-09-17 20:38:46,341
E1003052,T1001071,AUTHORIZED,2026-09-09 13:05:25,2026-09-09 13:05:34,1878
E1005347,T1001888,CREATED,2026-09-16 08:26:16,2026-09-16 08:26:25,394
E1002239,T1000784,AUTHORIZED,2026-09-07 23:00:19,2026-09-07 23:00:23,855
E1009350,T1003316,CREATED,2026-09-27 11:51:13,2026-09-27 11:51:22,809
E1004165,T1001464,AUTHORIZED,2026-09-12 12:53:47,2026-09-12 12:53:49,449
E1010558,T1003741,FAILED,2026-09-30 19:56:00,2026-09-30 19:56:03,1807
E1002631,T1000924,CREATED,2026-09-08 13:54:47,2026-09-08 13:54:55,1421
E1010377,T1003678,CREATED,2026-09-29 10:20:42,2026-09-29 10:20:43,1014
E1009738,T1003452,SETTLED,2026-09-27 15:41:33,2026-09-27 15:41:43,1149
E1006456,T1002285,AUTHORIZED,2026-09-19 11:01:31,2026-09-19 11:01:41,1247
E1008991,T1003190,SETTLED,2026-09-26 13:53:36,2026-09-26 13:53:40,1107
E1006106,T1002158,SETTLED,2026-09-18 20:29:28,2026-09-18 20:29:35,1929
E1001194,T1000421,SETTLED,2026-09-04 07:19:01,2026-09-04 07:19:04,1127
E1009146,T1003245,AUTHORIZED,2026-09-26 12:06:02,2026-09-26 12:06:10,578
E1010029,T1003556,SETTLED,2026-09-28 19:34:44,2026-09-28 19:34:51,1262
E1006777,T1002405,CREATED,2026-09-20 19:05:57,2026-09-20 19:06:03,171
E1000046,T1000017,AUTHORIZED,2026-09-01 09:19:12,2026-09-01 09:19:15,1485
E1000655,T1000230,SETTLED,2026-09-02 19:56:44,2026-09-02 21:19:44,923
E1008204,T1002910,CREATED,2026-09-24 17:55:37,2026-09-24 17:55:44,697
E1005994,T1002117,SETTLED,2026-09-18 13:44:32,2026-09-18 14:36:32,1417
E1001382,T1000486,CREATED,2026-09-05 22:37:09,2026-09-05 22:37:13,1617
E1005165,T1001821,CREATED,2026-09-15 10:24:40,2026-09-15 10:24:50,255
E1007051,T1002501,SETTLED,2026-09-20 11:24:44,2026-09-20 11:24:54,566
E1008609,T1003054,SETTLED,2026-09-25 23:08:11,2026-09-25 23:08:14,1333
E1010672,T1003782,AUTHORIZED,2026-09-30 11:58:22,2026-09-30 11:58:31,2152
E1009910,T1003515,SETTLED,2026-09-28 13:55:55,2026-09-28 13:56:00,2264
E1007852,T1002788,AUTHORIZED,2026-09-23 11:09:01,2026-09-23 11:09:02,395
E1003193,T1001120,AUTHORIZED,2026-09-10 13:34:05,2026-09-10 13:34:07,720
E1008246,T1002925,CREATED,2026-09-24 19:02:29,2026-09-24 19:02:34,2018
E1002747,T1000965,AUTHORIZED,2026-09-08 12:14:19,2026-09-08 12:14:26,1426
E1001782,T1000625,CREATED,2026-09-06 17:33:34,2026-09-06 17:33:37,1348
E1008876,T1003148,AUTHORIZED,2026-09-26 19:13:50,2026-09-26 19:13:59,1503
E1006804,T1002414,AUTHORIZED,2026-09-20 20:00:25,2026-09-20 20:00:31,1723
E1010781,T1003821,SETTLED,2026-09-30 09:34:22,2026-09-30 09:34:23,633
E1007340,T1002605,AUTHORIZED,2026-09-21 15:03:34,2026-09-21 15:03:43,343
E1004304,T1001512,AUTHORIZED,2026-09-13 12:52:28,2026-09-13 12:52:34,1825
E1005091,T1001794,AUTHORIZED,2026-09-15 09:43:56,2026-09-15 09:44:03,2286
E1002808,T1000986,SETTLED,2026-09-08 18:20:45,2026-09-08 18:20:47,1756
E1006881,T1002442,CREATED,2026-09-20 18:13:39,2026-09-20 18:13:41,1340
E1002192,T1000768,AUTHORIZED,2026-09-06 20:36:25,2026-09-06 20:36:27,2399
E1004041,T1001421,CREATED,2026-09-12 10:58:32,2026-09-12 10:58:38,1934
E1003663,T1001286,CREATED,2026-09-11 13:52:45,2026-09-11 13:52:49,45
E1005755,T1002034,AUTHORIZED,2026-09-17 19:58:20,2026-09-17 19:58:26,1663
E1007947,T1002821,AUTHORIZED,2026-09-23 21:58:42,2026-09-23 21:58:45,1065
E1005662,T1002000,AUTHORIZED,2026-09-17 12:27:54,2026-09-17 12:27:59,2121
E1001749,T1000613,SETTLED,2026-09-05 11:22:49,2026-09-05 11:22:58,1910
E1004874,T1001715,AUTHORIZED,2026-09-14 15:36:28,2026-09-14 15:36:34,1883
E1002601,T1000913,SETTLED,2026-09-08 07:41:53,2026-09-08 07:42:01,1014
E1006805,T1002414,SETTLED,2026-09-20 20:07:19,2026-09-20 20:07:26,1753
E1003986,T1001400,AUTHORIZED,2026-09-12 06:42:35,2026-09-12 06:42:44,857
E1002431,T1000853,AUTHORIZED,2026-09-07 12:59:40,2026-09-07 12:59:43,2162
E1005223,T1001841,SETTLED,2026-09-15 19:59:03,2026-09-15 19:59:13,317
E1007668,T1002724,AUTHORIZED,2026-09-22 11:10:09,2026-09-22 11:10:16,1123
E1009293,T1003296,AUTHORIZED,2026-09-26 11:19:25,2026-09-26 11:19:34,662
E1002935,T1001030,SETTLED,2026-09-09 11:56:03,2026-09-09 11:56:08,1170
E1003688,T1001294,SETTLED,2026-09-11 18:04:37,2026-09-11 18:04:39,1992
E1006644,T1002355,CREATED,2026-09-19 13:13:54,2026-09-19 13:14:02,2172
E1000699,T1000245,SETTLED,2026-09-03 15:56:00,2026-09-03 15:56:03,231
E1004467,T1001571,AUTHORIZED,2026-09-13 19:43:58,2026-09-13 19:44:04,1493
E1005096,T1001796,CREATED,2026-09-15 21:14:25,2026-09-15 21:14:26,2149
E1000341,T1000121,CREATED,2026-09-01 21:55:23,2026-09-01 22:28:23,2021
E1005958,T1002104,AUTHORIZED,2026-09-17 07:12:47,2026-09-17 07:12:53,2403
E1003354,T1001176,SETTLED,2026-09-10 12:33:03,2026-09-10 12:33:10,828
E1008813,T1003126,AUTHORIZED,2026-09-25 12:29:07,2026-09-25 12:29:08,568
E1006209,T1002195,SETTLED,2026-09-18 14:20:33,2026-09-18 14:20:34,70
E1000020,T1000007,SETTLED,2026-09-01 22:41:46,2026-09-01 22:41:50,1403
E1009275,T1003290,AUTHORIZED,2026-09-26 09:41:27,2026-09-26 09:41:31,1323
E1006354,T1002247,AUTHORIZED,2026-09-19 15:12:11,2026-09-19 15:12:15,1488
E1004190,T1001473,CREATED,2026-09-12 12:18:34,2026-09-12 12:18:35,1610
E1009211,T1003268,CREATED,2026-09-26 18:04:19,2026-09-26 18:04:20,2406
E1001188,T1000419,AUTHORIZED,2026-09-04 22:29:57,2026-09-04 22:30:04,725
E1001630,T1000573,AUTHORIZED,2026-09-05 20:14:32,2026-09-05 20:14:33,856
E1003833,T1001347,CREATED,2026-09-12 17:34:43,2026-09-12 17:34:50,1169
E1002590,T1000910,CREATED,2026-09-08 19:59:45,2026-09-08 19:59:47,164
E1005291,T1001868,CREATED,2026-09-16 11:04:33,2026-09-16 11:04:39,1109
E1003016,T1001059,CREATED,2026-09-09 13:22:32,2026-09-09 13:22:37,2287
E1001275,T1000449,AUTHORIZED,2026-09-04 18:24:43,2026-09-04 19:18:43,2418
E1003589,T1001260,CREATED,2026-09-11 14:00:19,2026-09-11 14:00:26,2188
E1005405,T1001909,CREATED,2026-09-16 20:38:12,2026-09-16 20:38:16,463
E1005003,T1001760,FAILED,2026-09-15 18:02:52,2026-09-15 18:02:53,286
E1009079,T1003221,AUTHORIZED,2026-09-26 10:10:06,2026-09-26 10:10:07,629
E1002579,T1000906,AUTHORIZED,2026-09-08 12:53:05,2026-09-08 12:53:15,1618
E1001280,T1000451,AUTHORIZED,2026-09-04 11:48:40,2026-09-04 11:48:47,816
E1008541,T1003031,AUTHORIZED,2026-09-25 11:27:31,2026-09-25 11:27:34,2238
E1000436,T1000153,SETTLED,2026-09-02 13:59:33,2026-09-02 13:59:37,2037
E1000927,T1000326,SETTLED,2026-09-03 23:11:10,2026-09-03 23:11:17,2285
E1001333,T1000469,CREATED,2026-09-05 09:22:18,2026-09-05 09:22:24,626
E1000931,T1000328,CREATED,2026-09-03 20:19:03,2026-09-03 20:19:10,266
E1009102,T1003229,AUTHORIZED,2026-09-26 17:35:22,2026-09-26 17:35:23,2408
E1008468,T1003005,AUTHORIZED,2026-09-24 08:51:39,2026-09-24 08:51:49,103
E1002177,T1000762,SETTLED,2026-09-06 20:42:26,2026-09-06 20:42:31,1642
E1000949,T1000334,AUTHORIZED,2026-09-03 10:01:54,2026-09-03 10:02:04,2484
E1004252,T1001494,AUTHORIZED,2026-09-13 21:10:17,2026-09-13 21:10:18,1807
E1006683,T1002370,CREATED,2026-09-19 10:56:22,2026-09-19 10:56:28,1084
E1005661,T1002000,CREATED,2026-09-17 12:27:35,2026-09-17 12:27:45,1584
E1008488,T1003012,FAILED,2026-09-25 16:38:31,2026-09-25 16:38:32,982
E1007330,T1002602,CREATED,2026-09-21 11:41:57,2026-09-21 11:41:59,1082
E1000211,T1000074,FAILED,2026-09-01 09:24:12,2026-09-01 09:24:21,1554
E1006758,T1002398,SETTLED,2026-09-20 12:25:25,2026-09-20 12:25:33,2165
E1008590,T1003048,AUTHORIZED,2026-09-25 21:42:55,2026-09-25 21:43:00,2283
E1000856,T1000302,CREATED,2026-09-03 12:50:53,2026-09-03 12:51:02,1110
E1004073,T1001432,SETTLED,2026-09-12 14:55:04,2026-09-12 14:55:11,96
E1003253,T1001141,SETTLED,2026-09-10 13:33:58,2026-09-10 13:34:01,906
E1009090,T1003225,CREATED,2026-09-26 09:40:41,2026-09-26 09:40:47,1183
E1002943,T1001033,SETTLED,2026-09-09 18:38:17,2026-09-09 18:38:24,61
E1005781,T1002043,CREATED,2026-09-17 21:09:37,2026-09-17 21:09:39,42
E1006310,T1002231,AUTHORIZED,2026-09-19 11:26:08,2026-09-19 11:26:11,1528
E1005725,T1002024,CREATED,2026-09-17 10:09:12,2026-09-17 10:09:17,2314
E1005688,T1002010,AUTHORIZED,2026-09-17 19:20:08,2026-09-17 19:20:09,2388
E1009856,T1003496,SETTLED,2026-09-28 19:52:23,2026-09-28 19:52:24,2458
E1001225,T1000432,CREATED,2026-09-04 11:54:05,2026-09-04 11:54:11,593
E1003608,T1001266,SETTLED,2026-09-11 12:32:19,2026-09-11 12:32:29,1649
E1005253,T1001853,SETTLED,2026-09-16 00:56:07,2026-09-16 00:56:10,1990
E1006171,T1002182,AUTHORIZED,2026-09-18 20:51:40,2026-09-18 20:51:47,1584
E1008495,T1003015,AUTHORIZED,2026-09-25 12:52:08,2026-09-25 12:52:15,1511
E1007716,T1002741,AUTHORIZED,2026-09-22 14:51:22,2026-09-22 14:51:31,491
E1003714,T1001303,SETTLED,2026-09-11 18:59:06,2026-09-11 18:59:11,1146
E1007616,T1002705,AUTHORIZED,2026-09-22 11:33:57,2026-09-22 11:34:05,1420
E1004300,T1001511,CREATED,2026-09-13 19:40:55,2026-09-13 19:40:57,335
E1000626,T1000220,AUTHORIZED,2026-09-02 13:17:00,2026-09-02 13:17:09,1991
E1005402,T1001907,FAILED,2026-09-16 18:53:52,2026-09-16 18:53:59,1894
E1003191,T1001119,SETTLED,2026-09-10 11:09:59,2026-09-10 11:10:06,573
E1007760,T1002756,SETTLED,2026-09-22 19:49:42,2026-09-22 19:49:50,379
E1009993,T1003544,CREATED,2026-09-28 18:59:55,2026-09-28 18:59:59,864
E1002048,T1000717,SETTLED,2026-09-06 22:28:10,2026-09-06 22:28:12,2190
E1002820,T1000991,CREATED,2026-09-08 19:48:55,2026-09-08 19:48:58,1064
E1006319,T1002234,AUTHORIZED,2026-09-19 11:08:38,2026-09-19 11:08:44,1190
E1000246,T1000086,AUTHORIZED,2026-09-01 08:41:28,2026-09-01 10:10:28,411
E1004692,T1001650,AUTHORIZED,2026-09-14 17:03:26,2026-09-14 17:03:29,1697
E1000576,T1000202,SETTLED,2026-09-02 18:43:04,2026-09-02 18:43:13,796
E1010330,T1003661,CREATED,2026-09-29 07:46:29,2026-09-29 07:46:36,1285
E1010677,T1003784,CREATED,2026-09-30 11:27:24,2026-09-30 11:27:25,791
E1003132,T1001099,AUTHORIZED,2026-09-09 21:49:05,2026-09-09 21:49:14,1321
E1007875,T1002796,AUTHORIZED,2026-09-23 22:54:25,2026-09-23 22:54:32,1450
E1003445,T1001208,CREATED,2026-09-10 19:03:23,2026-09-10 19:03:30,1544
E1010350,T1003668,SETTLED,2026-09-29 11:46:06,2026-09-29 11:46:09,1834
E1000871,T1000307,CREATED,2026-09-03 17:54:14,2026-09-03 17:54:15,2494
E1010609,T1003759,SETTLED,2026-09-30 11:57:47,2026-09-30 11:57:56,1605
E1003447,T1001208,SETTLED,2026-09-10 19:26:23,2026-09-10 19:26:27,2007
E1010724,T1003801,CREATED,2026-09-30 13:49:46,2026-09-30 13:49:51,1439
E1010279,T1003643,CREATED,2026-09-29 18:58:57,2026-09-29 18:58:58,40
E1008319,T1002952,SETTLED,2026-09-24 17:39:42,2026-09-24 17:39:48,2099
E1003550,T1001246,AUTHORIZED,2026-09-11 21:20:02,2026-09-11 21:20:10,2296
E1008228,T1002918,AUTHORIZED,2026-09-24 14:00:59,2026-09-24 14:01:07,2170
E1003007,T1001056,CREATED,2026-09-09 10:29:31,2026-09-09 10:29:38,1616
E1003603,T1001264,SETTLED,2026-09-11 12:00:10,2026-09-11 12:00:19,408
E1002817,T1000990,CREATED,2026-09-08 22:05:35,2026-09-08 22:05:36,2099
E1006160,T1002178,AUTHORIZED,2026-09-18 06:32:12,2026-09-18 06:32:19,2357
E1007111,T1002524,AUTHORIZED,2026-09-20 15:40:30,2026-09-20 15:40:31,2362
E1007200,T1002554,SETTLED,2026-09-21 10:32:47,2026-09-21 10:32:51,1231
E1003701,T1001299,CREATED,2026-09-11 12:50:23,2026-09-11 12:50:33,2341
E1005437,T1001921,AUTHORIZED,2026-09-16 12:42:12,2026-09-16 12:42:18,1435
E1006660,T1002361,CREATED,2026-09-19 20:47:42,2026-09-19 20:47:52,968
E1008985,T1003188,AUTHORIZED,2026-09-26 20:04:15,2026-09-26 20:04:17,740
E1009663,T1003426,FAILED,2026-09-27 20:42:47,2026-09-27 20:42:52,2145
E1004962,T1001746,SETTLED,2026-09-14 17:47:08,2026-09-14 17:47:16,625
E1007680,T1002728,SETTLED,2026-09-22 22:00:13,2026-09-22 22:00:20,559
E1005389,T1001902,SETTLED,2026-09-16 19:10:58,2026-09-16 19:11:06,1528
E1010802,T1003828,SETTLED,2026-09-30 20:19:18,2026-09-30 20:19:22,2288
E1003376,T1001184,AUTHORIZED,2026-09-10 08:45:27,2026-09-10 08:45:33,736
E1000097,T1000034,SETTLED,2026-09-01 08:27:44,2026-09-01 08:27:47,152
E1001514,T1000532,AUTHORIZED,2026-09-05 14:05:32,2026-09-05 14:05:41,1712
E1000833,T1000294,CREATED,2026-09-03 09:27:02,2026-09-03 09:27:03,1481
E1007216,T1002560,CREATED,2026-09-21 13:02:50,2026-09-21 13:02:56,771
E1003948,T1001387,CREATED,2026-09-12 21:04:48,2026-09-12 21:04:56,1056
E1005433,T1001920,CREATED,2026-09-16 13:20:27,2026-09-16 13:20:34,388
E1008403,T1002982,AUTHORIZED,2026-09-24 15:47:02,2026-09-24 15:47:07,1116
E1002282,T1000800,SETTLED,2026-09-07 14:02:01,2026-09-07 14:02:06,1659
E1003444,T1001207,SETTLED,2026-09-10 15:13:36,2026-09-10 16:38:36,2273
E1002523,T1000886,AUTHORIZED,2026-09-08 12:04:58,2026-09-08 12:05:05,1031
E1000580,T1000204,CREATED,2026-09-02 21:53:20,2026-09-02 21:53:30,2307
E1004119,T1001448,AUTHORIZED,2026-09-12 13:25:02,2026-09-12 13:25:06,1254
E1008219,T1002915,CREATED,2026-09-24 19:03:59,2026-09-24 19:04:01,2474
E1003151,T1001106,CREATED,2026-09-09 19:04:57,2026-09-09 19:05:07,2027
E1000554,T1000195,AUTHORIZED,2026-09-02 11:46:14,2026-09-02 11:46:23,1064
E1000902,T1000318,CREATED,2026-09-03 17:47:28,2026-09-03 17:47:36,1296
E1001245,T1000438,SETTLED,2026-09-04 09:21:58,2026-09-04 09:22:02,2087
E1006872,T1002438,SETTLED,2026-09-20 19:37:58,2026-09-20 19:37:59,522
E1008532,T1003028,CREATED,2026-09-25 20:12:09,2026-09-25 20:12:17,755
E1004591,T1001613,SETTLED,2026-09-13 22:30:08,2026-09-13 22:30:10,1181
E1004490,T1001579,CREATED,2026-09-13 09:43:12,2026-09-13 09:43:20,363
E1000217,T1000076,SETTLED,2026-09-01 21:27:57,2026-09-01 21:28:03,2045
E1003751,T1001318,SETTLED,2026-09-11 14:34:40,2026-09-11 14:34:50,1596
E1003840,T1001349,AUTHORIZED,2026-09-12 20:06:49,2026-09-12 20:06:54,2333
E1009340,T1003312,SETTLED,2026-09-27 11:44:15,2026-09-27 11:44:17,1265
E1002651,T1000931,AUTHORIZED,2026-09-08 13:02:46,2026-09-08 13:02:49,1072
E1003399,T1001192,AUTHORIZED,2026-09-10 14:14:46,2026-09-10 14:14:47,1650
E1009258,T1003284,SETTLED,2026-09-26 16:34:56,2026-09-26 16:34:57,1496
E1001402,T1000493,AUTHORIZED,2026-09-05 16:01:21,2026-09-05 16:01:26,573
E1004394,T1001545,AUTHORIZED,2026-09-13 19:38:08,2026-09-13 19:38:11,2492
E1004336,T1001524,AUTHORIZED,2026-09-13 14:40:36,2026-09-13 14:40:37,2417
E1001203,T1000424,SETTLED,2026-09-04 16:41:48,2026-09-04 16:41:54,385
E1010275,T1003641,SETTLED,2026-09-29 12:43:49,2026-09-29 12:43:58,1747
E1009072,T1003218,SETTLED,2026-09-26 09:44:57,2026-09-26 09:45:04,2039
E1004942,T1001739,AUTHORIZED,2026-09-14 10:15:45,2026-09-14 10:15:47,2082
E1000126,T1000045,AUTHORIZED,2026-09-01 19:33:20,2026-09-01 19:33:22,984
E1005967,T1002107,AUTHORIZED,2026-09-17 12:27:33,2026-09-17 12:27:35,601
E1009407,T1003335,AUTHORIZED,2026-09-27 21:14:47,2026-09-27 21:14:49,1415
E1008304,T1002947,AUTHORIZED,2026-09-24 10:26:11,2026-09-24 10:26:13,1497
E1000904,T1000318,SETTLED,2026-09-03 19:20:28,2026-09-03 19:20:32,789
E1007168,T1002543,AUTHORIZED,2026-09-21 19:11:02,2026-09-21 19:11:04,1030
E1001623,T1000571,CREATED,2026-09-05 20:25:29,2026-09-05 20:25:31,2474
E1000040,T1000015,AUTHORIZED,2026-09-01 22:26:41,2026-09-01 22:26:43,1348
E1004334,T1001523,AUTHORIZED,2026-09-13 16:24:39,2026-09-13 16:24:41,1914
E1004212,T1001480,SETTLED,2026-09-12 22:06:11,2026-09-12 22:06:12,1696
E1000933,T1000329,CREATED,2026-09-03 11:10:00,2026-09-03 11:10:09,1377
E1001397,T1000491,SETTLED,2026-09-05 10:44:08,2026-09-05 10:44:11,1712
E1004044,T1001422,CREATED,2026-09-12 06:09:26,2026-09-12 06:09:30,1194
E1003254,T1001142,CREATED,2026-09-10 11:30:08,2026-09-10 11:30:14,1811
E1005442,T1001923,CREATED,2026-09-16 14:02:49,2026-09-16 14:02:53,148
E1005943,T1002099,AUTHORIZED,2026-09-17 12:14:29,2026-09-17 12:14:31,1363
E1010097,T1003580,AUTHORIZED,2026-09-28 11:36:05,2026-09-28 11:36:14,2320
E1010591,T1003753,AUTHORIZED,2026-09-30 19:38:30,2026-09-30 20:09:30,1876
E1000335,T1000119,CREATED,2026-09-01 12:14:38,2026-09-01 12:14:40,1552
E1006578,T1002330,CREATED,2026-09-19 19:26:54,2026-09-19 19:26:59,1558
E1005320,T1001878,SETTLED,2026-09-16 12:54:51,2026-09-16 12:54:57,1690
E1006751,T1002396,CREATED,2026-09-20 16:36:28,2026-09-20 16:36:34,1748
E1009701,T1003440,CREATED,2026-09-27 11:48:41,2026-09-27 11:48:50,186
E1000729,T1000256,AUTHORIZED,2026-09-03 13:42:40,2026-09-03 13:42:43,1712
E1009177,T1003255,SETTLED,2026-09-26 12:08:52,2026-09-26 12:08:55,2162
E1002894,T1001017,CREATED,2026-09-09 12:09:37,2026-09-09 12:09:46,974
E1000512,T1000179,SETTLED,2026-09-02 17:35:44,2026-09-02 17:35:47,363
E1005176,T1001825,CREATED,2026-09-15 19:13:41,2026-09-15 19:13:49,1619
E1004642,T1001632,AUTHORIZED,2026-09-14 12:40:50,2026-09-14 12:40:51,2301
E1006119,T1002163,CREATED,2026-09-18 16:57:44,2026-09-18 16:57:52,2037
E1006731,T1002388,AUTHORIZED,2026-09-19 18:43:56,2026-09-19 18:43:59,690
E1007630,T1002710,CREATED,2026-09-22 17:52:18,2026-09-22 17:52:23,1246
E1001324,T1000466,CREATED,2026-09-05 17:15:41,2026-09-05 17:15:42,105
E1009004,T1003195,CREATED,2026-09-26 14:49:15,2026-09-26 14:49:24,2124
E1001320,T1000464,SETTLED,2026-09-05 19:49:41,2026-09-05 19:49:48,318
E1006642,T1002354,AUTHORIZED,2026-09-19 10:17:40,2026-09-19 10:17:46,829
E1006532,T1002314,CREATED,2026-09-19 19:46:08,2026-09-19 19:46:11,2003
E1007302,T1002592,AUTHORIZED,2026-09-21 16:43:43,2026-09-21 16:43:46,1371
E1008749,T1003102,SETTLED,2026-09-25 11:41:08,2026-09-25 11:41:12,1788
E1007099,T1002520,AUTHORIZED,2026-09-20 19:05:30,2026-09-20 19:05:32,1480
E1005139,T1001811,AUTHORIZED,2026-09-15 16:55:49,2026-09-15 16:55:58,1087
E1000137,T1000049,CREATED,2026-09-01 10:09:56,2026-09-01 10:10:05,268
E1002371,T1000832,CREATED,2026-09-07 06:21:23,2026-09-07 06:21:33,2470
E1010761,T1003814,AUTHORIZED,2026-09-30 19:10:04,2026-09-30 19:10:13,1647
E1000664,T1000234,CREATED,2026-09-02 19:31:40,2026-09-02 19:31:41,1011
E1006010,T1002123,SETTLED,2026-09-18 11:45:13,2026-09-18 12:12:13,1085
E1008192,T1002906,CREATED,2026-09-24 11:54:48,2026-09-24 11:54:58,1092
E1005586,T1001973,SETTLED,2026-09-16 09:51:51,2026-09-16 09:51:52,2397
E1010116,T1003587,CREATED,2026-09-29 18:53:39,2026-09-29 18:53:46,285
E1006900,T1002449,CREATED,2026-09-20 11:13:30,2026-09-20 11:13:33,2327
E1000640,T1000225,AUTHORIZED,2026-09-02 12:09:23,2026-09-02 12:09:29,480
E1000681,T1000239,SETTLED,2026-09-03 19:05:14,2026-09-03 19:05:21,2220
E1003240,T1001137,AUTHORIZED,2026-09-10 16:19:53,2026-09-10 16:19:59,1917
E1007218,T1002561,CREATED,2026-09-21 12:50:01,2026-09-21 12:50:03,1050
E1001159,T1000409,SETTLED,2026-09-04 13:16:57,2026-09-04 13:17:07,2247
E1002880,T1001012,AUTHORIZED,2026-09-09 16:47:01,2026-09-09 16:47:09,2402
E1009755,T1003459,AUTHORIZED,2026-09-28 21:45:11,2026-09-28 21:45:21,1547
E1005007,T1001762,CREATED,2026-09-15 09:51:46,2026-09-15 09:51:56,1077
E1010347,T1003667,SETTLED,2026-09-29 15:29:16,2026-09-29 15:29:19,1370
E1007606,T1002701,AUTHORIZED,2026-09-22 21:56:09,2026-09-22 21:56:13,548
E1003026,T1001062,AUTHORIZED,2026-09-09 17:16:09,2026-09-09 17:16:16,1471
E1000646,T1000227,AUTHORIZED,2026-09-02 19:04:08,2026-09-02 19:04:13,2040
E1002078,T1000728,SETTLED,2026-09-06 22:02:11,2026-09-06 22:02:18,2251
E1004444,T1001563,AUTHORIZED,2026-09-13 14:38:28,2026-09-13 14:38:36,2272
E1003915,T1001375,CREATED,2026-09-12 14:04:00,2026-09-12 14:04:03,1963
E1007431,T1002638,AUTHORIZED,2026-09-21 21:21:10,2026-09-21 21:21:14,1790
E1003708,T1001301,AUTHORIZED,2026-09-11 10:49:36,2026-09-11 10:49:40,2042
E1005599,T1001978,CREATED,2026-09-16 18:57:45,2026-09-16 18:57:47,2385
E1008369,T1002970,AUTHORIZED,2026-09-24 07:15:30,2026-09-24 07:15:34,2279
E1005081,T1001791,CREATED,2026-09-15 08:09:11,2026-09-15 08:09:19,1458
E1005417,T1001913,AUTHORIZED,2026-09-16 20:59:17,2026-09-16 20:59:21,977
E1010792,T1003825,AUTHORIZED,2026-09-30 14:29:12,2026-09-30 14:29:17,2389
E1006936,T1002461,AUTHORIZED,2026-09-20 20:31:42,2026-09-20 20:31:51,300
E1008353,T1002964,SETTLED,2026-09-24 14:36:59,2026-09-24 14:37:00,600
E1007595,T1002697,SETTLED,2026-09-22 21:43:31,2026-09-22 21:43:37,1106
E1010079,T1003574,AUTHORIZED,2026-09-28 19:45:13,2026-09-28 19:45:22,1690
E1001586,T1000558,CREATED,2026-09-05 16:19:34,2026-09-05 16:19:40,1996
E1005052,T1001780,CREATED,2026-09-15 17:00:31,2026-09-15 17:00:33,747
E1006038,T1002133,AUTHORIZED,2026-09-18 12:32:03,2026-09-18 12:32:12,1235
E1002575,T1000905,CREATED,2026-09-08 19:19:50,2026-09-08 19:19:52,2487
E1002394,T1000840,FAILED,2026-09-07 19:25:33,2026-09-07 19:25:41,920
E1002273,T1000797,AUTHORIZED,2026-09-07 15:09:05,2026-09-07 15:09:06,2137
E1003206,T1001125,AUTHORIZED,2026-09-10 11:30:45,2026-09-10 11:30:48,833
E1006478,T1002293,AUTHORIZED,2026-09-19 18:24:56,2026-09-19 18:25:01,1518
E1001797,T1000630,CREATED,2026-09-06 15:47:38,2026-09-06 15:47:39,1216
E1000734,T1000258,AUTHORIZED,2026-09-03 13:44:10,2026-09-03 13:44:15,935
E1000270,T1000095,CREATED,2026-09-01 14:08:30,2026-09-01 14:08:36,1983
E1008662,T1003073,CREATED,2026-09-25 16:24:51,2026-09-25 16:25:00,1485
E1009215,T1003269,SETTLED,2026-09-26 08:48:10,2026-09-26 08:48:11,895
E1002953,T1001037,AUTHORIZED,2026-09-09 20:40:50,2026-09-09 20:40:57,1644
E1000654,T1000230,AUTHORIZED,2026-09-02 19:40:52,2026-09-02 21:05:52,1097
E1006101,T1002156,FAILED,2026-09-18 07:07:21,2026-09-18 07:07:29,99
E1005595,T1001976,SETTLED,2026-09-16 10:12:50,2026-09-16 10:12:51,1020
E1005522,T1001951,AUTHORIZED,2026-09-16 13:43:45,2026-09-16 13:43:48,658
E1004124,T1001450,CREATED,2026-09-12 13:09:12,2026-09-12 13:09:21,2346
E1009603,T1003404,SETTLED,2026-09-27 18:50:02,2026-09-27 18:50:04,58
E1010372,T1003676,AUTHORIZED,2026-09-29 15:21:58,2026-09-29 15:22:08,2290
E1010508,T1003723,SETTLED,2026-09-30 11:44:30,2026-09-30 11:44:37,2059
E1005401,T1001907,CREATED,2026-09-16 18:53:45,2026-09-16 18:53:49,1957
E1005767,T1002038,AUTHORIZED,2026-09-17 17:58:36,2026-09-17 17:58:46,1852
E1003641,T1001278,CREATED,2026-09-11 18:36:20,2026-09-11 18:36:29,610
E1004220,T1001483,AUTHORIZED,2026-09-12 10:58:23,2026-09-12 10:58:29,1376
E1003274,T1001149,CREATED,2026-09-10 12:37:20,2026-09-10 12:37:24,462
E1007691,T1002732,SETTLED,2026-09-22 11:26:17,2026-09-22 11:26:19,1856
E1006350,T1002246,CREATED,2026-09-19 18:50:36,2026-09-19 18:50:41,1471
E1007489,T1002658,SETTLED,2026-09-21 16:49:58,2026-09-21 16:50:06,1401
E1004733,T1001665,AUTHORIZED,2026-09-14 15:34:25,2026-09-14 15:34:29,698
E1009022,T1003201,AUTHORIZED,2026-09-26 21:45:40,2026-09-26 21:45:42,2342
E1009690,T1003436,AUTHORIZED,2026-09-27 08:26:16,2026-09-27 08:26:23,2324
E1010086,T1003576,SETTLED,2026-09-28 13:03:28,2026-09-28 13:03:30,816
E1007299,T1002591,AUTHORIZED,2026-09-21 12:18:36,2026-09-21 12:18:45,803
E1008382,T1002974,SETTLED,2026-09-24 09:44:40,2026-09-24 09:44:48,1821
E1009251,T1003282,AUTHORIZED,2026-09-26 13:04:24,2026-09-26 13:04:29,1174
E1004395,T1001545,SETTLED,2026-09-13 19:47:40,2026-09-13 19:47:42,1006
E1005011,T1001764,CREATED,2026-09-15 17:54:21,2026-09-15 17:54:24,2402
E1002292,T1000804,AUTHORIZED,2026-09-07 17:21:57,2026-09-07 17:22:04,1284
E1001010,T1000356,CREATED,2026-09-04 10:55:42,2026-09-04 10:55:47,183
E1005088,T1001793,AUTHORIZED,2026-09-15 19:19:32,2026-09-15 19:19:39,1997
E1002873,T1001009,SETTLED,2026-09-09 17:08:20,2026-09-09 17:08:27,562
E1002733,T1000960,AUTHORIZED,2026-09-08 19:00:24,2026-09-08 19:00:31,423
E1006161,T1002178,SETTLED,2026-09-18 06:41:52,2026-09-18 06:41:59,596
E1002630,T1000923,SETTLED,2026-09-08 09:18:51,2026-09-08 09:18:55,668
E1006181,T1002186,CREATED,2026-09-18 13:24:05,2026-09-18 14:32:05,2123
E1000741,T1000261,CREATED,2026-09-03 22:49:12,2026-09-03 22:49:13,1397
E1005372,T1001896,SETTLED,2026-09-16 11:37:48,2026-09-16 11:37:53,768
E1010505,T1003722,SETTLED,2026-09-30 20:00:27,2026-09-30 20:00:35,1630
E1005257,T1001855,CREATED,2026-09-15 14:07:24,2026-09-15 14:07:34,903
E1003818,T1001342,CREATED,2026-09-12 10:00:04,2026-09-12 10:00:11,424
E1005308,T1001874,SETTLED,2026-09-16 18:57:04,2026-09-16 18:57:11,2240
E1003842,T1001350,CREATED,2026-09-12 17:35:03,2026-09-12 17:35:10,352
E1007255,T1002575,CREATED,2026-09-21 13:04:52,2026-09-21 13:04:59,1369
E1003350,T1001175,CREATED,2026-09-10 20:22:47,2026-09-10 20:28:47,1660
E1003910,T1001373,CREATED,2026-09-12 15:14:54,2026-09-12 15:15:04,211
E1007930,T1002815,SETTLED,2026-09-23 10:44:02,2026-09-23 10:44:11,1075
E1006748,T1002394,AUTHORIZED,2026-09-20 08:22:13,2026-09-20 08:22:22,1465
E1005734,T1002027,CREATED,2026-09-17 11:01:18,2026-09-17 11:01:20,2374
E1003405,T1001194,AUTHORIZED,2026-09-10 06:05:50,2026-09-10 06:06:00,2114
E1000234,T1000082,AUTHORIZED,2026-09-01 20:09:19,2026-09-01 20:09:28,1711
E1009518,T1003375,AUTHORIZED,2026-09-27 11:16:07,2026-09-27 11:16:12,2018
E1008410,T1002984,SETTLED,2026-09-24 21:17:07,2026-09-24 21:17:08,990
E1007559,T1002684,AUTHORIZED,2026-09-22 18:03:09,2026-09-22 18:03:10,459
E1007523,T1002672,CREATED,2026-09-22 18:49:46,2026-09-22 18:49:48,918
E1005069,T1001786,AUTHORIZED,2026-09-15 14:01:22,2026-09-15 14:01:27,1240
E1006296,T1002226,SETTLED,2026-09-18 09:37:58,2026-09-18 09:38:03,968
E1007829,T1002780,AUTHORIZED,2026-09-23 09:11:31,2026-09-23 09:11:40,1208
E1004768,T1001678,CREATED,2026-09-14 12:54:19,2026-09-14 12:54:27,1796
E1004135,T1001454,CREATED,2026-09-12 20:49:15,2026-09-12 20:49:21,2446
E1006238,T1002206,CREATED,2026-09-18 13:18:46,2026-09-18 13:18:47,1987
E1000258,T1000091,CREATED,2026-09-01 12:27:12,2026-09-01 12:27:17,709
E1006463,T1002288,CREATED,2026-09-19 15:26:00,2026-09-19 15:26:07,1240
E1002963,T1001041,CREATED,2026-09-09 16:09:25,2026-09-09 16:36:25,144
E1003760,T1001322,CREATED,2026-09-11 21:32:09,2026-09-11 21:32:13,2372
E1006320,T1002234,SETTLED,2026-09-19 11:15:18,2026-09-19 11:15:23,2153
E1007424,T1002636,CREATED,2026-09-21 15:10:16,2026-09-21 15:10:17,2003
E1004574,T1001608,CREATED,2026-09-13 08:43:02,2026-09-13 08:43:11,2418
E1006489,T1002298,CREATED,2026-09-19 12:24:39,2026-09-19 12:24:48,133
E1001302,T1000458,SETTLED,2026-09-04 12:20:19,2026-09-04 12:20:25,1089
E1002790,T1000980,AUTHORIZED,2026-09-08 17:51:55,2026-09-08 17:51:56,59
E1006931,T1002459,SETTLED,2026-09-20 13:55:10,2026-09-20 13:55:17,1067
E1010547,T1003737,SETTLED,2026-09-30 11:13:41,2026-09-30 11:13:47,1543
E1008269,T1002933,AUTHORIZED,2026-09-24 19:38:54,2026-09-24 19:38:58,2116
E1010482,T1003715,CREATED,2026-09-30 10:53:53,2026-09-30 10:54:00,540
E1000122,T1000043,SETTLED,2026-09-01 13:45:06,2026-09-01 13:45:07,1216
E1005445,T1001924,CREATED,2026-09-16 08:09:20,2026-09-16 08:09:28,1875
E1009008,T1003196,AUTHORIZED,2026-09-26 11:35:46,2026-09-26 11:35:51,890
E1005923,T1002092,AUTHORIZED,2026-09-17 16:56:43,2026-09-17 16:56:53,249
E1002955,T1001038,AUTHORIZED,2026-09-09 20:48:42,2026-09-09 20:48:47,1511
E1004228,T1001486,CREATED,2026-09-12 07:34:37,2026-09-12 07:34:46,522
E1000099,T1000035,AUTHORIZED,2026-09-01 12:27:27,2026-09-01 12:27:33,1406
E1003209,T1001126,AUTHORIZED,2026-09-10 19:23:59,2026-09-10 19:24:00,754
E1002460,T1000863,SETTLED,2026-09-07 18:10:54,2026-09-07 18:10:55,1669
E1000125,T1000045,CREATED,2026-09-01 19:33:15,2026-09-01 19:33:23,853
E1006860,T1002434,SETTLED,2026-09-20 14:05:33,2026-09-20 14:05:38,1131
E1002125,T1000745,AUTHORIZED,2026-09-06 13:19:17,2026-09-06 13:19:20,1627
E1001414,T1000497,AUTHORIZED,2026-09-05 20:32:31,2026-09-05 20:32:33,2016
E1008685,T1003081,CREATED,2026-09-25 16:03:14,2026-09-25 16:03:15,1328
E1004525,T1001591,AUTHORIZED,2026-09-13 16:50:57,2026-09-13 16:51:03,2103
E1004716,T1001658,SETTLED,2026-09-14 11:32:04,2026-09-14 11:32:06,803
E1009051,T1003211,FAILED,2026-09-26 20:16:16,2026-09-26 20:16:24,1705
E1001081,T1000382,SETTLED,2026-09-04 09:26:50,2026-09-04 09:26:51,2387
E1006395,T1002262,AUTHORIZED,2026-09-19 18:11:35,2026-09-19 18:11:36,1371
E1008237,T1002921,SETTLED,2026-09-24 21:22:01,2026-09-24 21:22:04,911
E1001508,T1000530,AUTHORIZED,2026-09-05 09:05:56,2026-09-05 09:06:04,1029
E1002544,T1000894,AUTHORIZED,2026-09-08 18:53:02,2026-09-08 18:53:07,720
E1007152,T1002538,CREATED,2026-09-21 15:33:34,2026-09-21 15:33:37,1604
E1004191,T1001473,AUTHORIZED,2026-09-12 12:18:39,2026-09-12 12:18:46,1486
E1000950,T1000334,SETTLED,2026-09-03 10:12:29,2026-09-03 10:12:32,296
E1009265,T1003287,CREATED,2026-09-26 14:19:18,2026-09-26 14:19:19,1951
E1008683,T1003080,AUTHORIZED,2026-09-25 13:45:55,2026-09-25 13:45:59,2251
E1000929,T1000327,AUTHORIZED,2026-09-03 14:42:45,2026-09-03 14:42:49,850
E1008846,T1003137,SETTLED,2026-09-26 18:11:58,2026-09-26 18:12:07,2437
E1005625,T1001987,CREATED,2026-09-17 18:58:52,2026-09-17 18:58:56,255
E1003977,T1001397,AUTHORIZED,2026-09-12 13:14:05,2026-09-12 13:14:13,897
E1002185,T1000766,CREATED,2026-09-06 20:45:32,2026-09-06 20:45:40,1774
E1000820,T1000289,AUTHORIZED,2026-09-03 14:09:13,2026-09-03 14:09:15,2407
E1007975,T1002830,SETTLED,2026-09-23 21:24:27,2026-09-23 21:24:31,1687
E1009496,T1003367,AUTHORIZED,2026-09-27 10:22:59,2026-09-27 10:23:09,1658
E1009178,T1003256,CREATED,2026-09-26 09:22:28,2026-09-26 09:22:31,1628
E1009123,T1003237,CREATED,2026-09-26 13:19:31,2026-09-26 13:19:35,227
E1000313,T1000110,SETTLED,2026-09-01 11:17:22,2026-09-01 11:17:28,1700
E1005709,T1002018,CREATED,2026-09-17 19:18:23,2026-09-17 19:18:31,1871
E1002949,T1001036,CREATED,2026-09-09 18:33:01,2026-09-09 18:33:05,2239
E1003148,T1001105,CREATED,2026-09-09 18:47:47,2026-09-09 19:57:47,1188
E1000472,T1000166,CREATED,2026-09-02 11:31:22,2026-09-02 11:31:29,667
E1004523,T1001590,AUTHORIZED,2026-09-13 14:40:07,2026-09-13 14:40:11,1335
E1008719,T1003092,SETTLED,2026-09-25 15:30:47,2026-09-25 15:30:57,1656
E1004979,T1001752,AUTHORIZED,2026-09-14 10:35:27,2026-09-14 10:35:28,2130
E1010340,T1003665,AUTHORIZED,2026-09-29 18:00:00,2026-09-29 18:00:01,1161
E1006373,T1002254,AUTHORIZED,2026-09-19 08:42:28,2026-09-19 08:42:31,2260
E1002979,T1001046,SETTLED,2026-09-09 17:39:41,2026-09-09 17:39:42,2468
E1008514,T1003021,SETTLED,2026-09-25 15:54:55,2026-09-25 15:55:02,1052
E1002987,T1001049,AUTHORIZED,2026-09-09 09:11:01,2026-09-09 09:11:09,1298
E1007943,T1002820,CREATED,2026-09-23 07:16:44,2026-09-23 07:16:47,81
E1001655,T1000581,SETTLED,2026-09-05 09:40:54,2026-09-05 09:41:02,611
E1008327,T1002955,AUTHORIZED,2026-09-24 11:33:06,2026-09-24 11:33:14,2190
E1010265,T1003638,AUTHORIZED,2026-09-29 23:30:33,2026-09-29 23:30:43,2077
E1007087,T1002516,CREATED,2026-09-20 20:20:31,2026-09-20 20:20:35,1491
E1003586,T1001258,SETTLED,2026-09-11 13:27:39,2026-09-11 13:27:42,653
E1003856,T1001354,SETTLED,2026-09-12 16:37:17,2026-09-12 16:37:27,1394
E1007637,T1002712,AUTHORIZED,2026-09-22 18:30:30,2026-09-22 18:30:35,389
E1008858,T1003141,SETTLED,2026-09-26 07:34:04,2026-09-26 07:34:13,1245
E1005116,T1001803,CREATED,2026-09-15 11:21:53,2026-09-15 11:22:02,185
E1005965,T1002106,SETTLED,2026-09-17 13:37:32,2026-09-17 13:37:41,1433
E1002419,T1000849,AUTHORIZED,2026-09-07 13:40:40,2026-09-07 13:40:41,255
E1005142,T1001812,AUTHORIZED,2026-09-15 13:17:49,2026-09-15 13:17:50,216
E1010104,T1003582,SETTLED,2026-09-28 15:25:15,2026-09-28 15:25:18,1396
E1001660,T1000583,AUTHORIZED,2026-09-05 19:07:38,2026-09-05 19:07:41,78
E1007015,T1002489,CREATED,2026-09-20 20:22:06,2026-09-20 20:22:16,1990
E1005178,T1001825,SETTLED,2026-09-15 20:29:41,2026-09-15 20:29:48,734
E1000256,T1000090,CREATED,2026-09-01 12:52:36,2026-09-01 12:52:46,709
E1005337,T1001884,AUTHORIZED,2026-09-16 13:44:16,2026-09-16 15:05:16,249
E1008367,T1002969,SETTLED,2026-09-24 20:50:21,2026-09-24 20:50:25,651
E1001775,T1000622,SETTLED,2026-09-06 14:04:05,2026-09-06 14:04:07,1472
E1007374,T1002617,SETTLED,2026-09-21 21:46:46,2026-09-21 21:46:56,759
E1006168,T1002181,AUTHORIZED,2026-09-18 13:39:21,2026-09-18 13:39:28,1719
E1001668,T1000586,CREATED,2026-09-05 19:13:51,2026-09-05 19:13:59,2193
E1001264,T1000445,CREATED,2026-09-04 20:18:39,2026-09-04 20:18:40,2034
E1010337,T1003664,CREATED,2026-09-29 17:37:38,2026-09-29 17:37:46,133
E1005577,T1001970,SETTLED,2026-09-16 20:56:48,2026-09-16 20:56:57,1023
E1000420,T1000148,AUTHORIZED,2026-09-02 11:06:00,2026-09-02 11:06:04,2322
E1003349,T1001174,SETTLED,2026-09-10 09:34:24,2026-09-10 09:34:25,2129
E1009175,T1003255,CREATED,2026-09-26 12:04:52,2026-09-26 12:05:02,1764
E1002593,T1000911,CREATED,2026-09-08 08:13:04,2026-09-08 08:13:08,763
E1002087,T1000731,SETTLED,2026-09-06 19:14:28,2026-09-06 19:14:30,531
E1010589,T1003752,SETTLED,2026-09-30 17:52:59,2026-09-30 17:53:03,630
E1007091,T1002517,AUTHORIZED,2026-09-20 19:28:00,2026-09-20 19:28:09,2055
E1003632,T1001274,SETTLED,2026-09-11 10:54:01,2026-09-11 10:54:04,1407
E1008887,T1003152,CREATED,2026-09-26 16:32:39,2026-09-26 16:32:47,234
E1005464,T1001930,SETTLED,2026-09-16 09:41:24,2026-09-16 09:41:32,1363
E1006362,T1002250,AUTHORIZED,2026-09-19 20:30:12,2026-09-19 20:30:18,1275
E1005318,T1001878,CREATED,2026-09-16 12:00:51,2026-09-16 12:00:59,1942
E1010296,T1003648,SETTLED,2026-09-29 13:05:56,2026-09-29 13:06:06,1061
E1006164,T1002180,CREATED,2026-09-18 08:38:29,2026-09-18 08:38:39,1918
E1010276,T1003642,CREATED,2026-09-29 13:20:06,2026-09-29 13:20:14,1591
E1006199,T1002192,AUTHORIZED,2026-09-18 10:00:57,2026-09-18 10:01:06,1373
E1005507,T1001946,AUTHORIZED,2026-09-16 12:02:29,2026-09-16 12:02:37,1495
E1000536,T1000188,SETTLED,2026-09-02 20:22:48,2026-09-02 20:22:54,1416
E1003492,T1001226,CREATED,2026-09-11 19:03:56,2026-09-11 19:04:02,2311
E1008815,T1003127,CREATED,2026-09-25 17:55:27,2026-09-25 17:55:37,73
E1009730,T1003450,CREATED,2026-09-27 17:55:59,2026-09-27 17:56:01,139
E1008797,T1003121,CREATED,2026-09-25 11:05:58,2026-09-25 11:06:08,331
E1000454,T1000159,SETTLED,2026-09-02 10:10:05,2026-09-02 10:10:09,2064
E1009809,T1003479,FAILED,2026-09-28 10:05:26,2026-09-28 10:05:31,645
E1001633,T1000574,AUTHORIZED,2026-09-05 08:29:39,2026-09-05 09:19:39,724
E1001492,T1000524,FAILED,2026-09-05 13:17:34,2026-09-05 13:17:36,2337
E1007296,T1002590,CREATED,2026-09-21 08:49:27,2026-09-21 09:43:27,1857
E1006895,T1002447,CREATED,2026-09-20 17:34:50,2026-09-20 17:35:00,1714
E1010045,T1003562,CREATED,2026-09-28 08:37:08,2026-09-28 08:37:17,2214
E1004527,T1001592,CREATED,2026-09-13 18:49:31,2026-09-13 18:49:41,917
E1005774,T1002040,SETTLED,2026-09-17 13:42:18,2026-09-17 13:42:23,622
E1007957,T1002824,SETTLED,2026-09-23 21:32:50,2026-09-23 21:32:59,1823
E1001804,T1000632,SETTLED,2026-09-06 09:19:25,2026-09-06 09:19:29,775
E1000057,T1000021,CREATED,2026-09-01 12:11:16,2026-09-01 12:11:18,1098
E1006558,T1002323,AUTHORIZED,2026-09-19 13:40:36,2026-09-19 13:40:44,2252
E1003722,T1001307,CREATED,2026-09-11 20:23:43,2026-09-11 20:23:48,2229
E1009940,T1003526,CREATED,2026-09-28 09:37:30,2026-09-28 09:37:33,1395
E1005441,T1001922,SETTLED,2026-09-16 22:47:59,2026-09-16 22:48:08,2190
E1007542,T1002678,AUTHORIZED,2026-09-22 12:36:05,2026-09-22 12:36:08,2251
E1001311,T1000461,SETTLED,2026-09-04 11:01:46,2026-09-04 11:01:48,1487
E1009199,T1003263,SETTLED,2026-09-26 18:22:22,2026-09-26 18:22:25,492
E1009963,T1003533,SETTLED,2026-09-28 12:28:07,2026-09-28 12:28:11,1352
E1000180,T1000064,CREATED,2026-09-01 18:47:09,2026-09-01 18:47:16,1966
E1001168,T1000412,SETTLED,2026-09-04 09:20:28,2026-09-04 09:20:29,67
E1006638,T1002353,CREATED,2026-09-19 08:15:26,2026-09-19 08:15:33,1632
E1002166,T1000759,CREATED,2026-09-06 09:23:03,2026-09-06 09:23:07,631
E1006097,T1002154,SETTLED,2026-09-18 11:08:50,2026-09-18 11:08:51,1112
E1007783,T1002764,SETTLED,2026-09-22 15:34:03,2026-09-22 15:34:10,706
E1004429,T1001558,CREATED,2026-09-13 20:34:22,2026-09-13 20:34:32,866
E1005197,T1001832,CREATED,2026-09-15 20:06:08,2026-09-15 20:06:10,1448
E1009883,T1003506,CREATED,2026-09-28 21:12:56,2026-09-28 21:12:58,2398
E1009969,T1003535,SETTLED,2026-09-28 13:54:32,2026-09-28 13:54:36,1740
E1004908,T1001727,AUTHORIZED,2026-09-14 14:48:21,2026-09-14 14:48:28,163
E1010459,T1003707,CREATED,2026-09-29 12:22:16,2026-09-29 12:22:23,1035
E1007447,T1002643,SETTLED,2026-09-21 22:43:12,2026-09-21 22:43:20,2378
E1001957,T1000685,SETTLED,2026-09-06 15:48:43,2026-09-06 15:48:46,878
E1006956,T1002468,SETTLED,2026-09-20 10:54:15,2026-09-20 10:54:16,188
E1003553,T1001247,AUTHORIZED,2026-09-11 17:06:38,2026-09-11 17:06:48,148
E1008680,T1003079,AUTHORIZED,2026-09-25 13:39:25,2026-09-25 13:39:35,2335
E1006358,T1002248,SETTLED,2026-09-19 13:39:48,2026-09-19 13:39:56,516
E1003709,T1001302,CREATED,2026-09-11 10:46:05,2026-09-11 10:46:11,943
E1010334,T1003663,CREATED,2026-09-29 13:10:24,2026-09-29 14:30:24,2082
E1001408,T1000495,AUTHORIZED,2026-09-05 11:29:14,2026-09-05 11:29:16,572
E1001483,T1000521,AUTHORIZED,2026-09-05 10:09:38,2026-09-05 10:09:45,102
E1009445,T1003349,FAILED,2026-09-27 22:01:15,2026-09-27 22:01:18,2107
E1003414,T1001197,AUTHORIZED,2026-09-10 11:44:20,2026-09-10 11:44:21,569
E1002864,T1001006,AUTHORIZED,2026-09-09 20:57:20,2026-09-09 20:57:26,1305
E1010461,T1003708,CREATED,2026-09-29 15:55:31,2026-09-29 15:55:39,1200
E1001118,T1000396,CREATED,2026-09-04 10:17:51,2026-09-04 10:17:56,971
E1009547,T1003385,AUTHORIZED,2026-09-27 22:01:07,2026-09-27 22:01:15,2126
E1002132,T1000747,SETTLED,2026-09-06 09:34:11,2026-09-06 09:34:14,914
E1005714,T1002020,CREATED,2026-09-17 10:10:15,2026-09-17 10:10:20,1603
E1010496,T1003719,SETTLED,2026-09-30 10:31:39,2026-09-30 10:31:47,350
E1006387,T1002259,SETTLED,2026-09-19 16:29:44,2026-09-19 16:29:50,215
E1006026,T1002129,AUTHORIZED,2026-09-18 15:18:38,2026-09-18 15:18:43,56
E1006278,T1002220,SETTLED,2026-09-18 08:08:26,2026-09-18 08:08:34,1389
E1001764,T1000619,CREATED,2026-09-06 21:04:20,2026-09-06 21:04:24,1018
E1010662,T1003779,CREATED,2026-09-30 13:21:40,2026-09-30 13:21:44,1167
E1003170,T1001112,SETTLED,2026-09-10 15:40:46,2026-09-10 15:40:47,767
E1004755,T1001673,AUTHORIZED,2026-09-14 12:51:01,2026-09-14 12:51:11,1176
E1010566,T1003744,FAILED,2026-09-30 12:30:30,2026-09-30 12:30:40,934
E1000690,T1000242,SETTLED,2026-09-03 13:54:45,2026-09-03 13:54:50,89
E1000737,T1000259,FAILED,2026-09-03 12:32:17,2026-09-03 12:32:21,1440
E1002354,T1000826,CREATED,2026-09-07 17:18:57,2026-09-07 17:19:01,1516
E1009032,T1003204,SETTLED,2026-09-26 22:06:46,2026-09-26 22:06:53,2257
E1009606,T1003405,SETTLED,2026-09-27 19:09:56,2026-09-27 19:09:59,1036
E1002778,T1000976,AUTHORIZED,2026-09-08 20:56:27,2026-09-08 20:56:33,525
E1007178,T1002547,AUTHORIZED,2026-09-21 18:57:09,2026-09-21 18:57:12,832
E1002012,T1000704,SETTLED,2026-09-06 13:37:14,2026-09-06 13:37:21,545
E1005479,T1001936,AUTHORIZED,2026-09-16 23:25:49,2026-09-16 23:25:56,1251
E1005645,T1001993,SETTLED,2026-09-17 14:22:23,2026-09-17 14:22:32,1853
E1005713,T1002019,AUTHORIZED,2026-09-17 18:29:23,2026-09-17 18:29:24,2111
E1003992,T1001402,SETTLED,2026-09-12 13:47:34,2026-09-12 13:47:41,569
E1006647,T1002356,CREATED,2026-09-19 09:19:21,2026-09-19 09:19:27,103
E1008155,T1002893,SETTLED,2026-09-24 09:47:56,2026-09-24 09:48:00,1351
E1004036,T1001419,CREATED,2026-09-12 18:52:41,2026-09-12 18:52:45,1046
E1008885,T1003151,AUTHORIZED,2026-09-26 22:18:07,2026-09-26 22:18:13,1696
E1004183,T1001470,AUTHORIZED,2026-09-12 06:27:53,2026-09-12 06:27:59,1654
E1008272,T1002934,AUTHORIZED,2026-09-24 20:04:19,2026-09-24 20:28:19,65
E1003859,T1001355,SETTLED,2026-09-12 20:01:55,2026-09-12 20:02:02,2099
E1007410,T1002631,AUTHORIZED,2026-09-21 17:34:06,2026-09-21 17:34:15,1372
E1006896,T1002447,FAILED,2026-09-20 17:35:10,2026-09-20 17:35:17,499
E1004411,T1001551,AUTHORIZED,2026-09-13 21:23:53,2026-09-13 21:24:02,2107
E1005346,T1001887,SETTLED,2026-09-16 20:33:04,2026-09-16 20:33:14,1839
E1000120,T1000043,CREATED,2026-09-01 10:45:06,2026-09-01 10:45:08,2203
E1001966,T1000688,SETTLED,2026-09-06 16:43:05,2026-09-06 16:43:10,433
E1002669,T1000938,CREATED,2026-09-08 12:52:16,2026-09-08 12:52:18,1968
E1001993,T1000697,SETTLED,2026-09-06 12:06:45,2026-09-06 12:06:54,856
E1004888,T1001720,SETTLED,2026-09-14 12:55:37,2026-09-14 12:55:41,1406
E1009306,T1003300,SETTLED,2026-09-26 14:55:42,2026-09-26 14:55:45,133
E1003086,T1001083,CREATED,2026-09-09 12:51:06,2026-09-09 12:51:16,1783
E1007455,T1002647,CREATED,2026-09-21 16:27:45,2026-09-21 16:27:47,2012
E1009795,T1003474,AUTHORIZED,2026-09-28 13:23:39,2026-09-28 13:23:49,1743
E1005929,T1002094,SETTLED,2026-09-17 20:15:37,2026-09-17 20:15:41,91
E1006767,T1002401,SETTLED,2026-09-20 15:02:10,2026-09-20 15:02:11,1085
E1010233,T1003627,SETTLED,2026-09-29 23:39:49,2026-09-29 23:39:51,127
E1009223,T1003272,AUTHORIZED,2026-09-26 11:41:09,2026-09-26 11:41:18,2283
E1006793,T1002410,AUTHORIZED,2026-09-20 23:48:15,2026-09-20 23:48:18,557
E1006159,T1002178,CREATED,2026-09-18 06:31:52,2026-09-18 06:32:01,618
E1000322,T1000113,SETTLED,2026-09-01 11:46:54,2026-09-01 11:46:56,111
E1007267,T1002580,CREATED,2026-09-21 19:55:58,2026-09-21 19:56:05,235
E1005047,T1001778,AUTHORIZED,2026-09-15 19:45:00,2026-09-15 19:45:01,1005
E1007081,T1002513,SETTLED,2026-09-20 15:27:44,2026-09-20 15:27:45,588
E1007033,T1002495,CREATED,2026-09-20 08:55:47,2026-09-20 08:55:49,2185
E1002149,T1000753,AUTHORIZED,2026-09-06 12:20:56,2026-09-06 12:21:00,1222
E1000251,T1000088,CREATED,2026-09-01 12:46:37,2026-09-01 12:46:42,1163
E1006617,T1002345,CREATED,2026-09-19 12:46:00,2026-09-19 12:46:04,121
E1001074,T1000379,SETTLED,2026-09-04 12:22:08,2026-09-04 12:22:14,126
E1002874,T1001010,CREATED,2026-09-09 15:20:57,2026-09-09 15:20:58,2229
E1003301,T1001158,SETTLED,2026-09-10 13:40:17,2026-09-10 13:40:20,814
E1003002,T1001054,AUTHORIZED,2026-09-09 14:13:15,2026-09-09 14:13:23,2065
E1003989,T1001401,SETTLED,2026-09-12 11:44:52,2026-09-12 11:44:53,2249
E1004185,T1001471,CREATED,2026-09-12 20:11:26,2026-09-12 20:11:27,2182
E1002191,T1000768,CREATED,2026-09-06 20:36:08,2026-09-06 20:36:15,1941
E1008967,T1003181,CREATED,2026-09-26 08:01:20,2026-09-26 08:01:27,970
E1008131,T1002885,SETTLED,2026-09-23 20:51:55,2026-09-23 20:52:03,958
E1006372,T1002254,CREATED,2026-09-19 08:42:27,2026-09-19 08:42:32,1828
E1000922,T1000325,CREATED,2026-09-03 08:41:47,2026-09-03 08:41:49,432
E1010308,T1003652,SETTLED,2026-09-29 16:59:55,2026-09-29 17:00:02,1829
E1008220,T1002915,AUTHORIZED,2026-09-24 19:04:19,2026-09-24 19:04:23,971
E1003791,T1001332,AUTHORIZED,2026-09-11 08:38:45,2026-09-11 08:38:52,2073
E1001918,T1000672,AUTHORIZED,2026-09-06 21:17:00,2026-09-06 21:55:00,90
E1003768,T1001324,SETTLED,2026-09-11 18:23:25,2026-09-11 18:23:28,1462
E1006240,T1002206,SETTLED,2026-09-18 13:28:46,2026-09-18 13:28:53,2349
E1006719,T1002384,CREATED,2026-09-19 23:18:31,2026-09-19 23:18:35,1293
E1006743,T1002392,SETTLED,2026-09-19 10:34:31,2026-09-19 10:34:38,1337
E1010573,T1003747,CREATED,2026-09-30 16:31:33,2026-09-30 16:31:36,392
E1004753,T1001672,SETTLED,2026-09-14 14:22:48,2026-09-14 14:22:53,794
E1005798,T1002048,SETTLED,2026-09-17 14:33:40,2026-09-17 14:33:48,1719
E1007009,T1002487,CREATED,2026-09-20 17:13:54,2026-09-20 17:14:01,2222
E1002181,T1000764,AUTHORIZED,2026-09-06 11:36:28,2026-09-06 11:36:29,556
E1000072,T1000026,CREATED,2026-09-01 07:10:22,2026-09-01 07:10:31,2183
E1009230,T1003275,CREATED,2026-09-26 18:17:04,2026-09-26 18:17:10,1190
E1003278,T1001150,SETTLED,2026-09-10 21:30:45,2026-09-10 21:30:54,1778
E1000688,T1000242,CREATED,2026-09-03 13:37:45,2026-09-03 13:37:54,2333
E1007779,T1002763,AUTHORIZED,2026-09-22 17:59:50,2026-09-22 17:59:54,66
E1000084,T1000030,CREATED,2026-09-01 17:50:23,2026-09-01 17:50:29,1575
E1001133,T1000401,CREATED,2026-09-04 09:02:48,2026-09-04 09:02:57,1099
E1001558,T1000548,CREATED,2026-09-05 13:24:04,2026-09-05 13:24:07,1119
E1007711,T1002739,SETTLED,2026-09-22 13:12:10,2026-09-22 13:12:20,1164
E1007312,T1002596,CREATED,2026-09-21 09:13:45,2026-09-21 09:13:50,1447
E1002463,T1000864,SETTLED,2026-09-07 17:24:48,2026-09-07 17:24:50,2041
E1003057,T1001073,CREATED,2026-09-09 20:45:29,2026-09-09 20:45:36,271
E1010269,T1003639,SETTLED,2026-09-29 07:11:11,2026-09-29 07:11:16,2362
E1001046,T1000369,CREATED,2026-09-04 18:41:40,2026-09-04 18:41:42,2438
E1009305,T1003300,AUTHORIZED,2026-09-26 14:39:02,2026-09-26 14:39:07,1629
E1005862,T1002071,CREATED,2026-09-17 15:23:30,2026-09-17 15:23:39,536
E1002448,T1000859,SETTLED,2026-09-07 20:38:54,2026-09-07 20:38:57,999
E1000044,T1000016,SETTLED,2026-09-01 19:33:01,2026-09-01 19:33:05,2397
E1006725,T1002386,CREATED,2026-09-19 19:48:39,2026-09-19 19:48:41,1049
E1006739,T1002391,CREATED,2026-09-19 08:19:37,2026-09-19 08:19:39,200
E1000814,T1000287,CREATED,2026-09-03 18:26:58,2026-09-03 18:27:04,2113
E1000700,T1000246,CREATED,2026-09-03 16:30:54,2026-09-03 16:30:59,157
E1001182,T1000417,AUTHORIZED,2026-09-04 10:39:57,2026-09-04 10:40:02,2360
E1010466,T1003709,SETTLED,2026-09-29 16:58:42,2026-09-29 16:58:50,1215
E1003854,T1001354,CREATED,2026-09-12 14:20:17,2026-09-12 14:20:20,2476
E1002919,T1001025,AUTHORIZED,2026-09-09 13:22:25,2026-09-09 13:22:32,953
E1008975,T1003184,FAILED,2026-09-26 09:57:59,2026-09-26 09:58:08,1594
E1008285,T1002939,SETTLED,2026-09-24 09:18:12,2026-09-24 09:18:17,2366
E1002914,T1001023,SETTLED,2026-09-09 17:56:27,2026-09-09 17:56:32,1578
E1002370,T1000831,SETTLED,2026-09-07 12:14:06,2026-09-07 12:14:09,139
E1003125,T1001097,CREATED,2026-09-09 12:26:09,2026-09-09 12:26:18,218
E1005775,T1002041,CREATED,2026-09-17 14:24:20,2026-09-17 14:24:22,487
E1001597,T1000561,SETTLED,2026-09-05 09:31:24,2026-09-05 09:31:29,1259
E1007504,T1002664,AUTHORIZED,2026-09-22 19:45:22,2026-09-22 19:45:26,2206
E1009705,T1003441,AUTHORIZED,2026-09-27 11:19:39,2026-09-27 11:19:44,991
E1006423,T1002272,AUTHORIZED,2026-09-19 18:19:50,2026-09-19 19:37:50,870
E1003009,T1001056,SETTLED,2026-09-09 10:37:31,2026-09-09 10:37:38,1728
E1008354,T1002965,CREATED,2026-09-24 16:29:28,2026-09-24 16:29:35,492
E1003366,T1001181,CREATED,2026-09-10 12:05:13,2026-09-10 12:05:19,658
E1009700,T1003439,SETTLED,2026-09-27 08:34:08,2026-09-27 08:34:15,1001
E1003129,T1001098,AUTHORIZED,2026-09-09 23:58:18,2026-09-09 23:58:28,241
E1000596,T1000209,SETTLED,2026-09-02 17:49:18,2026-09-02 17:49:20,810
E1008569,T1003041,CREATED,2026-09-25 10:57:30,2026-09-25 10:57:38,1489
E1008250,T1002926,AUTHORIZED,2026-09-24 19:38:23,2026-09-24 19:38:24,1798
E1007217,T1002560,FAILED,2026-09-21 13:03:06,2026-09-21 13:03:16,846
E1006750,T1002395,AUTHORIZED,2026-09-20 16:37:58,2026-09-20 16:38:00,2165
E1010705,T1003794,CREATED,2026-09-30 17:46:28,2026-09-30 17:46:34,1804
E1009399,T1003332,FAILED,2026-09-27 18:09:56,2026-09-27 18:10:05,2445
E1010216,T1003622,CREATED,2026-09-29 12:06:30,2026-09-29 12:06:38,2006
E1000241,T1000084,SETTLED,2026-09-01 15:05:02,2026-09-01 15:05:12,787
E1010717,T1003798,CREATED,2026-09-30 18:25:43,2026-09-30 18:25:46,693
E1006374,T1002254,SETTLED,2026-09-19 08:57:27,2026-09-19 08:57:35,1297
E1003769,T1001325,CREATED,2026-09-11 13:26:30,2026-09-11 13:26:38,1031
E1001431,T1000504,CREATED,2026-09-05 14:35:34,2026-09-05 14:35:39,1600
E1008135,T1002887,CREATED,2026-09-24 08:01:38,2026-09-24 08:01:46,1784
E1010323,T1003658,CREATED,2026-09-29 13:13:13,2026-09-29 13:13:19,584
E1001287,T1000453,SETTLED,2026-09-04 14:51:38,2026-09-04 14:51:46,1180
E1009504,T1003370,CREATED,2026-09-27 13:54:49,2026-09-27 13:54:57,1305
E1006799,T1002412,AUTHORIZED,2026-09-20 22:49:55,2026-09-20 22:49:56,1430
E1004688,T1001649,CREATED,2026-09-14 18:40:54,2026-09-14 18:40:58,2452
E1009296,T1003297,AUTHORIZED,2026-09-26 17:37:54,2026-09-26 17:38:01,480
E1010438,T1003699,AUTHORIZED,2026-09-29 08:25:35,2026-09-29 08:25:43,1648
E1003265,T1001146,CREATED,2026-09-10 21:43:33,2026-09-10 21:43:34,507
E1002838,T1000997,FAILED,2026-09-08 11:14:34,2026-09-08 11:14:39,1656
E1006543,T1002318,CREATED,2026-09-19 09:38:54,2026-09-19 09:39:00,2144
E1005109,T1001800,AUTHORIZED,2026-09-15 20:26:28,2026-09-15 20:26:38,1603
E1006269,T1002217,SETTLED,2026-09-18 19:42:52,2026-09-18 19:42:56,569
E1001255,T1000442,CREATED,2026-09-04 12:20:36,2026-09-04 12:20:41,2339
E1002765,T1000971,SETTLED,2026-09-08 09:28:44,2026-09-08 10:49:44,773
E1007229,T1002565,CREATED,2026-09-21 18:08:22,2026-09-21 18:08:23,286
E1003358,T1001178,CREATED,2026-09-10 11:38:16,2026-09-10 11:38:17,1065
E1010586,T1003751,SETTLED,2026-09-30 12:56:37,2026-09-30 12:56:38,2432
E1003438,T1001205,SETTLED,2026-09-10 20:57:26,2026-09-10 20:57:29,632
E1006393,T1002261,SETTLED,2026-09-19 20:50:43,2026-09-19 20:50:51,936
E1005041,T1001776,CREATED,2026-09-15 15:01:22,2026-09-15 15:01:23,62
E1007686,T1002730,SETTLED,2026-09-22 13:50:08,2026-09-22 13:50:14,2017
E1004405,T1001549,CREATED,2026-09-13 19:55:29,2026-09-13 19:55:36,1843
E1001593,T1000560,AUTHORIZED,2026-09-05 14:17:49,2026-09-05 14:17:54,1969
E1000144,T1000051,AUTHORIZED,2026-09-01 22:00:16,2026-09-01 22:00:24,1218
E1001517,T1000533,AUTHORIZED,2026-09-05 19:46:26,2026-09-05 19:46:27,1019
E1000011,T1000004,AUTHORIZED,2026-09-01 23:47:14,2026-09-01 23:47:15,1891
E1001970,T1000690,CREATED,2026-09-06 06:38:26,2026-09-06 07:03:26,977
E1010555,T1003740,AUTHORIZED,2026-09-30 17:06:19,2026-09-30 17:06:23,2008
E1003393,T1001190,AUTHORIZED,2026-09-10 10:33:10,2026-09-10 10:33:20,2360
E1006679,T1002368,SETTLED,2026-09-19 18:50:56,2026-09-19 18:51:04,519
E1004302,T1001511,SETTLED,2026-09-13 19:55:55,2026-09-13 19:56:04,1676
E1001846,T1000647,AUTHORIZED,2026-09-06 14:13:50,2026-09-06 14:13:51,1058
E1002994,T1001051,SETTLED,2026-09-09 21:21:10,2026-09-09 21:21:13,1967
E1002428,T1000852,AUTHORIZED,2026-09-07 09:51:00,2026-09-07 09:51:02,2158
E1009324,T1003307,CREATED,2026-09-27 13:31:06,2026-09-27 13:31:12,1233
E1000285,T1000101,CREATED,2026-09-01 08:35:36,2026-09-01 08:35:37,924
E1006922,T1002456,SETTLED,2026-09-20 21:25:42,2026-09-20 21:25:48,1098
E1000381,T1000134,AUTHORIZED,2026-09-02 14:04:24,2026-09-02 14:04:28,2276
E1005666,T1002002,CREATED,2026-09-17 22:25:41,2026-09-17 22:25:43,1528
E1002648,T1000930,AUTHORIZED,2026-09-08 20:24:55,2026-09-08 20:25:05,406
E1006339,T1002242,CREATED,2026-09-19 13:42:47,2026-09-19 13:42:54,110
E1010451,T1003704,CREATED,2026-09-29 21:11:25,2026-09-29 21:11:31,2039
E1002024,T1000709,AUTHORIZED,2026-09-06 17:34:41,2026-09-06 17:34:45,1497
E1003027,T1001062,SETTLED,2026-09-09 17:29:04,2026-09-09 17:29:09,2283
E1003229,T1001133,AUTHORIZED,2026-09-10 08:20:12,2026-09-10 08:20:21,1331
E1010634,T1003769,CREATED,2026-09-30 13:47:14,2026-09-30 13:47:20,86
E1009765,T1003463,CREATED,2026-09-28 17:48:22,2026-09-28 17:48:23,1545
E1003013,T1001058,CREATED,2026-09-09 13:34:20,2026-09-09 13:34:26,327
E1003270,T1001147,SETTLED,2026-09-10 11:34:55,2026-09-10 11:35:02,2289
E1002664,T1000936,CREATED,2026-09-08 18:59:08,2026-09-08 18:59:17,1785
E1009986,T1003541,SETTLED,2026-09-28 11:21:50,2026-09-28 11:21:52,483
E1007469,T1002652,CREATED,2026-09-21 14:03:12,2026-09-21 14:03:13,711
E1004280,T1001504,CREATED,2026-09-13 19:56:48,2026-09-13 19:56:53,730
E1008731,T1003096,SETTLED,2026-09-25 20:18:40,2026-09-25 20:18:48,759
E1009927,T1003521,SETTLED,2026-09-28 14:30:37,2026-09-28 14:30:43,1912
E1010236,T1003628,SETTLED,2026-09-29 19:29:46,2026-09-29 19:29:51,968
E1001111,T1000393,SETTLED,2026-09-04 10:56:01,2026-09-04 10:56:11,1425
E1001360,T1000478,AUTHORIZED,2026-09-05 14:16:49,2026-09-05 14:16:59,768
E1005900,T1002083,SETTLED,2026-09-17 10:55:17,2026-09-17 10:55:24,1294
E1004609,T1001620,AUTHORIZED,2026-09-13 19:08:14,2026-09-13 19:08:21,500
E1005026,T1001769,SETTLED,2026-09-15 15:43:31,2026-09-15 15:43:35,1489
E1007317,T1002597,SETTLED,2026-09-21 11:43:02,2026-09-21 11:43:04,2327
E1001331,T1000468,AUTHORIZED,2026-09-05 11:04:36,2026-09-05 11:04:38,745
E1006459,T1002286,AUTHORIZED,2026-09-19 14:07:05,2026-09-19 14:07:13,778
E1002096,T1000735,AUTHORIZED,2026-09-06 14:17:49,2026-09-06 14:17:57,89
E1005498,T1001943,AUTHORIZED,2026-09-16 19:28:13,2026-09-16 19:28:21,413
E1007731,T1002746,FAILED,2026-09-22 11:04:11,2026-09-22 11:04:12,810
E1004869,T1001713,AUTHORIZED,2026-09-14 11:59:02,2026-09-14 11:59:05,595
E1007373,T1002617,AUTHORIZED,2026-09-21 21:36:53,2026-09-21 21:36:57,283
E1000228,T1000080,AUTHORIZED,2026-09-01 07:59:39,2026-09-01 07:59:46,2019
E1007140,T1002534,CREATED,2026-09-20 21:13:34,2026-09-20 21:13:37,1979
E1004147,T1001458,AUTHORIZED,2026-09-12 13:59:16,2026-09-12 13:59:26,2454
E1006105,T1002158,AUTHORIZED,2026-09-18 20:20:48,2026-09-18 20:20:56,284
E1003504,T1001230,CREATED,2026-09-11 20:54:02,2026-09-11 20:54:05,2157
E1001069,T1000378,CREATED,2026-09-04 11:24:40,2026-09-04 11:24:48,1198
E1003314,T1001163,CREATED,2026-09-10 09:48:51,2026-09-10 09:48:53,179
E1007695,T1002734,CREATED,2026-09-22 20:22:56,2026-09-22 20:23:03,685
E1008917,T1003163,CREATED,2026-09-26 18:48:18,2026-09-26 18:48:21,1574
E1003163,T1001110,AUTHORIZED,2026-09-10 08:04:30,2026-09-10 08:04:39,1825
E1006468,T1002289,SETTLED,2026-09-19 20:20:11,2026-09-19 20:20:13,475
E1002972,T1001044,AUTHORIZED,2026-09-09 10:54:40,2026-09-09 10:54:49,101
E1001985,T1000695,CREATED,2026-09-06 14:36:26,2026-09-06 14:36:34,1873
E1009390,T1003329,AUTHORIZED,2026-09-27 18:22:28,2026-09-27 18:22:32,492
E1005448,T1001925,CREATED,2026-09-16 15:04:13,2026-09-16 15:04:21,1763
E1006587,T1002333,SETTLED,2026-09-19 22:58:43,2026-09-19 22:58:50,460
E1005423,T1001916,CREATED,2026-09-16 11:03:06,2026-09-16 11:03:09,2394
E1008915,T1003162,CREATED,2026-09-26 20:05:31,2026-09-26 20:05:37,960
E1006311,T1002231,SETTLED,2026-09-19 12:58:53,2026-09-19 12:58:54,2165
E1005426,T1001917,AUTHORIZED,2026-09-16 18:46:11,2026-09-16 18:46:15,1311
E1002089,T1000732,AUTHORIZED,2026-09-06 18:26:14,2026-09-06 18:26:15,300
E1003997,T1001404,SETTLED,2026-09-12 10:24:26,2026-09-12 10:24:28,1062
E1010178,T1003608,SETTLED,2026-09-29 12:51:41,2026-09-29 12:51:49,2448
E1005520,T1001950,SETTLED,2026-09-16 22:40:21,2026-09-16 22:40:29,74
E1002594,T1000911,AUTHORIZED,2026-09-08 08:13:17,2026-09-08 08:13:21,2348
E1007421,T1002635,CREATED,2026-09-21 09:45:03,2026-09-21 09:45:04,2169
E1002683,T1000943,AUTHORIZED,2026-09-08 13:27:45,2026-09-08 13:27:51,788
E1002803,T1000985,CREATED,2026-09-08 23:45:51,2026-09-08 23:45:59,873
E1010501,T1003721,AUTHORIZED,2026-09-30 15:52:54,2026-09-30 15:53:02,2270
E1003340,T1001171,SETTLED,2026-09-10 21:14:10,2026-09-10 21:14:15,1882
E1000702,T1000246,SETTLED,2026-09-03 16:41:54,2026-09-03 16:42:01,1750
E1008190,T1002905,AUTHORIZED,2026-09-24 22:09:00,2026-09-24 22:09:02,2067
E1000400,T1000141,CREATED,2026-09-02 17:35:30,2026-09-02 17:35:34,1146
E1000325,T1000115,CREATED,2026-09-01 13:05:45,2026-09-01 13:05:51,2181
E1004422,T1001555,AUTHORIZED,2026-09-13 11:12:16,2026-09-13 11:12:19,1942
E1009075,T1003220,CREATED,2026-09-26 14:26:23,2026-09-26 14:26:26,2413
E1007955,T1002824,CREATED,2026-09-23 18:33:50,2026-09-23 18:33:51,1786
E1003362,T1001179,SETTLED,2026-09-10 13:46:10,2026-09-10 13:46:14,108
E1006274,T1002219,AUTHORIZED,2026-09-18 20:18:37,2026-09-18 20:18:41,1237
E1007735,T1002748,CREATED,2026-09-22 06:27:19,2026-09-22 07:44:19,2253
E1004701,T1001653,SETTLED,2026-09-14 19:46:22,2026-09-14 19:46:32,537
E1004226,T1001485,AUTHORIZED,2026-09-12 10:25:10,2026-09-12 10:25:15,679
E1010380,T1003679,AUTHORIZED,2026-09-29 13:27:41,2026-09-29 13:27:46,1944
E1004040,T1001420,SETTLED,2026-09-12 17:07:05,2026-09-12 17:07:07,1370
E1000114,T1000041,CREATED,2026-09-01 20:09:25,2026-09-01 20:09:34,2481
E1009539,T1003382,FAILED,2026-09-27 19:29:50,2026-09-27 19:29:53,1861
E1008864,T1003143,SETTLED,2026-09-26 15:29:49,2026-09-26 15:29:55,846
E1007238,T1002568,AUTHORIZED,2026-09-21 20:20:47,2026-09-21 20:20:57,2099
E1005590,T1001975,CREATED,2026-09-16 20:54:10,2026-09-16 20:54:19,117
E1009243,T1003279,AUTHORIZED,2026-09-26 18:11:58,2026-09-26 18:12:04,1948
E1004674,T1001643,SETTLED,2026-09-14 16:37:26,2026-09-14 16:37:28,88
E1005535,T1001956,CREATED,2026-09-16 17:21:22,2026-09-16 17:21:26,507
E1001343,T1000472,AUTHORIZED,2026-09-05 10:57:00,2026-09-05 10:57:05,853
E1006717,T1002383,CREATED,2026-09-19 08:58:39,2026-09-19 08:58:41,2164
E1000645,T1000227,CREATED,2026-09-02 19:03:38,2026-09-02 19:03:47,1044
E1007281,T1002584,SETTLED,2026-09-21 15:35:31,2026-09-21 15:35:35,1719
E1006124,T1002164,SETTLED,2026-09-18 11:27:34,2026-09-18 11:27:44,1128
E1000094,T1000033,SETTLED,2026-09-01 07:46:21,2026-09-01 07:46:30,1166
E1009937,T1003525,CREATED,2026-09-28 14:40:24,2026-09-28 14:40:30,1612
E1007929,T1002815,AUTHORIZED,2026-09-23 10:25:20,2026-09-23 10:25:29,2403
E1004585,T1001611,SETTLED,2026-09-13 11:22:46,2026-09-13 11:22:52,770
E1010083,T1003575,SETTLED,2026-09-28 20:35:42,2026-09-28 20:35:44,315
E1009169,T1003253,CREATED,2026-09-26 16:55:41,2026-09-26 16:55:46,387
E1009569,T1003392,SETTLED,2026-09-27 10:20:43,2026-09-27 10:20:51,794
E1007756,T1002755,CREATED,2026-09-22 14:13:48,2026-09-22 14:13:52,870
E1001810,T1000634,SETTLED,2026-09-06 10:05:43,2026-09-06 10:05:49,1997
E1004488,T1001578,AUTHORIZED,2026-09-13 20:43:34,2026-09-13 20:43:43,1623
E1005719,T1002021,SETTLED,2026-09-17 20:50:02,2026-09-17 20:50:07,2265
E1000973,T1000342,AUTHORIZED,2026-09-03 20:04:37,2026-09-03 20:04:39,2405
E1000965,T1000339,SETTLED,2026-09-03 11:09:38,2026-09-03 11:09:47,1713
E1006893,T1002446,AUTHORIZED,2026-09-20 11:41:35,2026-09-20 11:41:44,1049
E1007602,T1002700,CREATED,2026-09-22 18:55:26,2026-09-22 18:55:35,2044
E1010568,T1003745,AUTHORIZED,2026-09-30 16:12:57,2026-09-30 16:13:04,488
E1007104,T1002522,CREATED,2026-09-20 16:49:53,2026-09-20 16:50:03,2439
E1003563,T1001250,SETTLED,2026-09-11 14:52:10,2026-09-11 14:52:12,1133
E1000163,T1000058,AUTHORIZED,2026-09-01 18:57:55,2026-09-01 18:58:05,2051
E1009281,T1003292,AUTHORIZED,2026-09-26 12:27:36,2026-09-26 12:27:42,1465
E1004925,T1001733,AUTHORIZED,2026-09-14 11:14:39,2026-09-14 12:11:39,425
E1004102,T1001442,AUTHORIZED,2026-09-12 17:03:54,2026-09-12 17:04:00,1008
E1005038,T1001775,CREATED,2026-09-15 18:03:35,2026-09-15 18:03:44,987
E1007694,T1002733,SETTLED,2026-09-22 15:40:44,2026-09-22 15:40:47,1594
E1004546,T1001598,AUTHORIZED,2026-09-13 19:46:07,2026-09-13 21:09:07,1878
E1003684,T1001293,AUTHORIZED,2026-09-11 11:36:43,2026-09-11 11:36:49,1240
E1005390,T1001903,CREATED,2026-09-16 18:45:30,2026-09-16 18:45:37,2073
E1007935,T1002817,AUTHORIZED,2026-09-23 08:37:12,2026-09-23 08:37:22,426
E1006338,T1002241,AUTHORIZED,2026-09-19 19:23:38,2026-09-19 19:23:43,1322
E1007117,T1002526,AUTHORIZED,2026-09-20 09:12:25,2026-09-20 09:12:27,1645
E1005487,T1001939,AUTHORIZED,2026-09-16 09:02:51,2026-09-16 09:03:01,1541
E1004371,T1001536,AUTHORIZED,2026-09-13 11:32:49,2026-09-13 11:32:57,180
E1007890,T1002801,AUTHORIZED,2026-09-23 08:12:19,2026-09-23 08:12:24,489
E1010465,T1003709,AUTHORIZED,2026-09-29 14:14:05,2026-09-29 14:14:12,46
E1007979,T1002832,CREATED,2026-09-23 17:20:34,2026-09-23 17:20:35,1929
E1010211,T1003620,CREATED,2026-09-29 12:43:48,2026-09-29 12:43:53,319
E1003181,T1001116,AUTHORIZED,2026-09-10 10:05:27,2026-09-10 10:05:31,1990
E1006043,T1002135,AUTHORIZED,2026-09-18 18:45:11,2026-09-18 18:45:20,589
E1005692,T1002011,SETTLED,2026-09-17 19:43:02,2026-09-17 19:43:12,2008
E1005856,T1002069,CREATED,2026-09-17 12:00:22,2026-09-17 12:00:26,1076
E1006144,T1002172,AUTHORIZED,2026-09-18 16:29:43,2026-09-18 16:29:53,2087
E1010186,T1003611,AUTHORIZED,2026-09-29 17:29:36,2026-09-29 17:29:38,1800
E1007348,T1002608,CREATED,2026-09-21 18:17:42,2026-09-21 18:17:45,2245
E1008004,T1002841,CREATED,2026-09-23 15:16:36,2026-09-23 15:16:39,1666
E1005459,T1001929,CREATED,2026-09-16 14:06:05,2026-09-16 14:06:15,2075
E1008756,T1003105,CREATED,2026-09-25 16:06:15,2026-09-25 16:06:25,1928
E1002923,T1001026,SETTLED,2026-09-09 09:32:05,2026-09-09 09:32:12,1081
E1008302,T1002946,AUTHORIZED,2026-09-24 09:04:01,2026-09-24 09:04:07,495
E1000113,T1000040,AUTHORIZED,2026-09-01 19:34:16,2026-09-01 19:34:18,524
E1003109,T1001091,SETTLED,2026-09-09 18:55:52,2026-09-09 18:55:54,2282
E1008564,T1003039,AUTHORIZED,2026-09-25 20:09:30,2026-09-25 20:09:40,1640
E1000128,T1000046,CREATED,2026-09-01 19:35:49,2026-09-01 19:35:54,1512
E1010750,T1003810,CREATED,2026-09-30 18:19:28,2026-09-30 18:19:33,480
E1007349,T1002608,AUTHORIZED,2026-09-21 18:18:07,2026-09-21 18:18:09,2241
E1007450,T1002644,SETTLED,2026-09-21 06:31:25,2026-09-21 06:31:33,1764
E1007384,T1002621,AUTHORIZED,2026-09-21 20:30:15,2026-09-21 20:30:20,1905
E1010710,T1003795,SETTLED,2026-09-30 10:49:27,2026-09-30 12:15:27,1823
E1007867,T1002793,FAILED,2026-09-23 19:26:23,2026-09-23 19:26:25,345
E1002474,T1000868,SETTLED,2026-09-07 22:28:19,2026-09-07 22:28:24,1956
E1003210,T1001126,SETTLED,2026-09-10 19:45:41,2026-09-10 19:45:46,604
E1008391,T1002978,AUTHORIZED,2026-09-24 10:50:01,2026-09-24 10:50:10,1368
E1010556,T1003740,SETTLED,2026-09-30 17:41:12,2026-09-30 17:41:20,2372
E1009135,T1003241,SETTLED,2026-09-26 12:37:39,2026-09-26 12:37:47,1259
E1001980,T1000693,AUTHORIZED,2026-09-06 11:38:43,2026-09-06 11:38:51,1822
E1005278,T1001863,CREATED,2026-09-15 20:05:18,2026-09-15 20:05:23,488
E1003158,T1001108,SETTLED,2026-09-10 08:03:10,2026-09-10 08:03:20,1347
E1002378,T1000834,SETTLED,2026-09-07 19:27:57,2026-09-07 19:27:58,457
E1007329,T1002601,SETTLED,2026-09-21 14:18:56,2026-09-21 14:40:56,1285
E1004091,T1001438,SETTLED,2026-09-12 13:44:10,2026-09-12 13:44:13,395
E1003172,T1001113,AUTHORIZED,2026-09-10 11:00:12,2026-09-10 11:00:13,2274
E1004997,T1001758,AUTHORIZED,2026-09-14 20:03:35,2026-09-14 20:03:44,137
E1005335,T1001883,SETTLED,2026-09-16 21:08:05,2026-09-16 21:08:08,2278
E1003534,T1001241,CREATED,2026-09-11 21:06:48,2026-09-11 21:06:49,1376
E1010344,T1003666,SETTLED,2026-09-29 11:51:42,2026-09-29 11:51:47,1413
E1008957,T1003177,SETTLED,2026-09-26 11:30:25,2026-09-26 11:30:26,2062
E1010004,T1003547,SETTLED,2026-09-28 15:55:16,2026-09-28 15:55:23,305
E1009689,T1003436,CREATED,2026-09-27 08:26:11,2026-09-27 08:26:17,2439
E1006813,T1002417,SETTLED,2026-09-20 10:26:04,2026-09-20 10:26:09,1922
E1002173,T1000761,AUTHORIZED,2026-09-06 12:50:37,2026-09-06 13:27:37,624
E1006968,T1002473,CREATED,2026-09-20 18:00:48,2026-09-20 18:00:49,1337
E1003843,T1001350,AUTHORIZED,2026-09-12 17:35:07,2026-09-12 17:35:11,1391
E1004998,T1001758,SETTLED,2026-09-14 20:09:27,2026-09-14 20:09:28,614
E1006092,T1002152,AUTHORIZED,2026-09-18 10:33:10,2026-09-18 10:33:20,2216
E1006215,T1002197,SETTLED,2026-09-18 07:08:43,2026-09-18 07:23:43,819
E1002362,T1000829,CREATED,2026-09-07 22:39:40,2026-09-07 22:39:45,1352
E1007328,T1002601,AUTHORIZED,2026-09-21 14:08:22,2026-09-21 15:07:22,1428
E1001800,T1000631,AUTHORIZED,2026-09-06 13:52:34,2026-09-06 13:52:42,846
E1008620,T1003058,SETTLED,2026-09-25 10:52:29,2026-09-25 10:52:34,1491
E1006085,T1002149,SETTLED,2026-09-18 22:14:07,2026-09-18 22:14:11,1878
E1008581,T1003045,CREATED,2026-09-25 09:54:42,2026-09-25 09:54:44,658
E1004437,T1001560,SETTLED,2026-09-13 12:39:07,2026-09-13 12:39:12,892
E1003143,T1001103,AUTHORIZED,2026-09-09 19:08:58,2026-09-09 19:08:59,1760
E1008812,T1003126,CREATED,2026-09-25 12:28:57,2026-09-25 12:29:05,114
E1005480,T1001936,SETTLED,2026-09-16 23:41:24,2026-09-16 23:41:30,472
E1008641,T1003066,CREATED,2026-09-25 09:23:11,2026-09-25 09:23:19,432
E1002459,T1000863,AUTHORIZED,2026-09-07 18:03:18,2026-09-07 18:03:27,1188
E1010183,T1003610,AUTHORIZED,2026-09-29 16:29:08,2026-09-29 16:29:14,836
E1005460,T1001929,AUTHORIZED,2026-09-16 14:06:28,2026-09-16 14:06:36,2118
E1005850,T1002067,CREATED,2026-09-17 12:20:11,2026-09-17 12:20:17,1739
E1006604,T1002340,AUTHORIZED,2026-09-19 08:01:43,2026-09-19 08:01:51,43
E1008792,T1003119,CREATED,2026-09-25 12:19:11,2026-09-25 12:19:17,1316
E1009819,T1003483,AUTHORIZED,2026-09-28 10:03:19,2026-09-28 10:03:25,270
E1005345,T1001887,AUTHORIZED,2026-09-16 20:20:19,2026-09-16 20:20:26,1448
E1010095,T1003579,SETTLED,2026-09-28 14:57:41,2026-09-28 14:57:47,1993
E1005271,T1001860,CREATED,2026-09-15 12:08:58,2026-09-15 12:08:59,2379
E1010013,T1003551,CREATED,2026-09-28 14:37:15,2026-09-28 14:37:24,944
E1001843,T1000646,AUTHORIZED,2026-09-06 12:21:19,2026-09-06 12:21:25,1035
E1004850,T1001707,CREATED,2026-09-14 20:49:58,2026-09-14 20:50:04,2270
E1008284,T1002939,AUTHORIZED,2026-09-24 06:24:40,2026-09-24 06:24:44,992
E1005231,T1001844,AUTHORIZED,2026-09-15 10:09:15,2026-09-15 10:09:19,1027
E1008649,T1003068,SETTLED,2026-09-25 10:45:09,2026-09-25 10:45:10,1094
E1002857,T1001004,CREATED,2026-09-09 12:52:57,2026-09-09 12:53:03,1007
E1001562,T1000549,AUTHORIZED,2026-09-05 10:25:01,2026-09-05 10:25:05,1243
E1009849,T1003494,AUTHORIZED,2026-09-28 18:56:14,2026-09-28 18:56:23,599
E1001542,T1000542,CREATED,2026-09-05 16:52:27,2026-09-05 16:52:30,2447
E1002337,T1000820,CREATED,2026-09-07 11:03:50,2026-09-07 11:04:00,885
E1007179,T1002547,SETTLED,2026-09-21 19:10:07,2026-09-21 19:10:15,1070
E1006476,T1002292,AUTHORIZED,2026-09-19 13:14:15,2026-09-19 13:14:16,1568
E1000103,T1000036,SETTLED,2026-09-01 13:18:49,2026-09-01 13:18:51,549
E1003338,T1001171,CREATED,2026-09-10 21:00:10,2026-09-10 21:00:17,1599
E1002745,T1000964,SETTLED,2026-09-08 15:56:02,2026-09-08 16:16:02,559
E1007933,T1002816,SETTLED,2026-09-23 13:45:19,2026-09-23 13:45:23,1620
E1004380,T1001539,SETTLED,2026-09-13 15:52:17,2026-09-13 15:52:22,925
E1001326,T1000466,SETTLED,2026-09-05 17:36:41,2026-09-05 17:36:51,919
E1004140,T1001455,SETTLED,2026-09-12 07:26:30,2026-09-12 07:26:31,1634
E1001412,T1000496,SETTLED,2026-09-05 13:11:18,2026-09-05 13:11:27,1602
E1003879,T1001362,AUTHORIZED,2026-09-12 09:33:34,2026-09-12 09:33:43,949
E1001899,T1000665,AUTHORIZED,2026-09-06 16:46:47,2026-09-06 16:46:51,2290
E1007259,T1002576,AUTHORIZED,2026-09-21 12:50:11,2026-09-21 12:50:13,1697
E1005986,T1002114,AUTHORIZED,2026-09-18 19:52:36,2026-09-18 19:52:37,842
E1007240,T1002569,AUTHORIZED,2026-09-21 17:22:26,2026-09-21 17:22:36,1951
E1010346,T1003667,AUTHORIZED,2026-09-29 15:09:25,2026-09-29 15:09:34,2137
E1004308,T1001513,SETTLED,2026-09-13 20:43:39,2026-09-13 20:43:47,2147
E1002619,T1000920,CREATED,2026-09-08 17:18:07,2026-09-08 18:32:07,2336
E1008786,T1003116,AUTHORIZED,2026-09-25 16:50:24,2026-09-25 16:50:32,447
E1002565,T1000901,SETTLED,2026-09-08 19:10:21,2026-09-08 19:10:27,2387
E1009298,T1003298,CREATED,2026-09-26 15:44:13,2026-09-26 15:44:15,1273
E1000102,T1000036,AUTHORIZED,2026-09-01 13:00:08,2026-09-01 13:00:12,2147
E1002235,T1000783,CREATED,2026-09-07 10:06:36,2026-09-07 10:06:40,2397
E1004906,T1001726,SETTLED,2026-09-14 20:10:15,2026-09-14 20:10:18,1196
E1007064,T1002507,CREATED,2026-09-20 12:37:19,2026-09-20 12:37:28,130
E1009699,T1003439,AUTHORIZED,2026-09-27 08:13:12,2026-09-27 08:13:13,550
E1000874,T1000308,CREATED,2026-09-03 13:52:37,2026-09-03 13:52:38,815
E1001675,T1000588,AUTHORIZED,2026-09-05 10:03:10,2026-09-05 10:03:14,1963
E1005822,T1002057,CREATED,2026-09-17 20:41:06,2026-09-17 20:41:10,1200
E1008766,T1003109,CREATED,2026-09-25 10:33:25,2026-09-25 10:33:29,691
E1002000,T1000700,CREATED,2026-09-06 11:11:08,2026-09-06 11:11:13,1378
E1007903,T1002806,CREATED,2026-09-23 19:40:28,2026-09-23 19:40:31,2272
E1009713,T1003444,CREATED,2026-09-27 15:47:12,2026-09-27 15:47:21,1517
E1004729,T1001664,CREATED,2026-09-14 13:45:03,2026-09-14 13:45:05,1486
E1007047,T1002500,AUTHORIZED,2026-09-20 19:15:03,2026-09-20 19:15:06,1264
E1009967,T1003535,CREATED,2026-09-28 13:30:32,2026-09-28 13:30:37,1800
E1007648,T1002716,SETTLED,2026-09-22 15:12:22,2026-09-22 15:29:22,461
E1008126,T1002884,CREATED,2026-09-23 09:08:51,2026-09-23 09:08:58,1081
E1002004,T1000701,SETTLED,2026-09-06 11:16:05,2026-09-06 11:16:13,2021
E1008265,T1002932,CREATED,2026-09-24 16:15:03,2026-09-24 16:15:09,1221
E1000548,T1000193,CREATED,2026-09-02 13:29:00,2026-09-02 13:29:08,658
E1004778,T1001682,CREATED,2026-09-14 17:14:37,2026-09-14 17:14:39,170
E1007572,T1002689,CREATED,2026-09-22 13:04:19,2026-09-22 13:04:26,1262
E1007063,T1002506,FAILED,2026-09-20 17:29:53,2026-09-20 17:29:58,2467
E1006134,T1002168,FAILED,2026-09-18 08:23:33,2026-09-18 08:23:40,288
E1005735,T1002027,AUTHORIZED,2026-09-17 11:01:27,2026-09-17 11:01:36,582
E1008078,T1002867,CREATED,2026-09-23 18:12:45,2026-09-23 18:12:55,682
E1008575,T1003043,CREATED,2026-09-25 22:47:10,2026-09-25 22:47:16,2384
E1000508,T1000178,AUTHORIZED,2026-09-02 12:04:34,2026-09-02 12:04:43,1030
E1008348,T1002962,SETTLED,2026-09-24 12:52:26,2026-09-24 12:52:27,872
E1004968,T1001748,SETTLED,2026-09-14 16:17:47,2026-09-14 16:17:49,2366
E1008469,T1003005,SETTLED,2026-09-24 09:15:34,2026-09-24 09:15:41,1270
E1003624,T1001272,CREATED,2026-09-11 21:10:41,2026-09-11 21:10:45,960
E1008478,T1003009,CREATED,2026-09-25 15:09:08,2026-09-25 15:09:14,921
E1002688,T1000945,CREATED,2026-09-08 15:25:18,2026-09-08 15:25:23,222
E1004644,T1001633,AUTHORIZED,2026-09-14 16:08:39,2026-09-14 16:08:47,1614
E1001288,T1000454,CREATED,2026-09-04 13:46:03,2026-09-04 13:46:06,677
E1009312,T1003302,SETTLED,2026-09-26 17:13:34,2026-09-26 17:13:42,2178
E1006413,T1002269,CREATED,2026-09-19 15:32:12,2026-09-19 15:32:15,349
E1006655,T1002359,AUTHORIZED,2026-09-19 17:28:06,2026-09-19 17:28:16,2231
E1003282,T1001152,CREATED,2026-09-10 11:41:15,2026-09-10 11:41:21,1397
E1008720,T1003093,CREATED,2026-09-25 17:09:32,2026-09-25 17:09:41,225
E1007518,T1002670,AUTHORIZED,2026-09-22 12:31:02,2026-09-22 12:31:10,725
E1007848,T1002787,CREATED,2026-09-23 10:24:26,2026-09-23 10:24:32,104
E1006325,T1002236,AUTHORIZED,2026-09-19 20:01:09,2026-09-19 20:01:12,1059
E1005353,T1001890,AUTHORIZED,2026-09-16 14:19:58,2026-09-16 14:20:07,2096
E1005344,T1001887,CREATED,2026-09-16 20:20:04,2026-09-16 20:20:05,485
E1010333,T1003662,FAILED,2026-09-29 23:03:01,2026-09-29 23:03:02,1785
E1006812,T1002417,AUTHORIZED,2026-09-20 10:10:05,2026-09-20 10:10:09,1918
E1010667,T1003780,SETTLED,2026-09-30 07:13:00,2026-09-30 07:50:00,2174
E1008523,T1003025,CREATED,2026-09-25 16:17:53,2026-09-25 16:17:54,2168
E1004169,T1001465,SETTLED,2026-09-12 15:18:03,2026-09-12 15:18:11,1154
E1007231,T1002565,SETTLED,2026-09-21 18:22:22,2026-09-21 18:22:27,1430
E1001501,T1000528,CREATED,2026-09-05 11:45:40,2026-09-05 11:45:46,1193
E1008553,T1003035,AUTHORIZED,2026-09-25 10:43:45,2026-09-25 10:43:52,63
E1001777,T1000623,AUTHORIZED,2026-09-06 13:48:03,2026-09-06 13:48:10,1402
E1005608,T1001981,CREATED,2026-09-16 14:40:44,2026-09-16 14:40:50,1032
E1008127,T1002884,AUTHORIZED,2026-09-23 09:09:13,2026-09-23 09:09:17,960
E1004261,T1001497,SETTLED,2026-09-13 09:41:38,2026-09-13 09:41:42,2320
E1007378,T1002619,CREATED,2026-09-21 14:45:27,2026-09-21 14:45:31,703
E1009269,T1003288,AUTHORIZED,2026-09-26 22:00:31,2026-09-26 22:00:34,2402
E1006224,T1002201,CREATED,2026-09-18 12:49:34,2026-09-18 12:49:44,1976
E1000397,T1000140,CREATED,2026-09-02 08:14:57,2026-09-02 08:15:02,1495
E1000010,T1000004,CREATED,2026-09-01 23:46:58,2026-09-01 23:47:08,1512
E1005992,T1002117,CREATED,2026-09-18 13:34:32,2026-09-18 15:04:32,1873
E1001722,T1000604,AUTHORIZED,2026-09-05 12:42:57,2026-09-05 12:43:06,1030
E1006722,T1002385,CREATED,2026-09-19 10:31:09,2026-09-19 10:31:13,2275
E1003748,T1001317,SETTLED,2026-09-11 12:59:32,2026-09-11 12:59:33,674
E1010594,T1003754,AUTHORIZED,2026-09-30 12:19:02,2026-09-30 12:19:03,352
E1006303,T1002229,CREATED,2026-09-19 06:42:11,2026-09-19 06:42:19,1034
E1008146,T1002890,SETTLED,2026-09-24 17:59:40,2026-09-24 17:59:43,249
E1002044,T1000716,AUTHORIZED,2026-09-06 20:59:16,2026-09-06 20:59:25,811
E1009334,T1003310,AUTHORIZED,2026-09-27 19:07:28,2026-09-27 19:07:36,198
E1008429,T1002991,SETTLED,2026-09-24 09:20:12,2026-09-24 09:20:17,2105
E1004650,T1001635,AUTHORIZED,2026-09-14 23:22:47,2026-09-14 23:22:55,1378
E1001247,T1000439,AUTHORIZED,2026-09-04 17:52:08,2026-09-04 17:52:09,1262
E1000657,T1000231,AUTHORIZED,2026-09-02 06:42:45,2026-09-02 06:42:46,840
E1010599,T1003756,AUTHORIZED,2026-09-30 19:53:28,2026-09-30 19:53:31,837
E1004070,T1001431,SETTLED,2026-09-12 10:50:07,2026-09-12 10:50:08,494
E1009679,T1003432,AUTHORIZED,2026-09-27 18:32:42,2026-09-27 18:32:51,2186
E1000315,T1000111,AUTHORIZED,2026-09-01 15:37:11,2026-09-01 15:37:15,2315
E1006145,T1002173,CREATED,2026-09-18 10:28:06,2026-09-18 10:28:14,931
E1009201,T1003264,AUTHORIZED,2026-09-26 10:40:36,2026-09-26 10:40:42,2172
E1001035,T1000365,AUTHORIZED,2026-09-04 17:13:45,2026-09-04 17:13:46,2414
E1005809,T1002052,AUTHORIZED,2026-09-17 12:06:47,2026-09-17 12:06:55,2369
E1010670,T1003781,SETTLED,2026-09-30 17:46:24,2026-09-30 17:46:34,1067
E1007355,T1002610,FAILED,2026-09-21 21:14:08,2026-09-21 21:14:17,2145
E1005435,T1001920,SETTLED,2026-09-16 13:45:27,2026-09-16 13:45:35,308
E1007515,T1002669,CREATED,2026-09-22 13:13:44,2026-09-22 13:13:48,2354
E1006495,T1002300,CREATED,2026-09-19 09:11:11,2026-09-19 09:11:13,699
E1008585,T1003046,AUTHORIZED,2026-09-25 11:23:35,2026-09-25 11:23:45,409
E1008783,T1003115,AUTHORIZED,2026-09-25 08:17:45,2026-09-25 08:17:46,1464
E1009235,T1003276,SETTLED,2026-09-26 10:41:06,2026-09-26 10:41:07,665
E1002785,T1000978,SETTLED,2026-09-08 10:37:49,2026-09-08 10:37:50,1482
E1004885,T1001719,SETTLED,2026-09-14 12:15:37,2026-09-14 12:15:40,855
E1007840,T1002784,AUTHORIZED,2026-09-23 13:32:52,2026-09-23 13:32:55,1970
E1004759,T1001674,SETTLED,2026-09-14 18:33:16,2026-09-14 18:33:19,1480
E1004331,T1001522,AUTHORIZED,2026-09-13 22:14:50,2026-09-13 22:14:56,1780
E1003216,T1001129,CREATED,2026-09-10 15:44:24,2026-09-10 15:44:26,1564
E1008965,T1003180,AUTHORIZED,2026-09-26 11:13:15,2026-09-26 11:13:16,561
E1005352,T1001890,CREATED,2026-09-16 14:19:42,2026-09-16 14:19:51,1525
E1003583,T1001257,SETTLED,2026-09-11 20:41:56,2026-09-11 20:42:06,55
E1007080,T1002513,AUTHORIZED,2026-09-20 15:12:50,2026-09-20 15:12:58,1355
E1006935,T1002461,CREATED,2026-09-20 20:31:39,2026-09-20 20:31:49,1097
E1007019,T1002490,AUTHORIZED,2026-09-20 19:34:01,2026-09-20 19:34:06,1581
E1007465,T1002650,AUTHORIZED,2026-09-21 18:38:49,2026-09-21 18:38:52,588
E1008771,T1003111,CREATED,2026-09-25 11:51:11,2026-09-25 11:51:18,2213
E1008933,T1003169,AUTHORIZED,2026-09-26 10:01:26,2026-09-26 10:01:35,982
E1004904,T1001726,CREATED,2026-09-14 19:48:15,2026-09-14 19:48:20,776
E1005834,T1002061,SETTLED,2026-09-17 11:26:57,2026-09-17 11:27:06,1864
E1004351,T1001529,SETTLED,2026-09-13 21:41:36,2026-09-13 21:41:37,1321
E1007291,T1002588,AUTHORIZED,2026-09-21 10:19:41,2026-09-21 10:19:45,289
E1002667,T1000937,AUTHORIZED,2026-09-08 14:14:53,2026-09-08 14:15:01,1572
E1008614,T1003056,AUTHORIZED,2026-09-25 17:40:20,2026-09-25 17:40:26,313
E1000019,T1000007,AUTHORIZED,2026-09-01 22:20:53,2026-09-01 22:21:02,1952
E1010766,T1003816,CREATED,2026-09-30 14:56:57,2026-09-30 14:57:07,2471
E1002941,T1001033,CREATED,2026-09-09 18:32:17,2026-09-09 18:32:18,1411
E1002795,T1000982,CREATED,2026-09-08 18:14:14,2026-09-08 18:14:16,1974
E1008400,T1002981,AUTHORIZED,2026-09-24 23:18:31,2026-09-24 23:18:32,645
E1002947,T1001035,AUTHORIZED,2026-09-09 21:23:00,2026-09-09 21:23:10,1472
E1008725,T1003094,SETTLED,2026-09-25 23:15:32,2026-09-25 23:15:35,1807
E1008223,T1002916,FAILED,2026-09-24 11:34:24,2026-09-24 11:34:32,1407
E1004987,T1001755,CREATED,2026-09-14 13:39:47,2026-09-14 13:39:52,1865
E1006036,T1002132,SETTLED,2026-09-18 14:33:14,2026-09-18 14:33:18,1776
E1005993,T1002117,AUTHORIZED,2026-09-18 13:35:01,2026-09-18 14:00:01,395
E1010302,T1003650,SETTLED,2026-09-29 17:56:59,2026-09-29 17:57:04,1344
E1000470,T1000165,CREATED,2026-09-02 16:50:11,2026-09-02 16:50:12,1844
E1009645,T1003420,CREATED,2026-09-27 12:20:55,2026-09-27 12:21:01,1791
E1003091,T1001085,CREATED,2026-09-09 10:09:51,2026-09-09 10:09:54,88
E1008360,T1002967,CREATED,2026-09-24 13:39:50,2026-09-24 13:39:51,1754
E1008595,T1003050,CREATED,2026-09-25 21:38:33,2026-09-25 21:38:38,1818
E1009737,T1003452,AUTHORIZED,2026-09-27 15:25:00,2026-09-27 15:25:07,2189
E1001395,T1000491,CREATED,2026-09-05 10:19:08,2026-09-05 10:19:16,2486
E1008310,T1002949,AUTHORIZED,2026-09-24 14:49:00,2026-09-24 14:49:06,1777
E1006967,T1002472,SETTLED,2026-09-20 16:55:40,2026-09-20 16:55:41,2319
E1008789,T1003118,CREATED,2026-09-25 13:05:14,2026-09-25 13:05:21,1337
E1010772,T1003818,CREATED,2026-09-30 17:18:04,2026-09-30 17:18:11,105
E1010273,T1003641,CREATED,2026-09-29 12:33:49,2026-09-29 12:33:50,2252
E1007049,T1002501,CREATED,2026-09-20 11:12:44,2026-09-20 11:12:51,877
E1005316,T1001877,AUTHORIZED,2026-09-16 12:59:15,2026-09-16 12:59:18,131
E1008691,T1003083,CREATED,2026-09-25 21:53:54,2026-09-25 21:53:59,534
E1000453,T1000159,AUTHORIZED,2026-09-02 09:46:28,2026-09-02 09:46:38,226
E1002314,T1000812,CREATED,2026-09-07 12:20:20,2026-09-07 12:20:21,1395
E1005213,T1001838,CREATED,2026-09-15 11:56:35,2026-09-15 11:56:39,127
E1000980,T1000345,CREATED,2026-09-03 17:38:44,2026-09-03 18:36:44,1702
E1001622,T1000570,SETTLED,2026-09-05 21:39:44,2026-09-05 21:39:45,1804
E1001033,T1000364,SETTLED,2026-09-04 14:36:24,2026-09-04 14:36:29,288
E1010400,T1003686,CREATED,2026-09-29 20:30:56,2026-09-29 20:31:04,2175
E1003083,T1001082,CREATED,2026-09-09 17:31:12,2026-09-09 17:31:18,1113
E1005206,T1001835,CREATED,2026-09-15 18:18:47,2026-09-15 18:18:50,60
E1006368,T1002252,AUTHORIZED,2026-09-19 15:30:20,2026-09-19 15:30:29,844
E1006301,T1002228,AUTHORIZED,2026-09-19 20:10:50,2026-09-19 20:10:55,2129
E1004985,T1001754,AUTHORIZED,2026-09-14 19:16:03,2026-09-14 19:16:04,2075
E1006884,T1002443,CREATED,2026-09-20 18:19:17,2026-09-20 18:19:20,239
E1009965,T1003534,AUTHORIZED,2026-09-28 12:48:02,2026-09-28 12:48:06,235
E1004080,T1001435,CREATED,2026-09-12 10:21:46,2026-09-12 10:21:55,2461
E1001856,T1000650,SETTLED,2026-09-06 17:29:55,2026-09-06 17:29:59,1981
E1004532,T1001593,SETTLED,2026-09-13 20:18:02,2026-09-13 20:18:10,1389
E1001328,T1000467,AUTHORIZED,2026-09-05 11:11:35,2026-09-05 11:11:37,737
E1000598,T1000210,AUTHORIZED,2026-09-02 16:19:17,2026-09-02 16:19:24,2306
E1008039,T1002853,AUTHORIZED,2026-09-23 18:58:48,2026-09-23 18:58:51,1209
E1000278,T1000098,CREATED,2026-09-01 17:25:39,2026-09-01 17:25:43,214
E1000245,T1000086,CREATED,2026-09-01 08:41:23,2026-09-01 08:53:23,646
E1005453,T1001927,CREATED,2026-09-16 15:22:44,2026-09-16 16:04:44,2447
E1005728,T1002025,CREATED,2026-09-17 20:13:07,2026-09-17 20:13:17,2066
E1009489,T1003365,CREATED,2026-09-27 19:34:10,2026-09-27 19:34:13,2231
E1001206,T1000425,SETTLED,2026-09-04 13:48:57,2026-09-04 13:49:00,1382
E1010015,T1003551,SETTLED,2026-09-28 14:43:15,2026-09-28 14:43:23,1234
E1010205,T1003617,SETTLED,2026-09-29 18:51:26,2026-09-29 18:51:31,1785
E1004649,T1001635,CREATED,2026-09-14 23:22:32,2026-09-14 23:22:34,861
E1005457,T1001928,AUTHORIZED,2026-09-16 10:05:01,2026-09-16 10:05:02,1179
E1009991,T1003543,AUTHORIZED,2026-09-28 13:10:05,2026-09-28 13:10:07,2068
E1007399,T1002627,AUTHORIZED,2026-09-21 13:11:35,2026-09-21 13:11:36,155
E1000082,T1000029,AUTHORIZED,2026-09-01 20:15:29,2026-09-01 20:15:39,1367
E1002385,T1000837,CREATED,2026-09-07 17:16:54,2026-09-07 17:16:58,1611
E1007825,T1002779,CREATED,2026-09-23 11:09:13,2026-09-23 11:09:15,2307
E1009786,T1003471,CREATED,2026-09-28 20:22:23,2026-09-28 20:22:29,689
E1007491,T1002659,AUTHORIZED,2026-09-21 18:59:48,2026-09-21 18:59:49,1200
E1006021,T1002127,AUTHORIZED,2026-09-18 22:32:57,2026-09-18 22:33:05,745
E1005310,T1001875,AUTHORIZED,2026-09-16 10:50:27,2026-09-16 10:50:37,437
E1005328,T1001881,AUTHORIZED,2026-09-16 09:31:15,2026-09-16 09:31:23,2335
E1006432,T1002276,AUTHORIZED,2026-09-19 11:09:51,2026-09-19 11:09:57,1992
E1009148,T1003246,CREATED,2026-09-26 22:43:15,2026-09-26 22:43:17,1891
E1001692,T1000594,AUTHORIZED,2026-09-05 21:08:06,2026-09-05 21:08:13,999
E1007778,T1002763,CREATED,2026-09-22 17:59:34,2026-09-22 17:59:38,2117
E1000913,T1000322,CREATED,2026-09-03 22:24:06,2026-09-03 23:22:06,122
E1006888,T1002444,SETTLED,2026-09-20 13:52:10,2026-09-20 13:52:12,2075
E1002813,T1000988,AUTHORIZED,2026-09-08 21:10:31,2026-09-08 21:10:36,1420
E1000710,T1000249,AUTHORIZED,2026-09-03 20:52:43,2026-09-03 20:52:45,1201
E1003505,T1001230,FAILED,2026-09-11 20:54:22,2026-09-11 20:54:32,2141
E1000434,T1000153,CREATED,2026-09-02 13:41:33,2026-09-02 13:41:43,1062
E1000610,T1000214,SETTLED,2026-09-02 15:30:00,2026-09-02 15:30:06,610
E1002436,T1000855,AUTHORIZED,2026-09-07 10:44:24,2026-09-07 10:44:29,627
E1001205,T1000425,AUTHORIZED,2026-09-04 11:12:15,2026-09-04 11:12:18,218
E1001415,T1000497,SETTLED,2026-09-05 20:48:03,2026-09-05 20:48:08,1585
E1007550,T1002681,CREATED,2026-09-22 21:40:17,2026-09-22 21:40:27,558
E1009037,T1003206,AUTHORIZED,2026-09-26 14:06:48,2026-09-26 14:06:57,1779
E1003850,T1001352,SETTLED,2026-09-12 21:12:19,2026-09-12 21:12:23,626
E1007116,T1002526,CREATED,2026-09-20 09:11:59,2026-09-20 09:12:06,2476
E1005419,T1001914,CREATED,2026-09-16 17:24:44,2026-09-16 17:24:50,2373
E1000686,T1000241,AUTHORIZED,2026-09-03 23:05:36,2026-09-03 23:05:45,689
E1006069,T1002144,AUTHORIZED,2026-09-18 11:18:34,2026-09-18 11:18:37,1312
E1001122,T1000397,AUTHORIZED,2026-09-04 18:03:45,2026-09-04 18:03:53,515
E1005044,T1001777,AUTHORIZED,2026-09-15 20:10:10,2026-09-15 20:10:12,1142
E1007883,T1002799,CREATED,2026-09-23 10:03:57,2026-09-23 10:03:59,520
E1008412,T1002985,AUTHORIZED,2026-09-24 10:09:30,2026-09-24 10:09:36,1127
E1007585,T1002694,CREATED,2026-09-22 14:55:59,2026-09-22 14:56:08,1532
E1002092,T1000734,CREATED,2026-09-06 13:09:22,2026-09-06 13:09:28,358
E1008646,T1003067,SETTLED,2026-09-25 12:36:59,2026-09-25 12:37:05,464
E1007755,T1002754,SETTLED,2026-09-22 12:21:36,2026-09-22 12:21:44,453
E1004954,T1001744,CREATED,2026-09-14 12:39:10,2026-09-14 12:39:19,1042
E1008097,T1002874,CREATED,2026-09-23 13:51:11,2026-09-23 13:51:16,2208
E1000290,T1000102,SETTLED,2026-09-01 20:06:20,2026-09-01 20:06:28,79
E1004069,T1001431,AUTHORIZED,2026-09-12 10:32:14,2026-09-12 10:32:22,662
E1005064,T1001784,AUTHORIZED,2026-09-15 08:52:46,2026-09-15 09:05:46,2078
E1006669,T1002364,SETTLED,2026-09-19 07:01:52,2026-09-19 07:02:01,493
E1006361,T1002250,CREATED,2026-09-19 20:29:48,2026-09-19 20:29:50,1527
E1010056,T1003566,CREATED,2026-09-28 19:32:05,2026-09-28 19:32:11,1050
E1009871,T1003501,SETTLED,2026-09-28 10:30:44,2026-09-28 10:30:52,1823
E1006170,T1002182,CREATED,2026-09-18 20:51:34,2026-09-18 20:51:43,2418
E1007801,T1002770,SETTLED,2026-09-22 14:57:44,2026-09-22 14:57:48,88
E1008920,T1003164,CREATED,2026-09-26 23:29:52,2026-09-26 23:30:00,2162
E1004105,T1001443,AUTHORIZED,2026-09-12 19:03:18,2026-09-12 19:03:26,485
E1001572,T1000553,CREATED,2026-09-05 09:39:00,2026-09-05 09:39:03,112
E1009027,T1003203,CREATED,2026-09-26 22:36:40,2026-09-26 22:36:48,246
E1009119,T1003235,SETTLED,2026-09-26 20:35:49,2026-09-26 21:53:49,1485
E1002008,T1000703,AUTHORIZED,2026-09-06 13:29:56,2026-09-06 13:30:01,2488
E1003128,T1001098,CREATED,2026-09-09 23:58:07,2026-09-09 23:58:11,1323
E1008084,T1002869,CREATED,2026-09-23 07:02:03,2026-09-23 07:02:09,1134
E1000476,T1000167,AUTHORIZED,2026-09-02 18:38:42,2026-09-02 18:38:43,755
E1004115,T1001447,CREATED,2026-09-12 10:02:12,2026-09-12 10:02:16,666
E1002780,T1000977,CREATED,2026-09-08 23:55:36,2026-09-09 01:21:36,64
E1000504,T1000177,CREATED,2026-09-02 12:14:07,2026-09-02 12:14:15,235
E1002910,T1001022,AUTHORIZED,2026-09-09 18:15:45,2026-09-09 18:15:53,636
E1007846,T1002786,AUTHORIZED,2026-09-23 16:33:29,2026-09-23 16:33:37,2199
E1009519,T1003375,SETTLED,2026-09-27 11:29:02,2026-09-27 11:29:12,887
E1010180,T1003609,AUTHORIZED,2026-09-29 12:35:29,2026-09-29 12:35:30,130
E1010189,T1003612,AUTHORIZED,2026-09-29 16:50:18,2026-09-29 16:50:24,1832
E1004897,T1001723,SETTLED,2026-09-14 19:39:40,2026-09-14 19:39:48,1989
E1002702,T1000950,CREATED,2026-09-08 13:50:59,2026-09-08 13:51:04,609
E1010061,T1003567,SETTLED,2026-09-28 16:37:14,2026-09-28 16:37:19,734
E1000788,T1000277,CREATED,2026-09-03 19:09:09,2026-09-03 19:09:15,316
E1000110,T1000039,AUTHORIZED,2026-09-01 15:27:13,2026-09-01 15:27:15,964
E1003927,T1001379,CREATED,2026-09-12 20:32:23,2026-09-12 20:32:26,608
E1004559,T1001603,CREATED,2026-09-13 14:19:24,2026-09-13 14:19:30,634
E1010315,T1003655,AUTHORIZED,2026-09-29 22:55:43,2026-09-29 22:55:45,2194
E1004518,T1001588,SETTLED,2026-09-13 13:03:36,2026-09-13 13:03:37,1895
E1001553,T1000546,CREATED,2026-09-05 12:39:42,2026-09-05 12:39:48,1591
E1002629,T1000923,AUTHORIZED,2026-09-08 09:03:02,2026-09-08 09:03:12,2131
E1000884,T1000311,AUTHORIZED,2026-09-03 14:32:04,2026-09-03 14:32:12,1594
E1003967,T1001393,SETTLED,2026-09-12 19:22:28,2026-09-12 19:22:29,2300
E1002365,T1000830,CREATED,2026-09-07 10:40:20,2026-09-07 10:40:26,1772
E1005369,T1001895,SETTLED,2026-09-16 22:52:40,2026-09-16 23:02:40,897
E1005870,T1002073,SETTLED,2026-09-17 18:25:37,2026-09-17 18:25:38,1032
E1000119,T1000042,SETTLED,2026-09-01 19:06:36,2026-09-01 19:06:45,322
E1005996,T1002118,AUTHORIZED,2026-09-18 20:44:25,2026-09-18 20:44:31,780
E1000227,T1000080,CREATED,2026-09-01 07:59:29,2026-09-01 07:59:34,919
E1005180,T1001826,AUTHORIZED,2026-09-15 09:47:09,2026-09-15 09:47:17,2220
E1005018,T1001766,SETTLED,2026-09-15 22:39:41,2026-09-15 22:39:49,188
E1003421,T1001199,SETTLED,2026-09-10 20:35:13,2026-09-10 20:35:16,1636
E1009059,T1003214,AUTHORIZED,2026-09-26 12:16:24,2026-09-26 12:16:25,960
E1009295,T1003297,CREATED,2026-09-26 17:37:38,2026-09-26 17:37:48,1939
E1008300,T1002945,SETTLED,2026-09-24 15:40:23,2026-09-24 15:40:29,259
E1004233,T1001487,SETTLED,2026-09-12 17:11:46,2026-09-12 17:11:50,1773
E1005540,T1001958,CREATED,2026-09-16 20:54:32,2026-09-16 20:54:37,117
E1000998,T1000351,CREATED,2026-09-04 20:48:03,2026-09-04 20:48:12,1090
E1001038,T1000366,AUTHORIZED,2026-09-04 18:43:51,2026-09-04 18:43:53,1797
E1003994,T1001403,AUTHORIZED,2026-09-12 19:23:04,2026-09-12 19:23:07,2209
E1010125,T1003590,AUTHORIZED,2026-09-29 12:29:21,2026-09-29 12:29:22,2381
E1009052,T1003212,CREATED,2026-09-26 15:41:36,2026-09-26 15:41:44,1707
E1002348,T1000824,CREATED,2026-09-07 09:57:23,2026-09-07 09:57:24,2401
E1007724,T1002744,CREATED,2026-09-22 07:44:40,2026-09-22 08:43:40,525
E1000391,T1000138,CREATED,2026-09-02 14:19:08,2026-09-02 14:19:17,595
E1001200,T1000423,SETTLED,2026-09-04 12:21:55,2026-09-04 12:21:59,795
E1009252,T1003282,SETTLED,2026-09-26 13:16:00,2026-09-26 13:16:10,1855
E1007347,T1002607,SETTLED,2026-09-21 08:26:28,2026-09-21 08:26:38,1995
E1002578,T1000906,CREATED,2026-09-08 12:52:45,2026-09-08 12:52:54,742
E1006377,T1002255,SETTLED,2026-09-19 20:24:43,2026-09-19 20:24:46,1594
E1003718,T1001305,AUTHORIZED,2026-09-11 12:33:07,2026-09-11 12:33:16,1339
E1005783,T1002043,SETTLED,2026-09-17 21:33:37,2026-09-17 21:33:47,1267
E1010215,T1003621,AUTHORIZED,2026-09-29 10:28:47,2026-09-29 10:28:50,1416
E1006203,T1002193,SETTLED,2026-09-18 16:16:50,2026-09-18 17:36:50,264
E1001175,T1000415,CREATED,2026-09-04 16:18:57,2026-09-04 16:19:00,186
E1002626,T1000922,AUTHORIZED,2026-09-08 08:05:19,2026-09-08 08:05:28,967
E1002291,T1000804,CREATED,2026-09-07 17:21:47,2026-09-07 17:21:49,2394
E1004578,T1001609,AUTHORIZED,2026-09-13 20:41:31,2026-09-13 20:41:32,937
E1008878,T1003149,CREATED,2026-09-26 18:47:42,2026-09-26 18:47:45,1999
E1000197,T1000069,SETTLED,2026-09-01 18:20:59,2026-09-01 18:21:09,2202
E1006590,T1002335,CREATED,2026-09-19 18:41:03,2026-09-19 18:41:09,1515
E1004431,T1001558,SETTLED,2026-09-13 20:42:22,2026-09-13 20:42:32,1207
E1002762,T1000970,SETTLED,2026-09-08 13:01:24,2026-09-08 13:01:28,1066
E1007854,T1002789,CREATED,2026-09-23 11:33:55,2026-09-23 11:33:57,500
E1009142,T1003244,CREATED,2026-09-26 13:49:27,2026-09-26 13:49:32,1554
E1005846,T1002065,SETTLED,2026-09-17 20:59:55,2026-09-17 21:00:00,2407
E1006125,T1002165,CREATED,2026-09-18 11:56:01,2026-09-18 11:56:05,429
E1007058,T1002504,SETTLED,2026-09-20 10:00:57,2026-09-20 10:01:06,331
E1004386,T1001542,AUTHORIZED,2026-09-13 17:32:54,2026-09-13 17:32:55,2409
E1008395,T1002979,SETTLED,2026-09-24 06:21:02,2026-09-24 06:21:09,1154
E1003598,T1001263,CREATED,2026-09-11 20:21:08,2026-09-11 20:21:16,140
E1003628,T1001273,AUTHORIZED,2026-09-11 13:16:57,2026-09-11 13:17:02,1289
E1007752,T1002753,SETTLED,2026-09-22 10:13:37,2026-09-22 10:13:39,2247
E1005107,T1001799,SETTLED,2026-09-15 19:24:51,2026-09-15 19:24:59,816
E1003067,T1001076,SETTLED,2026-09-09 13:20:17,2026-09-09 13:20:19,829
E1008490,T1003013,FAILED,2026-09-25 18:04:02,2026-09-25 18:04:08,255
E1005204,T1001834,AUTHORIZED,2026-09-15 19:08:45,2026-09-15 19:08:50,446
E1004054,T1001425,SETTLED,2026-09-12 21:16:05,2026-09-12 21:16:07,178
E1007042,T1002498,AUTHORIZED,2026-09-20 10:11:20,2026-09-20 10:11:30,723
E1003796,T1001334,AUTHORIZED,2026-09-11 09:32:07,2026-09-11 09:32:09,1120
E1006312,T1002232,CREATED,2026-09-19 10:05:51,2026-09-19 10:05:58,545
E1006637,T1002352,FAILED,2026-09-19 20:56:55,2026-09-19 20:57:00,1184
E1009361,T1003319,SETTLED,2026-09-27 22:14:20,2026-09-27 22:14:26,2156
E1000370,T1000130,SETTLED,2026-09-02 14:05:11,2026-09-02 14:05:19,1473
E1010756,T1003812,AUTHORIZED,2026-09-30 21:12:00,2026-09-30 21:12:08,964
E1000533,T1000187,SETTLED,2026-09-02 11:17:55,2026-09-02 11:18:00,280
E1001828,T1000641,AUTHORIZED,2026-09-06 13:48:22,2026-09-06 13:48:32,1206
E1001924,T1000674,AUTHORIZED,2026-09-06 12:54:43,2026-09-06 12:54:50,1509
E1005761,T1002036,AUTHORIZED,2026-09-17 15:46:03,2026-09-17 15:46:04,1283
E1008233,T1002920,CREATED,2026-09-24 21:51:51,2026-09-24 21:51:54,1205
E1006535,T1002315,CREATED,2026-09-19 17:17:13,2026-09-19 17:17:19,1892
E1010595,T1003755,CREATED,2026-09-30 10:28:25,2026-09-30 10:28:31,935
E1000880,T1000310,CREATED,2026-09-03 09:55:53,2026-09-03 09:55:56,1889
E1002082,T1000730,CREATED,2026-09-06 11:38:50,2026-09-06 12:41:50,416
E1002911,T1001022,SETTLED,2026-09-09 18:38:28,2026-09-09 18:38:29,923
E1006787,T1002408,AUTHORIZED,2026-09-20 18:13:37,2026-09-20 18:13:39,1385
E1005840,T1002063,SETTLED,2026-09-17 16:58:58,2026-09-17 16:59:05,2247
E1002634,T1000925,CREATED,2026-09-08 19:09:01,2026-09-08 19:09:06,1571
E1003035,T1001065,SETTLED,2026-09-09 12:38:41,2026-09-09 12:38:50,861
E1005434,T1001920,AUTHORIZED,2026-09-16 13:20:49,2026-09-16 13:20:56,2190
E1009693,T1003437,AUTHORIZED,2026-09-27 18:39:30,2026-09-27 18:39:31,58
E1007745,T1002751,AUTHORIZED,2026-09-22 20:26:38,2026-09-22 20:26:41,440
E1000783,T1000275,AUTHORIZED,2026-09-03 13:13:56,2026-09-03 13:13:57,48
E1009613,T1003408,AUTHORIZED,2026-09-27 19:32:08,2026-09-27 19:32:13,222
E1005514,T1001948,SETTLED,2026-09-16 15:48:18,2026-09-16 15:48:27,245
E1004445,T1001563,SETTLED,2026-09-13 14:52:19,2026-09-13 14:52:29,1947
E1005615,T1001983,AUTHORIZED,2026-09-16 12:14:35,2026-09-16 12:14:40,2112
E1009678,T1003432,CREATED,2026-09-27 18:32:16,2026-09-27 18:32:19,240
E1006715,T1002382,AUTHORIZED,2026-09-19 09:33:03,2026-09-19 09:33:05,2133
E1006077,T1002147,CREATED,2026-09-18 20:16:43,2026-09-18 20:16:45,2473
E1005290,T1001867,AUTHORIZED,2026-09-16 11:32:39,2026-09-16 11:32:46,843
E1001317,T1000463,SETTLED,2026-09-04 09:24:34,2026-09-04 09:24:44,1208
E1006053,T1002138,SETTLED,2026-09-18 18:27:43,2026-09-18 18:27:50,1859
E1003622,T1001271,AUTHORIZED,2026-09-11 20:02:26,2026-09-11 20:02:33,657
E1003846,T1001351,AUTHORIZED,2026-09-12 20:09:20,2026-09-12 20:09:21,2396
E1005601,T1001978,SETTLED,2026-09-16 19:19:45,2026-09-16 19:19:51,55
E1001571,T1000552,SETTLED,2026-09-05 13:48:59,2026-09-05 13:49:04,2047
E1005317,T1001877,SETTLED,2026-09-16 13:07:50,2026-09-16 13:07:59,1809
E1001160,T1000410,CREATED,2026-09-04 20:57:14,2026-09-04 20:57:19,1768
E1009566,T1003391,SETTLED,2026-09-27 15:59:59,2026-09-27 16:00:04,1080
E1010525,T1003729,AUTHORIZED,2026-09-30 14:16:24,2026-09-30 14:16:25,2152
E1006112,T1002160,SETTLED,2026-09-18 12:22:29,2026-09-18 12:22:31,1105
E1003006,T1001055,SETTLED,2026-09-09 14:28:34,2026-09-09 14:28:36,2268
E1005340,T1001885,AUTHORIZED,2026-09-16 13:32:02,2026-09-16 13:32:06,1524
E1000786,T1000276,AUTHORIZED,2026-09-03 17:27:43,2026-09-03 17:27:45,526
E1003633,T1001275,CREATED,2026-09-11 22:38:46,2026-09-11 22:38:47,1044
E1001286,T1000453,AUTHORIZED,2026-09-04 14:35:52,2026-09-04 14:35:58,1957
E1009412,T1003337,CREATED,2026-09-27 20:49:43,2026-09-27 20:49:47,1824
E1004482,T1001576,AUTHORIZED,2026-09-13 22:00:13,2026-09-13 22:00:22,1874
E1009056,T1003213,AUTHORIZED,2026-09-26 20:40:56,2026-09-26 20:41:05,1875
E1010718,T1003798,FAILED,2026-09-30 18:26:02,2026-09-30 18:26:04,2013
E1001883,T1000660,CREATED,2026-09-06 20:42:31,2026-09-06 20:42:40,2245
E1010801,T1003828,AUTHORIZED,2026-09-30 20:00:40,2026-09-30 20:00:45,1277
E1007991,T1002836,AUTHORIZED,2026-09-23 17:15:18,2026-09-23 17:15:23,1014
E1001293,T1000455,SETTLED,2026-09-04 06:41:02,2026-09-04 06:41:11,573
E1004540,T1001596,AUTHORIZED,2026-09-13 19:25:20,2026-09-13 19:25:29,1178
E1006839,T1002427,CREATED,2026-09-20 14:07:35,2026-09-20 14:07:37,444
E1000384,T1000135,AUTHORIZED,2026-09-02 12:09:29,2026-09-02 12:09:39,314
E1004128,T1001451,AUTHORIZED,2026-09-12 11:07:59,2026-09-12 11:08:05,2164
E1000448,T1000157,SETTLED,2026-09-02 08:44:45,2026-09-02 08:44:55,213
E1008314,T1002951,CREATED,2026-09-24 14:34:26,2026-09-24 14:34:30,290
E1004664,T1001640,CREATED,2026-09-14 19:22:10,2026-09-14 19:22:18,1863
E1006507,T1002304,AUTHORIZED,2026-09-19 09:50:52,2026-09-19 09:50:54,1110
E1005780,T1002042,SETTLED,2026-09-17 13:55:24,2026-09-17 13:55:27,2370
E1010155,T1003600,SETTLED,2026-09-29 19:54:05,2026-09-29 19:54:08,1315
E1005588,T1001974,AUTHORIZED,2026-09-16 20:04:14,2026-09-16 20:04:16,1868
E1000059,T1000021,SETTLED,2026-09-01 12:19:16,2026-09-01 12:19:24,664
E1010057,T1003566,AUTHORIZED,2026-09-28 19:32:18,2026-09-28 19:32:19,360
E1002944,T1001034,CREATED,2026-09-09 16:27:09,2026-09-09 16:27:18,2495
E1007833,T1002781,SETTLED,2026-09-23 22:04:56,2026-09-23 22:05:04,577
E1006070,T1002144,SETTLED,2026-09-18 11:35:13,2026-09-18 11:35:18,2392
E1005603,T1001979,AUTHORIZED,2026-09-16 10:29:52,2026-09-16 10:29:53,996
E1002506,T1000880,CREATED,2026-09-07 13:22:12,2026-09-07 13:22:21,449
E1010734,T1003804,SETTLED,2026-09-30 14:08:13,2026-09-30 14:08:23,1499
E1005652,T1001996,FAILED,2026-09-17 12:04:38,2026-09-17 12:04:43,313
E1003475,T1001219,FAILED,2026-09-10 14:27:53,2026-09-10 14:27:55,599
E1009151,T1003247,CREATED,2026-09-26 17:34:41,2026-09-26 17:34:42,738
E1004466,T1001571,CREATED,2026-09-13 19:43:46,2026-09-13 19:43:56,1713
E1008055,T1002859,CREATED,2026-09-23 15:48:20,2026-09-23 15:48:28,244
E1000088,T1000031,AUTHORIZED,2026-09-01 11:32:40,2026-09-01 11:32:45,2128
E1001392,T1000489,SETTLED,2026-09-05 12:45:43,2026-09-05 12:45:50,1626
E1008136,T1002887,AUTHORIZED,2026-09-24 08:02:05,2026-09-24 08:02:12,2023
E1001709,T1000600,CREATED,2026-09-05 20:17:38,2026-09-05 20:17:46,1388
E1008901,T1003157,CREATED,2026-09-26 13:34:34,2026-09-26 13:34:35,1793
E1005373,T1001897,CREATED,2026-09-16 17:03:33,2026-09-16 17:03:43,1295
E1004709,T1001656,AUTHORIZED,2026-09-14 13:34:11,2026-09-14 13:34:14,2470
E1008239,T1002922,AUTHORIZED,2026-09-24 20:40:12,2026-09-24 20:40:22,867
E1002777,T1000976,CREATED,2026-09-08 20:56:11,2026-09-08 20:56:12,118
E1010022,T1003554,AUTHORIZED,2026-09-28 22:53:57,2026-09-28 22:54:03,418
E1006635,T1002351,FAILED,2026-09-19 20:13:27,2026-09-19 20:13:37,1847
E1001852,T1000649,AUTHORIZED,2026-09-06 11:26:53,2026-09-06 11:26:58,1627
E1008737,T1003098,SETTLED,2026-09-25 15:49:41,2026-09-25 15:49:51,2139
E1007053,T1002502,FAILED,2026-09-20 13:34:29,2026-09-20 13:34:30,692
E1001664,T1000584,SETTLED,2026-09-05 16:31:24,2026-09-05 16:31:32,1722
E1005251,T1001853,CREATED,2026-09-15 22:14:07,2026-09-15 22:14:14,1865
E1006207,T1002195,CREATED,2026-09-18 11:24:33,2026-09-18 11:24:37,670
E1006149,T1002174,AUTHORIZED,2026-09-18 11:22:22,2026-09-18 11:22:29,1289
E1009254,T1003283,AUTHORIZED,2026-09-26 10:10:00,2026-09-26 10:10:04,240
E1002069,T1000725,SETTLED,2026-09-06 18:45:08,2026-09-06 18:45:15,876
E1006211,T1002196,AUTHORIZED,2026-09-18 11:05:12,2026-09-18 11:05:17,1829
E1005249,T1001852,CREATED,2026-09-15 15:23:35,2026-09-15 15:23:36,93
E1005898,T1002083,CREATED,2026-09-17 10:32:17,2026-09-17 10:32:26,1503
E1008338,T1002959,CREATED,2026-09-24 21:37:05,2026-09-24 21:37:08,2129
E1007730,T1002746,CREATED,2026-09-22 11:03:52,2026-09-22 11:04:00,1537
E1000982,T1000345,SETTLED,2026-09-03 17:55:44,2026-09-03 18:47:44,545
E1002770,T1000973,AUTHORIZED,2026-09-08 21:17:47,2026-09-08 21:17:52,46
E1008937,T1003171,CREATED,2026-09-26 12:13:43,2026-09-26 12:13:44,1866
E1010733,T1003804,AUTHORIZED,2026-09-30 13:54:28,2026-09-30 13:54:34,901
E1001435,T1000505,AUTHORIZED,2026-09-05 10:04:08,2026-09-05 10:04:12,554
E1000635,T1000223,SETTLED,2026-09-02 11:00:30,2026-09-02 11:00:33,1467
E1010446,T1003702,CREATED,2026-09-29 19:11:28,2026-09-29 19:11:32,363
E1004946,T1001741,CREATED,2026-09-14 21:41:38,2026-09-14 21:41:48,2173
E1010421,T1003693,AUTHORIZED,2026-09-29 12:28:40,2026-09-29 12:28:42,1404
E1005971,T1002108,SETTLED,2026-09-18 18:22:10,2026-09-18 18:22:19,2286
E1009242,T1003279,CREATED,2026-09-26 18:11:49,2026-09-26 18:11:56,1025
E1000223,T1000078,SETTLED,2026-09-01 18:48:41,2026-09-01 18:48:46,2395
E1006970,T1002473,SETTLED,2026-09-20 18:22:48,2026-09-20 18:22:49,2170
E1004094,T1001439,SETTLED,2026-09-12 17:41:29,2026-09-12 17:41:32,1641
E1003456,T1001212,AUTHORIZED,2026-09-10 11:00:45,2026-09-10 11:00:46,2113
E1004285,T1001505,SETTLED,2026-09-13 18:34:07,2026-09-13 18:34:17,1122
E1005185,T1001828,CREATED,2026-09-15 21:17:02,2026-09-15 21:17:09,1939
E1007709,T1002739,CREATED,2026-09-22 12:50:10,2026-09-22 12:50:14,464
E1005191,T1001830,CREATED,2026-09-15 09:49:02,2026-09-15 09:49:03,1079
E1006434,T1002277,AUTHORIZED,2026-09-19 17:31:56,2026-09-19 17:31:58,1318
E1005515,T1001949,CREATED,2026-09-16 17:25:38,2026-09-16 17:25:47,235
E1003127,T1001097,SETTLED,2026-09-09 12:46:09,2026-09-09 12:46:14,1152
E1004298,T1001510,AUTHORIZED,2026-09-13 20:29:57,2026-09-13 20:30:01,1314
E1007435,T1002639,SETTLED,2026-09-21 20:23:00,2026-09-21 20:23:05,173
E1004446,T1001564,CREATED,2026-09-13 08:39:06,2026-09-13 08:39:09,1396
E1002079,T1000729,CREATED,2026-09-06 18:27:28,2026-09-06 18:27:34,2292
E1002930,T1001029,CREATED,2026-09-09 19:01:36,2026-09-09 19:01:37,2493
E1006487,T1002297,CREATED,2026-09-19 14:04:10,2026-09-19 15:03:10,2083
E1004743,T1001669,CREATED,2026-09-14 17:37:08,2026-09-14 17:37:15,567
E1009419,T1003340,CREATED,2026-09-27 18:47:51,2026-09-27 18:47:59,87
E1000361,T1000127,SETTLED,2026-09-01 08:35:22,2026-09-01 08:35:25,871
E1003160,T1001109,AUTHORIZED,2026-09-10 08:33:03,2026-09-10 08:33:04,235
E1009642,T1003419,CREATED,2026-09-27 08:12:23,2026-09-27 08:12:27,1435
E1005888,T1002079,SETTLED,2026-09-17 19:51:52,2026-09-17 19:51:53,388
E1009073,T1003219,CREATED,2026-09-26 11:58:17,2026-09-26 11:58:23,1190
E1000405,T1000143,CREATED,2026-09-02 13:09:50,2026-09-02 13:09:55,1756
E1009654,T1003423,CREATED,2026-09-27 11:52:13,2026-09-27 11:52:17,2401
E1000765,T1000269,CREATED,2026-09-03 17:12:15,2026-09-03 17:12:16,786
E1003237,T1001136,AUTHORIZED,2026-09-10 21:07:38,2026-09-10 21:07:46,2428
E1004964,T1001747,AUTHORIZED,2026-09-14 10:53:47,2026-09-14 10:53:50,2475
E1007964,T1002827,CREATED,2026-09-23 17:49:12,2026-09-23 17:49:15,885
E1010454,T1003705,AUTHORIZED,2026-09-29 12:09:57,2026-09-29 12:10:04,138
E1001724,T1000605,CREATED,2026-09-05 09:55:31,2026-09-05 09:55:33,2376
E1005368,T1001895,AUTHORIZED,2026-09-16 22:34:00,2026-09-16 23:15:00,511
E1006179,T1002185,AUTHORIZED,2026-09-18 19:30:31,2026-09-18 19:30:36,829
E1004347,T1001528,AUTHORIZED,2026-09-13 14:24:03,2026-09-13 14:24:07,1125
E1000239,T1000084,CREATED,2026-09-01 13:48:02,2026-09-01 13:48:03,850
E1003017,T1001059,AUTHORIZED,2026-09-09 13:22:45,2026-09-09 13:22:46,1608
E1001529,T1000537,SETTLED,2026-09-05 21:58:55,2026-09-05 21:58:58,1698
E1004601,T1001617,SETTLED,2026-09-13 14:50:50,2026-09-13 14:50:59,1566
E1000205,T1000072,AUTHORIZED,2026-09-01 19:01:22,2026-09-01 19:01:23,1820
E1008542,T1003031,SETTLED,2026-09-25 11:31:02,2026-09-25 11:31:04,2358
E1008356,T1002965,SETTLED,2026-09-24 16:33:28,2026-09-24 16:33:33,615
E1007708,T1002738,SETTLED,2026-09-22 18:13:19,2026-09-22 18:13:25,1993
E1010476,T1003713,CREATED,2026-09-30 12:33:24,2026-09-30 12:33:31,2198
E1004089,T1001438,CREATED,2026-09-12 13:26:10,2026-09-12 13:26:11,985
E1009195,T1003262,AUTHORIZED,2026-09-26 16:46:40,2026-09-26 16:46:46,1370
E1003509,T1001232,CREATED,2026-09-11 10:47:19,2026-09-11 10:47:24,2429
E1005101,T1001797,SETTLED,2026-09-15 14:06:17,2026-09-15 14:06:23,735
E1003205,T1001125,CREATED,2026-09-10 11:30:42,2026-09-10 11:30:47,683
E1007437,T1002640,AUTHORIZED,2026-09-21 18:34:25,2026-09-21 18:34:35,1751
E1010026,T1003555,SETTLED,2026-09-28 19:37:03,2026-09-28 19:37:09,2321
E1000182,T1000064,SETTLED,2026-09-01 18:53:09,2026-09-01 18:53:17,1018
E1004693,T1001650,SETTLED,2026-09-14 17:21:24,2026-09-14 17:21:28,241
E1003346,T1001173,SETTLED,2026-09-10 20:25:54,2026-09-10 20:26:00,830
E1007749,T1002752,SETTLED,2026-09-22 13:17:45,2026-09-22 13:17:55,422
E1009926,T1003521,AUTHORIZED,2026-09-28 14:23:03,2026-09-28 14:23:11,1317
E1010283,T1003644,AUTHORIZED,2026-09-29 10:53:55,2026-09-29 10:54:05,2471
E1001073,T1000379,AUTHORIZED,2026-09-04 12:02:14,2026-09-04 12:02:22,1260
E1001687,T1000592,SETTLED,2026-09-05 18:58:50,2026-09-05 18:58:53,1731
E1007506,T1002665,AUTHORIZED,2026-09-22 20:11:23,2026-09-22 20:11:32,2393
E1003487,T1001224,CREATED,2026-09-11 16:45:06,2026-09-11 16:45:11,1120
E1006444,T1002281,AUTHORIZED,2026-09-19 09:30:01,2026-09-19 09:30:09,366
E1004042,T1001421,AUTHORIZED,2026-09-12 10:58:38,2026-09-12 10:58:41,585
E1000155,T1000055,AUTHORIZED,2026-09-01 12:19:17,2026-09-01 12:19:27,1468
E1001371,T1000482,CREATED,2026-09-05 19:56:21,2026-09-05 19:56:24,991
E1009098,T1003228,CREATED,2026-09-26 17:31:43,2026-09-26 17:31:48,2168
E1007392,T1002624,AUTHORIZED,2026-09-21 19:43:16,2026-09-21 19:43:24,2333
E1009289,T1003295,CREATED,2026-09-26 13:09:35,2026-09-26 13:09:39,1658
E1007407,T1002630,CREATED,2026-09-21 21:36:03,2026-09-21 21:36:05,698
E1001034,T1000365,CREATED,2026-09-04 17:13:36,2026-09-04 17:13:38,1164
E1010165,T1003604,CREATED,2026-09-29 13:35:05,2026-09-29 13:35:14,2500
E1005885,T1002078,SETTLED,2026-09-18 00:00:52,2026-09-18 00:01:00,881
E1004668,T1001641,AUTHORIZED,2026-09-14 12:06:02,2026-09-14 12:06:06,938
E1006333,T1002239,FAILED,2026-09-19 11:19:59,2026-09-19 11:20:03,1058
E1000431,T1000152,CREATED,2026-09-02 11:27:25,2026-09-02 11:27:27,1446
E1001581,T1000556,AUTHORIZED,2026-09-05 14:01:32,2026-09-05 14:01:38,1093
E1007720,T1002742,SETTLED,2026-09-22 09:18:09,2026-09-22 09:18:16,1596
E1007044,T1002499,CREATED,2026-09-20 20:13:45,2026-09-20 20:13:55,2169
E1001082,T1000383,CREATED,2026-09-04 08:03:23,2026-09-04 08:03:33,916
E1005130,T1001808,AUTHORIZED,2026-09-15 11:11:23,2026-09-15 11:11:33,1576
E1001937,T1000678,SETTLED,2026-09-06 18:14:06,2026-09-06 18:14:16,1731
E1006786,T1002408,CREATED,2026-09-20 18:13:32,2026-09-20 18:13:36,412
E1003275,T1001149,AUTHORIZED,2026-09-10 12:37:44,2026-09-10 12:37:52,791
E1000701,T1000246,AUTHORIZED,2026-09-03 16:30:58,2026-09-03 16:31:01,1661
E1003417,T1001198,AUTHORIZED,2026-09-10 10:07:46,2026-09-10 10:07:55,293
E1008667,T1003074,SETTLED,2026-09-25 17:47:53,2026-09-25 17:47:56,57
E1009947,T1003528,AUTHORIZED,2026-09-28 14:20:59,2026-09-28 14:21:01,1397
E1004196,T1001475,CREATED,2026-09-12 10:58:20,2026-09-12 10:58:21,1428
E1010409,T1003689,CREATED,2026-09-29 17:40:06,2026-09-29 17:40:10,2100
E1002484,T1000872,CREATED,2026-09-07 13:41:56,2026-09-07 13:42:00,930
E1008576,T1003043,AUTHORIZED,2026-09-25 22:47:24,2026-09-25 22:47:30,353
E1005985,T1002114,CREATED,2026-09-18 19:52:26,2026-09-18 19:52:36,1910
E1006993,T1002481,SETTLED,2026-09-20 18:19:15,2026-09-20 18:19:24,2217
E1010487,T1003716,SETTLED,2026-09-30 11:53:04,2026-09-30 11:53:09,1420
E1008482,T1003010,AUTHORIZED,2026-09-25 12:54:40,2026-09-25 12:54:46,1898
E1003310,T1001161,SETTLED,2026-09-10 17:29:06,2026-09-10 17:29:16,399
E1005670,T1002003,AUTHORIZED,2026-09-17 12:43:34,2026-09-17 12:43:38,1540
E1007449,T1002644,AUTHORIZED,2026-09-21 06:26:45,2026-09-21 06:26:52,1252
E1004595,T1001615,AUTHORIZED,2026-09-13 13:46:47,2026-09-13 13:46:48,763
E1010597,T1003755,SETTLED,2026-09-30 10:52:25,2026-09-30 10:52:29,2260
E1006538,T1002316,CREATED,2026-09-19 16:27:00,2026-09-19 16:27:01,507
E1004615,T1001622,AUTHORIZED,2026-09-13 17:47:49,2026-09-13 17:47:50,2090
E1003078,T1001080,AUTHORIZED,2026-09-09 19:57:16,2026-09-09 19:57:20,1667
E1000496,T1000174,CREATED,2026-09-02 17:49:57,2026-09-02 17:49:58,2345
E1000684,T1000240,SETTLED,2026-09-03 22:39:47,2026-09-03 22:39:48,420
E1005970,T1002108,AUTHORIZED,2026-09-18 18:02:23,2026-09-18 18:02:28,2198
E1008948,T1003174,SETTLED,2026-09-26 13:15:10,2026-09-26 13:15:19,59
E1001759,T1000617,AUTHORIZED,2026-09-05 10:03:37,2026-09-05 10:15:37,1526
E1003014,T1001058,AUTHORIZED,2026-09-09 13:34:37,2026-09-09 13:34:46,2456
E1004953,T1001743,SETTLED,2026-09-14 08:33:24,2026-09-14 08:33:28,525
E1010115,T1003586,SETTLED,2026-09-29 12:33:21,2026-09-29 12:33:30,1782
E1000924,T1000325,SETTLED,2026-09-03 08:59:47,2026-09-03 08:59:52,1687
E1002217,T1000777,CREATED,2026-09-07 18:21:48,2026-09-07 18:21:51,2161
E1002086,T1000731,AUTHORIZED,2026-09-06 17:52:47,2026-09-06 17:52:53,346
E1007532,T1002675,CREATED,2026-09-22 11:45:36,2026-09-22 11:45:46,2151
E1008866,T1003144,FAILED,2026-09-26 15:14:20,2026-09-26 15:14:25,1692
E1004803,T1001691,CREATED,2026-09-14 20:42:27,2026-09-14 20:42:31,505
E1008014,T1002844,SETTLED,2026-09-23 19:09:46,2026-09-23 20:17:46,711
E1005132,T1001809,CREATED,2026-09-15 19:11:01,2026-09-15 19:11:07,1333
E1007821,T1002777,SETTLED,2026-09-23 22:07:13,2026-09-23 22:07:19,382
E1000303,T1000107,AUTHORIZED,2026-09-01 11:00:34,2026-09-01 11:00:41,741
E1007248,T1002572,CREATED,2026-09-21 12:12:49,2026-09-21 12:12:56,607
E1010287,T1003645,SETTLED,2026-09-29 17:17:28,2026-09-29 17:17:37,1771
E1001548,T1000544,AUTHORIZED,2026-09-05 13:58:58,2026-09-05 13:59:03,1146
E1004602,T1001618,CREATED,2026-09-13 19:15:47,2026-09-13 19:15:57,1661
E1008758,T1003106,CREATED,2026-09-25 14:17:12,2026-09-25 14:17:21,2148
E1010140,T1003595,AUTHORIZED,2026-09-29 20:14:30,2026-09-29 20:14:34,1588
E1007097,T1002519,SETTLED,2026-09-20 19:35:55,2026-09-20 19:36:04,1150
E1010327,T1003659,SETTLED,2026-09-29 13:05:32,2026-09-29 13:05:33,862
E1005969,T1002108,CREATED,2026-09-18 18:02:10,2026-09-18 18:02:17,1772
E1008665,T1003074,CREATED,2026-09-25 17:28:53,2026-09-25 17:28:56,2370
E1007319,T1002598,AUTHORIZED,2026-09-21 15:10:35,2026-09-21 15:10:41,610
E1009825,T1003485,SETTLED,2026-09-28 13:37:25,2026-09-28 13:37:27,843
E1008755,T1003104,SETTLED,2026-09-25 14:20:55,2026-09-25 14:20:59,1831
E1006868,T1002437,AUTHORIZED,2026-09-20 11:52:49,2026-09-20 11:52:54,803
E1005887,T1002079,AUTHORIZED,2026-09-17 19:28:00,2026-09-17 19:28:04,1982
E1009746,T1003456,CREATED,2026-09-28 18:42:14,2026-09-28 18:42:19,2295
E1001914,T1000670,SETTLED,2026-09-06 07:36:40,2026-09-06 07:36:42,350
E1010282,T1003644,CREATED,2026-09-29 10:53:43,2026-09-29 10:53:47,1844
E1002222,T1000778,SETTLED,2026-09-07 14:14:53,2026-09-07 14:15:02,2498
E1010142,T1003596,CREATED,2026-09-29 22:09:53,2026-09-29 22:09:58,286
E1007170,T1002544,CREATED,2026-09-21 19:56:56,2026-09-21 19:57:05,640
E1001338,T1000470,SETTLED,2026-09-05 08:39:50,2026-09-05 09:55:50,2253
E1000409,T1000144,AUTHORIZED,2026-09-02 17:59:48,2026-09-02 17:59:52,1503
E1007362,T1002613,CREATED,2026-09-21 14:22:49,2026-09-21 14:22:57,2445
E1001464,T1000515,CREATED,2026-09-05 12:57:36,2026-09-05 13:50:36,723
E1010730,T1003803,CREATED,2026-09-30 17:31:12,2026-09-30 17:31:18,119
E1000724,T1000254,SETTLED,2026-09-03 15:39:11,2026-09-03 15:39:13,692
E1008902,T1003157,AUTHORIZED,2026-09-26 13:34:50,2026-09-26 13:34:59,1902
E1004839,T1001703,AUTHORIZED,2026-09-14 11:21:30,2026-09-14 11:21:33,248
E1004029,T1001416,SETTLED,2026-09-12 12:03:51,2026-09-12 12:04:00,2070
E1001349,T1000474,SETTLED,2026-09-05 16:10:11,2026-09-05 16:10:21,1311
E1003238,T1001136,SETTLED,2026-09-10 21:27:31,2026-09-10 21:27:41,2053
E1005339,T1001885,CREATED,2026-09-16 13:31:57,2026-09-16 13:32:04,772
E1003764,T1001323,AUTHORIZED,2026-09-11 20:40:47,2026-09-11 20:40:50,1423
E1003088,T1001083,SETTLED,2026-09-09 12:57:06,2026-09-09 12:57:12,310
E1007444,T1002642,SETTLED,2026-09-21 11:29:26,2026-09-21 11:29:28,1369
E1007492,T1002659,SETTLED,2026-09-21 19:16:33,2026-09-21 19:16:36,438
E1007213,T1002559,CREATED,2026-09-21 13:24:51,2026-09-21 13:24:59,845
E1007671,T1002725,AUTHORIZED,2026-09-22 11:41:18,2026-09-22 11:41:26,1878
E1009549,T1003386,CREATED,2026-09-27 18:00:52,2026-09-27 18:00:55,2411
E1002479,T1000870,AUTHORIZED,2026-09-07 12:53:20,2026-09-07 12:53:25,607
E1002896,T1001017,SETTLED,2026-09-09 12:27:37,2026-09-09 12:27:41,342
E1003765,T1001323,SETTLED,2026-09-11 21:01:34,2026-09-11 21:01:41,731
E1000824,T1000290,SETTLED,2026-09-03 16:20:27,2026-09-03 16:20:35,641
E1007748,T1002752,AUTHORIZED,2026-09-22 12:48:54,2026-09-22 12:48:58,1200
E1002486,T1000873,CREATED,2026-09-07 09:05:11,2026-09-07 09:05:16,1081
E1006800,T1002412,SETTLED,2026-09-20 23:05:31,2026-09-20 23:05:39,1433
E1002732,T1000960,CREATED,2026-09-08 19:00:12,2026-09-08 19:00:22,1539
E1005269,T1001859,AUTHORIZED,2026-09-15 15:33:27,2026-09-15 15:33:32,577
E1004763,T1001676,CREATED,2026-09-14 10:47:30,2026-09-14 10:47:31,623
E1007503,T1002664,CREATED,2026-09-22 19:45:11,2026-09-22 19:45:13,1485
E1000318,T1000112,AUTHORIZED,2026-09-01 19:27:50,2026-09-01 19:27:57,1162
E1003048,T1001070,CREATED,2026-09-09 14:20:13,2026-09-09 14:20:14,213
E1001535,T1000539,SETTLED,2026-09-05 11:52:29,2026-09-05 11:52:39,1366
E1003090,T1001084,FAILED,2026-09-09 08:39:52,2026-09-09 08:40:00,2343
E1001684,T1000591,SETTLED,2026-09-05 21:36:35,2026-09-05 21:36:42,1333
E1009800,T1003476,CREATED,2026-09-28 16:36:41,2026-09-28 16:36:42,2131
E1005485,T1001938,AUTHORIZED,2026-09-16 18:45:43,2026-09-16 18:45:53,1799
E1001127,T1000399,CREATED,2026-09-04 13:00:48,2026-09-04 13:00:50,1227
E1009841,T1003491,AUTHORIZED,2026-09-28 15:40:34,2026-09-28 15:40:44,1910
E1004043,T1001421,SETTLED,2026-09-12 11:23:32,2026-09-12 11:23:37,916
E1008179,T1002901,SETTLED,2026-09-24 15:26:29,2026-09-24 15:26:33,1389
E1007241,T1002569,SETTLED,2026-09-21 19:56:03,2026-09-21 19:56:12,1646
E1001628,T1000572,SETTLED,2026-09-05 18:23:18,2026-09-05 18:23:23,1307
E1008214,T1002913,AUTHORIZED,2026-09-24 18:06:11,2026-09-24 18:06:21,1377
E1007182,T1002548,SETTLED,2026-09-21 18:37:32,2026-09-21 18:37:33,359
E1004584,T1001611,AUTHORIZED,2026-09-13 11:12:05,2026-09-13 11:12:10,1472
E1010322,T1003657,SETTLED,2026-09-29 08:40:45,2026-09-29 08:40:52,2436
E1007338,T1002604,SETTLED,2026-09-21 11:33:50,2026-09-21 11:33:56,1998
E1000281,T1000099,CREATED,2026-09-01 19:43:24,2026-09-01 19:43:33,1538
E1002296,T1000805,SETTLED,2026-09-07 14:34:56,2026-09-07 14:34:59,1020
E1001114,T1000394,SETTLED,2026-09-04 11:33:38,2026-09-04 11:33:46,2014
E1003040,T1001067,AUTHORIZED,2026-09-09 19:17:54,2026-09-09 19:18:03,1854
E1003155,T1001107,SETTLED,2026-09-10 19:31:07,2026-09-10 19:31:14,1108
E1002724,T1000957,AUTHORIZED,2026-09-08 12:10:38,2026-09-08 12:10:48,2174
E1009531,T1003379,SETTLED,2026-09-27 19:52:27,2026-09-27 19:52:32,348
E1004263,T1001498,AUTHORIZED,2026-09-13 09:58:35,2026-09-13 09:58:44,929
E1004626,T1001626,AUTHORIZED,2026-09-13 12:10:34,2026-09-13 12:10:39,2267
E1010560,T1003742,AUTHORIZED,2026-09-30 12:15:04,2026-09-30 12:15:13,269
E1008738,T1003099,CREATED,2026-09-25 14:39:21,2026-09-25 14:39:28,475
E1002839,T1000998,CREATED,2026-09-08 18:17:46,2026-09-08 18:17:53,1430
E1001849,T1000648,AUTHORIZED,2026-09-06 16:50:03,2026-09-06 16:50:07,1853
E1003993,T1001403,CREATED,2026-09-12 19:22:41,2026-09-12 19:22:46,1635
E1008544,T1003032,AUTHORIZED,2026-09-25 12:50:47,2026-09-25 12:50:51,612
E1009718,T1003446,CREATED,2026-09-27 20:31:10,2026-09-27 20:31:11,1182
E1003946,T1001386,CREATED,2026-09-12 20:17:27,2026-09-12 20:17:32,1323
E1010539,T1003734,SETTLED,2026-09-30 11:37:38,2026-09-30 11:37:39,552
E1008295,T1002943,FAILED,2026-09-24 20:03:39,2026-09-24 20:03:46,1470
E1007643,T1002714,SETTLED,2026-09-22 18:52:57,2026-09-22 18:53:06,1126
E1000123,T1000044,CREATED,2026-09-01 12:45:13,2026-09-01 12:45:20,601
E1007258,T1002576,CREATED,2026-09-21 12:49:45,2026-09-21 12:49:51,1242
E1000594,T1000209,CREATED,2026-09-02 17:29:18,2026-09-02 17:29:27,196
E1001228,T1000433,CREATED,2026-09-04 13:39:18,2026-09-04 13:39:27,904
E1006259,T1002214,CREATED,2026-09-18 18:23:12,2026-09-18 18:23:19,1434
E1001451,T1000510,SETTLED,2026-09-05 11:50:03,2026-09-05 11:50:07,1767
E1007160,T1002540,SETTLED,2026-09-21 12:50:39,2026-09-21 12:50:46,1491
E1005875,T1002075,AUTHORIZED,2026-09-17 11:33:26,2026-09-17 11:33:36,312
E1001409,T1000495,SETTLED,2026-09-05 11:51:45,2026-09-05 11:51:50,939
E1002918,T1001025,CREATED,2026-09-09 13:22:05,2026-09-09 13:22:12,1754
E1010176,T1003608,CREATED,2026-09-29 12:36:41,2026-09-29 12:36:44,1381
E1003390,T1001189,AUTHORIZED,2026-09-10 20:13:30,2026-09-10 20:13:40,1292
E1001012,T1000356,SETTLED,2026-09-04 11:19:42,2026-09-04 11:19:43,2005
E1010222,T1003624,CREATED,2026-09-29 16:22:44,2026-09-29 16:22:54,975
E1004321,T1001518,AUTHORIZED,2026-09-13 18:24:57,2026-09-13 18:24:58,1606
E1006891,T1002445,SETTLED,2026-09-20 14:53:47,2026-09-20 14:53:49,1673
E1008560,T1003037,SETTLED,2026-09-25 09:28:29,2026-09-25 09:28:33,2484
E1007017,T1002489,SETTLED,2026-09-20 20:35:06,2026-09-20 20:35:16,959
E1007438,T1002640,SETTLED,2026-09-21 18:37:10,2026-09-21 18:37:17,2014
E1003601,T1001264,CREATED,2026-09-11 11:40:10,2026-09-11 11:40:11,2437
E1003630,T1001274,CREATED,2026-09-11 10:41:01,2026-09-11 10:41:10,1915
E1002812,T1000988,CREATED,2026-09-08 21:10:16,2026-09-08 21:10:25,333
E1009423,T1003341,SETTLED,2026-09-27 15:52:18,2026-09-27 15:52:20,1678
E1003744,T1001316,AUTHORIZED,2026-09-11 11:16:52,2026-09-11 11:16:59,2317
E1000751,T1000264,AUTHORIZED,2026-09-03 21:09:16,2026-09-03 21:09:24,965
E1007810,T1002774,CREATED,2026-09-23 15:47:06,2026-09-23 15:47:15,1411
E1001480,T1000520,AUTHORIZED,2026-09-05 20:21:13,2026-09-05 20:21:20,1114
E1000587,T1000206,SETTLED,2026-09-02 15:10:03,2026-09-02 15:10:10,1227
E1006673,T1002366,AUTHORIZED,2026-09-19 19:17:29,2026-09-19 19:17:38,670
E1009948,T1003528,SETTLED,2026-09-28 14:38:57,2026-09-28 14:39:06,399
E1000917,T1000323,AUTHORIZED,2026-09-03 12:33:22,2026-09-03 12:33:29,1337
E1000588,T1000207,CREATED,2026-09-02 06:58:53,2026-09-02 06:59:02,493
E1009154,T1003248,CREATED,2026-09-26 16:10:42,2026-09-26 16:10:47,1340
E1006693,T1002374,CREATED,2026-09-19 17:08:01,2026-09-19 17:08:07,1893
E1007640,T1002713,SETTLED,2026-09-22 11:01:49,2026-09-22 11:01:59,66
E1005841,T1002064,CREATED,2026-09-17 12:49:02,2026-09-17 12:49:05,132
E1007581,T1002692,FAILED,2026-09-22 09:19:35,2026-09-22 09:19:40,2225
E1003034,T1001065,AUTHORIZED,2026-09-09 12:17:00,2026-09-09 12:17:04,2156
E1008426,T1002990,SETTLED,2026-09-24 20:17:13,2026-09-24 20:17:20,1958
E1003682,T1001292,SETTLED,2026-09-11 22:27:58,2026-09-11 22:28:00,2125
E1004538,T1001595,SETTLED,2026-09-13 17:29:37,2026-09-13 17:29:40,475
E1007805,T1002772,AUTHORIZED,2026-09-22 15:04:38,2026-09-22 15:04:44,2178
E1001113,T1000394,AUTHORIZED,2026-09-04 11:12:43,2026-09-04 11:12:50,585
E1003564,T1001251,CREATED,2026-09-11 13:14:15,2026-09-11 13:14:25,678
E1010313,T1003654,SETTLED,2026-09-29 09:55:49,2026-09-29 09:55:50,2198
E1002332,T1000818,AUTHORIZED,2026-09-07 17:09:26,2026-09-07 17:09:30,1326
E1002877,T1001011,CREATED,2026-09-09 12:45:27,2026-09-09 12:45:29,2374
E1009097,T1003227,SETTLED,2026-09-27 00:11:51,2026-09-27 00:12:01,947
E1007402,T1002628,AUTHORIZED,2026-09-21 20:53:06,2026-09-21 20:53:16,1919
E1004441,T1001562,CREATED,2026-09-13 13:41:44,2026-09-13 13:41:52,1600
E1007535,T1002676,CREATED,2026-09-22 06:58:28,2026-09-22 06:58:38,2265
E1010075,T1003572,SETTLED,2026-09-28 14:28:09,2026-09-28 14:28:19,2131
E1006744,T1002393,CREATED,2026-09-20 17:25:52,2026-09-20 17:25:55,1706
E1003084,T1001082,AUTHORIZED,2026-09-09 17:31:27,2026-09-09 17:31:29,447
E1006183,T1002186,SETTLED,2026-09-18 13:34:05,2026-09-18 14:45:05,316
E1005236,T1001846,AUTHORIZED,2026-09-15 16:26:51,2026-09-15 16:26:56,545
E1009117,T1003235,CREATED,2026-09-26 20:19:49,2026-09-26 20:57:49,566
E1003654,T1001282,SETTLED,2026-09-11 14:13:14,2026-09-11 14:13:23,917
E1004542,T1001597,CREATED,2026-09-13 15:58:00,2026-09-13 15:58:04,1149
E1001066,T1000377,CREATED,2026-09-04 16:11:58,2026-09-04 16:12:04,625
E1006889,T1002445,CREATED,2026-09-20 14:42:47,2026-09-20 14:42:51,45
E1007460,T1002648,SETTLED,2026-09-21 14:52:43,2026-09-21 14:52:47,324
E1001026,T1000362,CREATED,2026-09-04 09:11:34,2026-09-04 09:11:39,625
E1005792,T1002046,SETTLED,2026-09-17 18:56:13,2026-09-17 18:56:18,759
E1007226,T1002564,CREATED,2026-09-21 18:34:29,2026-09-21 18:34:31,1430
E1007443,T1002642,AUTHORIZED,2026-09-21 11:20:42,2026-09-21 11:20:51,1048
E1006714,T1002382,CREATED,2026-09-19 09:32:54,2026-09-19 09:33:03,2132
E1000390,T1000137,AUTHORIZED,2026-09-02 16:11:30,2026-09-02 16:11:32,2432
E1007067,T1002508,AUTHORIZED,2026-09-20 14:54:08,2026-09-20 14:54:16,2382
E1007153,T1002538,AUTHORIZED,2026-09-21 15:33:39,2026-09-21 15:33:40,240
E1003484,T1001223,CREATED,2026-09-11 19:25:19,2026-09-11 19:25:26,290
E1006289,T1002224,AUTHORIZED,2026-09-18 16:28:18,2026-09-18 16:28:26,622
E1001565,T1000550,AUTHORIZED,2026-09-05 11:59:17,2026-09-05 11:59:20,2320
E1008182,T1002902,SETTLED,2026-09-24 19:40:48,2026-09-24 19:40:55,1510
E1005182,T1001827,CREATED,2026-09-15 12:01:31,2026-09-15 12:01:38,1557
E1004948,T1001742,CREATED,2026-09-14 09:08:01,2026-09-14 09:08:04,1518
E1009303,T1003299,SETTLED,2026-09-26 11:23:44,2026-09-26 11:23:53,43
E1001635,T1000575,CREATED,2026-09-05 20:34:16,2026-09-05 20:34:22,1123
E1008235,T1002921,CREATED,2026-09-24 18:42:01,2026-09-24 18:42:05,1437
E1004456,T1001567,SETTLED,2026-09-13 12:45:06,2026-09-13 12:45:15,1457
E1000719,T1000253,CREATED,2026-09-03 11:11:51,2026-09-03 11:11:59,2448
E1001014,T1000357,AUTHORIZED,2026-09-04 19:31:11,2026-09-04 19:31:19,1658
E1010552,T1003739,AUTHORIZED,2026-09-30 21:24:06,2026-09-30 21:24:15,2159
E1009741,T1003453,SETTLED,2026-09-27 10:52:30,2026-09-27 10:52:31,1814
E1007676,T1002727,AUTHORIZED,2026-09-22 19:12:43,2026-09-22 19:12:44,816
E1004397,T1001546,AUTHORIZED,2026-09-13 22:40:41,2026-09-13 22:40:46,2405
E1001060,T1000375,CREATED,2026-09-04 15:18:23,2026-09-04 15:18:29,2443
E1009659,T1003425,CREATED,2026-09-27 18:11:25,2026-09-27 18:11:31,453
E1000410,T1000144,SETTLED,2026-09-02 18:04:28,2026-09-02 18:04:29,243
E1006047,T1002136,SETTLED,2026-09-18 09:34:57,2026-09-18 09:34:59,232
E1002065,T1000724,AUTHORIZED,2026-09-06 10:47:02,2026-09-06 10:47:03,1631
E1002423,T1000850,SETTLED,2026-09-07 17:03:36,2026-09-07 17:03:40,66
E1009339,T1003312,AUTHORIZED,2026-09-27 11:31:31,2026-09-27 11:31:38,1474
E1008358,T1002966,AUTHORIZED,2026-09-24 20:03:00,2026-09-24 20:03:03,1347
E1006824,T1002422,CREATED,2026-09-20 09:17:54,2026-09-20 09:17:59,640
E1000535,T1000188,AUTHORIZED,2026-09-02 20:15:00,2026-09-02 20:15:09,2331
E1002644,T1000928,SETTLED,2026-09-08 13:20:04,2026-09-08 13:20:08,516
E1000846,T1000298,SETTLED,2026-09-03 14:03:47,2026-09-03 14:03:56,424
E1008074,T1002865,SETTLED,2026-09-23 10:29:25,2026-09-23 10:29:28,1924
E1010139,T1003595,CREATED,2026-09-29 20:14:13,2026-09-29 20:14:19,490
E1006575,T1002329,CREATED,2026-09-19 12:32:05,2026-09-19 12:32:08,1862
E1000273,T1000096,CREATED,2026-09-01 19:03:11,2026-09-01 19:03:14,1916
E1002176,T1000762,AUTHORIZED,2026-09-06 20:32:43,2026-09-06 20:32:44,859
E1000166,T1000059,AUTHORIZED,2026-09-01 20:17:55,2026-09-01 20:18:01,2017
E1001776,T1000623,CREATED,2026-09-06 13:47:38,2026-09-06 13:47:42,203
E1000062,T1000022,SETTLED,2026-09-01 18:46:25,2026-09-01 18:46:32,494
E1002103,T1000737,SETTLED,2026-09-06 11:44:05,2026-09-06 12:34:05,2297
E1008286,T1002940,CREATED,2026-09-24 18:00:32,2026-09-24 18:00:41,1947
E1008292,T1002942,AUTHORIZED,2026-09-24 17:16:20,2026-09-24 17:16:28,1525
E1004783,T1001683,SETTLED,2026-09-14 17:16:01,2026-09-14 17:16:05,2078
E1007361,T1002612,SETTLED,2026-09-21 14:28:10,2026-09-21 14:28:19,939
E1008467,T1003005,CREATED,2026-09-24 08:51:34,2026-09-24 08:51:42,2488
E1007250,T1002572,SETTLED,2026-09-21 12:22:49,2026-09-21 12:22:56,2476
E1005786,T1002044,SETTLED,2026-09-17 10:05:17,2026-09-17 10:05:18,865
E1001169,T1000413,CREATED,2026-09-04 21:41:01,2026-09-04 21:41:11,2305
E1006897,T1002448,CREATED,2026-09-20 14:34:09,2026-09-20 14:34:15,521
E1007298,T1002591,CREATED,2026-09-21 12:18:22,2026-09-21 12:18:28,1103
E1005468,T1001932,AUTHORIZED,2026-09-16 14:23:26,2026-09-16 14:23:32,2279
E1005221,T1001841,CREATED,2026-09-15 18:10:03,2026-09-15 18:10:10,372
E1006738,T1002390,SETTLED,2026-09-19 13:05:52,2026-09-19 13:05:56,1362
E1000170,T1000060,SETTLED,2026-09-01 19:38:30,2026-09-01 19:38:36,2078
E1002072,T1000726,SETTLED,2026-09-06 19:48:58,2026-09-06 19:49:04,1083
E1001951,T1000683,SETTLED,2026-09-06 18:04:03,2026-09-06 18:04:12,770
E1008134,T1002886,SETTLED,2026-09-24 18:55:59,2026-09-24 18:56:07,402
E1006165,T1002180,AUTHORIZED,2026-09-18 08:38:43,2026-09-18 08:38:52,1003
E1004756,T1001673,SETTLED,2026-09-14 12:58:47,2026-09-14 12:58:48,1138
E1010739,T1003806,AUTHORIZED,2026-09-30 06:40:05,2026-09-30 06:40:14,1128
E1005307,T1001874,AUTHORIZED,2026-09-16 18:46:05,2026-09-16 18:46:13,1347
E1003182,T1001116,SETTLED,2026-09-10 10:16:59,2026-09-10 10:17:03,2446
E1002031,T1000712,CREATED,2026-09-06 18:11:34,2026-09-06 18:11:38,2334
E1008124,T1002883,AUTHORIZED,2026-09-23 12:22:49,2026-09-23 12:22:55,2203
E1008987,T1003189,CREATED,2026-09-26 15:31:24,2026-09-26 15:31:31,530
E1010378,T1003678,AUTHORIZED,2026-09-29 10:20:55,2026-09-29 10:21:04,423
E1003638,T1001277,CREATED,2026-09-11 13:00:57,2026-09-11 13:01:05,726
E1005966,T1002107,CREATED,2026-09-17 12:27:20,2026-09-17 12:27:26,2359
E1002858,T1001004,AUTHORIZED,2026-09-09 12:53:09,2026-09-09 12:53:12,1852
E1002717,T1000955,CREATED,2026-09-08 13:29:33,2026-09-08 13:29:39,427
E1002402,T1000843,SETTLED,2026-09-07 20:22:10,2026-09-07 20:22:19,1613
E1003391,T1001189,SETTLED,2026-09-10 20:34:03,2026-09-10 20:34:04,2473
E1003106,T1001090,FAILED,2026-09-09 09:48:09,2026-09-09 09:48:17,348
E1000617,T1000217,CREATED,2026-09-02 08:33:00,2026-09-02 08:33:04,165
E1005161,T1001819,AUTHORIZED,2026-09-15 11:06:28,2026-09-15 11:06:33,437
E1000704,T1000247,AUTHORIZED,2026-09-03 21:17:59,2026-09-03 21:18:05,2111
E1002297,T1000806,CREATED,2026-09-07 20:28:36,2026-09-07 20:28:45,731
E1005671,T1002004,CREATED,2026-09-17 17:45:14,2026-09-17 17:45:24,533
E1009127,T1003238,AUTHORIZED,2026-09-26 19:49:27,2026-09-26 19:49:29,2257
E1010503,T1003722,CREATED,2026-09-30 19:40:27,2026-09-30 19:40:35,2427
E1009088,T1003224,AUTHORIZED,2026-09-26 14:32:13,2026-09-26 14:32:20,545
E1005461,T1001929,SETTLED,2026-09-16 14:26:05,2026-09-16 14:26:13,1035
E1001162,T1000410,SETTLED,2026-09-04 21:20:14,2026-09-04 21:20:16,1311
E1005608,T1001981,CREATED,2026-09-16 14:40:44,2026-09-16 14:40:50,1032
E1007589,T1002695,SETTLED,2026-09-22 20:59:37,2026-09-22 20:59:46,2468
E1002642,T1000928,CREATED,2026-09-08 13:13:04,2026-09-08 13:13:07,2455
E1009636,T1003416,SETTLED,2026-09-27 12:50:27,2026-09-27 12:50:35,577
E1007013,T1002488,AUTHORIZED,2026-09-20 14:04:58,2026-09-20 14:05:03,2399
E1005913,T1002088,SETTLED,2026-09-17 14:47:14,2026-09-17 14:47:17,1526
E1009358,T1003318,SETTLED,2026-09-27 18:09:01,2026-09-27 18:09:04,1036
E1008251,T1002926,SETTLED,2026-09-24 20:01:54,2026-09-24 20:01:55,1817
E1008013,T1002844,AUTHORIZED,2026-09-23 18:57:52,2026-09-23 20:05:52,2415
E1006260,T1002214,AUTHORIZED,2026-09-18 18:23:20,2026-09-18 18:23:30,1306
E1008206,T1002910,SETTLED,2026-09-24 18:05:37,2026-09-24 18:05:43,434
E1001350,T1000475,CREATED,2026-09-05 18:56:02,2026-09-05 18:56:09,1718
E1005287,T1001866,CREATED,2026-09-15 20:13:18,2026-09-15 20:13:21,959
E1006006,T1002122,CREATED,2026-09-18 11:23:25,2026-09-18 11:23:33,85
E1005832,T1002061,CREATED,2026-09-17 11:21:57,2026-09-17 11:22:00,80
E1004815,T1001695,AUTHORIZED,2026-09-14 13:49:38,2026-09-14 13:49:43,366
E1007615,T1002705,CREATED,2026-09-22 11:33:30,2026-09-22 11:33:31,1118
E1010252,T1003634,CREATED,2026-09-29 09:44:37,2026-09-29 09:44:39,2488
E1004878,T1001716,SETTLED,2026-09-14 17:57:11,2026-09-14 17:57:12,709
E1003680,T1001292,CREATED,2026-09-11 20:52:58,2026-09-11 20:53:00,1588
E1003890,T1001366,CREATED,2026-09-12 21:56:13,2026-09-12 21:56:19,2270
E1001674,T1000588,CREATED,2026-09-05 10:02:47,2026-09-05 10:02:57,1803
E1001137,T1000402,AUTHORIZED,2026-09-04 08:34:38,2026-09-04 08:34:47,1625
E1002373,T1000833,CREATED,2026-09-07 20:49:58,2026-09-07 20:50:01,1002
E1005737,T1002028,CREATED,2026-09-17 11:20:27,2026-09-17 11:20:29,1292
E1008252,T1002927,CREATED,2026-09-24 19:40:29,2026-09-24 19:40:34,410
E1010361,T1003672,AUTHORIZED,2026-09-29 15:39:45,2026-09-29 15:39:47,349
E1007103,T1002521,SETTLED,2026-09-20 18:02:09,2026-09-20 18:02:11,2454
E1002107,T1000739,CREATED,2026-09-06 21:43:41,2026-09-06 21:43:47,1213
E1001051,T1000371,CREATED,2026-09-04 11:17:33,2026-09-04 11:17:42,1513
E1002279,T1000799,AUTHORIZED,2026-09-07 11:23:33,2026-09-07 11:23:36,2293
E1003332,T1001169,CREATED,2026-09-10 08:36:23,2026-09-10 08:36:25,861
E1000575,T1000202,AUTHORIZED,2026-09-02 18:26:31,2026-09-02 18:26:33,576
E1006397,T1002263,CREATED,2026-09-19 11:24:20,2026-09-19 11:24:22,1087
E1001361,T1000478,SETTLED,2026-09-05 14:27:36,2026-09-05 14:27:40,1860
E1005843,T1002064,SETTLED,2026-09-17 13:01:02,2026-09-17 13:01:05,1894
E1003218,T1001129,SETTLED,2026-09-10 15:51:24,2026-09-10 15:51:34,1631
E1001398,T1000492,CREATED,2026-09-05 08:08:34,2026-09-05 08:08:39,1146
E1002992,T1001051,CREATED,2026-09-09 19:45:10,2026-09-09 19:45:19,2054
E1004745,T1001670,CREATED,2026-09-14 21:12:46,2026-09-14 21:12:49,2134
E1001130,T1000400,CREATED,2026-09-04 18:12:58,2026-09-04 18:13:03,1843
E1004224,T1001484,SETTLED,2026-09-12 22:43:17,2026-09-12 22:43:22,276
E1010600,T1003756,SETTLED,2026-09-30 20:16:01,2026-09-30 20:16:05,564
E1000526,T1000185,AUTHORIZED,2026-09-02 10:33:33,2026-09-02 10:33:34,2242
E1002334,T1000819,CREATED,2026-09-07 20:33:48,2026-09-07 20:33:54,1718
E1002647,T1000930,CREATED,2026-09-08 20:24:36,2026-09-08 20:24:38,480
E1007520,T1002671,CREATED,2026-09-22 18:25:25,2026-09-22 19:07:25,2399
E1007887,T1002800,AUTHORIZED,2026-09-23 19:14:15,2026-09-23 19:14:21,77
E1005835,T1002062,CREATED,2026-09-17 08:18:42,2026-09-17 08:18:43,2395
E1002946,T1001035,CREATED,2026-09-09 21:22:33,2026-09-09 21:22:34,1244
E1009995,T1003544,SETTLED,2026-09-28 19:03:55,2026-09-28 19:03:57,1204
E1001211,T1000427,AUTHORIZED,2026-09-04 14:42:28,2026-09-04 14:42:37,809
E1000478,T1000168,CREATED,2026-09-02 19:47:21,2026-09-02 19:47:30,1269
E1006602,T1002339,SETTLED,2026-09-19 16:27:08,2026-09-19 16:27:09,2200
E1005412,T1001911,SETTLED,2026-09-16 12:13:00,2026-09-16 12:13:05,1080
E1010411,T1003690,CREATED,2026-09-29 17:20:18,2026-09-29 17:20:19,990
E1008992,T1003191,CREATED,2026-09-26 21:38:45,2026-09-26 21:38:52,2154
E1004111,T1001445,AUTHORIZED,2026-09-12 10:11:41,2026-09-12 10:11:50,1745
E1004246,T1001492,CREATED,2026-09-13 09:57:10,2026-09-13 09:57:20,1088
E1010030,T1003557,CREATED,2026-09-28 16:41:43,2026-09-28 16:41:48,1300
E1007012,T1002488,CREATED,2026-09-20 14:04:39,2026-09-20 14:04:47,1137
E1002748,T1000965,SETTLED,2026-09-08 12:32:52,2026-09-08 12:32:58,1049
E1006781,T1002406,AUTHORIZED,2026-09-20 21:10:31,2026-09-20 21:10:35,1635
E1009388,T1003328,SETTLED,2026-09-27 11:01:32,2026-09-27 11:01:35,448
E1004464,T1001570,AUTHORIZED,2026-09-13 19:10:48,2026-09-13 19:10:49,1778
E1009964,T1003534,CREATED,2026-09-28 12:47:42,2026-09-28 12:47:49,313
E1004879,T1001717,CREATED,2026-09-14 20:30:07,2026-09-14 20:30:13,56
E1003389,T1001189,CREATED,2026-09-10 20:13:03,2026-09-10 20:13:07,505
E1008986,T1003188,SETTLED,2026-09-26 20:23:51,2026-09-26 20:24:00,1813
E1007353,T1002609,SETTLED,2026-09-21 18:22:03,2026-09-21 18:22:12,672
E1004695,T1001651,AUTHORIZED,2026-09-14 12:03:01,2026-09-14 12:03:08,79
E1000805,T1000283,SETTLED,2026-09-03 21:23:48,2026-09-03 21:23:56,988
E1003914,T1001374,AUTHORIZED,2026-09-12 14:12:32,2026-09-12 14:12:36,1841
E1002275,T1000798,CREATED,2026-09-07 19:48:55,2026-09-07 19:49:02,2321
E1000862,T1000304,CREATED,2026-09-03 08:01:11,2026-09-03 08:01:21,2419
E1000271,T1000095,AUTHORIZED,2026-09-01 14:08:43,2026-09-01 14:08:53,798
E1006059,T1002140,SETTLED,2026-09-18 21:02:15,2026-09-18 21:02:24,2202
E1010292,T1003647,AUTHORIZED,2026-09-29 21:48:12,2026-09-29 21:48:21,1160
E1006724,T1002385,SETTLED,2026-09-19 10:46:09,2026-09-19 10:46:17,1682
E1009454,T1003353,CREATED,2026-09-27 09:18:39,2026-09-27 09:18:45,1387
E1009480,T1003362,CREATED,2026-09-27 08:21:12,2026-09-27 08:21:16,1408
E1005119,T1001804,AUTHORIZED,2026-09-15 17:55:21,2026-09-15 17:55:28,854
E1001520,T1000534,FAILED,2026-09-05 22:36:54,2026-09-05 22:36:56,779
E1005745,T1002030,SETTLED,2026-09-17 13:24:44,2026-09-17 13:24:50,634
E1001923,T1000674,CREATED,2026-09-06 12:54:42,2026-09-06 12:54:48,2197
E1001375,T1000483,AUTHORIZED,2026-09-05 20:52:01,2026-09-05 20:52:11,275
E1010531,T1003731,SETTLED,2026-09-30 11:34:14,2026-09-30 11:34:19,959
E1003482,T1001222,AUTHORIZED,2026-09-10 07:20:21,2026-09-10 07:20:28,985
E1008694,T1003084,CREATED,2026-09-25 18:47:09,2026-09-25 18:47:11,1643
E1007919,T1002811,SETTLED,2026-09-23 17:36:46,2026-09-23 17:36:53,1203
E1000474,T1000166,SETTLED,2026-09-02 11:37:22,2026-09-02 11:37:30,677
E1001727,T1000606,CREATED,2026-09-05 09:35:11,2026-09-05 09:35:14,928
E1002260,T1000792,AUTHORIZED,2026-09-07 21:17:33,2026-09-07 21:17:42,843
E1004391,T1001544,AUTHORIZED,2026-09-13 15:11:13,2026-09-13 15:11:19,1869
E1000149,T1000053,AUTHORIZED,2026-09-01 07:13:20,2026-09-01 07:13:25,1894
E1008471,T1003006,AUTHORIZED,2026-09-24 10:22:21,2026-09-24 10:22:25,619
E1003535,T1001241,AUTHORIZED,2026-09-11 21:07:17,2026-09-11 21:07:19,2316
E1004641,T1001632,CREATED,2026-09-14 12:40:45,2026-09-14 12:40:46,1163
E1001029,T1000363,CREATED,2026-09-04 16:32:09,2026-09-04 16:32:15,387
E1005532,T1001955,CREATED,2026-09-16 14:29:15,2026-09-16 14:29:20,129
E1008688,T1003082,CREATED,2026-09-25 09:36:58,2026-09-25 09:37:00,1690
E1001790,T1000627,SETTLED,2026-09-06 18:56:49,2026-09-06 18:56:50,1152
E1003477,T1001220,AUTHORIZED,2026-09-10 11:36:37,2026-09-10 11:36:45,1325
E1008464,T1003004,CREATED,2026-09-24 12:35:12,2026-09-24 13:00:12,1907
E1003797,T1001334,SETTLED,2026-09-11 09:38:51,2026-09-11 09:38:59,112
E1009493,T1003366,AUTHORIZED,2026-09-27 20:02:02,2026-09-27 20:02:10,1506
E1010532,T1003732,CREATED,2026-09-30 14:04:15,2026-09-30 15:07:15,1762
E1009210,T1003267,SETTLED,2026-09-26 11:12:48,2026-09-26 11:12:55,838
E1009042,T1003208,CREATED,2026-09-26 11:46:42,2026-09-26 11:46:44,1047
E1006500,T1002301,SETTLED,2026-09-19 12:33:04,2026-09-19 12:33:11,2428
E1001531,T1000538,AUTHORIZED,2026-09-05 20:41:06,2026-09-05 20:41:07,1671
E1002464,T1000865,CREATED,2026-09-07 13:08:13,2026-09-07 13:08:18,1783
E1010445,T1003701,SETTLED,2026-09-29 09:15:24,2026-09-29 09:15:32,520
E1003138,T1001101,SETTLED,2026-09-09 11:28:53,2026-09-09 11:28:56,2428
E1002498,T1000877,CREATED,2026-09-07 14:48:43,2026-09-07 15:38:43,1988
E1006018,T1002126,AUTHORIZED,2026-09-18 19:38:54,2026-09-18 19:39:04,181
E1002768,T1000972,SETTLED,2026-09-08 14:12:48,2026-09-08 14:12:56,64
E1005166,T1001821,AUTHORIZED,2026-09-15 10:24:53,2026-09-15 10:24:58,417
E1009288,T1003294,SETTLED,2026-09-26 14:31:10,2026-09-26 14:31:13,580
E1010472,T1003711,SETTLED,2026-09-29 09:06:09,2026-09-29 09:06:15,962
E1004353,T1001530,AUTHORIZED,2026-09-13 11:05:17,2026-09-13 11:05:20,1444
E1005794,T1002047,AUTHORIZED,2026-09-17 12:44:59,2026-09-17 12:45:02,2055
E1000147,T1000052,FAILED,2026-09-01 12:33:28,2026-09-01 12:33:32,2433
E1008995,T1003192,CREATED,2026-09-26 17:02:05,2026-09-26 17:02:06,337
E1005562,T1001965,SETTLED,2026-09-16 18:01:39,2026-09-16 18:01:44,440
E1003234,T1001135,AUTHORIZED,2026-09-10 21:03:42,2026-09-10 21:03:49,723
E1001834,T1000643,AUTHORIZED,2026-09-06 19:55:33,2026-09-06 19:55:43,1449
E1001124,T1000398,CREATED,2026-09-04 22:08:58,2026-09-04 22:09:08,1567
E1007198,T1002554,CREATED,2026-09-21 10:16:47,2026-09-21 10:16:49,1329
E1005604,T1001979,SETTLED,2026-09-16 10:52:49,2026-09-16 10:52:51,2376
E1004793,T1001687,AUTHORIZED,2026-09-14 18:51:22,2026-09-14 18:51:23,85
E1002067,T1000725,CREATED,2026-09-06 18:24:08,2026-09-06 18:24:14,2053
E1007753,T1002754,CREATED,2026-09-22 12:02:36,2026-09-22 12:02:43,1913
E1005066,T1001785,CREATED,2026-09-15 20:33:57,2026-09-15 20:34:07,640
E1010129,T1003591,SETTLED,2026-09-29 19:19:38,2026-09-29 19:19:40,1859
E1003455,T1001212,CREATED,2026-09-10 11:00:17,2026-09-10 11:00:18,502
E1006921,T1002456,AUTHORIZED,2026-09-20 21:04:05,2026-09-20 21:04:08,631
E1005155,T1001817,AUTHORIZED,2026-09-15 09:53:41,2026-09-15 09:53:42,211
E1000812,T1000286,AUTHORIZED,2026-09-03 07:40:20,2026-09-03 07:40:29,1422
E1003761,T1001322,AUTHORIZED,2026-09-11 21:32:17,2026-09-11 21:32:26,327
E1004772,T1001679,AUTHORIZED,2026-09-14 18:30:49,2026-09-14 18:30:53,1595
E1009759,T1003461,CREATED,2026-09-28 15:49:22,2026-09-28 15:49:26,2069
E1004000,T1001405,SETTLED,2026-09-12 12:47:56,2026-09-12 14:10:56,1417
E1003862,T1001356,SETTLED,2026-09-12 12:44:43,2026-09-12 12:44:51,1287
E1007394,T1002625,CREATED,2026-09-21 21:27:32,2026-09-21 21:27:42,733
E1008409,T1002984,AUTHORIZED,2026-09-24 20:55:16,2026-09-24 20:55:22,923
E1004621,T1001624,SETTLED,2026-09-13 13:55:39,2026-09-13 13:55:42,992
E1004486,T1001577,SETTLED,2026-09-13 22:31:31,2026-09-13 22:31:41,1349
E1007192,T1002552,CREATED,2026-09-21 16:54:45,2026-09-21 16:54:47,109
E1007597,T1002698,AUTHORIZED,2026-09-22 08:44:13,2026-09-22 08:44:17,1707
E1005982,T1002113,CREATED,2026-09-18 18:56:19,2026-09-18 18:56:20,311
E1002278,T1000799,CREATED,2026-09-07 11:23:28,2026-09-07 11:23:36,937
E1000307,T1000108,SETTLED,2026-09-01 20:51:52,2026-09-01 20:51:56,2422
E1004814,T1001695,CREATED,2026-09-14 13:49:30,2026-09-14 13:49:36,1857
E1008381,T1002974,AUTHORIZED,2026-09-24 09:06:06,2026-09-24 09:06:07,1717
E1010751,T1003810,AUTHORIZED,2026-09-30 18:19:41,2026-09-30 18:19:51,703
E1000632,T1000222,SETTLED,2026-09-02 19:05:06,2026-09-02 19:05:12,2160
E1001881,T1000659,AUTHORIZED,2026-09-06 12:33:32,2026-09-06 12:33:37,1467
E1004721,T1001660,SETTLED,2026-09-14 20:01:10,2026-09-14 20:01:20,2127
E1009676,T1003431,AUTHORIZED,2026-09-27 17:39:37,2026-09-27 17:39:42,1658
E1000848,T1000299,AUTHORIZED,2026-09-03 19:58:37,2026-09-03 19:58:44,1703
E1001872,T1000656,CREATED,2026-09-06 10:32:34,2026-09-06 10:32:43,2157
E1009752,T1003458,AUTHORIZED,2026-09-28 16:13:40,2026-09-28 16:13:50,1277
E1002344,T1000822,SETTLED,2026-09-07 21:16:29,2026-09-07 21:59:29,930
E1010077,T1003573,FAILED,2026-09-28 14:16:35,2026-09-28 14:16:44,1901
E1008908,T1003159,SETTLED,2026-09-26 09:10:48,2026-09-26 09:10:52,956
E1001358,T1000477,SETTLED,2026-09-05 21:42:03,2026-09-05 21:42:07,1203
E1003803,T1001336,SETTLED,2026-09-11 15:13:04,2026-09-11 15:13:13,155
E1005495,T1001942,AUTHORIZED,2026-09-16 16:26:35,2026-09-16 16:26:42,61
E1006592,T1002336,CREATED,2026-09-19 10:40:33,2026-09-19 10:40:37,1751
E1009555,T1003388,CREATED,2026-09-27 17:24:19,2026-09-27 17:24:24,187
E1000584,T1000205,AUTHORIZED,2026-09-02 13:31:42,2026-09-02 13:31:43,318
E1002781,T1000977,AUTHORIZED,2026-09-08 23:55:56,2026-09-09 00:41:56,103
E1006975,T1002475,AUTHORIZED,2026-09-20 09:24:55,2026-09-20 09:24:57,1743
E1005916,T1002089,SETTLED,2026-09-17 15:56:37,2026-09-17 15:56:42,596
E1002485,T1000872,FAILED,2026-09-07 13:41:59,2026-09-07 13:42:00,1421
E1002535,T1000891,CREATED,2026-09-08 14:09:24,2026-09-08 14:09:30,1513
E1008428,T1002991,AUTHORIZED,2026-09-24 09:05:28,2026-09-24 09:05:35,1673
E1005872,T1002074,AUTHORIZED,2026-09-17 19:42:35,2026-09-17 19:42:41,2431
E1009044,T1003208,SETTLED,2026-09-26 11:54:42,2026-09-26 11:54:44,1789
E1005787,T1002045,CREATED,2026-09-17 23:24:19,2026-09-17 23:24:28,1958
E1002124,T1000745,CREATED,2026-09-06 13:19:10,2026-09-06 13:19:12,1863
E1000053,T1000019,SETTLED,2026-09-01 19:40:09,2026-09-01 19:40:12,830
E1002449,T1000860,CREATED,2026-09-07 20:09:59,2026-09-07 20:10:03,145
E1005759,T1002035,SETTLED,2026-09-17 11:51:43,2026-09-17 11:51:50,1608
E1000756,T1000266,CREATED,2026-09-03 20:49:15,2026-09-03 20:49:16,2185
E1009025,T1003202,AUTHORIZED,2026-09-26 09:09:21,2026-09-26 09:09:24,837
E1003226,T1001132,AUTHORIZED,2026-09-10 12:52:19,2026-09-10 12:52:28,469
E1005960,T1002105,CREATED,2026-09-17 12:11:37,2026-09-17 12:11:40,964
E1004143,T1001457,CREATED,2026-09-12 09:54:21,2026-09-12 09:54:31,1417
E1009763,T1003462,AUTHORIZED,2026-09-28 14:32:59,2026-09-28 14:33:07,1841
E1002038,T1000714,AUTHORIZED,2026-09-06 15:58:21,2026-09-06 15:58:30,581
E1003961,T1001391,SETTLED,2026-09-12 12:52:06,2026-09-12 12:52:08,1469
E1005349,T1001889,CREATED,2026-09-16 16:39:29,2026-09-16 16:39:30,2273
E1004857,T1001709,AUTHORIZED,2026-09-14 19:58:48,2026-09-14 19:58:57,1048
E1001876,T1000657,AUTHORIZED,2026-09-06 22:13:44,2026-09-06 22:13:49,2208
E1000056,T1000020,SETTLED,2026-09-01 10:56:05,2026-09-01 10:56:07,578
E1001753,T1000615,CREATED,2026-09-05 20:31:42,2026-09-05 20:31:47,884
E1006204,T1002194,CREATED,2026-09-18 18:45:28,2026-09-18 18:45:38,594
E1003418,T1001198,SETTLED,2026-09-10 10:30:30,2026-09-10 10:30:38,748
E1010707,T1003794,SETTLED,2026-09-30 18:07:28,2026-09-30 18:07:29,1276
E1007763,T1002757,SETTLED,2026-09-22 11:06:40,2026-09-22 12:36:40,715
E1006832,T1002424,SETTLED,2026-09-20 21:34:09,2026-09-20 21:34:19,319
E1002760,T1000970,CREATED,2026-09-08 12:38:24,2026-09-08 12:38:33,228
E1005718,T1002021,AUTHORIZED,2026-09-17 20:38:11,2026-09-17 20:38:17,723
E1001453,T1000511,AUTHORIZED,2026-09-05 22:00:31,2026-09-05 22:00:36,1059
E1003607,T1001266,AUTHORIZED,2026-09-11 12:18:22,2026-09-11 12:18:32,1376
E1010285,T1003645,CREATED,2026-09-29 17:07:28,2026-09-29 17:07:35,1354
E1007110,T1002524,CREATED,2026-09-20 15:40:18,2026-09-20 15:40:20,1900
E1010303,T1003651,CREATED,2026-09-29 10:00:12,2026-09-29 10:00:15,1458
E1010559,T1003742,CREATED,2026-09-30 12:14:58,2026-09-30 12:15:06,1651
E1009187,T1003259,AUTHORIZED,2026-09-26 19:43:05,2026-09-26 19:43:07,715
E1003789,T1001331,SETTLED,2026-09-11 17:48:24,2026-09-11 17:48:33,2461
E1003659,T1001284,SETTLED,2026-09-11 10:02:19,2026-09-11 10:02:23,2257
E1007655,T1002719,AUTHORIZED,2026-09-22 08:58:24,2026-09-22 08:58:28,2442
E1000693,T1000243,SETTLED,2026-09-03 15:19:07,2026-09-03 15:19:15,943
E1007797,T1002769,AUTHORIZED,2026-09-22 19:54:54,2026-09-22 19:54:59,760
E1004831,T1001700,SETTLED,2026-09-14 20:13:29,2026-09-14 20:13:32,389
E1008153,T1002893,CREATED,2026-09-24 09:29:56,2026-09-24 09:29:58,2234
E1000017,T1000006,AUTHORIZED,2026-09-01 19:33:30,2026-09-01 19:33:39,793
E1006653,T1002358,FAILED,2026-09-19 13:54:36,2026-09-19 13:54:41,1784
E1009110,T1003232,SETTLED,2026-09-26 13:51:58,2026-09-26 13:52:06,1266
E1002367,T1000830,SETTLED,2026-09-07 10:54:20,2026-09-07 10:54:27,1490
E1004807,T1001692,SETTLED,2026-09-14 21:20:58,2026-09-14 21:20:59,744
E1008472,T1003006,SETTLED,2026-09-24 10:41:02,2026-09-24 10:41:07,2050
E1007446,T1002643,AUTHORIZED,2026-09-21 22:35:14,2026-09-21 22:35:22,1897
E1003071,T1001078,CREATED,2026-09-09 08:56:25,2026-09-09 08:56:29,1140
E1010657,T1003777,AUTHORIZED,2026-09-30 09:42:37,2026-09-30 09:42:47,440
E1003085,T1001082,SETTLED,2026-09-09 17:45:12,2026-09-09 17:45:15,252
E1004522,T1001590,CREATED,2026-09-13 14:39:55,2026-09-13 14:39:56,1162
E1006862,T1002435,AUTHORIZED,2026-09-20 18:28:00,2026-09-20 19:28:00,2494
E1004606,T1001619,AUTHORIZED,2026-09-13 14:37:48,2026-09-13 14:37:53,162
E1009446,T1003350,CREATED,2026-09-27 21:45:28,2026-09-27 21:45:35,844
E1008364,T1002968,FAILED,2026-09-24 10:40:05,2026-09-24 10:40:11,2359
E1007791,T1002767,AUTHORIZED,2026-09-22 14:45:26,2026-09-22 14:45:32,1406
E1010784,T1003822,SETTLED,2026-09-30 11:32:34,2026-09-30 11:32:38,287
E1010424,T1003694,AUTHORIZED,2026-09-29 18:34:29,2026-09-29 18:34:33,451
E1004492,T1001580,CREATED,2026-09-13 16:35:10,2026-09-13 16:35:20,377
E1002286,T1000802,AUTHORIZED,2026-09-07 16:44:04,2026-09-07 16:44:06,2479
E1006685,T1002370,SETTLED,2026-09-19 11:06:22,2026-09-19 11:06:27,721
E1000456,T1000160,AUTHORIZED,2026-09-02 18:03:41,2026-09-02 18:03:45,391
E1004882,T1001718,FAILED,2026-09-14 07:24:37,2026-09-14 07:24:39,1118
E1007487,T1002658,CREATED,2026-09-21 16:44:58,2026-09-21 16:45:05,1109
E1006162,T1002179,CREATED,2026-09-18 14:58:40,2026-09-18 14:58:46,783
E1007073,T1002511,CREATED,2026-09-20 17:43:13,2026-09-20 17:43:22,1628
E1008796,T1003120,SETTLED,2026-09-25 21:02:25,2026-09-25 21:02:29,687
E1008837,T1003134,SETTLED,2026-09-26 13:30:14,2026-09-26 13:30:21,1177
E1006497,T1002300,SETTLED,2026-09-19 09:17:11,2026-09-19 09:17:19,766
E1003233,T1001135,CREATED,2026-09-10 21:03:39,2026-09-10 21:03:49,2086
E1007599,T1002699,CREATED,2026-09-22 16:42:45,2026-09-22 16:42:52,1836
E1009632,T1003415,AUTHORIZED,2026-09-27 19:30:35,2026-09-27 19:30:38,2421
E1009155,T1003248,AUTHORIZED,2026-09-26 16:10:53,2026-09-26 16:11:01,2135
E1006448,T1002282,SETTLED,2026-09-19 12:25:12,2026-09-19 12:25:19,977
E1004940,T1001738,SETTLED,2026-09-14 19:54:44,2026-09-14 19:54:50,2181
E1000970,T1000341,AUTHORIZED,2026-09-03 10:55:35,2026-09-03 10:55:45,2204
E1007594,T1002697,AUTHORIZED,2026-09-22 21:26:44,2026-09-22 21:26:52,1568
E1008693,T1003083,SETTLED,2026-09-26 00:03:54,2026-09-26 00:04:00,397
E1007031,T1002494,AUTHORIZED,2026-09-20 18:55:39,2026-09-20 18:55:49,543
E1004126,T1001450,SETTLED,2026-09-12 13:34:12,2026-09-12 13:34:13,1570
E1010563,T1003743,AUTHORIZED,2026-09-30 20:02:50,2026-09-30 20:02:57,505
E1004958,T1001745,AUTHORIZED,2026-09-14 20:57:06,2026-09-14 20:57:14,839
E1001065,T1000376,SETTLED,2026-09-04 13:01:46,2026-09-04 13:01:53,1233
E1003639,T1001277,AUTHORIZED,2026-09-11 13:01:14,2026-09-11 13:01:24,2115
E1007290,T1002588,CREATED,2026-09-21 10:19:29,2026-09-21 10:19:39,1922
E1007845,T1002786,CREATED,2026-09-23 16:33:17,2026-09-23 16:33:25,1660
E1002679,T1000942,CREATED,2026-09-08 18:32:44,2026-09-08 18:32:47,712
E1002451,T1000860,SETTLED,2026-09-07 20:17:59,2026-09-07 20:18:04,1308
E1007591,T1002696,AUTHORIZED,2026-09-22 10:09:52,2026-09-22 10:09:54,2322
E1009814,T1003481,AUTHORIZED,2026-09-28 10:00:23,2026-09-28 10:00:30,892
E1002412,T1000847,CREATED,2026-09-07 22:17:51,2026-09-07 22:18:01,1986
E1004255,T1001495,AUTHORIZED,2026-09-13 11:39:27,2026-09-13 11:39:33,2226
E1010485,T1003716,CREATED,2026-09-30 11:39:04,2026-09-30 11:39:08,2071
E1003262,T1001145,CREATED,2026-09-10 08:57:42,2026-09-10 08:57:50,2125
E1002249,T1000788,AUTHORIZED,2026-09-07 18:25:53,2026-09-07 18:26:00,1119
E1008104,T1002876,AUTHORIZED,2026-09-23 18:41:13,2026-09-23 18:41:16,1042
E1000354,T1000125,AUTHORIZED,2026-09-01 07:55:21,2026-09-01 07:55:22,1973
E1003621,T1001271,CREATED,2026-09-11 20:02:17,2026-09-11 20:02:25,2077
E1005491,T1001941,CREATED,2026-09-16 13:09:18,2026-09-16 13:09:28,2014
E1007376,T1002618,AUTHORIZED,2026-09-21 19:35:53,2026-09-21 19:36:02,1572
E1000352,T1000124,SETTLED,2026-09-01 11:34:41,2026-09-01 11:34:51,2430
E1001434,T1000505,CREATED,2026-09-05 10:03:48,2026-09-05 10:03:49,2084
E1004184,T1001470,SETTLED,2026-09-12 06:43:31,2026-09-12 06:43:38,1078
E1007633,T1002711,CREATED,2026-09-22 18:46:02,2026-09-22 18:46:11,2125
E1010181,T1003609,SETTLED,2026-09-29 12:41:16,2026-09-29 12:41:21,2224
E1008133,T1002886,AUTHORIZED,2026-09-24 18:05:02,2026-09-24 18:05:08,565
E1007646,T1002716,CREATED,2026-09-22 15:02:22,2026-09-22 15:40:22,2023
E1009285,T1003293,SETTLED,2026-09-26 21:52:06,2026-09-26 21:52:09,2413
E1008069,T1002864,CREATED,2026-09-23 22:07:54,2026-09-23 22:15:54,2136
E1003602,T1001264,AUTHORIZED,2026-09-11 11:40:38,2026-09-11 11:40:48,801
E1005079,T1001790,CREATED,2026-09-15 20:28:37,2026-09-15 20:28:38,727
E1001891,T1000662,SETTLED,2026-09-06 17:01:17,2026-09-06 17:01:26,1507
E1001258,T1000443,CREATED,2026-09-04 10:02:21,2026-09-04 10:02:30,858
E1005209,T1001836,CREATED,2026-09-15 09:55:48,2026-09-15 09:55:56,1781
E1005677,T1002006,CREATED,2026-09-17 20:22:58,2026-09-17 20:23:04,944
E1007245,T1002571,CREATED,2026-09-21 20:06:33,2026-09-21 20:06:38,1563
E1008203,T1002909,SETTLED,2026-09-24 17:22:17,2026-09-24 17:22:22,111
E1010769,T1003817,CREATED,2026-09-30 12:10:12,2026-09-30 12:10:13,2489
E1003707,T1001301,CREATED,2026-09-11 10:49:16,2026-09-11 10:49:19,2139
E1007215,T1002559,SETTLED,2026-09-21 13:27:51,2026-09-21 13:27:52,146
E1009537,T1003381,SETTLED,2026-09-27 08:56:03,2026-09-27 08:56:11,2196
E1009740,T1003453,AUTHORIZED,2026-09-27 10:35:53,2026-09-27 10:35:59,1732
E1001281,T1000451,SETTLED,2026-09-04 12:13:26,2026-09-04 12:13:29,1548
E1008117,T1002880,SETTLED,2026-09-23 18:36:20,2026-09-23 18:36:23,2470
E1004836,T1001702,AUTHORIZED,2026-09-14 22:07:50,2026-09-14 22:07:59,1551
E1009352,T1003316,SETTLED,2026-09-27 11:59:13,2026-09-27 11:59:15,2415
E1007904,T1002806,AUTHORIZED,2026-09-23 19:40:36,2026-09-23 19:40:38,278
E1005744,T1002030,AUTHORIZED,2026-09-17 13:10:02,2026-09-17 13:10:05,494
E1004205,T1001478,AUTHORIZED,2026-09-12 12:37:04,2026-09-12 12:37:14,2175
E1010721,T1003799,SETTLED,2026-09-30 21:14:23,2026-09-30 21:14:30,2454
E1007413,T1002632,AUTHORIZED,2026-09-21 12:24:06,2026-09-21 12:24:15,685
E1006371,T1002253,SETTLED,2026-09-19 12:25:34,2026-09-19 12:25:43,1625
E1001532,T1000538,SETTLED,2026-09-05 23:39:40,2026-09-05 23:39:46,1818
E1006589,T1002334,AUTHORIZED,2026-09-19 12:39:48,2026-09-19 12:39:58,1430
E1001440,T1000507,CREATED,2026-09-05 08:01:12,2026-09-05 08:01:14,919
E1004769,T1001678,AUTHORIZED,2026-09-14 12:54:33,2026-09-14 12:54:40,1237
E1005438,T1001921,SETTLED,2026-09-16 12:45:48,2026-09-16 12:45:56,1932
E1002025,T1000710,CREATED,2026-09-06 19:35:20,2026-09-06 19:35:28,374
E1010118,T1003588,CREATED,2026-09-29 19:44:37,2026-09-29 19:44:46,2257
E1002036,T1000713,SETTLED,2026-09-06 15:39:38,2026-09-06 15:39:41,2201
E1010305,T1003651,SETTLED,2026-09-29 12:30:12,2026-09-29 12:30:14,86
E1000022,T1000008,AUTHORIZED,2026-09-01 15:45:14,2026-09-01 15:45:24,297
E1000538,T1000189,AUTHORIZED,2026-09-02 09:27:35,2026-09-02 09:27:40,1395
E1009682,T1003433,AUTHORIZED,2026-09-27 11:55:30,2026-09-27 11:55:32,102
E1007812,T1002774,SETTLED,2026-09-23 16:12:06,2026-09-23 16:12:11,1369
E1003560,T1001249,SETTLED,2026-09-11 12:00:46,2026-09-11 12:00:47,1498
E1007896,T1002803,AUTHORIZED,2026-09-23 14:39:34,2026-09-23 14:39:44,2140
E1010474,T1003712,AUTHORIZED,2026-09-30 21:56:41,2026-09-30 21:56:51,1360
E1005029,T1001771,CREATED,2026-09-15 10:42:50,2026-09-15 10:42:51,2016
E1002908,T1001021,SETTLED,2026-09-09 15:00:50,2026-09-09 15:01:00,2242
E1006402,T1002265,CREATED,2026-09-19 15:48:47,2026-09-19 17:16:47,1144
E1006057,T1002140,CREATED,2026-09-18 20:47:15,2026-09-18 20:47:18,1488
E1000671,T1000236,AUTHORIZED,2026-09-02 08:14:41,2026-09-02 08:14:44,1462
E1005874,T1002075,CREATED,2026-09-17 11:33:15,2026-09-17 11:33:22,1876
E1000209,T1000073,SETTLED,2026-09-01 20:19:33,2026-09-01 20:19:40,604
E1006503,T1002303,CREATED,2026-09-19 12:03:39,2026-09-19 12:03:40,646
E1009573,T1003394,CREATED,2026-09-27 16:49:23,2026-09-27 16:49:30,1547
E1005876,T1002075,SETTLED,2026-09-17 11:49:15,2026-09-17 11:49:21,2036
E1007207,T1002557,CREATED,2026-09-21 19:45:12,2026-09-21 19:45:17,2492
E1007423,T1002635,SETTLED,2026-09-21 10:07:03,2026-09-21 10:07:04,1372
E1003921,T1001377,CREATED,2026-09-12 11:06:13,2026-09-12 11:06:19,1246
E1002207,T1000773,SETTLED,2026-09-06 08:35:39,2026-09-06 08:35:43,1791
E1003947,T1001386,AUTHORIZED,2026-09-12 20:17:33,2026-09-12 20:17:38,1521
E1010326,T1003659,AUTHORIZED,2026-09-29 12:51:47,2026-09-29 12:51:51,252
E1006806,T1002415,CREATED,2026-09-20 21:29:02,2026-09-20 21:29:08,687
E1006255,T1002212,SETTLED,2026-09-18 16:13:25,2026-09-18 16:13:31,1758
E1007256,T1002575,AUTHORIZED,2026-09-21 13:05:14,2026-09-21 13:05:20,1673
E1006138,T1002170,CREATED,2026-09-18 09:25:56,2026-09-18 09:25:59,2413
E1000979,T1000344,SETTLED,2026-09-03 22:02:51,2026-09-03 22:02:58,1066
E1000465,T1000163,AUTHORIZED,2026-09-02 17:43:14,2026-09-02 17:43:23,627
E1009379,T1003325,SETTLED,2026-09-27 17:02:07,2026-09-27 17:02:08,2031
E1002502,T1000878,AUTHORIZED,2026-09-07 22:12:35,2026-09-07 22:12:41,1335
E1005170,T1001823,CREATED,2026-09-15 10:19:24,2026-09-15 10:19:32,941
E1007466,T1002650,SETTLED,2026-09-21 21:22:35,2026-09-21 21:22:42,1084
E1000185,T1000065,SETTLED,2026-09-01 09:53:59,2026-09-01 09:54:00,812
E1002512,T1000882,SETTLED,2026-09-07 19:57:35,2026-09-07 19:57:41,1613
E1004957,T1001745,CREATED,2026-09-14 20:57:03,2026-09-14 20:57:10,1964
E1000282,T1000099,FAILED,2026-09-01 19:43:44,2026-09-01 19:43:51,2307
E1008463,T1003003,SETTLED,2026-09-24 19:59:36,2026-09-24 19:59:45,1176
E1010368,T1003674,SETTLED,2026-09-29 15:04:00,2026-09-29 15:04:06,1413
E1000670,T1000236,CREATED,2026-09-02 08:14:34,2026-09-02 08:14:41,2449
E1003107,T1001091,CREATED,2026-09-09 18:38:52,2026-09-09 18:39:00,1366
E1007069,T1002509,FAILED,2026-09-20 06:06:54,2026-09-20 06:06:56,1975
E1009453,T1003352,SETTLED,2026-09-27 17:08:53,2026-09-27 17:09:00,2415
E1000967,T1000340,AUTHORIZED,2026-09-03 19:08:22,2026-09-03 19:08:28,2174
E1000621,T1000218,FAILED,2026-09-02 13:22:37,2026-09-02 13:22:46,1456
E1005637,T1001991,CREATED,2026-09-17 20:23:43,2026-09-17 20:23:46,1338
E1005377,T1001898,AUTHORIZED,2026-09-16 16:35:18,2026-09-16 16:35:21,2210
E1006439,T1002279,FAILED,2026-09-19 15:14:43,2026-09-19 15:14:50,749
E1005314,T1001876,SETTLED,2026-09-16 09:34:06,2026-09-16 09:34:07,2246
E1003776,T1001327,AUTHORIZED,2026-09-11 14:37:36,2026-09-11 14:37:42,2189
E1007127,T1002529,SETTLED,2026-09-20 20:40:55,2026-09-20 20:40:59,1479
E1003981,T1001398,SETTLED,2026-09-12 18:01:44,2026-09-12 18:01:48,1551
E1009674,T1003430,SETTLED,2026-09-27 16:04:09,2026-09-27 16:04:10,561
E1009437,T1003346,SETTLED,2026-09-27 19:38:12,2026-09-27 19:38:21,453
E1003165,T1001111,CREATED,2026-09-10 19:14:56,2026-09-10 19:15:06,2444
E1000254,T1000089,AUTHORIZED,2026-09-01 16:23:34,2026-09-01 16:23:39,1109
E1010608,T1003759,AUTHORIZED,2026-09-30 11:42:08,2026-09-30 11:42:17,1813
E1001488,T1000523,CREATED,2026-09-05 14:31:59,2026-09-05 14:32:05,2193
E1006252,T1002211,FAILED,2026-09-18 21:38:25,2026-09-18 21:38:31,1464
E1009393,T1003330,AUTHORIZED,2026-09-27 21:39:04,2026-09-27 21:39:12,1057
E1009934,T1003524,CREATED,2026-09-28 17:53:24,2026-09-28 17:53:30,1166
E1001805,T1000633,CREATED,2026-09-06 09:48:15,2026-09-06 09:48:19,1371
E1007802,T1002771,CREATED,2026-09-22 18:48:04,2026-09-22 18:48:13,1108
E1006127,T1002165,SETTLED,2026-09-18 12:21:01,2026-09-18 12:21:02,1227
E1010564,T1003743,SETTLED,2026-09-30 21:05:39,2026-09-30 21:05:45,2236
E1000893,T1000314,SETTLED,2026-09-03 20:42:12,2026-09-03 20:42:20,57
E1003832,T1001346,SETTLED,2026-09-12 10:38:32,2026-09-12 10:38:41,765
E1006194,T1002190,FAILED,2026-09-18 11:19:11,2026-09-18 11:19:14,2165
E1009980,T1003539,AUTHORIZED,2026-09-28 13:35:51,2026-09-28 13:35:59,1756
E1001095,T1000388,AUTHORIZED,2026-09-04 14:15:37,2026-09-04 14:15:45,2451
E1002340,T1000821,CREATED,2026-09-07 15:37:38,2026-09-07 15:37:40,1909
E1001886,T1000661,CREATED,2026-09-06 13:29:19,2026-09-06 13:29:27,1381
E1009874,T1003502,SETTLED,2026-09-28 13:17:17,2026-09-28 13:17:26,133
E1008059,T1002860,AUTHORIZED,2026-09-23 19:36:17,2026-09-23 19:36:26,886
E1004274,T1001502,CREATED,2026-09-13 11:16:00,2026-09-13 11:16:02,2445
E1003432,T1001203,SETTLED,2026-09-10 22:07:39,2026-09-10 22:07:41,1233
E1005893,T1002081,AUTHORIZED,2026-09-17 09:02:29,2026-09-17 09:02:37,1785
E1006511,T1002305,SETTLED,2026-09-19 12:16:12,2026-09-19 12:16:21,2304
E1001504,T1000529,CREATED,2026-09-05 10:11:07,2026-09-05 10:11:16,105
E1000485,T1000170,AUTHORIZED,2026-09-02 11:13:16,2026-09-02 11:13:19,578
E1000238,T1000083,SETTLED,2026-09-01 19:47:03,2026-09-01 19:47:05,2245
E1009347,T1003315,CREATED,2026-09-27 18:53:19,2026-09-27 18:53:25,976
E1008102,T1002875,SETTLED,2026-09-23 19:02:20,2026-09-23 19:02:27,433
E1001996,T1000698,SETTLED,2026-09-06 08:53:54,2026-09-06 08:54:04,1872
E1001814,T1000636,CREATED,2026-09-06 17:35:51,2026-09-06 17:35:58,668
E1001589,T1000559,CREATED,2026-09-05 18:38:56,2026-09-05 18:39:03,1951
E1002019,T1000707,AUTHORIZED,2026-09-06 12:41:59,2026-09-06 12:42:00,2189
E1008107,T1002877,AUTHORIZED,2026-09-23 12:33:09,2026-09-23 12:33:14,863
E1009040,T1003207,AUTHORIZED,2026-09-26 17:38:24,2026-09-26 17:38:30,337
E1007968,T1002828,AUTHORIZED,2026-09-23 12:12:49,2026-09-23 12:12:58,2465
E1006056,T1002139,SETTLED,2026-09-18 21:06:15,2026-09-18 21:06:24,470
E1007814,T1002775,AUTHORIZED,2026-09-23 16:05:16,2026-09-23 16:05:25,2329
E1000997,T1000350,SETTLED,2026-09-03 11:06:19,2026-09-03 11:06:21,1840
E1005906,T1002086,CREATED,2026-09-17 13:03:27,2026-09-17 13:03:33,1116
E1000570,T1000200,SETTLED,2026-09-02 11:14:04,2026-09-02 11:14:10,776
E1003029,T1001063,AUTHORIZED,2026-09-09 13:08:31,2026-09-09 13:08:38,409
E1002742,T1000963,SETTLED,2026-09-08 12:46:02,2026-09-08 12:46:03,1681
E1007592,T1002696,SETTLED,2026-09-22 10:24:45,2026-09-22 10:24:55,2053
E1009367,T1003321,SETTLED,2026-09-27 19:28:47,2026-09-27 19:28:49,1981
E1006666,T1002363,FAILED,2026-09-19 18:32:36,2026-09-19 18:32:42,2115
E1006687,T1002371,AUTHORIZED,2026-09-19 09:26:16,2026-09-19 09:26:24,911
E1003745,T1001316,SETTLED,2026-09-11 11:26:38,2026-09-11 11:26:48,793
E1001648,T1000579,AUTHORIZED,2026-09-05 11:59:29,2026-09-05 12:11:29,804
E1000414,T1000146,CREATED,2026-09-02 09:19:27,2026-09-02 09:19:29,1276
E1006446,T1002282,CREATED,2026-09-19 12:19:12,2026-09-19 12:19:21,1383
E1006600,T1002339,CREATED,2026-09-19 16:20:08,2026-09-19 16:20:14,1301
E1000806,T1000284,CREATED,2026-09-03 19:58:00,2026-09-03 19:58:05,1260
E1003041,T1001067,SETTLED,2026-09-09 19:34:53,2026-09-09 19:35:03,1476
E1009696,T1003438,AUTHORIZED,2026-09-27 12:15:16,2026-09-27 12:15:21,1859
E1001067,T1000377,AUTHORIZED,2026-09-04 16:12:17,2026-09-04 16:12:21,564
E1005935,T1002096,SETTLED,2026-09-17 17:08:42,2026-09-17 17:08:46,2004
E1008187,T1002904,AUTHORIZED,2026-09-24 12:04:58,2026-09-24 12:05:00,1416
E1006837,T1002426,AUTHORIZED,2026-09-20 21:27:57,2026-09-20 21:28:01,1390
E1000759,T1000267,CREATED,2026-09-03 06:21:02,2026-09-03 06:21:04,1852
E1000422,T1000149,CREATED,2026-09-02 15:50:48,2026-09-02 15:50:52,1394
E1000107,T1000038,CREATED,2026-09-01 20:22:17,2026-09-01 20:22:27,1444
E1007425,T1002636,AUTHORIZED,2026-09-21 15:10:38,2026-09-21 15:10:43,1707
E1004586,T1001612,CREATED,2026-09-13 17:34:17,2026-09-13 17:34:18,2199
E1000338,T1000120,CREATED,2026-09-01 10:37:22,2026-09-01 10:37:27,1085
E1004846,T1001705,SETTLED,2026-09-14 16:17:32,2026-09-14 16:17:42,1208
E1004556,T1001602,CREATED,2026-09-13 11:50:42,2026-09-13 11:50:52,1060
E1000518,T1000182,CREATED,2026-09-02 15:00:04,2026-09-02 15:00:10,1560
E1006626,T1002348,CREATED,2026-09-19 18:25:11,2026-09-19 18:25:19,2408
E1004012,T1001410,AUTHORIZED,2026-09-12 14:45:25,2026-09-12 14:45:30,869
E1007928,T1002815,CREATED,2026-09-23 10:25:02,2026-09-23 10:25:03,2343
E1001310,T1000461,AUTHORIZED,2026-09-04 10:42:53,2026-09-04 10:42:55,1859
E1007842,T1002785,CREATED,2026-09-23 15:23:26,2026-09-23 16:13:26,1065
E1007773,T1002761,AUTHORIZED,2026-09-22 20:43:19,2026-09-22 20:43:21,1921
E1001841,T1000645,SETTLED,2026-09-06 13:46:31,2026-09-06 13:46:37,958
E1003952,T1001388,AUTHORIZED,2026-09-12 16:00:41,2026-09-12 16:00:50,886
E1006108,T1002159,AUTHORIZED,2026-09-18 22:03:09,2026-09-18 22:03:15,711
E1001062,T1000375,SETTLED,2026-09-04 15:30:23,2026-09-04 15:30:29,2436
E1009610,T1003407,CREATED,2026-09-27 13:40:23,2026-09-27 13:40:25,486
E1000534,T1000188,CREATED,2026-09-02 20:14:48,2026-09-02 20:14:55,1084
E1003063,T1001075,AUTHORIZED,2026-09-09 18:31:22,2026-09-09 18:31:30,1708
E1003700,T1001298,SETTLED,2026-09-11 12:40:01,2026-09-11 12:40:09,2330
E1007434,T1002639,AUTHORIZED,2026-09-21 20:18:30,2026-09-21 20:18:32,1989
E1007526,T1002673,CREATED,2026-09-22 17:53:12,2026-09-22 17:53:15,2258
E1003494,T1001226,SETTLED,2026-09-11 19:54:56,2026-09-11 19:54:59,1998
E1005366,T1001894,SETTLED,2026-09-16 14:02:08,2026-09-16 14:02:17,275
E1004840,T1001703,SETTLED,2026-09-14 11:26:04,2026-09-14 11:26:06,2419
E1003657,T1001284,CREATED,2026-09-11 09:57:19,2026-09-11 09:57:25,1644
E1002801,T1000984,AUTHORIZED,2026-09-08 12:44:52,2026-09-08 12:44:58,1083
E1009830,T1003487,AUTHORIZED,2026-09-28 12:26:18,2026-09-28 12:26:24,1654
E1008890,T1003153,CREATED,2026-09-26 20:05:46,2026-09-26 20:05:50,872
E1005785,T1002044,AUTHORIZED,2026-09-17 09:59:30,2026-09-17 09:59:40,1426
E1004355,T1001531,CREATED,2026-09-13 10:53:05,2026-09-13 10:53:15,1696
E1004201,T1001476,SETTLED,2026-09-12 22:06:38,2026-09-12 22:06:41,625
E1002028,T1000711,CREATED,2026-09-06 08:16:37,2026-09-06 08:16:39,179
E1009607,T1003406,CREATED,2026-09-27 14:26:47,2026-09-27 14:26:51,866
E1004474,T1001573,SETTLED,2026-09-13 09:18:28,2026-09-13 09:18:31,1345
E1010209,T1003619,CREATED,2026-09-29 09:08:22,2026-09-29 09:08:27,2167
E1006681,T1002369,AUTHORIZED,2026-09-19 14:40:49,2026-09-19 14:40:53,1543
E1008751,T1003103,AUTHORIZED,2026-09-25 20:15:56,2026-09-25 20:16:03,1369
E1002171,T1000760,SETTLED,2026-09-06 20:08:51,2026-09-06 20:08:58,2228
E1003958,T1001390,SETTLED,2026-09-12 14:05:58,2026-09-12 14:06:06,1937
E1005926,T1002093,SETTLED,2026-09-17 14:48:49,2026-09-17 14:48:54,852
E1002396,T1000841,AUTHORIZED,2026-09-07 20:52:46,2026-09-07 20:52:54,605
E1010321,T1003657,AUTHORIZED,2026-09-29 07:25:07,2026-09-29 07:25:10,1878
E1004617,T1001623,CREATED,2026-09-13 12:14:28,2026-09-13 12:14:37,1803
E1009734,T1003451,AUTHORIZED,2026-09-27 12:01:23,2026-09-27 12:01:33,213
E1009205,T1003265,SETTLED,2026-09-26 08:31:12,2026-09-26 08:31:19,487
E1008334,T1002957,SETTLED,2026-09-24 18:48:40,2026-09-24 18:48:42,1272
E1009857,T1003497,CREATED,2026-09-28 16:18:27,2026-09-28 16:18:37,1706
E1000883,T1000311,CREATED,2026-09-03 14:31:48,2026-09-03 14:31:52,2166
E1000895,T1000315,AUTHORIZED,2026-09-03 12:39:59,2026-09-03 13:01:59,2199
E1007815,T1002775,SETTLED,2026-09-23 16:23:52,2026-09-23 16:23:57,741
E1001617,T1000568,SETTLED,2026-09-05 20:24:31,2026-09-05 20:24:32,923
E1008759,T1003106,AUTHORIZED,2026-09-25 14:17:23,2026-09-25 14:17:30,1260
E1000829,T1000292,FAILED,2026-09-03 12:30:57,2026-09-03 12:31:05,1890
E1008670,T1003076,CREATED,2026-09-25 08:33:43,2026-09-25 08:33:51,1643
E1006756,T1002398,CREATED,2026-09-20 12:02:25,2026-09-20 12:02:29,286
E1009447,T1003350,AUTHORIZED,2026-09-27 21:45:56,2026-09-27 21:46:05,279
E1009485,T1003363,SETTLED,2026-09-27 13:50:25,2026-09-27 13:50:31,750
E1005824,T1002058,CREATED,2026-09-17 18:22:41,2026-09-17 18:22:51,2229
E1003260,T1001144,AUTHORIZED,2026-09-10 12:50:04,2026-09-10 12:50:10,1385
E1009398,T1003332,CREATED,2026-09-27 18:09:41,2026-09-27 18:09:45,1196
E1010412,T1003690,AUTHORIZED,2026-09-29 17:20:30,2026-09-29 17:20:36,1463
E1004108,T1001444,AUTHORIZED,2026-09-12 20:18:11,2026-09-12 20:18:21,413
E1009783,T1003469,SETTLED,2026-09-28 13:57:40,2026-09-28 13:57:41,87
E1002655,T1000932,SETTLED,2026-09-08 11:09:15,2026-09-08 11:09:25,359
E1004501,T1001583,CREATED,2026-09-13 22:00:48,2026-09-13 22:58:48,2153
E1003954,T1001389,AUTHORIZED,2026-09-12 08:49:52,2026-09-12 08:49:56,2234
E1007161,T1002541,CREATED,2026-09-21 14:57:21,2026-09-21 14:57:24,1132
E1008643,T1003066,SETTLED,2026-09-25 09:44:11,2026-09-25 09:44:13,1515
E1008589,T1003048,CREATED,2026-09-25 21:42:51,2026-09-25 21:43:01,713
E1000366,T1000129,AUTHORIZED,2026-09-02 10:50:16,2026-09-02 10:50:17,1859
E1005656,T1001998,CREATED,2026-09-17 20:17:18,2026-09-17 20:17:24,1577
E1000524,T1000184,SETTLED,2026-09-02 15:38:34,2026-09-02 15:38:41,157
E1007551,T1002681,AUTHORIZED,2026-09-22 21:40:19,2026-09-22 21:40:26,748
E1010601,T1003757,CREATED,2026-09-30 14:14:13,2026-09-30 14:14:21,230
E1000605,T1000213,CREATED,2026-09-02 17:18:21,2026-09-02 17:18:30,1809
E1004156,T1001461,AUTHORIZED,2026-09-12 20:10:58,2026-09-12 20:10:59,2304
E1004440,T1001561,SETTLED,2026-09-13 20:51:07,2026-09-13 20:51:09,1142
E1002637,T1000926,CREATED,2026-09-08 19:48:17,2026-09-08 19:48:21,435
E1007583,T1002693,AUTHORIZED,2026-09-22 20:58:21,2026-09-22 20:58:29,1909
E1004049,T1001424,CREATED,2026-09-12 20:33:55,2026-09-12 20:34:05,2344
E1007965,T1002827,AUTHORIZED,2026-09-23 17:49:27,2026-09-23 17:49:28,1670
E1008504,T1003018,AUTHORIZED,2026-09-25 15:22:45,2026-09-25 15:22:54,915
E1008489,T1003013,CREATED,2026-09-25 18:03:47,2026-09-25 18:03:55,999
E1009961,T1003533,CREATED,2026-09-28 12:03:07,2026-09-28 12:03:10,1277
E1003600,T1001263,SETTLED,2026-09-11 20:36:08,2026-09-11 20:36:16,320
E1009524,T1003377,AUTHORIZED,2026-09-27 08:29:20,2026-09-27 08:29:22,363
E1006775,T1002404,AUTHORIZED,2026-09-20 11:25:02,2026-09-20 11:25:05,2223
E1007994,T1002837,AUTHORIZED,2026-09-23 19:18:48,2026-09-23 19:18:56,2176
E1010629,T1003767,CREATED,2026-09-30 18:46:47,2026-09-30 18:46:54,1158
E1005981,T1002112,SETTLED,2026-09-18 11:05:28,2026-09-18 11:05:29,589
E1004832,T1001701,CREATED,2026-09-14 12:38:22,2026-09-14 12:38:24,2456
E1007670,T1002725,CREATED,2026-09-22 11:40:59,2026-09-22 11:41:09,2405
E1004587,T1001612,AUTHORIZED,2026-09-13 17:34:38,2026-09-13 17:34:42,1888
E1008373,T1002971,SETTLED,2026-09-24 16:27:31,2026-09-24 16:27:36,1156
E1000218,T1000077,CREATED,2026-09-01 11:49:58,2026-09-01 11:50:05,1119
E1007272,T1002581,SETTLED,2026-09-21 15:00:51,2026-09-21 15:00:56,774
E1006273,T1002219,CREATED,2026-09-18 20:18:16,2026-09-18 20:18:25,921
E1010232,T1003627,AUTHORIZED,2026-09-29 23:18:06,2026-09-29 23:18:12,371
E1002322,T1000815,CREATED,2026-09-07 15:21:45,2026-09-07 15:21:53,1220
E1007135,T1002532,AUTHORIZED,2026-09-20 13:03:15,2026-09-20 13:03:16,404
E1003190,T1001119,AUTHORIZED,2026-09-10 10:48:18,2026-09-10 10:48:28,2110
E1009382,T1003326,SETTLED,2026-09-27 19:31:00,2026-09-27 19:31:10,1563
E1005175,T1001824,SETTLED,2026-09-15 19:03:43,2026-09-15 19:03:49,1563
E1002829,T1000994,CREATED,2026-09-08 08:50:38,2026-09-08 08:50:41,1107
E1002937,T1001031,AUTHORIZED,2026-09-09 16:58:55,2026-09-09 16:59:04,411
E1006499,T1002301,AUTHORIZED,2026-09-19 12:28:23,2026-09-19 12:28:24,2363
E1000959,T1000337,SETTLED,2026-09-03 20:01:03,2026-09-03 20:01:08,1253
E1002234,T1000782,SETTLED,2026-09-07 11:27:53,2026-09-07 11:27:58,709
E1006450,T1002283,AUTHORIZED,2026-09-19 19:04:08,2026-09-19 19:04:17,1186
E1002120,T1000743,SETTLED,2026-09-06 18:04:21,2026-09-06 18:04:22,217
E1000890,T1000313,SETTLED,2026-09-03 14:44:37,2026-09-03 14:44:40,972
E1009200,T1003264,CREATED,2026-09-26 10:40:34,2026-09-26 10:40:38,716
E1006721,T1002384,SETTLED,2026-09-19 23:39:31,2026-09-19 23:39:32,2107
E1002481,T1000871,CREATED,2026-09-07 13:12:16,2026-09-07 13:12:20,180
E1003394,T1001190,SETTLED,2026-09-10 10:40:48,2026-09-10 10:40:58,2131
E1001972,T1000690,SETTLED,2026-09-06 06:51:26,2026-09-06 07:54:26,1184
E1002657,T1000933,AUTHORIZED,2026-09-08 13:14:37,2026-09-08 13:14:41,1664
E1007115,T1002525,SETTLED,2026-09-20 21:28:52,2026-09-20 21:28:53,1870
E1004607,T1001619,SETTLED,2026-09-13 14:51:24,2026-09-13 14:51:33,1460
E1007408,T1002630,FAILED,2026-09-21 21:36:12,2026-09-21 21:36:16,1782
E1005027,T1001770,CREATED,2026-09-15 20:24:43,2026-09-15 20:24:45,1076
E1009590,T1003400,CREATED,2026-09-27 15:13:08,2026-09-27 15:13:11,1326
E1000300,T1000106,AUTHORIZED,2026-09-01 20:00:00,2026-09-01 20:00:07,774
E1004430,T1001558,AUTHORIZED,2026-09-13 20:34:51,2026-09-13 20:34:58,546
E1005847,T1002066,CREATED,2026-09-17 12:28:20,2026-09-17 12:28:28,1258
E1001545,T1000543,AUTHORIZED,2026-09-05 17:46:34,2026-09-05 17:46:37,1825
E1007831,T1002781,CREATED,2026-09-23 21:50:56,2026-09-23 21:51:00,959
E1001651,T1000580,AUTHORIZED,2026-09-05 17:58:26,2026-09-05 17:58:28,2383
E1001072,T1000379,CREATED,2026-09-04 12:02:08,2026-09-04 12:02:14,954
E1001894,T1000663,SETTLED,2026-09-06 10:10:18,2026-09-06 10:10:22,1247
E1010537,T1003734,CREATED,2026-09-30 11:29:38,2026-09-30 11:29:41,1481
E1002556,T1000898,SETTLED,2026-09-08 19:38:52,2026-09-08 19:39:02,463
E1000602,T1000212,CREATED,2026-09-02 18:29:44,2026-09-02 18:29:53,1268
E1006292,T1002225,AUTHORIZED,2026-09-18 13:49:29,2026-09-18 13:49:37,2083
E1002098,T1000736,CREATED,2026-09-06 12:24:37,2026-09-06 12:24:41,796
E1004059,T1001427,SETTLED,2026-09-12 18:19:20,2026-09-12 18:19:24,1404
E1002876,T1001010,SETTLED,2026-09-09 15:31:57,2026-09-09 15:32:03,2356
E1008865,T1003144,CREATED,2026-09-26 15:14:02,2026-09-26 15:14:08,1284
E1002928,T1001028,AUTHORIZED,2026-09-09 18:56:54,2026-09-09 18:56:56,200
E1009473,T1003359,SETTLED,2026-09-27 12:23:29,2026-09-27 12:23:35,1106
E1002967,T1001042,AUTHORIZED,2026-09-09 17:21:15,2026-09-09 17:21:16,1188
E1010284,T1003644,SETTLED,2026-09-29 10:56:43,2026-09-29 10:56:47,2207
E1008698,T1003085,AUTHORIZED,2026-09-25 10:49:39,2026-09-25 10:49:44,2216
E1003903,T1001370,AUTHORIZED,2026-09-12 22:02:58,2026-09-12 22:02:59,55
E1000371,T1000131,CREATED,2026-09-02 07:10:05,2026-09-02 07:10:07,799
E1001893,T1000663,AUTHORIZED,2026-09-06 09:58:19,2026-09-06 09:58:25,719
E1007819,T1002777,CREATED,2026-09-23 21:56:13,2026-09-23 21:56:20,1335
E1007332,T1002602,SETTLED,2026-09-21 11:57:57,2026-09-21 11:58:07,110
E1000742,T1000261,AUTHORIZED,2026-09-03 22:49:13,2026-09-03 22:49:15,298
E1001768,T1000620,AUTHORIZED,2026-09-06 20:22:24,2026-09-06 20:22:33,1392
E1003528,T1001239,CREATED,2026-09-11 10:19:41,2026-09-11 10:19:50,1025
E1008774,T1003112,AUTHORIZED,2026-09-25 20:08:10,2026-09-25 20:08:17,1304
E1010213,T1003620,SETTLED,2026-09-29 12:48:48,2026-09-29 12:48:50,77
E1007029,T1002493,SETTLED,2026-09-20 23:46:05,2026-09-20 23:46:15,1181
E1003811,T1001339,SETTLED,2026-09-12 14:24:23,2026-09-12 14:24:33,788
E1008208,T1002911,AUTHORIZED,2026-09-24 06:52:13,2026-09-24 06:52:20,85
E1004600,T1001617,AUTHORIZED,2026-09-13 12:33:14,2026-09-13 12:33:24,466
E1008446,T1002997,AUTHORIZED,2026-09-24 18:01:19,2026-09-24 18:01:29,1983
E1004632,T1001629,CREATED,2026-09-13 18:27:42,2026-09-13 19:14:42,438
E1004944,T1001740,AUTHORIZED,2026-09-14 22:17:39,2026-09-14 22:17:49,1420
E1004421,T1001555,CREATED,2026-09-13 11:11:51,2026-09-13 11:12:01,2442
E1009611,T1003407,AUTHORIZED,2026-09-27 13:40:37,2026-09-27 13:40:39,1588
E1005085,T1001792,AUTHORIZED,2026-09-15 19:43:38,2026-09-15 19:43:42,185
E1002703,T1000950,AUTHORIZED,2026-09-08 13:51:18,2026-09-08 13:51:28,1129
E1000292,T1000103,AUTHORIZED,2026-09-01 20:17:59,2026-09-01 20:18:06,2249
E1005977,T1002111,CREATED,2026-09-18 09:39:41,2026-09-18 09:39:45,2251
E1005173,T1001824,CREATED,2026-09-15 16:45:43,2026-09-15 16:45:50,385
E1010212,T1003620,AUTHORIZED,2026-09-29 12:43:52,2026-09-29 12:43:58,2392
E1002536,T1000891,AUTHORIZED,2026-09-08 14:09:50,2026-09-08 14:09:57,923
E1000403,T1000142,CREATED,2026-09-02 10:33:05,2026-09-02 10:33:15,896
E1004313,T1001515,AUTHORIZED,2026-09-13 21:54:43,2026-09-13 21:54:44,2013
E1002224,T1000779,AUTHORIZED,2026-09-07 16:07:38,2026-09-07 16:07:39,1748
E1005546,T1001960,CREATED,2026-09-16 21:36:05,2026-09-16 21:36:08,1817
E1003449,T1001209,AUTHORIZED,2026-09-10 06:01:56,2026-09-10 06:02:04,1365
E1002268,T1000795,AUTHORIZED,2026-09-07 19:09:01,2026-09-07 19:09:06,1767
E1010507,T1003723,AUTHORIZED,2026-09-30 11:19:38,2026-09-30 11:19:46,187
E1007780,T1002763,SETTLED,2026-09-22 18:20:34,2026-09-22 18:20:42,1625
E1008019,T1002846,AUTHORIZED,2026-09-23 13:42:30,2026-09-23 13:42:38,1311
E1003304,T1001159,SETTLED,2026-09-10 19:19:14,2026-09-10 19:19:22,2095
E1009356,T1003318,CREATED,2026-09-27 17:47:01,2026-09-27 17:47:09,909
E1010294,T1003648,CREATED,2026-09-29 12:45:56,2026-09-29 12:46:02,1914
E1001396,T1000491,AUTHORIZED,2026-09-05 10:19:32,2026-09-05 10:19:34,177
E1006926,T1002458,CREATED,2026-09-20 20:24:16,2026-09-20 20:24:19,1095
E1007133,T1002531,SETTLED,2026-09-20 18:41:20,2026-09-20 18:41:25,1748
E1009928,T1003522,CREATED,2026-09-28 09:56:31,2026-09-28 09:56:41,996
E1002016,T1000706,AUTHORIZED,2026-09-06 16:08:54,2026-09-06 16:08:59,919
E1003753,T1001319,AUTHORIZED,2026-09-11 22:37:41,2026-09-11 22:37:44,1445
E1003532,T1001240,AUTHORIZED,2026-09-11 18:54:38,2026-09-11 18:54:45,757
E1007419,T1002634,AUTHORIZED,2026-09-21 18:16:02,2026-09-21 18:16:05,61
E1006840,T1002427,FAILED,2026-09-20 14:07:45,2026-09-20 14:07:51,2271
E1005550,T1001961,AUTHORIZED,2026-09-16 14:22:15,2026-09-16 14:22:22,2202
E1010358,T1003671,AUTHORIZED,2026-09-29 20:26:08,2026-09-29 20:26:10,2030
E1007746,T1002751,SETTLED,2026-09-22 20:42:25,2026-09-22 20:42:29,1018
E1001765,T1000619,AUTHORIZED,2026-09-06 21:04:26,2026-09-06 21:04:34,1949
E1000475,T1000167,CREATED,2026-09-02 18:38:15,2026-09-02 18:38:25,2300
E1008303,T1002947,CREATED,2026-09-24 10:25:53,2026-09-24 10:25:54,1676
E1004876,T1001716,CREATED,2026-09-14 16:07:11,2026-09-14 16:07:13,1436
E1001416,T1000498,CREATED,2026-09-05 07:21:50,2026-09-05 07:21:56,2099
E1001519,T1000534,CREATED,2026-09-05 22:36:52,2026-09-05 22:37:01,1523
E1009337,T1003311,FAILED,2026-09-27 13:38:35,2026-09-27 13:38:44,1881
E1004295,T1001509,CREATED,2026-09-13 20:38:07,2026-09-13 20:38:08,78
E1003050,T1001070,SETTLED,2026-09-09 14:26:13,2026-09-09 14:26:18,126
E1008479,T1003009,AUTHORIZED,2026-09-25 15:09:25,2026-09-25 15:09:30,1578
E1003331,T1001168,SETTLED,2026-09-10 19:34:39,2026-09-10 19:34:42,2209
E1002668,T1000937,SETTLED,2026-09-08 14:30:23,2026-09-08 14:30:29,976
E1003062,T1001075,CREATED,2026-09-09 18:31:10,2026-09-09 18:31:16,2178
E1000165,T1000059,CREATED,2026-09-01 20:17:27,2026-09-01 20:17:32,592
E1003591,T1001260,SETTLED,2026-09-11 14:14:19,2026-09-11 14:14:29,2406
E1000978,T1000344,AUTHORIZED,2026-09-03 21:46:11,2026-09-03 21:46:14,815
E1001991,T1000697,CREATED,2026-09-06 12:03:45,2026-09-06 12:03:51,2493
E1000777,T1000273,CREATED,2026-09-03 14:54:16,2026-09-03 14:54:19,448
E1000495,T1000173,SETTLED,2026-09-02 08:56:22,2026-09-02 08:56:26,1016
E1006961,T1002470,AUTHORIZED,2026-09-20 14:39:17,2026-09-20 14:39:24,1921
E1008337,T1002958,SETTLED,2026-09-24 20:44:46,2026-09-24 20:44:48,2297
E1002819,T1000990,SETTLED,2026-09-08 22:28:35,2026-09-08 22:28:37,2381
E1005816,T1002055,CREATED,2026-09-17 19:19:16,2026-09-17 19:19:23,1236
E1003498,T1001228,CREATED,2026-09-11 17:12:35,2026-09-11 17:12:44,1716
E1003820,T1001342,SETTLED,2026-09-12 10:04:04,2026-09-12 10:04:08,1652
E1006198,T1002192,CREATED,2026-09-18 10:00:38,2026-09-18 10:00:39,2144
E1005638,T1001991,AUTHORIZED,2026-09-17 20:23:50,2026-09-17 20:23:53,245
E1004131,T1001452,AUTHORIZED,2026-09-12 08:35:44,2026-09-12 08:35:48,1702
E1004533,T1001594,CREATED,2026-09-13 18:07:21,2026-09-13 18:07:29,1836
E1006418,T1002270,SETTLED,2026-09-19 18:22:36,2026-09-19 18:22:40,2216
E1003276,T1001150,CREATED,2026-09-10 21:08:45,2026-09-10 21:08:46,1483
E1007057,T1002504,AUTHORIZED,2026-09-20 09:55:21,2026-09-20 09:55:28,1311
E1006549,T1002320,CREATED,2026-09-19 07:34:13,2026-09-19 07:34:20,1715
E1008420,T1002988,SETTLED,2026-09-24 08:58:10,2026-09-24 08:58:13,1906
E1004562,T1001604,CREATED,2026-09-13 14:31:10,2026-09-13 14:31:17,2338
E1009647,T1003420,SETTLED,2026-09-27 12:45:55,2026-09-27 12:46:02,1830
E1004978,T1001752,CREATED,2026-09-14 10:35:21,2026-09-14 10:35:28,741
E1006242,T1002207,AUTHORIZED,2026-09-18 11:22:37,2026-09-18 11:22:38,1218
E1003162,T1001110,CREATED,2026-09-10 08:04:14,2026-09-10 08:04:15,694
E1007482,T1002656,AUTHORIZED,2026-09-21 11:37:30,2026-09-21 11:37:33,286
E1001262,T1000444,AUTHORIZED,2026-09-04 15:05:24,2026-09-04 15:05:28,407
E1000408,T1000144,CREATED,2026-09-02 17:59:28,2026-09-02 17:59:34,967
E1002197,T1000770,AUTHORIZED,2026-09-06 10:57:07,2026-09-06 10:57:16,1371
E1006822,T1002421,AUTHORIZED,2026-09-20 11:38:49,2026-09-20 11:38:53,932
E1002884,T1001013,SETTLED,2026-09-09 22:09:03,2026-09-09 22:09:05,1709
E1007529,T1002674,CREATED,2026-09-22 19:24:16,2026-09-22 19:24:18,993
E1001214,T1000428,AUTHORIZED,2026-09-04 18:35:55,2026-09-04 18:35:58,2161
E1008971,T1003183,CREATED,2026-09-26 12:23:25,2026-09-26 12:23:33,333
E1005626,T1001987,AUTHORIZED,2026-09-17 18:59:06,2026-09-17 18:59:16,414
E1004257,T1001496,CREATED,2026-09-13 14:27:30,2026-09-13 14:27:31,213
E1000787,T1000276,SETTLED,2026-09-03 17:52:41,2026-09-03 17:52:45,967
E1008276,T1002936,CREATED,2026-09-24 08:36:11,2026-09-24 09:18:11,2094
E1009348,T1003315,AUTHORIZED,2026-09-27 18:53:24,2026-09-27 18:53:29,315
E1000038,T1000014,FAILED,2026-09-01 17:12:41,2026-09-01 17:12:50,1235
E1007043,T1002498,SETTLED,2026-09-20 10:33:00,2026-09-20 10:33:07,1622
E1010009,T1003549,AUTHORIZED,2026-09-28 19:31:50,2026-09-28 19:31:57,2440
E1006704,T1002378,AUTHORIZED,2026-09-19 17:25:02,2026-09-19 17:25:12,501
E1000202,T1000071,AUTHORIZED,2026-09-01 17:05:45,2026-09-01 17:05:50,1171
E1003251,T1001141,CREATED,2026-09-10 13:10:58,2026-09-10 13:11:01,1655
E1002150,T1000753,SETTLED,2026-09-06 12:28:54,2026-09-06 12:29:03,1051
E1001969,T1000689,SETTLED,2026-09-06 13:05:09,2026-09-06 13:05:12,1002
E1002140,T1000750,AUTHORIZED,2026-09-06 20:51:28,2026-09-06 20:51:35,263
E1006347,T1002244,SETTLED,2026-09-19 08:59:33,2026-09-19 08:59:40,351
E1007659,T1002720,SETTLED,2026-09-22 18:28:33,2026-09-22 18:28:39,1511
E1005210,T1001836,AUTHORIZED,2026-09-15 09:56:06,2026-09-15 09:56:10,2365
E1005554,T1001962,SETTLED,2026-09-16 10:22:20,2026-09-16 10:22:25,1289
E1007584,T1002693,SETTLED,2026-09-22 21:18:01,2026-09-22 21:18:10,754
E1008162,T1002896,CREATED,2026-09-24 14:20:59,2026-09-24 14:21:06,59
E1004705,T1001655,CREATED,2026-09-14 19:01:24,2026-09-14 19:01:33,2495
E1009130,T1003240,CREATED,2026-09-26 17:11:57,2026-09-26 17:12:00,1460
E1008642,T1003066,AUTHORIZED,2026-09-25 09:23:36,2026-09-25 09:23:37,484
E1008461,T1003003,CREATED,2026-09-24 19:46:36,2026-09-24 19:46:46,1262
E1006933,T1002460,AUTHORIZED,2026-09-20 21:20:35,2026-09-20 22:46:35,1994
E1001819,T1000638,CREATED,2026-09-06 16:12:34,2026-09-06 16:12:37,2089
E1008486,T1003011,SETTLED,2026-09-25 21:01:19,2026-09-25 21:01:24,1412
E1006419,T1002271,CREATED,2026-09-19 14:24:06,2026-09-19 14:24:13,2189
E1006455,T1002285,CREATED,2026-09-19 11:01:26,2026-09-19 11:01:29,865
E1006231,T1002203,AUTHORIZED,2026-09-18 22:00:05,2026-09-18 22:00:06,116
E1000752,T1000264,SETTLED,2026-09-03 21:17:48,2026-09-03 21:17:55,115
E1007078,T1002512,SETTLED,2026-09-20 13:18:39,2026-09-20 13:18:41,2229
E1008301,T1002946,CREATED,2026-09-24 09:03:41,2026-09-24 09:03:44,1400
E1005001,T1001759,SETTLED,2026-09-15 19:51:07,2026-09-15 19:51:17,1156
E1008430,T1002992,CREATED,2026-09-24 13:40:27,2026-09-24 13:40:31,1245
E1004388,T1001543,CREATED,2026-09-13 08:43:19,2026-09-13 08:43:25,551
E1010704,T1003793,SETTLED,2026-09-30 19:47:22,2026-09-30 19:47:32,1571
E1007664,T1002723,CREATED,2026-09-22 17:41:18,2026-09-22 17:41:28,1124
E1003988,T1001401,AUTHORIZED,2026-09-12 11:27:02,2026-09-12 11:27:04,1795
E1009136,T1003242,CREATED,2026-09-26 16:38:47,2026-09-26 16:38:48,2165
E1002772,T1000974,CREATED,2026-09-08 13:42:58,2026-09-08 13:43:06,714
E1009465,T1003357,CREATED,2026-09-27 14:26:22,2026-09-27 14:26:27,374
E1009992,T1003543,SETTLED,2026-09-28 13:30:01,2026-09-28 13:30:07,553
E1006080,T1002148,CREATED,2026-09-18 15:50:23,2026-09-18 15:50:24,558
E1004272,T1001501,AUTHORIZED,2026-09-13 23:39:36,2026-09-13 23:39:38,1345
E1008840,T1003135,SETTLED,2026-09-26 14:33:57,2026-09-26 14:33:58,733
E1009041,T1003207,SETTLED,2026-09-26 17:44:08,2026-09-26 17:44:17,2039
E1004368,T1001535,AUTHORIZED,2026-09-13 18:00:53,2026-09-13 18:01:03,2309
E1001739,T1000610,CREATED,2026-09-05 19:57:45,2026-09-05 19:57:47,1123
E1004986,T1001754,SETTLED,2026-09-14 19:38:53,2026-09-14 19:38:59,601
E1003649,T1001280,SETTLED,2026-09-11 17:15:40,2026-09-11 17:15:48,690
E1003486,T1001223,SETTLED,2026-09-11 19:35:19,2026-09-11 19:35:20,765
E1009546,T1003385,CREATED,2026-09-27 22:00:49,2026-09-27 22:00:57,1602
E1007130,T1002530,SETTLED,2026-09-20 07:22:34,2026-09-20 07:22:40,1788
E1004230,T1001486,SETTLED,2026-09-12 08:09:37,2026-09-12 08:09:44,2476
E1003307,T1001160,SETTLED,2026-09-10 11:12:33,2026-09-10 11:12:41,937
E1005959,T1002104,SETTLED,2026-09-17 07:26:45,2026-09-17 07:26:46,2161
E1006230,T1002203,CREATED,2026-09-18 21:59:58,2026-09-18 22:00:05,2412
E1006605,T1002341,CREATED,2026-09-19 11:06:18,2026-09-19 11:06:23,278
E1002887,T1001014,SETTLED,2026-09-09 08:20:23,2026-09-09 08:20:26,351
E1003995,T1001404,CREATED,2026-09-12 10:13:26,2026-09-12 10:13:34,686
E1006182,T1002186,AUTHORIZED,2026-09-18 13:24:30,2026-09-18 14:23:30,420
E1001550,T1000545,CREATED,2026-09-05 18:23:05,2026-09-05 18:23:13,1329
E1002026,T1000710,AUTHORIZED,2026-09-06 19:35:24,2026-09-06 19:35:34,485
E1001917,T1000672,CREATED,2026-09-06 21:16:43,2026-09-06 21:44:43,1623
E1004061,T1001428,AUTHORIZED,2026-09-12 11:47:15,2026-09-12 11:47:18,704
E1006522,T1002309,AUTHORIZED,2026-09-19 09:11:35,2026-09-19 09:11:45,2207
E1009568,T1003392,AUTHORIZED,2026-09-27 09:56:50,2026-09-27 09:56:51,163
E1001621,T1000570,AUTHORIZED,2026-09-05 21:36:13,2026-09-05 21:36:18,1951
E1006514,T1002306,SETTLED,2026-09-19 09:33:56,2026-09-19 09:34:04,1862
E1002400,T1000843,CREATED,2026-09-07 20:05:10,2026-09-07 20:05:19,1953
E1003891,T1001366,AUTHORIZED,2026-09-12 21:56:17,2026-09-12 21:56:25,792
E1005381,T1001900,CREATED,2026-09-16 16:48:41,2026-09-16 16:48:45,2308
E1006316,T1002233,AUTHORIZED,2026-09-19 09:10:46,2026-09-19 09:10:54,2175
E1008028,T1002849,AUTHORIZED,2026-09-23 11:48:57,2026-09-23 11:49:06,1332
E1005183,T1001827,AUTHORIZED,2026-09-15 12:01:57,2026-09-15 12:02:04,421
E1007095,T1002519,CREATED,2026-09-20 19:13:55,2026-09-20 19:13:58,2186
E1004652,T1001636,CREATED,2026-09-14 10:52:05,2026-09-14 10:52:06,2408
E1001874,T1000656,SETTLED,2026-09-06 11:37:34,2026-09-06 11:37:37,1354
E1003277,T1001150,AUTHORIZED,2026-09-10 21:09:00,2026-09-10 21:09:10,1818
E1000606,T1000213,AUTHORIZED,2026-09-02 17:18:36,2026-09-02 17:18:45,1609
E1000614,T1000216,CREATED,2026-09-02 12:14:51,2026-09-02 12:14:52,2300
E1005789,T1002045,SETTLED,2026-09-17 23:34:19,2026-09-17 23:34:22,961
E1007451,T1002645,CREATED,2026-09-21 15:07:47,2026-09-21 15:07:49,1921
E1008122,T1002882,AUTHORIZED,2026-09-23 18:44:04,2026-09-23 18:44:12,122
E1004613,T1001621,SETTLED,2026-09-13 19:08:52,2026-09-13 19:08:56,1195
E1006201,T1002193,CREATED,2026-09-18 15:58:50,2026-09-18 16:22:50,1780
E1006470,T1002290,AUTHORIZED,2026-09-19 10:26:37,2026-09-19 10:26:39,682
E1008454,T1003000,SETTLED,2026-09-24 18:26:34,2026-09-24 18:26:35,941
E1001962,T1000687,AUTHORIZED,2026-09-06 11:56:12,2026-09-06 11:56:20,284
E1000572,T1000201,AUTHORIZED,2026-09-02 14:58:48,2026-09-02 14:58:52,1981
E1008896,T1003155,CREATED,2026-09-26 17:34:49,2026-09-26 17:34:57,1185
E1001978,T1000692,SETTLED,2026-09-06 17:04:18,2026-09-06 17:30:18,1495
E1008891,T1003153,AUTHORIZED,2026-09-26 20:05:48,2026-09-26 20:05:57,1814
E1004555,T1001601,SETTLED,2026-09-13 16:53:17,2026-09-13 16:53:20,632
E1004268,T1001500,CREATED,2026-09-13 20:51:00,2026-09-13 20:51:09,1865
E1001155,T1000408,AUTHORIZED,2026-09-04 11:11:53,2026-09-04 11:11:55,2132
E1004103,T1001442,SETTLED,2026-09-12 17:17:48,2026-09-12 17:17:49,1295
E1009773,T1003466,AUTHORIZED,2026-09-28 14:00:39,2026-09-28 14:00:49,1944
E1000552,T1000194,SETTLED,2026-09-02 12:42:19,2026-09-02 12:42:20,2248
E1008743,T1003100,SETTLED,2026-09-25 14:37:46,2026-09-25 14:37:56,1201
E1001681,T1000590,FAILED,2026-09-05 10:35:43,2026-09-05 10:35:45,1741
E1007034,T1002495,AUTHORIZED,2026-09-20 08:56:01,2026-09-20 08:56:02,63
E1002620,T1000920,AUTHORIZED,2026-09-08 17:18:21,2026-09-08 18:32:21,1458
E1006421,T1002271,SETTLED,2026-09-19 14:44:06,2026-09-19 14:44:13,2096
E1004004,T1001407,CREATED,2026-09-12 14:23:30,2026-09-12 14:23:32,422
E1009101,T1003229,CREATED,2026-09-26 17:34:55,2026-09-26 17:34:56,944
E1002114,T1000741,SETTLED,2026-09-06 12:08:09,2026-09-06 12:08:12,531
E1003574,T1001254,AUTHORIZED,2026-09-11 20:12:27,2026-09-11 20:12:31,616
E1000189,T1000067,CREATED,2026-09-01 12:36:48,2026-09-01 12:36:57,239
E1002888,T1001015,CREATED,2026-09-09 11:48:06,2026-09-09 11:48:07,2034
E1010085,T1003576,AUTHORIZED,2026-09-28 12:42:31,2026-09-28 12:42:33,1040
E1002380,T1000835,AUTHORIZED,2026-09-07 11:35:29,2026-09-07 11:35:34,2013
E1005304,T1001873,CREATED,2026-09-16 10:32:58,2026-09-16 10:33:03,1826
E1002538,T1000892,AUTHORIZED,2026-09-08 14:58:59,2026-09-08 14:59:01,453
E1009244,T1003279,SETTLED,2026-09-26 20:27:49,2026-09-26 20:27:53,732
E1001910,T1000669,CREATED,2026-09-06 22:27:20,2026-09-06 22:27:29,696
E1008438,T1002994,SETTLED,2026-09-24 17:30:10,2026-09-24 17:30:18,1400
E1009457,T1003354,AUTHORIZED,2026-09-27 20:36:34,2026-09-27 20:36:43,1882
E1008024,T1002848,CREATED,2026-09-23 16:40:13,2026-09-23 16:40:23,950
E1004926,T1001733,SETTLED,2026-09-14 11:20:13,2026-09-14 11:53:13,663
E1000677,T1000238,AUTHORIZED,2026-09-03 09:38:36,2026-09-03 09:38:42,2335
E1003011,T1001057,AUTHORIZED,2026-09-09 10:10:26,2026-09-09 10:10:28,494
E1003928,T1001379,AUTHORIZED,2026-09-12 20:32:42,2026-09-12 20:32:49,1356
E1005758,T1002035,AUTHORIZED,2026-09-17 11:34:57,2026-09-17 11:34:58,343
E1008919,T1003163,SETTLED,2026-09-26 18:51:18,2026-09-26 18:51:28,1761
E1003503,T1001229,SETTLED,2026-09-11 18:11:54,2026-09-11 18:11:57,1982
E1004890,T1001721,AUTHORIZED,2026-09-14 20:22:13,2026-09-14 20:22:21,1000
E1010005,T1003548,CREATED,2026-09-28 08:19:30,2026-09-28 08:19:33,1975
E1006185,T1002187,AUTHORIZED,2026-09-18 11:16:17,2026-09-18 11:16:23,857
E1001386,T1000487,AUTHORIZED,2026-09-05 09:51:18,2026-09-05 09:51:27,854
E1003219,T1001130,CREATED,2026-09-10 11:08:27,2026-09-10 11:08:28,185
E1001683,T1000591,AUTHORIZED,2026-09-05 21:25:38,2026-09-05 21:25:43,1027
E1001577,T1000555,CREATED,2026-09-05 13:24:51,2026-09-05 13:24:56,1012
E1009063,T1003215,SETTLED,2026-09-26 14:23:13,2026-09-26 14:23:17,2228
E1004858,T1001709,SETTLED,2026-09-14 22:15:38,2026-09-14 22:15:46,2097
E1009561,T1003390,CREATED,2026-09-27 22:44:20,2026-09-27 22:44:26,1609
E1010191,T1003613,CREATED,2026-09-29 20:44:14,2026-09-29 20:44:19,1454
E1009653,T1003422,SETTLED,2026-09-27 09:41:09,2026-09-27 09:41:19,882
E1007898,T1002804,CREATED,2026-09-23 16:00:15,2026-09-23 16:00:23,626
E1000087,T1000031,CREATED,2026-09-01 11:32:33,2026-09-01 11:32:43,1363
E1008880,T1003149,SETTLED,2026-09-26 18:59:42,2026-09-26 18:59:45,1533
E1004589,T1001613,CREATED,2026-09-13 22:13:08,2026-09-13 22:13:13,374
E1009769,T1003464,SETTLED,2026-09-28 11:36:05,2026-09-28 11:36:12,785
E1002791,T1000980,SETTLED,2026-09-08 18:02:39,2026-09-08 18:02:48,1696
E1010087,T1003577,CREATED,2026-09-28 13:56:00,2026-09-28 15:23:00,1895
E1001112,T1000394,CREATED,2026-09-04 11:12:38,2026-09-04 11:12:47,2463
E1004051,T1001424,SETTLED,2026-09-12 20:44:55,2026-09-12 20:45:00,219
E1005303,T1001872,SETTLED,2026-09-16 20:06:01,2026-09-16 21:36:01,1642
E1000896,T1000315,SETTLED,2026-09-03 12:51:46,2026-09-03 14:15:46,2013
E1001791,T1000628,CREATED,2026-09-06 20:20:58,2026-09-06 20:21:04,207
E1000736,T1000259,CREATED,2026-09-03 12:32:12,2026-09-03 12:32:21,1066
E1000368,T1000130,CREATED,2026-09-02 13:47:11,2026-09-02 13:47:20,205
E1001610,T1000566,AUTHORIZED,2026-09-05 20:45:32,2026-09-05 20:45:40,1462
E1009600,T1003403,SETTLED,2026-09-27 17:45:30,2026-09-27 17:45:37,1029
E1008168,T1002898,CREATED,2026-09-24 16:56:05,2026-09-24 16:56:13,152
E1006878,T1002440,SETTLED,2026-09-20 10:19:01,2026-09-20 10:19:07,1688
E1005489,T1001940,CREATED,2026-09-16 18:58:01,2026-09-16 18:58:11,1726
E1001878,T1000658,AUTHORIZED,2026-09-06 17:51:21,2026-09-06 17:51:27,601
E1006992,T1002481,AUTHORIZED,2026-09-20 18:01:16,2026-09-20 18:01:24,1299
E1006058,T1002140,AUTHORIZED,2026-09-18 20:47:16,2026-09-18 20:47:22,1753
E1001308,T1000460,SETTLED,2026-09-04 12:20:15,2026-09-04 12:20:16,1219
E1008275,T1002935,AUTHORIZED,2026-09-24 23:00:55,2026-09-24 23:01:00,2361
E1003361,T1001179,AUTHORIZED,2026-09-10 13:25:25,2026-09-10 13:25:32,65
E1006054,T1002139,CREATED,2026-09-18 19:02:15,2026-09-18 19:02:19,321
E1009685,T1003434,SETTLED,2026-09-27 11:59:22,2026-09-27 11:59:31,73
E1006906,T1002451,AUTHORIZED,2026-09-20 10:36:35,2026-09-20 11:26:35,464
E1002793,T1000981,AUTHORIZED,2026-09-08 11:08:06,2026-09-08 11:08:15,850
E1005160,T1001819,CREATED,2026-09-15 11:06:19,2026-09-15 11:06:23,304
E1005050,T1001779,AUTHORIZED,2026-09-15 21:23:09,2026-09-15 21:23:15,347
E1008600,T1003051,SETTLED,2026-09-25 14:45:32,2026-09-25 14:45:42,1391
E1002281,T1000800,AUTHORIZED,2026-09-07 13:46:11,2026-09-07 13:46:12,138
E1005046,T1001778,CREATED,2026-09-15 19:44:47,2026-09-15 19:44:53,1538
E1003740,T1001314,SETTLED,2026-09-11 14:45:54,2026-09-11 14:45:55,53
E1004113,T1001446,CREATED,2026-09-12 10:35:29,2026-09-12 10:35:35,1970
E1004521,T1001589,SETTLED,2026-09-13 19:36:16,2026-09-13 19:36:17,2321
E1004301,T1001511,AUTHORIZED,2026-09-13 19:41:15,2026-09-13 19:41:19,719
E1003281,T1001151,SETTLED,2026-09-10 13:25:59,2026-09-10 13:26:00,932
E1000778,T1000273,AUTHORIZED,2026-09-03 14:54:24,2026-09-03 14:54:26,1166
E1001433,T1000504,SETTLED,2026-09-05 14:49:34,2026-09-05 14:49:35,441
E1004643,T1001633,CREATED,2026-09-14 16:08:35,2026-09-14 16:08:41,2081
E1003434,T1001204,AUTHORIZED,2026-09-10 14:18:35,2026-09-10 14:18:43,1716
E1000855,T1000301,SETTLED,2026-09-03 19:19:13,2026-09-03 19:19:17,1918
E1008274,T1002935,CREATED,2026-09-24 23:00:53,2026-09-24 23:01:00,1406
E1007351,T1002609,CREATED,2026-09-21 18:10:03,2026-09-21 18:10:05,763
E1009113,T1003233,SETTLED,2026-09-27 00:03:17,2026-09-27 00:03:22,1079
E1000564,T1000198,SETTLED,2026-09-02 08:29:47,2026-09-02 08:29:48,43
E1005961,T1002105,AUTHORIZED,2026-09-17 12:11:56,2026-09-17 12:12:00,390
E1008098,T1002874,AUTHORIZED,2026-09-23 13:51:38,2026-09-23 13:51:43,548
E1007712,T1002740,CREATED,2026-09-22 12:27:43,2026-09-22 12:27:49,441
E1010072,T1003571,AUTHORIZED,2026-09-28 13:22:25,2026-09-28 13:22:29,2381
E1007652,T1002718,AUTHORIZED,2026-09-22 09:52:17,2026-09-22 09:52:23,1692
E1004129,T1001451,SETTLED,2026-09-12 11:20:52,2026-09-12 11:21:00,2021
E1010067,T1003569,SETTLED,2026-09-28 13:33:25,2026-09-28 13:33:31,265
E1000652,T1000229,SETTLED,2026-09-03 00:22:55,2026-09-03 00:22:59,244
E1002424,T1000851,CREATED,2026-09-07 09:32:42,2026-09-07 09:32:44,1194
E1005100,T1001797,AUTHORIZED,2026-09-15 12:22:46,2026-09-15 12:22:51,623
E1008465,T1003004,AUTHORIZED,2026-09-24 12:35:22,2026-09-24 13:59:22,2290
E1010448,T1003703,CREATED,2026-09-29 18:52:43,2026-09-29 18:52:46,270
E1004792,T1001687,CREATED,2026-09-14 18:51:18,2026-09-14 18:51:20,1905
E1010790,T1003824,SETTLED,2026-09-30 20:24:37,2026-09-30 20:24:45,2239
E1007294,T1002589,AUTHORIZED,2026-09-21 18:38:34,2026-09-21 18:38:37,1326
E1000590,T1000207,SETTLED,2026-09-02 07:21:53,2026-09-02 07:21:54,199
E1005305,T1001873,FAILED,2026-09-16 10:33:14,2026-09-16 10:33:22,528
E1006071,T1002145,CREATED,2026-09-18 18:44:58,2026-09-18 18:45:03,2396
E1004002,T1001406,AUTHORIZED,2026-09-12 17:27:51,2026-09-12 17:27:54,1394
E1008212,T1002912,SETTLED,2026-09-24 10:49:02,2026-09-24 10:49:09,1895
E1003360,T1001179,CREATED,2026-09-10 13:25:10,2026-09-10 13:25:11,2135
E1007023,T1002491,SETTLED,2026-09-20 22:28:52,2026-09-20 22:28:56,907
E1010546,T1003737,AUTHORIZED,2026-09-30 10:59:03,2026-09-30 10:59:09,1086
E1005306,T1001874,CREATED,2026-09-16 18:46:04,2026-09-16 18:46:05,945
E1004679,T1001645,AUTHORIZED,2026-09-14 14:43:38,2026-09-14 14:43:44,942
E1001566,T1000551,CREATED,2026-09-05 12:04:14,2026-09-05 12:04:24,1208
E1007206,T1002556,SETTLED,2026-09-21 10:45:17,2026-09-21 10:45:21,1125
E1003828,T1001345,AUTHORIZED,2026-09-12 18:13:23,2026-09-12 18:13:30,1501
E1001346,T1000473,SETTLED,2026-09-05 06:22:58,2026-09-05 06:23:06,1166
E1008622,T1003059,AUTHORIZED,2026-09-25 20:53:22,2026-09-25 20:53:24,1327
E1002576,T1000905,AUTHORIZED,2026-09-08 19:20:11,2026-09-08 19:20:16,1243
E1002049,T1000718,CREATED,2026-09-06 18:15:54,2026-09-06 18:16:04,813
E1009680,T1003432,SETTLED,2026-09-27 18:35:16,2026-09-27 18:35:25,1616
E1008638,T1003064,SETTLED,2026-09-25 19:51:18,2026-09-25 19:51:25,245
E1001486,T1000522,AUTHORIZED,2026-09-05 18:33:02,2026-09-05 18:33:05,2309
E1005230,T1001844,CREATED,2026-09-15 10:08:56,2026-09-15 10:09:00,2485
E1000837,T1000295,AUTHORIZED,2026-09-03 22:45:20,2026-09-03 23:45:20,408
E1006263,T1002215,SETTLED,2026-09-18 11:39:31,2026-09-18 11:39:38,1620
E1010763,T1003815,CREATED,2026-09-30 17:10:36,2026-09-30 17:10:42,1479
E1009441,T1003348,CREATED,2026-09-27 21:04:43,2026-09-27 21:04:51,2021
E1007565,T1002686,SETTLED,2026-09-22 10:13:48,2026-09-22 10:13:55,2099
E1009012,T1003197,SETTLED,2026-09-26 15:15:14,2026-09-26 15:15:23,180
E1008003,T1002840,SETTLED,2026-09-23 17:30:11,2026-09-23 17:30:20,2078
E1007843,T1002785,AUTHORIZED,2026-09-23 15:23:36,2026-09-23 15:58:36,1417
E1003136,T1001101,CREATED,2026-09-09 11:15:53,2026-09-09 11:15:57,415
E1000468,T1000164,AUTHORIZED,2026-09-02 18:14:52,2026-09-02 18:14:57,1960
E1001647,T1000579,CREATED,2026-09-05 11:59:24,2026-09-05 13:10:24,2261
E1002231,T1000781,SETTLED,2026-09-07 18:11:40,2026-09-07 18:11:44,1375
E1007417,T1002633,SETTLED,2026-09-21 20:54:04,2026-09-21 20:54:06,423
E1004125,T1001450,AUTHORIZED,2026-09-12 13:09:14,2026-09-12 13:09:24,1712
E1005710,T1002018,AUTHORIZED,2026-09-17 19:18:37,2026-09-17 19:18:41,1277
E1000070,T1000025,AUTHORIZED,2026-09-01 14:50:55,2026-09-01 14:50:59,1569
E1008340,T1002960,CREATED,2026-09-24 13:23:58,2026-09-24 13:24:03,253
E1007365,T1002614,FAILED,2026-09-21 08:32:20,2026-09-21 08:32:26,2243
E1001926,T1000675,CREATED,2026-09-06 11:44:03,2026-09-06 11:44:07,1224
E1005623,T1001986,AUTHORIZED,2026-09-17 16:51:09,2026-09-17 16:51:14,1528
E1006223,T1002200,FAILED,2026-09-18 19:49:16,2026-09-18 19:49:17,1288
E1007612,T1002704,CREATED,2026-09-22 22:52:09,2026-09-22 22:52:10,1722
E1009404,T1003334,AUTHORIZED,2026-09-27 16:02:12,2026-09-27 16:02:20,766
E1006976,T1002475,SETTLED,2026-09-20 09:34:30,2026-09-20 09:34:36,2288
E1001056,T1000373,AUTHORIZED,2026-09-04 21:15:04,2026-09-04 21:15:14,1988
E1009055,T1003213,CREATED,2026-09-26 20:40:44,2026-09-26 20:40:48,624
E1002638,T1000926,AUTHORIZED,2026-09-08 19:48:25,2026-09-08 19:48:31,1658
E1005112,T1001801,SETTLED,2026-09-15 14:23:51,2026-09-15 14:23:59,2400
E1001877,T1000658,CREATED,2026-09-06 17:51:14,2026-09-06 17:51:23,2193
E1000726,T1000255,AUTHORIZED,2026-09-03 08:38:28,2026-09-03 08:38:32,739
E1007030,T1002494,CREATED,2026-09-20 18:55:24,2026-09-20 18:55:30,910
E1010798,T1003827,AUTHORIZED,2026-09-30 11:15:34,2026-09-30 11:15:37,2218
E1010069,T1003570,AUTHORIZED,2026-09-28 16:10:49,2026-09-28 16:10:52,1585
E1004535,T1001594,SETTLED,2026-09-13 18:28:21,2026-09-13 18:28:25,1937
E1008442,T1002996,CREATED,2026-09-24 17:37:07,2026-09-24 17:37:08,1703
E1002847,T1001000,SETTLED,2026-09-09 14:59:34,2026-09-09 14:59:38,1071
E1004281,T1001504,AUTHORIZED,2026-09-13 19:57:16,2026-09-13 19:57:20,626
E1008087,T1002870,CREATED,2026-09-23 08:23:49,2026-09-23 08:23:52,847
E1008721,T1003093,AUTHORIZED,2026-09-25 17:09:51,2026-09-25 17:09:55,1505
E1000539,T1000189,SETTLED,2026-09-02 09:38:23,2026-09-02 09:38:32,1308
E1007787,T1002766,CREATED,2026-09-22 19:26:15,2026-09-22 19:26:17,818
E1000264,T1000093,CREATED,2026-09-01 07:00:27,2026-09-01 07:00:33,526
E1008722,T1003093,SETTLED,2026-09-25 17:31:32,2026-09-25 17:31:38,1176
E1002646,T1000929,AUTHORIZED,2026-09-08 12:08:21,2026-09-08 12:08:24,1715
E1000628,T1000221,AUTHORIZED,2026-09-02 18:51:22,2026-09-02 18:51:24,1684
E1009384,T1003327,AUTHORIZED,2026-09-27 18:45:08,2026-09-27 18:45:11,1501
E1004455,T1001567,AUTHORIZED,2026-09-13 12:33:22,2026-09-13 12:33:29,1019
E1006747,T1002394,CREATED,2026-09-20 08:22:11,2026-09-20 08:22:20,1855
E1010355,T1003670,AUTHORIZED,2026-09-29 18:21:01,2026-09-29 18:21:07,1527
E1001467,T1000516,CREATED,2026-09-05 18:50:20,2026-09-05 18:50:24,1387
E1006887,T1002444,AUTHORIZED,2026-09-20 13:47:18,2026-09-20 13:47:28,166
E1000809,T1000285,CREATED,2026-09-03 21:50:47,2026-09-03 21:50:48,1719
E1000092,T1000033,CREATED,2026-09-01 07:37:21,2026-09-01 07:37:29,1178
E1010366,T1003674,CREATED,2026-09-29 14:13:00,2026-09-29 14:13:10,1848
E1004677,T1001644,SETTLED,2026-09-14 11:41:38,2026-09-14 11:41:41,2405
E1009720,T1003446,SETTLED,2026-09-27 20:49:10,2026-09-27 20:49:20,963
E1004741,T1001668,AUTHORIZED,2026-09-14 12:25:31,2026-09-14 12:25:34,2088
E1004093,T1001439,AUTHORIZED,2026-09-12 17:20:57,2026-09-12 17:21:00,1028
E1009602,T1003404,AUTHORIZED,2026-09-27 18:42:08,2026-09-27 18:42:18,1882
E1009128,T1003239,CREATED,2026-09-26 08:40:33,2026-09-26 08:40:43,2200
E1009623,T1003411,SETTLED,2026-09-27 18:38:16,2026-09-27 18:38:19,1889
E1006686,T1002371,CREATED,2026-09-19 09:26:11,2026-09-19 09:26:13,2333
E1003882,T1001363,AUTHORIZED,2026-09-12 10:53:43,2026-09-12 10:53:52,355
E1002546,T1000895,CREATED,2026-09-08 12:03:27,2026-09-08 12:03:35,1111
E1008962,T1003179,AUTHORIZED,2026-09-26 19:54:30,2026-09-26 19:54:33,398
E1006745,T1002393,AUTHORIZED,2026-09-20 17:26:05,2026-09-20 17:26:13,1092
E1003973,T1001396,CREATED,2026-09-12 18:19:09,2026-09-12 18:19:16,819
E1010388,T1003682,CREATED,2026-09-29 21:45:54,2026-09-29 21:45:56,256
E1005633,T1001989,SETTLED,2026-09-17 12:50:48,2026-09-17 12:50:55,1482
E1004010,T1001409,AUTHORIZED,2026-09-12 23:07:43,2026-09-12 23:07:44,816
E1000179,T1000063,SETTLED,2026-09-01 19:21:39,2026-09-01 19:21:45,2189
E1008509,T1003020,CREATED,2026-09-25 20:12:06,2026-09-25 20:12:11,1674
E1010100,T1003581,AUTHORIZED,2026-09-28 09:35:17,2026-09-28 09:35:19,1768
E1002572,T1000904,CREATED,2026-09-08 07:03:06,2026-09-08 07:03:15,898
E1006718,T1002383,FAILED,2026-09-19 08:58:43,2026-09-19 08:58:48,1295
E1004748,T1001671,CREATED,2026-09-14 15:23:21,2026-09-14 15:23:29,2365
E1005877,T1002076,CREATED,2026-09-17 21:55:32,2026-09-17 21:55:37,2480
E1002522,T1000886,CREATED,2026-09-08 12:04:38,2026-09-08 12:04:39,440
E1008473,T1003007,CREATED,2026-09-25 15:00:23,2026-09-25 15:00:24,2361
E1002618,T1000919,SETTLED,2026-09-08 23:05:13,2026-09-08 23:05:17,1112
E1005845,T1002065,AUTHORIZED,2026-09-17 20:49:19,2026-09-17 20:49:26,144
E1002573,T1000904,AUTHORIZED,2026-09-08 07:03:26,2026-09-08 07:03:34,570
E1006778,T1002405,AUTHORIZED,2026-09-20 19:06:01,2026-09-20 19:06:09,557
E1010309,T1003653,CREATED,2026-09-29 10:25:35,2026-09-29 10:25:42,1539
E1007578,T1002691,AUTHORIZED,2026-09-22 17:59:48,2026-09-22 17:59:50,1613
E1005400,T1001906,SETTLED,2026-09-16 12:53:08,2026-09-16 12:53:11,394
E1002786,T1000979,CREATED,2026-09-08 14:18:33,2026-09-08 14:18:43,1469
E1008635,T1003063,SETTLED,2026-09-25 21:45:24,2026-09-25 21:45:28,1808
E1009628,T1003414,CREATED,2026-09-27 15:21:18,2026-09-27 15:21:28,966
E1002155,T1000755,AUTHORIZED,2026-09-06 12:18:58,2026-09-06 12:19:08,1193
E1006381,T1002257,CREATED,2026-09-19 13:36:13,2026-09-19 13:36:23,196
E1005830,T1002060,CREATED,2026-09-17 08:12:27,2026-09-17 08:12:37,354
E1004505,T1001584,AUTHORIZED,2026-09-13 15:20:32,2026-09-13 15:20:39,2054
E1003616,T1001269,AUTHORIZED,2026-09-11 10:09:20,2026-09-11 10:09:22,2356
E1002264,T1000794,CREATED,2026-09-07 16:00:57,2026-09-07 16:01:06,1249
E1003572,T1001253,SETTLED,2026-09-11 10:52:45,2026-09-11 11:30:45,2342
E1010620,T1003763,FAILED,2026-09-30 16:42:57,2026-09-30 16:43:00,1848
E1001961,T1000687,CREATED,2026-09-06 11:56:07,2026-09-06 11:56:10,1774
E1003763,T1001323,CREATED,2026-09-11 20:40:34,2026-09-11 20:40:35,1484
E1003059,T1001073,SETTLED,2026-09-09 21:04:29,2026-09-09 21:04:30,531
E1008368,T1002970,CREATED,2026-09-24 07:15:24,2026-09-24 07:15:25,2355
E1005523,T1001951,SETTLED,2026-09-16 13:48:27,2026-09-16 13:48:37,660
E1005229,T1001843,SETTLED,2026-09-15 18:03:05,2026-09-15 18:03:12,1665
E1003473,T1001218,FAILED,2026-09-10 09:22:01,2026-09-10 09:22:02,1522
E1000452,T1000159,CREATED,2026-09-02 09:46:05,2026-09-02 09:46:12,1632
E1005264,T1001857,SETTLED,2026-09-15 16:54:02,2026-09-15 16:54:08,1717
E1008355,T1002965,AUTHORIZED,2026-09-24 16:29:53,2026-09-24 16:30:02,2214
E1010084,T1003576,CREATED,2026-09-28 12:42:28,2026-09-28 12:42:37,382
E1006454,T1002284,SETTLED,2026-09-19 13:34:22,2026-09-19 14:39:22,2051
E1009434,T1003345,SETTLED,2026-09-27 20:04:58,2026-09-27 20:05:03,435
E1007396,T1002626,CREATED,2026-09-21 11:18:22,2026-09-21 11:18:23,630
E1007601,T1002699,SETTLED,2026-09-22 16:47:45,2026-09-22 16:47:50,713
E1005903,T1002084,SETTLED,2026-09-17 23:24:38,2026-09-17 23:24:44,968
E1008664,T1003073,SETTLED,2026-09-25 17:06:51,2026-09-25 17:06:54,1341
E1001631,T1000573,SETTLED,2026-09-05 20:22:24,2026-09-05 20:22:30,1325
E1003117,T1001094,AUTHORIZED,2026-09-09 20:53:45,2026-09-09 20:53:54,200
E1008227,T1002918,CREATED,2026-09-24 14:00:30,2026-09-24 14:00:36,1460
E1006810,T1002416,FAILED,2026-09-20 20:58:03,2026-09-20 20:58:08,551
E1008779,T1003114,CREATED,2026-09-25 12:20:00,2026-09-25 12:20:02,1916
E1007499,T1002662,SETTLED,2026-09-22 12:26:32,2026-09-22 12:26:33,2067
E1006123,T1002164,AUTHORIZED,2026-09-18 11:16:47,2026-09-18 11:16:50,864
E1001696,T1000595,SETTLED,2026-09-05 18:51:43,2026-09-05 18:51:44,1626
E1003108,T1001091,AUTHORIZED,2026-09-09 18:39:21,2026-09-09 18:39:24,2183
E1005697,T1002013,FAILED,2026-09-17 11:42:33,2026-09-17 11:42:38,1108
E1008652,T1003069,SETTLED,2026-09-25 09:02:12,2026-09-25 09:02:20,2134
E1008925,T1003166,CREATED,2026-09-26 15:22:50,2026-09-26 15:22:57,571
E1004161,T1001463,CREATED,2026-09-12 15:52:26,2026-09-12 15:52:28,79
E1010328,T1003660,CREATED,2026-09-29 09:44:47,2026-09-29 09:44:57,2159
E1010713,T1003796,SETTLED,2026-09-30 18:27:33,2026-09-30 18:27:38,1254
E1007598,T1002698,SETTLED,2026-09-22 08:57:07,2026-09-22 08:57:13,978
E1004176,T1001468,CREATED,2026-09-12 17:37:27,2026-09-12 17:37:37,2034
E1002580,T1000906,SETTLED,2026-09-08 13:06:45,2026-09-08 13:06:51,347
E1003309,T1001161,AUTHORIZED,2026-09-10 17:06:26,2026-09-10 17:06:32,608
E1004032,T1001417,SETTLED,2026-09-12 15:24:52,2026-09-12 15:25:00,209
E1006490,T1002298,AUTHORIZED,2026-09-19 12:24:54,2026-09-19 12:24:55,1476
E1009326,T1003307,SETTLED,2026-09-27 14:23:06,2026-09-27 14:23:10,327
E1010247,T1003632,AUTHORIZED,2026-09-29 16:04:37,2026-09-29 16:04:38,1703
E1009946,T1003528,CREATED,2026-09-28 14:20:57,2026-09-28 14:21:02,1285
E1001639,T1000576,AUTHORIZED,2026-09-05 17:08:52,2026-09-05 17:08:56,2477
E1003645,T1001279,AUTHORIZED,2026-09-11 13:53:14,2026-09-11 13:53:15,54
E1001373,T1000482,SETTLED,2026-09-05 20:15:21,2026-09-05 20:15:28,511
E1004236,T1001488,SETTLED,2026-09-13 13:17:57,2026-09-13 13:17:59,47
E1010618,T1003762,SETTLED,2026-09-30 12:58:03,2026-09-30 12:58:06,2028
E1009932,T1003523,AUTHORIZED,2026-09-28 19:12:50,2026-09-28 19:12:58,2497
E1003943,T1001385,CREATED,2026-09-12 08:36:39,2026-09-12 08:36:43,706
E1005707,T1002017,AUTHORIZED,2026-09-17 10:23:21,2026-09-17 10:23:24,125
E1003470,T1001217,AUTHORIZED,2026-09-10 19:39:48,2026-09-10 19:39:56,263
E1007835,T1002782,AUTHORIZED,2026-09-23 10:35:25,2026-09-23 10:35:26,937
E1002971,T1001044,CREATED,2026-09-09 10:54:13,2026-09-09 10:54:14,135
E1006262,T1002215,AUTHORIZED,2026-09-18 11:32:42,2026-09-18 11:32:49,1830
E1008745,T1003101,AUTHORIZED,2026-09-25 15:33:27,2026-09-25 15:33:29,1291
E1010526,T1003730,CREATED,2026-09-30 16:32:10,2026-09-30 16:32:20,1092
E1000915,T1000322,SETTLED,2026-09-03 22:43:06,2026-09-03 22:49:06,876
E1001955,T1000685,CREATED,2026-09-06 15:40:43,2026-09-06 15:40:49,2039
E1005499,T1001943,SETTLED,2026-09-16 19:42:06,2026-09-16 19:42:10,1139
E1000876,T1000308,SETTLED,2026-09-03 15:02:37,2026-09-03 15:02:40,1682
E1009709,T1003442,SETTLED,2026-09-27 18:46:32,2026-09-27 18:46:42,2059
E1010748,T1003809,AUTHORIZED,2026-09-30 16:59:07,2026-09-30 16:59:10,1762
E1009861,T1003498,AUTHORIZED,2026-09-28 18:43:15,2026-09-28 18:43:23,1385
E1007357,T1002611,AUTHORIZED,2026-09-21 19:30:46,2026-09-21 19:30:52,305
E1007897,T1002803,SETTLED,2026-09-23 14:44:06,2026-09-23 14:44:16,360
E1004247,T1001492,FAILED,2026-09-13 09:57:26,2026-09-13 09:57:28,482
E1009532,T1003380,CREATED,2026-09-27 17:32:17,2026-09-27 17:32:25,351
E1008651,T1003069,AUTHORIZED,2026-09-25 08:37:41,2026-09-25 08:37:43,1611
E1005653,T1001997,CREATED,2026-09-17 17:21:10,2026-09-17 17:21:17,1454
E1001079,T1000382,CREATED,2026-09-04 09:10:50,2026-09-04 09:10:54,333
E1007941,T1002819,AUTHORIZED,2026-09-23 15:34:40,2026-09-23 16:12:40,1976
E1001525,T1000536,AUTHORIZED,2026-09-05 20:58:28,2026-09-05 20:58:34,2082
E1009650,T1003421,SETTLED,2026-09-27 17:50:44,2026-09-27 17:50:49,2402
E1005103,T1001798,AUTHORIZED,2026-09-15 18:09:34,2026-09-15 18:09:37,126
E1009957,T1003531,SETTLED,2026-09-28 12:20:54,2026-09-28 12:20:57,344
E1003223,T1001131,AUTHORIZED,2026-09-10 11:09:00,2026-09-10 11:09:09,859
E1002491,T1000874,SETTLED,2026-09-07 12:09:45,2026-09-07 12:09:50,55
E1009406,T1003335,CREATED,2026-09-27 21:14:26,2026-09-27 21:14:28,367
E1008056,T1002859,AUTHORIZED,2026-09-23 15:48:23,2026-09-23 15:48:30,1107
E1004305,T1001512,SETTLED,2026-09-13 13:12:23,2026-09-13 13:12:33,386
E1000466,T1000163,SETTLED,2026-09-02 18:01:53,2026-09-02 18:02:00,1857
E1007869,T1002794,AUTHORIZED,2026-09-23 10:14:26,2026-09-23 10:14:36,696
E1007386,T1002622,CREATED,2026-09-21 14:59:28,2026-09-21 14:59:29,1941
E1007806,T1002772,SETTLED,2026-09-22 17:24:34,2026-09-22 17:24:35,980
E1000651,T1000229,AUTHORIZED,2026-09-03 00:00:02,2026-09-03 00:00:04,355
E1006232,T1002203,SETTLED,2026-09-18 22:14:58,2026-09-18 22:15:03,643
E1004451,T1001565,SETTLED,2026-09-13 15:12:20,2026-09-13 15:12:24,139
E1002681,T1000942,SETTLED,2026-09-08 20:46:44,2026-09-08 20:46:46,228
E1002833,T1000995,SETTLED,2026-09-08 14:22:38,2026-09-08 14:22:44,284
E1001475,T1000518,SETTLED,2026-09-05 19:46:09,2026-09-05 19:46:19,295
E1008494,T1003015,CREATED,2026-09-25 12:51:50,2026-09-25 12:51:56,1811
E1005770,T1002039,AUTHORIZED,2026-09-17 22:22:57,2026-09-17 22:23:00,130
E1006940,T1002463,CREATED,2026-09-20 14:03:26,2026-09-20 14:03:27,301
E1005477,T1001935,SETTLED,2026-09-16 15:06:36,2026-09-16 15:06:40,2282
E1003577,T1001255,AUTHORIZED,2026-09-11 12:48:36,2026-09-11 12:48:41,1174
E1010642,T1003772,CREATED,2026-09-30 12:20:21,2026-09-30 12:20:29,1391
E1009208,T1003267,CREATED,2026-09-26 10:55:48,2026-09-26 10:55:52,554
E1004238,T1001489,AUTHORIZED,2026-09-13 13:38:47,2026-09-13 13:38:49,1662
E1005644,T1001993,AUTHORIZED,2026-09-17 14:11:39,2026-09-17 14:11:45,1565
E1006939,T1002462,AUTHORIZED,2026-09-20 20:00:46,2026-09-20 20:00:53,1995
E1000825,T1000291,CREATED,2026-09-03 20:32:29,2026-09-03 20:32:38,1776
E1008951,T1003175,SETTLED,2026-09-26 14:38:35,2026-09-26 14:38:38,1771
E1003273,T1001148,SETTLED,2026-09-10 06:15:22,2026-09-10 06:15:29,265
E1002602,T1000914,CREATED,2026-09-08 14:44:35,2026-09-08 14:44:38,754
E1000793,T1000279,CREATED,2026-09-03 07:34:00,2026-09-03 07:34:10,1083
E1005864,T1002071,SETTLED,2026-09-17 15:27:30,2026-09-17 15:27:39,566
E1000231,T1000081,AUTHORIZED,2026-09-01 13:44:05,2026-09-01 13:44:15,1040
E1001132,T1000400,SETTLED,2026-09-04 18:41:58,2026-09-04 18:42:04,683
E1004443,T1001563,CREATED,2026-09-13 14:38:19,2026-09-13 14:38:26,733
E1009224,T1003272,SETTLED,2026-09-26 12:04:46,2026-09-26 12:04:55,369
E1002238,T1000784,CREATED,2026-09-07 22:59:50,2026-09-07 22:59:58,2498
E1001643,T1000577,SETTLED,2026-09-05 15:40:02,2026-09-05 15:40:08,1701
E1009513,T1003373,AUTHORIZED,2026-09-27 09:02:03,2026-09-27 09:02:08,1185
E1010307,T1003652,AUTHORIZED,2026-09-29 16:43:20,2026-09-29 16:43:29,720
E1002411,T1000846,SETTLED,2026-09-07 12:20:55,2026-09-07 12:20:59,258
E1003247,T1001139,SETTLED,2026-09-10 11:07:56,2026-09-10 11:08:04,1688
E1009015,T1003198,SETTLED,2026-09-26 21:31:32,2026-09-26 21:31:33,980
E1006632,T1002350,AUTHORIZED,2026-09-19 08:30:30,2026-09-19 08:30:31,401
E1003424,T1001200,SETTLED,2026-09-10 11:14:31,2026-09-10 11:14:38,582
E1010119,T1003588,AUTHORIZED,2026-09-29 19:45:03,2026-09-29 19:45:13,1608
E1001158,T1000409,AUTHORIZED,2026-09-04 13:06:00,2026-09-04 13:06:09,307
E1003266,T1001146,AUTHORIZED,2026-09-10 21:43:43,2026-09-10 21:43:45,2199
E1003264,T1001145,SETTLED,2026-09-10 11:02:42,2026-09-10 11:02:48,791
E1005090,T1001794,CREATED,2026-09-15 09:43:30,2026-09-15 09:43:40,217
E1008322,T1002953,SETTLED,2026-09-24 12:44:03,2026-09-24 12:44:11,2357
E1004374,T1001537,AUTHORIZED,2026-09-13 11:44:12,2026-09-13 11:44:22,2202
E1002005,T1000702,CREATED,2026-09-06 17:19:43,2026-09-06 17:19:45,252
E1000613,T1000215,SETTLED,2026-09-02 16:38:19,2026-09-02 16:38:29,1366
E1000175,T1000062,AUTHORIZED,2026-09-01 10:00:37,2026-09-01 10:00:40,1780
E1005430,T1001918,SETTLED,2026-09-16 13:40:11,2026-09-16 13:40:17,1274
E1003363,T1001180,CREATED,2026-09-10 13:45:09,2026-09-10 13:45:13,581
E1004864,T1001711,SETTLED,2026-09-14 18:31:15,2026-09-14 18:31:22,1057
E1004719,T1001660,CREATED,2026-09-14 19:38:10,2026-09-14 19:38:11,1772
E1010596,T1003755,AUTHORIZED,2026-09-30 10:28:49,2026-09-30 10:28:52,2184
E1002288,T1000803,CREATED,2026-09-07 08:25:58,2026-09-07 08:26:04,732
E1004284,T1001505,AUTHORIZED,2026-09-13 18:17:18,2026-09-13 18:17:20,291
E1003140,T1001102,AUTHORIZED,2026-09-09 12:37:42,2026-09-09 12:37:47,458
E1006084,T1002149,AUTHORIZED,2026-09-18 19:35:31,2026-09-18 19:35:41,1009
E1010192,T1003613,AUTHORIZED,2026-09-29 20:44:22,2026-09-29 20:44:28,829
E1009257,T1003284,AUTHORIZED,2026-09-26 16:26:23,2026-09-26 16:26:25,2211
E1002712,T1000953,AUTHORIZED,2026-09-08 22:28:36,2026-09-08 22:28:37,1648
E1001135,T1000401,SETTLED,2026-09-04 09:18:48,2026-09-04 09:18:58,1859
E1005739,T1002028,SETTLED,2026-09-17 11:30:27,2026-09-17 11:30:31,1232
E1003061,T1001074,AUTHORIZED,2026-09-09 11:37:55,2026-09-09 11:37:56,412
E1001064,T1000376,AUTHORIZED,2026-09-04 12:45:54,2026-09-04 12:46:04,1221
E1000910,T1000320,SETTLED,2026-09-03 14:21:46,2026-09-03 14:21:49,2184
E1000441,T1000155,AUTHORIZED,2026-09-02 12:57:28,2026-09-02 12:57:30,897
E1002980,T1001047,CREATED,2026-09-09 10:51:29,2026-09-09 10:51:36,2190
E1002934,T1001030,AUTHORIZED,2026-09-09 11:47:29,2026-09-09 11:47:37,48
E1009159,T1003249,SETTLED,2026-09-26 16:47:32,2026-09-26 16:47:42,664
E1008324,T1002954,AUTHORIZED,2026-09-24 18:55:57,2026-09-24 18:56:00,476
E1000991,T1000348,SETTLED,2026-09-03 18:58:25,2026-09-03 18:58:32,2392
E1004120,T1001448,SETTLED,2026-09-12 13:45:47,2026-09-12 13:45:50,1670
E1010146,T1003597,SETTLED,2026-09-29 11:37:30,2026-09-29 11:37:37,1585
E1009061,T1003215,CREATED,2026-09-26 14:10:13,2026-09-26 14:10:17,1578
E1005673,T1002004,SETTLED,2026-09-17 17:58:14,2026-09-17 17:58:23,886
E1002142,T1000751,CREATED,2026-09-06 07:56:35,2026-09-06 07:56:44,406
E1006986,T1002479,CREATED,2026-09-20 08:39:51,2026-09-20 08:39:56,1489
E1004916,T1001730,AUTHORIZED,2026-09-14 21:09:42,2026-09-14 21:09:48,1781
E1009253,T1003283,CREATED,2026-09-26 10:09:58,2026-09-26 10:10:00,145
E1001741,T1000611,CREATED,2026-09-05 19:05:18,2026-09-05 19:05:26,1915
E1006723,T1002385,AUTHORIZED,2026-09-19 10:31:15,2026-09-19 10:31:24,1849
E1007442,T1002642,CREATED,2026-09-21 11:20:26,2026-09-21 11:20:32,1656
E1005363,T1001893,SETTLED,2026-09-16 14:53:28,2026-09-16 14:53:29,1040
E1003883,T1001363,SETTLED,2026-09-12 11:16:29,2026-09-12 11:16:32,1401
E1004480,T1001575,SETTLED,2026-09-13 09:19:03,2026-09-13 09:19:08,659
E1008503,T1003018,CREATED,2026-09-25 15:22:32,2026-09-25 15:22:42,1890
E1001356,T1000477,CREATED,2026-09-05 21:25:03,2026-09-05 21:25:09,2121
E1000947,T1000333,SETTLED,2026-09-03 19:50:46,2026-09-03 19:50:54,212
E1007345,T1002607,CREATED,2026-09-21 08:05:28,2026-09-21 08:05:37,2072
E1010243,T1003631,CREATED,2026-09-29 07:50:00,2026-09-29 07:50:02,745
E1001092,T1000387,CREATED,2026-09-04 16:07:59,2026-09-04 16:08:07,2092
E1006094,T1002153,FAILED,2026-09-18 18:56:18,2026-09-18 18:56:27,651
E1004244,T1001491,AUTHORIZED,2026-09-13 19:44:14,2026-09-13 19:44:21,895
E1003038,T1001066,SETTLED,2026-09-09 10:59:10,2026-09-09 10:59:17,2210
E1005289,T1001867,CREATED,2026-09-16 11:32:35,2026-09-16 11:32:45,363
E1009803,T1003477,CREATED,2026-09-28 13:14:27,2026-09-28 13:14:32,2027
E1007323,T1002599,SETTLED,2026-09-21 12:54:07,2026-09-21 13:25:07,1818
E1010444,T1003701,AUTHORIZED,2026-09-29 09:09:36,2026-09-29 09:09:46,2026
E1003878,T1001362,CREATED,2026-09-12 09:33:19,2026-09-12 09:33:23,1221
E1007381,T1002620,AUTHORIZED,2026-09-21 19:02:41,2026-09-21 19:02:48,2064
E1006914,T1002454,CREATED,2026-09-20 13:18:16,2026-09-20 13:18:17,2363
E1001862,T1000652,SETTLED,2026-09-06 13:17:58,2026-09-06 13:18:08,1674
E1003875,T1001361,CREATED,2026-09-12 10:41:30,2026-09-12 10:41:35,312
E1002213,T1000775,SETTLED,2026-09-07 12:30:37,2026-09-07 12:30:47,2252
E1010295,T1003648,AUTHORIZED,2026-09-29 12:46:02,2026-09-29 12:46:04,1961
E1001419,T1000499,CREATED,2026-09-05 18:20:11,2026-09-05 18:20:18,47
E1001686,T1000592,AUTHORIZED,2026-09-05 16:31:09,2026-09-05 16:31:15,1163
E1007726,T1002744,SETTLED,2026-09-22 09:38:40,2026-09-22 09:57:40,726
E1005424,T1001916,FAILED,2026-09-16 11:03:11,2026-09-16 11:03:18,1662
E1001300,T1000458,CREATED,2026-09-04 11:55:19,2026-09-04 11:55:27,491
E1010280,T1003643,AUTHORIZED,2026-09-29 18:59:22,2026-09-29 18:59:27,1183
E1000051,T1000019,CREATED,2026-09-01 19:29:09,2026-09-01 19:29:18,212
E1000630,T1000222,CREATED,2026-09-02 16:20:06,2026-09-02 16:20:15,1071
E1000479,T1000168,AUTHORIZED,2026-09-02 19:47:38,2026-09-02 19:47:45,1955
E1008398,T1002980,SETTLED,2026-09-24 12:10:27,2026-09-24 12:10:34,1687
E1010497,T1003720,CREATED,2026-09-30 08:02:58,2026-09-30 08:03:01,548
E1009839,T1003490,AUTHORIZED,2026-09-28 12:19:24,2026-09-28 12:19:25,2168
E1002360,T1000828,CREATED,2026-09-07 08:11:11,2026-09-07 08:11:19,1887
E1001250,T1000440,AUTHORIZED,2026-09-04 19:04:39,2026-09-04 19:04:44,1212
E1000803,T1000283,CREATED,2026-09-03 21:07:48,2026-09-03 21:07:52,274
E1009782,T1003469,AUTHORIZED,2026-09-28 13:41:41,2026-09-28 13:41:47,926
E1004030,T1001417,CREATED,2026-09-12 12:45:52,2026-09-12 12:45:58,1976
E1000870,T1000306,SETTLED,2026-09-03 12:19:33,2026-09-03 12:19:37,2135
E1003575,T1001254,SETTLED,2026-09-11 20:36:13,2026-09-11 20:36:17,1455
E1010048,T1003563,AUTHORIZED,2026-09-28 12:04:01,2026-09-28 12:04:02,394
E1008407,T1002983,SETTLED,2026-09-24 19:27:06,2026-09-24 19:27:12,340
E1001778,T1000623,SETTLED,2026-09-06 13:57:38,2026-09-06 13:57:42,108
E1004785,T1001684,AUTHORIZED,2026-09-14 17:52:13,2026-09-14 17:52:21,1891
E1007490,T1002659,CREATED,2026-09-21 18:59:33,2026-09-21 18:59:35,2353
E1003679,T1001291,SETTLED,2026-09-11 18:50:02,2026-09-11 18:50:04,350
E1009771,T1003465,AUTHORIZED,2026-09-28 07:19:48,2026-09-28 07:19:51,2399
E1000708,T1000248,SETTLED,2026-09-03 21:47:41,2026-09-03 23:13:41,474
E1004382,T1001540,AUTHORIZED,2026-09-13 09:39:26,2026-09-13 09:39:34,1678
E1001665,T1000585,CREATED,2026-09-05 19:49:08,2026-09-05 19:49:16,736
E1006102,T1002157,CREATED,2026-09-18 20:15:24,2026-09-18 20:15:28,1027
E1005120,T1001804,SETTLED,2026-09-15 18:59:53,2026-09-15 18:59:59,1024
E1010626,T1003765,SETTLED,2026-09-30 17:44:07,2026-09-30 17:44:17,918
E1006694,T1002374,AUTHORIZED,2026-09-19 17:08:06,2026-09-19 17:08:11,2291
E1010740,T1003806,SETTLED,2026-09-30 09:29:55,2026-09-30 09:29:57,1318
E1007398,T1002627,CREATED,2026-09-21 13:11:25,2026-09-21 13:11:33,1255
E1003970,T1001395,CREATED,2026-09-12 13:45:09,2026-09-12 13:45:13,1668
E1000739,T1000260,AUTHORIZED,2026-09-03 14:58:37,2026-09-03 14:58:39,1590
E1002562,T1000900,SETTLED,2026-09-08 09:13:12,2026-09-08 09:13:15,2335
E1008848,T1003138,AUTHORIZED,2026-09-26 13:03:24,2026-09-26 13:03:26,1745
E1005490,T1001940,AUTHORIZED,2026-09-16 18:58:29,2026-09-16 18:58:35,2285
E1008282,T1002938,AUTHORIZED,2026-09-24 13:13:04,2026-09-24 13:13:14,1321
E1005118,T1001804,CREATED,2026-09-15 17:54:53,2026-09-15 17:54:59,1820
E1004023,T1001414,SETTLED,2026-09-12 13:33:42,2026-09-12 13:33:44,2500
E1001013,T1000357,CREATED,2026-09-04 19:31:10,2026-09-04 19:31:17,1367
E1010765,T1003815,SETTLED,2026-09-30 17:34:36,2026-09-30 17:34:39,1521
E1009492,T1003366,CREATED,2026-09-27 20:01:45,2026-09-27 20:01:52,926
E1009901,T1003512,AUTHORIZED,2026-09-28 11:34:33,2026-09-28 11:34:34,709
E1002442,T1000857,AUTHORIZED,2026-09-07 13:10:11,2026-09-07 13:10:17,1279
E1005699,T1002014,AUTHORIZED,2026-09-17 21:13:50,2026-09-17 21:13:52,199
E1007644,T1002715,CREATED,2026-09-22 13:45:02,2026-09-22 13:45:05,1523
E1003287,T1001153,SETTLED,2026-09-10 19:43:11,2026-09-10 19:43:20,753
E1002879,T1001012,CREATED,2026-09-09 16:46:57,2026-09-09 16:47:05,1672
E1003634,T1001275,AUTHORIZED,2026-09-11 22:39:13,2026-09-11 22:39:19,675
E1007307,T1002594,AUTHORIZED,2026-09-21 21:57:53,2026-09-21 21:58:01,1670
E1002906,T1001021,CREATED,2026-09-09 14:40:50,2026-09-09 14:40:59,1963
E1010064,T1003568,SETTLED,2026-09-28 19:09:30,2026-09-28 19:09:37,1438
E1006834,T1002425,AUTHORIZED,2026-09-20 11:30:35,2026-09-20 11:30:43,2109
E1009013,T1003198,CREATED,2026-09-26 21:19:32,2026-09-26 21:19:33,1096
E1000161,T1000057,SETTLED,2026-09-01 11:14:07,2026-09-01 11:14:08,1318
E1004647,T1001634,AUTHORIZED,2026-09-14 18:09:14,2026-09-14 18:09:20,370
E1005584,T1001973,CREATED,2026-09-16 09:28:51,2026-09-16 09:29:01,871
E1007475,T1002654,CREATED,2026-09-21 16:39:32,2026-09-21 16:39:35,307
E1010753,T1003811,CREATED,2026-09-30 12:54:55,2026-09-30 12:54:57,1437
E1008123,T1002883,CREATED,2026-09-23 12:22:23,2026-09-23 12:22:28,955
E1010250,T1003633,AUTHORIZED,2026-09-29 11:37:19,2026-09-29 11:37:29,2286
E1000852,T1000300,SETTLED,2026-09-03 18:43:16,2026-09-03 18:43:20,1028
E1006665,T1002363,CREATED,2026-09-19 18:32:19,2026-09-19 18:32:25,999
E1001253,T1000441,AUTHORIZED,2026-09-04 11:14:41,2026-09-04 11:14:48,1363
E1010403,T1003687,CREATED,2026-09-29 23:03:25,2026-09-29 23:03:28,1867
E1002080,T1000729,AUTHORIZED,2026-09-06 18:27:48,2026-09-06 18:27:58,820
E1004326,T1001520,CREATED,2026-09-13 11:26:40,2026-09-13 11:26:42,849
E1000665,T1000234,AUTHORIZED,2026-09-02 19:31:58,2026-09-02 19:32:08,315
E1006065,T1002143,CREATED,2026-09-18 20:59:19,2026-09-18 20:59:23,599
E1003711,T1001302,SETTLED,2026-09-11 12:27:05,2026-09-11 12:27:09,1994
E1002878,T1001011,AUTHORIZED,2026-09-09 12:45:30,2026-09-09 12:45:34,1098
E1002753,T1000967,AUTHORIZED,2026-09-08 18:57:04,2026-09-08 18:57:09,2404
E1000706,T1000248,CREATED,2026-09-03 21:34:41,2026-09-03 22:10:41,1987
E1006493,T1002299,AUTHORIZED,2026-09-19 08:02:11,2026-09-19 08:02:12,758
E1010381,T1003679,SETTLED,2026-09-29 13:38:40,2026-09-29 13:38:43,1928
E1005299,T1001871,CREATED,2026-09-16 09:48:41,2026-09-16 09:48:49,1207
E1006430,T1002275,SETTLED,2026-09-19 23:08:20,2026-09-19 23:08:30,2181
E1003480,T1001221,SETTLED,2026-09-10 08:13:15,2026-09-10 08:13:21,2431
E1005234,T1001845,SETTLED,2026-09-15 19:49:20,2026-09-15 19:49:24,2116
E1004951,T1001743,CREATED,2026-09-14 07:19:24,2026-09-14 07:19:30,2144
E1000585,T1000206,CREATED,2026-09-02 14:50:03,2026-09-02 14:50:13,1953
E1000854,T1000301,AUTHORIZED,2026-09-03 19:09:15,2026-09-03 19:09:25,1879
E1008511,T1003020,SETTLED,2026-09-25 20:19:06,2026-09-25 20:19:14,324
E1002515,T1000883,SETTLED,2026-09-08 10:05:41,2026-09-08 10:05:44,2225
E1003844,T1001350,SETTLED,2026-09-12 17:38:03,2026-09-12 17:38:06,1840
E1010616,T1003762,CREATED,2026-09-30 12:47:03,2026-09-30 12:47:05,617
E1000863,T1000304,AUTHORIZED,2026-09-03 08:01:32,2026-09-03 08:01:34,1104
E1006187,T1002188,CREATED,2026-09-18 10:23:25,2026-09-18 10:23:30,1698
E1007193,T1002552,AUTHORIZED,2026-09-21 16:54:49,2026-09-21 16:54:51,416
E1006442,T1002280,SETTLED,2026-09-19 13:16:47,2026-09-19 13:16:53,1154
E1004898,T1001724,CREATED,2026-09-14 13:43:36,2026-09-14 13:43:44,339
E1000327,T1000116,CREATED,2026-09-01 18:51:18,2026-09-01 18:51:27,323
E1005851,T1002067,AUTHORIZED,2026-09-17 12:20:18,2026-09-17 12:20:23,1835
E1003157,T1001108,AUTHORIZED,2026-09-10 07:47:38,2026-09-10 07:47:42,100
E1001929,T1000676,CREATED,2026-09-06 07:15:32,2026-09-06 07:15:38,364
E1005578,T1001971,CREATED,2026-09-16 16:31:51,2026-09-16 16:32:01,2416
E1004468,T1001571,SETTLED,2026-09-13 19:56:46,2026-09-13 19:56:53,1716
E1000201,T1000071,CREATED,2026-09-01 17:05:42,2026-09-01 17:05:46,2154
E1004975,T1001751,CREATED,2026-09-14 23:37:41,2026-09-14 23:37:47,1574
E1010153,T1003600,CREATED,2026-09-29 19:41:05,2026-09-29 19:41:06,1985
E1001163,T1000411,CREATED,2026-09-04 15:03:38,2026-09-04 15:03:39,1470
E1001647,T1000579,CREATED,2026-09-05 11:59:24,2026-09-05 13:10:24,2261
E1010711,T1003796,CREATED,2026-09-30 18:14:33,2026-09-30 18:14:41,1477
E1006576,T1002329,AUTHORIZED,2026-09-19 12:32:23,2026-09-19 12:32:30,1114
E1007363,T1002613,AUTHORIZED,2026-09-21 14:22:51,2026-09-21 14:22:53,1848
E1000753,T1000265,CREATED,2026-09-03 14:28:44,2026-09-03 14:28:51,1410
E1001506,T1000529,SETTLED,2026-09-05 10:27:07,2026-09-05 10:27:12,1371
E1007203,T1002555,SETTLED,2026-09-21 11:42:45,2026-09-21 11:42:55,1626
E1010336,T1003663,SETTLED,2026-09-29 13:25:24,2026-09-29 13:40:24,594
E1009034,T1003205,AUTHORIZED,2026-09-26 18:34:01,2026-09-26 18:34:05,1631
E1000798,T1000281,AUTHORIZED,2026-09-03 10:47:07,2026-09-03 10:47:09,2001
E1007000,T1002484,CREATED,2026-09-20 12:24:05,2026-09-20 12:24:12,73
E1008130,T1002885,AUTHORIZED,2026-09-23 20:45:21,2026-09-23 20:45:25,901
E1005455,T1001927,SETTLED,2026-09-16 15:45:44,2026-09-16 16:29:44,2470
E1003933,T1001381,CREATED,2026-09-12 20:40:12,2026-09-12 20:40:17,322
E1002063,T1000723,AUTHORIZED,2026-09-06 17:06:54,2026-09-06 17:06:59,2322
E1003022,T1001061,CREATED,2026-09-09 19:47:30,2026-09-09 19:47:35,847
E1010177,T1003608,AUTHORIZED,2026-09-29 12:36:48,2026-09-29 12:36:49,552
E1007939,T1002818,SETTLED,2026-09-23 12:43:16,2026-09-23 12:43:23,1821
E1001624,T1000571,AUTHORIZED,2026-09-05 20:25:44,2026-09-05 20:25:48,1551
E1009413,T1003337,FAILED,2026-09-27 20:50:00,2026-09-27 20:50:01,1118
E1004927,T1001734,CREATED,2026-09-14 09:06:28,2026-09-14 09:06:37,159
E1003296,T1001157,CREATED,2026-09-10 17:18:35,2026-09-10 17:18:45,1180
E1002798,T1000983,AUTHORIZED,2026-09-08 10:24:04,2026-09-08 10:24:09,2139
E1007697,T1002734,SETTLED,2026-09-22 22:36:56,2026-09-22 22:36:57,2484
E1002822,T1000991,SETTLED,2026-09-08 21:54:55,2026-09-08 21:55:03,798
E1004400,T1001547,AUTHORIZED,2026-09-13 12:03:39,2026-09-13 12:03:48,998
E1009411,T1003336,SETTLED,2026-09-27 14:39:19,2026-09-27 14:39:20,1872
E1009544,T1003384,AUTHORIZED,2026-09-27 15:25:35,2026-09-27 15:25:39,446
E1001087,T1000385,CREATED,2026-09-04 10:15:06,2026-09-04 10:15:07,2141
E1004005,T1001407,AUTHORIZED,2026-09-12 14:23:33,2026-09-12 14:23:38,59
E1001822,T1000639,CREATED,2026-09-06 11:33:08,2026-09-06 11:33:13,2308
E1008279,T1002937,AUTHORIZED,2026-09-24 13:22:52,2026-09-24 13:52:52,1539
E1009560,T1003389,SETTLED,2026-09-27 13:03:18,2026-09-27 13:03:19,720
E1001436,T1000505,SETTLED,2026-09-05 10:23:48,2026-09-05 10:23:56,1204
E1006380,T1002256,SETTLED,2026-09-19 23:05:52,2026-09-19 23:05:57,2029
E1002931,T1001029,AUTHORIZED,2026-09-09 19:01:54,2026-09-09 19:02:00,2294
E1004107,T1001444,CREATED,2026-09-12 20:17:55,2026-09-12 20:17:59,1147
E1006486,T1002296,SETTLED,2026-09-19 18:01:38,2026-09-19 18:01:39,1364
E1002682,T1000943,CREATED,2026-09-08 13:27:15,2026-09-08 13:27:21,318
E1004260,T1001497,AUTHORIZED,2026-09-13 09:19:01,2026-09-13 09:19:11,1939
E1002719,T1000955,SETTLED,2026-09-08 13:44:33,2026-09-08 13:44:38,450
E1009692,T1003437,CREATED,2026-09-27 18:39:29,2026-09-27 18:39:38,2047
E1006941,T1002463,AUTHORIZED,2026-09-20 14:03:48,2026-09-20 14:03:58,423
E1001527,T1000537,CREATED,2026-09-05 19:02:55,2026-09-05 19:03:00,988
E1001860,T1000652,CREATED,2026-09-06 13:04:58,2026-09-06 13:05:01,1435
E1000591,T1000208,CREATED,2026-09-02 14:56:48,2026-09-02 14:56:51,42
E1000716,T1000252,CREATED,2026-09-03 19:57:30,2026-09-03 20:20:30,981
E1009812,T1003480,SETTLED,2026-09-28 15:22:55,2026-09-28 15:23:00,784
E1001857,T1000651,CREATED,2026-09-06 10:29:20,2026-09-06 10:29:22,1920
E1010550,T1003738,SETTLED,2026-09-30 21:57:09,2026-09-30 21:57:15,1522
E1004208,T1001479,AUTHORIZED,2026-09-12 20:22:45,2026-09-12 20:22:49,1056
E1000925,T1000326,CREATED,2026-09-03 23:06:10,2026-09-03 23:06:19,525
E1008938,T1003171,AUTHORIZED,2026-09-26 12:14:06,2026-09-26 12:14:07,1882
E1004009,T1001409,CREATED,2026-09-12 23:07:38,2026-09-12 23:07:44,946
E1005376,T1001898,CREATED,2026-09-16 16:35:07,2026-09-16 16:35:15,1784
E1007505,T1002665,CREATED,2026-09-22 20:11:04,2026-09-22 20:11:14,2224
E1001321,T1000465,CREATED,2026-09-05 14:15:33,2026-09-05 14:15:43,1295
E1004982,T1001753,AUTHORIZED,2026-09-14 09:46:46,2026-09-14 11:01:46,2376
E1000215,T1000076,CREATED,2026-09-01 21:08:57,2026-09-01 21:09:01,385
E1002195,T1000769,AUTHORIZED,2026-09-06 20:33:10,2026-09-06 20:33:17,2432
E1008390,T1002978,CREATED,2026-09-24 10:49:49,2026-09-24 10:49:55,1839
E1001732,T1000607,SETTLED,2026-09-05 07:43:33,2026-09-05 07:43:43,2163
E1001817,T1000637,AUTHORIZED,2026-09-06 08:07:26,2026-09-06 08:07:33,262
E1007068,T1002509,CREATED,2026-09-20 06:06:46,2026-09-20 06:06:54,1863
E1009750,T1003457,SETTLED,2026-09-28 21:31:44,2026-09-28 21:31:54,931
E1000659,T1000232,AUTHORIZED,2026-09-02 12:35:52,2026-09-02 12:35:58,892
E1009422,T1003341,AUTHORIZED,2026-09-27 15:35:30,2026-09-27 15:35:37,865
E1004787,T1001685,CREATED,2026-09-14 18:08:48,2026-09-14 18:08:51,1021
E1004710,T1001656,SETTLED,2026-09-14 13:51:43,2026-09-14 13:51:44,1177
E1001439,T1000506,SETTLED,2026-09-05 13:50:53,2026-09-05 13:50:55,156
E1002202,T1000772,CREATED,2026-09-06 13:50:34,2026-09-06 13:50:35,2493
E1002661,T1000935,CREATED,2026-09-08 10:25:55,2026-09-08 10:25:58,1807
E1008510,T1003020,AUTHORIZED,2026-09-25 20:12:23,2026-09-25 20:12:29,601
E1004179,T1001469,CREATED,2026-09-12 20:11:22,2026-09-12 20:11:32,1947
E1004829,T1001700,CREATED,2026-09-14 19:53:29,2026-09-14 19:53:36,1714
E1008773,T1003112,CREATED,2026-09-25 20:08:05,2026-09-25 20:08:14,940
E1003073,T1001078,SETTLED,2026-09-09 09:13:25,2026-09-09 09:13:32,693
E1003561,T1001250,CREATED,2026-09-11 14:30:10,2026-09-11 14:30:18,1667
E1004852,T1001707,SETTLED,2026-09-14 21:13:58,2026-09-14 21:14:07,658
E1005469,T1001932,SETTLED,2026-09-16 14:33:01,2026-09-16 14:33:03,1888
E1007310,T1002595,AUTHORIZED,2026-09-21 11:17:07,2026-09-21 11:17:08,68
E1009520,T1003376,CREATED,2026-09-27 10:05:37,2026-09-27 10:05:46,1124
E1003983,T1001399,AUTHORIZED,2026-09-12 22:22:16,2026-09-12 22:22:21,118
E1007634,T1002711,AUTHORIZED,2026-09-22 18:46:32,2026-09-22 18:46:41,2311
E1001824,T1000640,CREATED,2026-09-06 12:23:29,2026-09-06 12:23:38,171
E1006351,T1002246,AUTHORIZED,2026-09-19 18:51:01,2026-09-19 18:51:04,859
E1008894,T1003154,AUTHORIZED,2026-09-26 14:34:22,2026-09-26 14:34:23,1454
E1005035,T1001773,FAILED,2026-09-15 10:51:18,2026-09-15 10:51:28,804
E1005741,T1002029,AUTHORIZED,2026-09-17 18:36:53,2026-09-17 18:37:01,1891
E1004717,T1001659,CREATED,2026-09-14 20:46:55,2026-09-14 20:47:03,1383
E1006258,T1002213,SETTLED,2026-09-18 11:58:31,2026-09-18 11:58:38,1339
E1002467,T1000866,CREATED,2026-09-07 18:46:39,2026-09-07 18:46:45,552
E1009094,T1003226,SETTLED,2026-09-26 08:19:45,2026-09-26 08:19:55,230
E1001511,T1000531,AUTHORIZED,2026-09-05 17:15:41,2026-09-05 17:15:49,2279
E1008040,T1002853,SETTLED,2026-09-23 19:05:24,2026-09-23 19:05:27,2044
E1009551,T1003386,SETTLED,2026-09-27 18:18:52,2026-09-27 18:18:54,2281
E1004943,T1001740,CREATED,2026-09-14 22:17:32,2026-09-14 22:17:36,1760
E1003794,T1001333,AUTHORIZED,2026-09-11 09:10:57,2026-09-11 09:11:00,2404
E1001151,T1000407,CREATED,2026-09-04 18:41:10,2026-09-04 18:41:14,389
E1001850,T1000648,SETTLED,2026-09-06 17:03:34,2026-09-06 17:03:44,2334
E1001472,T1000517,SETTLED,2026-09-05 15:22:38,2026-09-05 15:22:40,1627
E1008550,T1003034,AUTHORIZED,2026-09-25 08:24:00,2026-09-25 08:24:04,332
E1000080,T1000028,SETTLED,2026-09-01 10:35:46,2026-09-01 10:35:52,912
E1010277,T1003642,AUTHORIZED,2026-09-29 13:20:23,2026-09-29 13:20:29,1670
E1007006,T1002486,CREATED,2026-09-20 13:01:45,2026-09-20 13:01:49,1771
E1008017,T1002845,SETTLED,2026-09-23 16:14:07,2026-09-23 16:14:08,499
E1002130,T1000747,CREATED,2026-09-06 09:15:11,2026-09-06 09:15:18,1442
E1005099,T1001797,CREATED,2026-09-15 12:22:17,2026-09-15 12:22:27,609
E1003836,T1001348,CREATED,2026-09-12 08:04:55,2026-09-12 08:05:01,768
E1006266,T1002216,SETTLED,2026-09-18 07:37:15,2026-09-18 07:37:18,1835
E1001022,T1000360,SETTLED,2026-09-04 18:46:19,2026-09-04 18:46:29,2355
E1006068,T1002144,CREATED,2026-09-18 11:18:13,2026-09-18 11:18:18,279
E1004415,T1001552,SETTLED,2026-09-13 15:07:45,2026-09-13 15:07:54,1304
E1002450,T1000860,AUTHORIZED,2026-09-07 20:10:06,2026-09-07 20:10:11,529
E1010703,T1003793,AUTHORIZED,2026-09-30 19:30:28,2026-09-30 19:30:37,2300
E1007657,T1002720,CREATED,2026-09-22 15:57:33,2026-09-22 15:57:37,78
E1009756,T1003460,CREATED,2026-09-28 13:44:50,2026-09-28 13:44:55,1444
E1009583,T1003397,SETTLED,2026-09-27 17:07:11,2026-09-27 17:53:11,2468
E1009923,T1003520,AUTHORIZED,2026-09-28 13:41:39,2026-09-28 13:41:43,1240
E1002671,T1000939,CREATED,2026-09-08 10:42:01,2026-09-08 10:42:09,403
E1001530,T1000538,CREATED,2026-09-05 20:40:40,2026-09-05 20:40:49,1158
E1003881,T1001363,CREATED,2026-09-12 10:53:29,2026-09-12 10:53:32,2365
E1000399,T1000140,SETTLED,2026-09-02 08:26:57,2026-09-02 08:27:01,1498
E1008999,T1003193,AUTHORIZED,2026-09-26 18:41:54,2026-09-26 18:42:00,634
E1008841,T1003136,CREATED,2026-09-26 15:53:37,2026-09-26 15:53:38,399
E1000461,T1000162,CREATED,2026-09-02 12:12:26,2026-09-02 12:12:34,1908
E1009369,T1003322,AUTHORIZED,2026-09-27 11:56:04,2026-09-27 11:56:14,2365
E1001555,T1000546,SETTLED,2026-09-05 12:56:42,2026-09-05 12:56:49,2177
E1008973,T1003183,SETTLED,2026-09-26 12:43:25,2026-09-26 12:43:35,133
E1009267,T1003287,SETTLED,2026-09-26 14:29:18,2026-09-26 14:29:19,1855
E1005254,T1001854,CREATED,2026-09-15 17:17:04,2026-09-15 17:17:13,2185
E1010342,T1003666,CREATED,2026-09-29 11:28:42,2026-09-29 11:28:43,490
E1000124,T1000044,FAILED,2026-09-01 12:45:14,2026-09-01 12:45:17,825
E1003582,T1001257,AUTHORIZED,2026-09-11 20:19:17,2026-09-11 20:19:27,2221
E1006588,T1002334,CREATED,2026-09-19 12:39:24,2026-09-19 12:39:34,2399
E1006698,T1002376,CREATED,2026-09-19 14:31:11,2026-09-19 14:31:17,1328
E1002123,T1000744,SETTLED,2026-09-06 11:18:10,2026-09-06 11:18:13,798
E1000520,T1000183,CREATED,2026-09-02 10:14:41,2026-09-02 10:14:44,1990
E1006217,T1002198,AUTHORIZED,2026-09-18 12:43:10,2026-09-18 12:43:15,1814
E1008561,T1003038,CREATED,2026-09-25 12:35:37,2026-09-25 12:35:44,292
E1009300,T1003298,SETTLED,2026-09-26 15:58:13,2026-09-26 15:58:22,1907
E1003222,T1001131,CREATED,2026-09-10 11:08:42,2026-09-10 11:08:44,1036
E1002113,T1000741,AUTHORIZED,2026-09-06 11:43:27,2026-09-06 11:43:28,1801
E1005093,T1001795,CREATED,2026-09-15 17:03:27,2026-09-15 17:03:34,1386
E1003075,T1001079,AUTHORIZED,2026-09-09 15:49:30,2026-09-09 15:49:32,1614
E1010093,T1003579,CREATED,2026-09-28 14:45:41,2026-09-28 14:45:44,1014
E1002658,T1000934,CREATED,2026-09-08 19:19:17,2026-09-08 19:19:24,1965
E1000891,T1000314,CREATED,2026-09-03 20:38:12,2026-09-03 20:38:14,1264
E1003944,T1001385,AUTHORIZED,2026-09-12 08:37:02,2026-09-12 08:37:08,1667
E1010583,T1003750,SETTLED,2026-09-30 18:09:51,2026-09-30 18:09:57,49
E1002356,T1000826,SETTLED,2026-09-07 17:42:57,2026-09-07 17:43:02,1693
E1002046,T1000717,CREATED,2026-09-06 22:19:10,2026-09-06 22:19:18,1422
E1009521,T1003376,AUTHORIZED,2026-09-27 10:05:40,2026-09-27 10:05:43,1256
E1003835,T1001347,SETTLED,2026-09-12 17:39:43,2026-09-12 17:39:49,1362
E1006399,T1002264,CREATED,2026-09-19 17:56:49,2026-09-19 17:56:57,971
E1009176,T1003255,AUTHORIZED,2026-09-26 12:04:59,2026-09-26 12:05:03,785
E1001370,T1000481,SETTLED,2026-09-05 10:31:48,2026-09-05 10:31:57,921
E1003770,T1001325,AUTHORIZED,2026-09-11 13:26:43,2026-09-11 13:26:48,139
E1010593,T1003754,CREATED,2026-09-30 12:19:00,2026-09-30 12:19:03,1905
E1007507,T1002665,SETTLED,2026-09-22 20:28:04,2026-09-22 20:28:12,2297
E1002052,T1000719,AUTHORIZED,2026-09-06 21:18:26,2026-09-06 21:18:29,1570
E1008953,T1003176,AUTHORIZED,2026-09-26 20:59:39,2026-09-26 20:59:40,2216
E1009028,T1003203,AUTHORIZED,2026-09-26 22:36:52,2026-09-26 22:36:55,1625
E1007277,T1002583,AUTHORIZED,2026-09-21 21:19:12,2026-09-21 21:19:19,1105
E1002584,T1000908,CREATED,2026-09-08 14:30:32,2026-09-08 14:30:33,1134
E1000294,T1000104,AUTHORIZED,2026-09-01 19:54:34,2026-09-01 19:54:42,1612
E1001896,T1000664,AUTHORIZED,2026-09-06 21:34:47,2026-09-06 21:34:55,679
E1010392,T1003683,AUTHORIZED,2026-09-29 20:16:45,2026-09-29 20:16:55,1064
E1008207,T1002911,CREATED,2026-09-24 06:52:09,2026-09-24 06:52:12,56
E1001377,T1000484,CREATED,2026-09-05 12:16:56,2026-09-05 12:17:04,1546
E1001835,T1000643,SETTLED,2026-09-06 20:17:15,2026-09-06 20:17:24,1276
E1010584,T1003751,CREATED,2026-09-30 12:49:37,2026-09-30 12:49:45,1230
E1009217,T1003270,AUTHORIZED,2026-09-26 15:30:44,2026-09-26 15:30:52,944
E1008418,T1002988,CREATED,2026-09-24 08:39:10,2026-09-24 08:39:17,1245
E1008064,T1002862,CREATED,2026-09-23 10:36:28,2026-09-23 10:36:31,2360
E1002755,T1000968,AUTHORIZED,2026-09-08 09:10:43,2026-09-08 09:10:49,2482
E1001372,T1000482,AUTHORIZED,2026-09-05 19:56:38,2026-09-05 19:56:42,2424
E1004730,T1001664,AUTHORIZED,2026-09-14 13:45:24,2026-09-14 13:45:25,2223
E1001226,T1000432,AUTHORIZED,2026-09-04 11:54:19,2026-09-04 11:54:25,2393
E1002656,T1000933,CREATED,2026-09-08 13:14:33,2026-09-08 13:14:42,2268
E1003738,T1001314,CREATED,2026-09-11 12:26:54,2026-09-11 12:27:00,2292
E1002704,T1000950,SETTLED,2026-09-08 14:08:59,2026-09-08 14:09:08,155
E1008989,T1003190,CREATED,2026-09-26 13:33:36,2026-09-26 13:33:39,1704
E1001826,T1000640,SETTLED,2026-09-06 12:35:29,2026-09-06 12:35:35,1156
E1005467,T1001932,CREATED,2026-09-16 14:23:01,2026-09-16 14:23:03,359
E1002810,T1000987,AUTHORIZED,2026-09-08 09:21:07,2026-09-08 09:21:12,2290
E1004127,T1001451,CREATED,2026-09-12 11:07:52,2026-09-12 11:07:59,2078
E1003596,T1001262,AUTHORIZED,2026-09-11 18:01:48,2026-09-11 18:01:57,576
E1005465,T1001931,CREATED,2026-09-16 12:24:13,2026-09-16 12:24:14,721
E1002203,T1000772,AUTHORIZED,2026-09-06 13:51:02,2026-09-06 13:51:03,2040
E1007920,T1002812,CREATED,2026-09-23 14:13:58,2026-09-23 14:14:03,176
E1007278,T1002583,SETTLED,2026-09-21 21:29:51,2026-09-21 21:29:52,2408
E1008699,T1003086,CREATED,2026-09-25 20:09:01,2026-09-25 20:09:08,1229
E1002248,T1000788,CREATED,2026-09-07 18:25:40,2026-09-07 18:25:44,1553
E1008826,T1003130,SETTLED,2026-09-25 21:25:37,2026-09-25 21:25:42,2052
E1004747,T1001670,SETTLED,2026-09-14 21:32:46,2026-09-14 21:32:56,2282
E1002001,T1000700,FAILED,2026-09-06 11:11:13,2026-09-06 11:11:18,947
E1007268,T1002580,AUTHORIZED,2026-09-21 19:55:59,2026-09-21 19:56:04,1521
E1009908,T1003515,CREATED,2026-09-28 13:48:55,2026-09-28 13:49:01,1089
E1002561,T1000900,AUTHORIZED,2026-09-08 09:06:17,2026-09-08 09:06:24,2472
E1004117,T1001447,SETTLED,2026-09-12 10:08:12,2026-09-12 10:08:22,1087
E1006547,T1002319,AUTHORIZED,2026-09-19 14:40:19,2026-09-19 14:40:25,307
E1008475,T1003008,CREATED,2026-09-25 08:39:44,2026-09-25 08:39:53,539
E1006248,T1002209,SETTLED,2026-09-18 13:08:51,2026-09-18 13:08:58,522
E1002982,T1001047,SETTLED,2026-09-09 10:55:29,2026-09-09 10:55:34,903
E1005255,T1001854,AUTHORIZED,2026-09-15 17:17:27,2026-09-15 17:17:35,2385
E1007537,T1002676,SETTLED,2026-09-22 08:18:28,2026-09-22 08:18:37,2164
E1008247,T1002925,AUTHORIZED,2026-09-24 19:02:48,2026-09-24 19:02:50,1685
E1008639,T1003065,CREATED,2026-09-25 20:08:17,2026-09-25 20:08:25,1976
E1005296,T1001870,CREATED,2026-09-16 13:07:24,2026-09-16 13:07:33,123
E1010017,T1003552,AUTHORIZED,2026-09-28 11:38:09,2026-09-28 11:38:16,2006
E1008940,T1003172,CREATED,2026-09-26 17:06:36,2026-09-26 17:06:38,2259
E1004690,T1001649,SETTLED,2026-09-14 19:02:54,2026-09-14 19:02:55,2299
E1003813,T1001340,AUTHORIZED,2026-09-12 12:37:58,2026-09-12 12:38:04,1547
E1009409,T1003336,CREATED,2026-09-27 13:00:19,2026-09-27 13:00:24,1881
E1002722,T1000956,SETTLED,2026-09-08 18:45:40,2026-09-08 18:45:47,322
E1007620,T1002706,SETTLED,2026-09-22 14:03:51,2026-09-22 14:03:52,551
E1004629,T1001628,CREATED,2026-09-13 18:18:21,2026-09-13 18:18:27,2329
E1008583,T1003045,SETTLED,2026-09-25 10:09:42,2026-09-25 10:09:48,990
E1007607,T1002701,SETTLED,2026-09-22 22:13:00,2026-09-22 22:13:08,2471
E1000455,T1000160,CREATED,2026-09-02 18:03:28,2026-09-02 18:03:37,1232
E1004697,T1001652,AUTHORIZED,2026-09-14 17:45:07,2026-09-14 17:45:08,1919
E1005354,T1001890,SETTLED,2026-09-16 14:31:42,2026-09-16 14:31:51,1194
E1009168,T1003252,SETTLED,2026-09-26 08:20:15,2026-09-26 08:20:22,63
E1007577,T1002691,CREATED,2026-09-22 17:59:32,2026-09-22 17:59:37,2429
E1008974,T1003184,CREATED,2026-09-26 09:57:48,2026-09-26 09:57:50,1606
E1006327,T1002237,AUTHORIZED,2026-09-19 09:57:37,2026-09-19 09:57:47,434
E1005395,T1001905,CREATED,2026-09-16 22:55:01,2026-09-16 22:55:08,1840
E1002542,T1000893,SETTLED,2026-09-08 14:00:39,2026-09-08 14:00:45,361
E1001691,T1000594,CREATED,2026-09-05 21:07:58,2026-09-05 21:07:59,580
E1010128,T1003591,AUTHORIZED,2026-09-29 19:09:07,2026-09-29 19:09:16,359
E1003710,T1001302,AUTHORIZED,2026-09-11 10:46:25,2026-09-11 10:46:27,2375
E1006971,T1002474,CREATED,2026-09-20 15:09:33,2026-09-20 15:09:37,1826
E1004465,T1001570,SETTLED,2026-09-13 19:33:31,2026-09-13 19:33:39,844
E1008960,T1003178,SETTLED,2026-09-26 12:08:17,2026-09-26 12:08:23,1466
E1000960,T1000338,CREATED,2026-09-03 20:09:13,2026-09-03 20:09:21,2004
E1008850,T1003139,CREATED,2026-09-26 06:52:20,2026-09-26 07:55:20,1472
E1009723,T1003447,SETTLED,2026-09-27 19:00:17,2026-09-27 19:00:27,1927
E1004322,T1001518,SETTLED,2026-09-13 18:38:44,2026-09-13 18:38:52,966
E1003375,T1001184,CREATED,2026-09-10 08:45:16,2026-09-10 08:45:17,1424
E1003727,T1001309,FAILED,2026-09-11 13:30:39,2026-09-11 13:30:48,1466
E1002489,T1000874,CREATED,2026-09-07 11:21:45,2026-09-07 11:21:51,620
E1001591,T1000559,SETTLED,2026-09-05 18:45:56,2026-09-05 18:45:59,2378
E1005015,T1001765,SETTLED,2026-09-15 22:52:51,2026-09-15 22:53:01,1823
E1007221,T1002562,CREATED,2026-09-21 12:04:24,2026-09-21 12:04:30,974
E1002625,T1000922,CREATED,2026-09-08 08:05:00,2026-09-08 08:05:06,1038
E1010697,T1003791,AUTHORIZED,2026-09-30 14:08:36,2026-09-30 14:08:41,2157
E1009579,T1003396,AUTHORIZED,2026-09-27 12:55:09,2026-09-27 12:55:11,370
E1001723,T1000604,SETTLED,2026-09-05 12:46:32,2026-09-05 12:46:34,1206
E1000013,T1000005,CREATED,2026-09-01 09:02:02,2026-09-01 09:02:08,481
E1008872,T1003146,SETTLED,2026-09-26 19:53:36,2026-09-26 19:53:42,2057
E1002497,T1000876,SETTLED,2026-09-07 13:26:51,2026-09-07 14:12:51,421
E1005360,T1001892,SETTLED,2026-09-16 13:41:01,2026-09-16 13:41:02,428
E1004972,T1001750,CREATED,2026-09-14 16:17:32,2026-09-14 16:17:33,2486
E1000840,T1000296,AUTHORIZED,2026-09-03 17:41:34,2026-09-03 17:41:44,657
E1006780,T1002406,CREATED,2026-09-20 21:10:25,2026-09-20 21:10:28,231
E1007822,T1002778,CREATED,2026-09-23 17:30:20,2026-09-23 17:30:21,2053
E1008735,T1003098,CREATED,2026-09-25 13:03:41,2026-09-25 13:03:46,2400
E1009403,T1003334,CREATED,2026-09-27 16:01:48,2026-09-27 16:01:58,1327
E1001283,T1000452,AUTHORIZED,2026-09-04 15:25:38,2026-09-04 15:25:46,169
E1008732,T1003097,CREATED,2026-09-25 20:34:12,2026-09-25 20:34:13,573
E1009329,T1003308,SETTLED,2026-09-27 15:55:05,2026-09-27 15:55:12,209
E1006175,T1002184,CREATED,2026-09-18 20:04:27,2026-09-18 20:04:30,74
E1009997,T1003545,AUTHORIZED,2026-09-28 22:41:27,2026-09-28 22:41:32,1601
E1009578,T1003396,CREATED,2026-09-27 12:54:59,2026-09-27 12:55:09,159
E1005330,T1001882,CREATED,2026-09-16 19:27:18,2026-09-16 19:27:27,904
E1002353,T1000825,SETTLED,2026-09-07 18:19:33,2026-09-07 18:19:39,2064
E1003580,T1001256,SETTLED,2026-09-11 18:10:41,2026-09-11 18:10:42,2177
E1005658,T1001999,CREATED,2026-09-17 11:29:56,2026-09-17 11:29:58,194
E1010136,T1003594,CREATED,2026-09-29 21:51:44,2026-09-29 21:51:48,117
E1008678,T1003078,SETTLED,2026-09-25 12:35:37,2026-09-25 12:35:38,885
E1000071,T1000025,SETTLED,2026-09-01 15:07:43,2026-09-01 15:07:53,682
E1003020,T1001060,AUTHORIZED,2026-09-09 14:28:20,2026-09-09 14:28:29,426
E1003597,T1001262,SETTLED,2026-09-11 20:27:29,2026-09-11 20:27:31,238
E1004762,T1001675,SETTLED,2026-09-14 15:33:28,2026-09-14 15:33:34,1225
E1001641,T1000577,CREATED,2026-09-05 13:17:02,2026-09-05 13:17:04,1803
E1002014,T1000705,AUTHORIZED,2026-09-06 13:42:07,2026-09-06 13:42:08,1737
E1007035,T1002495,SETTLED,2026-09-20 09:19:47,2026-09-20 09:19:56,345
E1006355,T1002247,SETTLED,2026-09-19 15:23:10,2026-09-19 15:23:12,2294
E1010020,T1003553,AUTHORIZED,2026-09-28 13:40:16,2026-09-28 14:26:16,547
E1010759,T1003813,SETTLED,2026-09-30 16:10:55,2026-09-30 16:11:01,857
E1000519,T1000182,FAILED,2026-09-02 15:00:09,2026-09-02 15:00:10,527
E1005072,T1001787,AUTHORIZED,2026-09-15 13:55:24,2026-09-15 14:06:24,2036
E1003008,T1001056,AUTHORIZED,2026-09-09 10:29:57,2026-09-09 10:30:03,728
E1006193,T1002190,CREATED,2026-09-18 11:18:56,2026-09-18 11:18:57,1931
E1005392,T1001903,SETTLED,2026-09-16 19:04:30,2026-09-16 19:04:31,496
E1004055,T1001426,CREATED,2026-09-12 10:19:01,2026-09-12 10:19:06,1455
E1008513,T1003021,AUTHORIZED,2026-09-25 15:45:18,2026-09-25 15:45:23,2361
E1010513,T1003725,AUTHORIZED,2026-09-30 22:20:11,2026-09-30 22:20:20,1026
E1003782,T1001329,AUTHORIZED,2026-09-11 16:00:49,2026-09-11 16:00:55,1004
E1001570,T1000552,AUTHORIZED,2026-09-05 13:00:25,2026-09-05 13:00:33,1604
E1008886,T1003151,SETTLED,2026-09-26 22:25:05,2026-09-26 22:25:15,1128
E1001019,T1000359,SETTLED,2026-09-04 17:11:57,2026-09-04 17:11:59,1002
E1006825,T1002422,AUTHORIZED,2026-09-20 09:18:19,2026-09-20 09:18:23,967
E1010370,T1003675,AUTHORIZED,2026-09-29 09:40:50,2026-09-29 09:40:53,840
E1002035,T1000713,AUTHORIZED,2026-09-06 15:34:54,2026-09-06 15:35:01,2145
E1009255,T1003283,SETTLED,2026-09-26 11:25:58,2026-09-26 11:26:00,470
E1007181,T1002548,AUTHORIZED,2026-09-21 18:13:52,2026-09-21 18:13:57,1044
E1002852,T1001002,AUTHORIZED,2026-09-09 11:16:39,2026-09-09 11:16:44,252
E1000944,T1000332,SETTLED,2026-09-03 18:29:25,2026-09-03 18:29:28,1961
E1000162,T1000058,CREATED,2026-09-01 18:57:46,2026-09-01 18:57:49,403
E1009106,T1003231,CREATED,2026-09-26 10:42:04,2026-09-26 10:42:12,1613
E1008761,T1003107,CREATED,2026-09-25 18:58:14,2026-09-25 18:58:21,291
E1002272,T1000797,CREATED,2026-09-07 15:09:01,2026-09-07 15:09:05,317
E1009891,T1003509,CREATED,2026-09-28 08:48:33,2026-09-28 08:48:36,235
E1008787,T1003117,CREATED,2026-09-25 11:54:57,2026-09-25 11:55:06,2373
E1007249,T1002572,AUTHORIZED,2026-09-21 12:13:19,2026-09-21 12:13:21,676
E1002920,T1001025,SETTLED,2026-09-09 13:46:05,2026-09-09 13:46:08,1957
E1002571,T1000903,SETTLED,2026-09-08 20:54:53,2026-09-08 20:54:59,933
E1004900,T1001724,SETTLED,2026-09-14 14:05:36,2026-09-14 14:05:46,1796
E1002496,T1000876,AUTHORIZED,2026-09-07 13:08:11,2026-09-07 14:23:11,725
E1007564,T1002686,AUTHORIZED,2026-09-22 09:49:52,2026-09-22 09:50:02,143
E1009274,T1003290,CREATED,2026-09-26 09:40:58,2026-09-26 09:41:01,960
E1009256,T1003284,CREATED,2026-09-26 16:25:56,2026-09-26 16:26:05,1245
E1004580,T1001610,CREATED,2026-09-13 19:02:40,2026-09-13 19:02:50,2274
E1003938,T1001382,SETTLED,2026-09-12 17:12:24,2026-09-12 17:12:25,1185
E1010518,T1003727,CREATED,2026-09-30 09:55:16,2026-09-30 09:55:20,691
E1004315,T1001516,CREATED,2026-09-13 14:12:53,2026-09-13 14:12:55,93
E1004288,T1001506,SETTLED,2026-09-13 17:17:40,2026-09-13 17:17:48,1528
E1010356,T1003670,SETTLED,2026-09-29 18:32:57,2026-09-29 18:32:58,2012
E1000858,T1000302,SETTLED,2026-09-03 13:08:53,2026-09-03 13:08:59,2437
E1000156,T1000056,CREATED,2026-09-01 08:31:17,2026-09-01 08:31:18,2298
E1002336,T1000819,SETTLED,2026-09-07 20:52:48,2026-09-07 20:52:57,1722
E1002342,T1000822,CREATED,2026-09-07 19:06:29,2026-09-07 19:36:29,2336
E1005458,T1001928,SETTLED,2026-09-16 10:09:48,2026-09-16 10:09:53,648
E1004008,T1001408,AUTHORIZED,2026-09-12 21:02:51,2026-09-12 21:02:56,2005
E1005070,T1001786,SETTLED,2026-09-15 16:50:19,2026-09-15 16:50:24,1303
E1000351,T1000124,AUTHORIZED,2026-09-01 11:11:43,2026-09-01 11:11:49,2155
E1003053,T1001071,SETTLED,2026-09-09 15:38:01,2026-09-09 15:38:04,2363
E1007304,T1002593,CREATED,2026-09-21 13:58:16,2026-09-21 13:58:25,1472
E1003857,T1001355,CREATED,2026-09-12 19:54:55,2026-09-12 19:55:03,626
E1001383,T1000486,AUTHORIZED,2026-09-05 22:37:26,2026-09-05 22:37:28,1746
E1001950,T1000683,AUTHORIZED,2026-09-06 18:01:30,2026-09-06 18:01:36,2131
E1003524,T1001237,AUTHORIZED,2026-09-11 08:06:12,2026-09-11 08:06:17,141
E1010700,T1003792,AUTHORIZED,2026-09-30 07:16:01,2026-09-30 07:16:11,1110
E1007477,T1002654,SETTLED,2026-09-21 17:04:32,2026-09-21 17:04:42,746
E1009426,T1003342,SETTLED,2026-09-27 15:02:44,2026-09-27 15:02:46,1851
E1000625,T1000220,CREATED,2026-09-02 13:16:54,2026-09-02 13:16:59,237
E1009171,T1003253,SETTLED,2026-09-26 17:08:41,2026-09-26 17:08:45,1996
E1002595,T1000911,SETTLED,2026-09-08 08:32:04,2026-09-08 08:32:14,906
E1005220,T1001840,SETTLED,2026-09-15 15:08:52,2026-09-15 15:08:58,2389
E1006157,T1002177,AUTHORIZED,2026-09-18 14:29:07,2026-09-18 14:29:12,771
E1002830,T1000994,FAILED,2026-09-08 08:50:40,2026-09-08 08:50:49,725
E1006701,T1002377,AUTHORIZED,2026-09-19 17:47:59,2026-09-19 17:48:03,902
E1007687,T1002731,CREATED,2026-09-22 16:32:34,2026-09-22 16:32:42,2298
E1008266,T1002932,AUTHORIZED,2026-09-24 16:15:29,2026-09-24 16:15:32,2428
E1009114,T1003234,CREATED,2026-09-26 13:58:04,2026-09-26 15:13:04,591
E1005879,T1002076,SETTLED,2026-09-17 22:20:32,2026-09-17 22:20:42,1234
E1002285,T1000802,CREATED,2026-09-07 16:43:41,2026-09-07 16:43:51,905
E1010306,T1003652,CREATED,2026-09-29 16:42:55,2026-09-29 16:43:02,1231
E1009982,T1003540,AUTHORIZED,2026-09-28 12:59:24,2026-09-28 12:59:33,2109
E1002734,T1000961,CREATED,2026-09-08 20:50:49,2026-09-08 20:50:51,514
E1002845,T1001000,CREATED,2026-09-09 14:34:34,2026-09-09 14:34:43,2148
E1004223,T1001484,AUTHORIZED,2026-09-12 22:04:28,2026-09-12 22:04:33,2054
E1000491,T1000172,AUTHORIZED,2026-09-02 20:45:27,2026-09-02 20:45:37,1710
E1007978,T1002831,SETTLED,2026-09-23 20:33:31,2026-09-23 20:33:37,2043
E1008287,T1002940,AUTHORIZED,2026-09-24 18:00:44,2026-09-24 18:00:45,734
E1008818,T1003128,CREATED,2026-09-25 14:22:19,2026-09-25 14:22:28,560
E1006675,T1002367,AUTHORIZED,2026-09-19 13:05:56,2026-09-19 13:26:56,43
E1002611,T1000917,AUTHORIZED,2026-09-08 13:01:20,2026-09-08 13:01:23,362
E1008484,T1003011,CREATED,2026-09-25 18:03:19,2026-09-25 18:03:27,1731
E1002653,T1000932,CREATED,2026-09-08 10:49:15,2026-09-08 10:49:25,2427
E1004396,T1001546,CREATED,2026-09-13 22:40:28,2026-09-13 22:40:35,273
E1002227,T1000780,AUTHORIZED,2026-09-07 13:42:50,2026-09-07 13:42:51,1746
E1006294,T1002226,CREATED,2026-09-18 09:16:58,2026-09-18 09:17:06,472
E1002545,T1000894,SETTLED,2026-09-08 18:57:58,2026-09-08 18:58:01,948
E1008633,T1003063,CREATED,2026-09-25 21:41:24,2026-09-25 21:41:30,1968
E1007946,T1002821,CREATED,2026-09-23 21:58:17,2026-09-23 21:58:25,524
E1000222,T1000078,AUTHORIZED,2026-09-01 18:38:03,2026-09-01 18:38:10,2344
E1009972,T1003536,SETTLED,2026-09-28 19:49:57,2026-09-28 19:50:06,120
E1006608,T1002342,CREATED,2026-09-19 18:45:11,2026-09-19 18:45:12,323
E1000505,T1000177,AUTHORIZED,2026-09-02 12:14:24,2026-09-02 12:14:33,1042
E1009909,T1003515,AUTHORIZED,2026-09-28 13:49:16,2026-09-28 13:49:18,161
E1009790,T1003472,AUTHORIZED,2026-09-28 15:29:15,2026-09-28 15:29:21,879
E1001231,T1000434,CREATED,2026-09-04 07:07:34,2026-09-04 07:07:44,1503
E1000634,T1000223,AUTHORIZED,2026-09-02 10:54:38,2026-09-02 10:54:42,1264
E1006845,T1002429,AUTHORIZED,2026-09-20 09:54:25,2026-09-20 09:54:35,370
E1002164,T1000758,AUTHORIZED,2026-09-06 13:05:01,2026-09-06 13:05:06,797
E1001355,T1000476,SETTLED,2026-09-05 08:13:26,2026-09-05 08:13:36,1496
E1008627,T1003061,CREATED,2026-09-25 20:10:01,2026-09-25 20:10:04,2203
E1000004,T1000002,CREATED,2026-09-01 18:41:44,2026-09-01 18:41:47,448
E1005717,T1002021,CREATED,2026-09-17 20:38:02,2026-09-17 20:38:08,2362
E1008571,T1003041,SETTLED,2026-09-25 11:11:30,2026-09-25 11:11:36,132
E1006117,T1002162,AUTHORIZED,2026-09-18 08:43:31,2026-09-18 08:43:39,200
E1010224,T1003624,SETTLED,2026-09-29 16:41:44,2026-09-29 16:41:51,2270
E1006689,T1002372,AUTHORIZED,2026-09-19 07:45:53,2026-09-19 07:45:58,1953
E1004899,T1001724,AUTHORIZED,2026-09-14 13:44:06,2026-09-14 13:44:16,441
E1007002,T1002484,SETTLED,2026-09-20 13:28:05,2026-09-20 13:28:11,1169
E1005868,T1002073,CREATED,2026-09-17 18:16:37,2026-09-17 18:16:38,1871
E1005057,T1001782,CREATED,2026-09-15 09:36:10,2026-09-15 10:09:10,444
E1003662,T1001285,SETTLED,2026-09-11 08:35:58,2026-09-11 08:36:07,1549
E1007138,T1002533,AUTHORIZED,2026-09-20 09:03:11,2026-09-20 09:03:16,1254
E1005882,T1002077,SETTLED,2026-09-17 17:09:02,2026-09-17 17:09:07,2297
E1003826,T1001344,SETTLED,2026-09-12 08:00:13,2026-09-12 08:00:16,202
E1007777,T1002762,SETTLED,2026-09-22 09:40:41,2026-09-22 09:40:44,112
E1000989,T1000348,CREATED,2026-09-03 18:51:25,2026-09-03 18:51:34,1468
E1001560,T1000548,SETTLED,2026-09-05 13:46:04,2026-09-05 13:46:06,747
E1008159,T1002895,CREATED,2026-09-24 12:56:50,2026-09-24 12:56:58,1391
E1000219,T1000077,AUTHORIZED,2026-09-01 11:50:02,2026-09-01 11:50:09,2008
E1005083,T1001791,SETTLED,2026-09-15 10:30:11,2026-09-15 10:30:16,687
E1008898,T1003156,CREATED,2026-09-26 13:35:24,2026-09-26 13:35:27,77
E1004275,T1001502,AUTHORIZED,2026-09-13 11:16:14,2026-09-13 11:16:17,1635
E1010311,T1003654,CREATED,2026-09-29 09:44:49,2026-09-29 09:44:55,2021
E1001940,T1000680,CREATED,2026-09-06 17:54:50,2026-09-06 17:54:51,213
E1002875,T1001010,AUTHORIZED,2026-09-09 15:21:23,2026-09-09 15:21:27,1532
E1001528,T1000537,AUTHORIZED,2026-09-05 19:03:25,2026-09-05 19:03:35,1418
E1005545,T1001959,SETTLED,2026-09-16 22:24:26,2026-09-16 22:24:36,925
E1006779,T1002405,SETTLED,2026-09-20 21:44:57,2026-09-20 21:44:58,1301
E1010749,T1003809,SETTLED,2026-09-30 17:18:50,2026-09-30 17:18:53,1064
E1009526,T1003378,CREATED,2026-09-27 19:54:24,2026-09-27 19:54:30,1403
E1002201,T1000771,SETTLED,2026-09-06 13:55:09,2026-09-06 13:55:10,946
E1004526,T1001591,SETTLED,2026-09-13 17:11:34,2026-09-13 17:11:37,2054
E1000687,T1000241,SETTLED,2026-09-03 23:26:31,2026-09-03 23:26:36,704
E1008345,T1002961,SETTLED,2026-09-24 16:58:37,2026-09-24 16:58:47,225
E1009197,T1003263,CREATED,2026-09-26 17:56:22,2026-09-26 17:56:31,2388
E1001521,T1000535,CREATED,2026-09-05 14:33:00,2026-09-05 14:33:10,2208
E1001257,T1000442,SETTLED,2026-09-04 12:40:36,2026-09-04 12:40:39,2130
E1003877,T1001361,SETTLED,2026-09-12 11:02:30,2026-09-12 11:02:40,463
E1004360,T1001532,SETTLED,2026-09-13 18:29:35,2026-09-13 18:29:38,2203
E1009241,T1003278,SETTLED,2026-09-26 13:27:04,2026-09-26 13:27:07,1281
E1004110,T1001445,CREATED,2026-09-12 10:11:40,2026-09-12 10:11:42,1100
E1010414,T1003691,CREATED,2026-09-29 12:22:32,2026-09-29 12:22:41,49
E1009828,T1003486,SETTLED,2026-09-28 19:15:55,2026-09-28 19:16:03,1068
E1005815,T1002054,SETTLED,2026-09-17 20:46:17,2026-09-17 20:46:26,1326
E1002537,T1000892,CREATED,2026-09-08 14:58:29,2026-09-08 14:58:36,1204
E1009308,T1003301,AUTHORIZED,2026-09-26 11:34:06,2026-09-26 11:34:09,365
E1008522,T1003024,AUTHORIZED,2026-09-25 22:31:44,2026-09-25 22:31:52,868
E1009915,T1003517,SETTLED,2026-09-28 19:32:42,2026-09-28 19:32:44,599
E1001039,T1000366,SETTLED,2026-09-04 19:00:50,2026-09-04 19:00:59,2361
E1005689,T1002010,SETTLED,2026-09-17 19:33:03,2026-09-17 19:33:09,1370
E1001268,T1000446,AUTHORIZED,2026-09-04 08:34:18,2026-09-04 08:34:22,890
E1002330,T1000817,SETTLED,2026-09-07 11:42:29,2026-09-07 11:42:34,1037
E1010384,T1003680,SETTLED,2026-09-29 21:29:49,2026-09-29 21:29:51,572
E1004309,T1001514,CREATED,2026-09-13 18:25:06,2026-09-13 18:25:09,125
E1007861,T1002791,AUTHORIZED,2026-09-23 16:22:44,2026-09-23 17:11:44,1800
E1007882,T1002798,SETTLED,2026-09-23 13:14:05,2026-09-23 13:14:06,1456
E1000363,T1000128,AUTHORIZED,2026-09-02 20:39:40,2026-09-02 20:39:49,1299
E1009435,T1003346,CREATED,2026-09-27 19:24:12,2026-09-27 19:24:17,1178
E1004317,T1001516,SETTLED,2026-09-13 14:26:53,2026-09-13 14:27:00,2392
E1007102,T1002521,AUTHORIZED,2026-09-20 17:57:12,2026-09-20 17:57:16,1199
E1004270,T1001500,SETTLED,2026-09-13 21:14:00,2026-09-13 21:14:02,1455
E1000923,T1000325,AUTHORIZED,2026-09-03 08:41:51,2026-09-03 08:42:01,802
E1006898,T1002448,AUTHORIZED,2026-09-20 14:34:35,2026-09-20 14:34:45,1441
E1006090,T1002151,FAILED,2026-09-18 21:16:09,2026-09-18 21:16:13,994
E1003990,T1001402,CREATED,2026-09-12 13:34:34,2026-09-12 13:34:35,1100
E1010190,T1003612,SETTLED,2026-09-29 17:08:48,2026-09-29 17:08:56,1433
E1010145,T1003597,AUTHORIZED,2026-09-29 11:23:50,2026-09-29 11:23:58,1810
E1010138,T1003594,SETTLED,2026-09-29 22:00:44,2026-09-29 22:00:52,307
E1009864,T1003499,AUTHORIZED,2026-09-28 08:52:26,2026-09-28 08:52:29,1209
E1008255,T1002928,AUTHORIZED,2026-09-24 19:32:20,2026-09-24 19:32:30,2147
E1001086,T1000384,FAILED,2026-09-04 21:11:42,2026-09-04 21:11:52,904
E1004001,T1001406,CREATED,2026-09-12 17:27:36,2026-09-12 17:27:46,321
E1010258,T1003636,CREATED,2026-09-29 09:38:51,2026-09-29 09:38:59,2330
E1002654,T1000932,AUTHORIZED,2026-09-08 10:49:25,2026-09-08 10:49:33,1106
E1005782,T1002043,AUTHORIZED,2026-09-17 21:09:52,2026-09-17 21:10:02,878
E1009843,T1003492,CREATED,2026-09-28 11:27:53,2026-09-28 11:27:58,423
E1001304,T1000459,AUTHORIZED,2026-09-04 19:23:51,2026-09-04 19:23:59,1036
E1000926,T1000326,AUTHORIZED,2026-09-03 23:06:13,2026-09-03 23:06:21,613
E1004099,T1001441,AUTHORIZED,2026-09-12 14:04:00,2026-09-12 14:04:02,340
E1008856,T1003141,CREATED,2026-09-26 07:16:04,2026-09-26 07:16:12,1428
E1001752,T1000614,SETTLED,2026-09-05 17:14:14,2026-09-05 18:28:14,1279
E1003351,T1001175,FAILED,2026-09-10 20:23:04,2026-09-10 20:23:06,1528
E1000731,T1000257,CREATED,2026-09-03 19:20:11,2026-09-03 19:20:12,1888
E1006656,T1002359,SETTLED,2026-09-19 17:38:51,2026-09-19 17:38:54,2422
E1008046,T1002855,SETTLED,2026-09-23 16:18:10,2026-09-23 16:18:20,2443
E1002706,T1000951,AUTHORIZED,2026-09-08 19:29:59,2026-09-08 19:30:05,2306
E1000333,T1000118,AUTHORIZED,2026-09-01 19:24:59,2026-09-01 19:25:05,1024
E1000382,T1000134,SETTLED,2026-09-02 14:14:57,2026-09-02 14:15:00,2411
E1010577,T1003748,AUTHORIZED,2026-09-30 18:41:53,2026-09-30 18:41:54,94
E1006075,T1002146,AUTHORIZED,2026-09-18 19:58:09,2026-09-18 19:58:13,517
E1003042,T1001068,CREATED,2026-09-09 22:39:52,2026-09-09 22:39:53,1480
E1004683,T1001646,SETTLED,2026-09-14 12:16:00,2026-09-14 12:16:09,1189
E1000498,T1000174,SETTLED,2026-09-02 18:11:57,2026-09-02 18:12:07,432
E1004357,T1001531,SETTLED,2026-09-13 11:15:05,2026-09-13 11:15:08,285
E1009017,T1003199,AUTHORIZED,2026-09-26 21:10:06,2026-09-26 21:10:14,572
E1008637,T1003064,AUTHORIZED,2026-09-25 19:41:34,2026-09-25 19:41:36,1752
E1009414,T1003338,CREATED,2026-09-27 19:36:37,2026-09-27 19:36:43,127
E1009608,T1003406,AUTHORIZED,2026-09-27 14:27:06,2026-09-27 14:27:08,1992
E1001227,T1000432,SETTLED,2026-09-04 12:14:05,2026-09-04 12:14:06,2177
E1006147,T1002173,SETTLED,2026-09-18 11:20:06,2026-09-18 11:20:14,1043
E1007122,T1002528,CREATED,2026-09-20 13:55:22,2026-09-20 13:55:27,1032
E1003054,T1001072,CREATED,2026-09-09 20:15:25,2026-09-09 20:15:35,2386
E1005627,T1001987,SETTLED,2026-09-17 19:08:52,2026-09-17 19:09:00,2483
E1005880,T1002077,CREATED,2026-09-17 16:54:02,2026-09-17 16:54:08,456
E1001518,T1000533,SETTLED,2026-09-05 20:09:14,2026-09-05 20:09:21,2080
E1000034,T1000013,CREATED,2026-09-01 06:42:45,2026-09-01 06:42:51,249
E1009953,T1003530,AUTHORIZED,2026-09-28 12:31:24,2026-09-28 12:31:25,335
E1009160,T1003250,CREATED,2026-09-26 21:21:31,2026-09-26 21:21:34,569
E1003807,T1001338,CREATED,2026-09-12 10:35:15,2026-09-12 10:35:16,1492
E1002837,T1000997,CREATED,2026-09-08 11:14:30,2026-09-08 11:14:34,1710
E1003497,T1001227,SETTLED,2026-09-11 13:10:08,2026-09-11 13:10:09,1271
E1007109,T1002523,SETTLED,2026-09-20 14:23:46,2026-09-20 14:23:54,1708
E1009904,T1003513,FAILED,2026-09-28 11:28:37,2026-09-28 11:28:39,891
E1007020,T1002490,SETTLED,2026-09-20 19:52:34,2026-09-20 19:52:37,1838
E1005059,T1001782,SETTLED,2026-09-15 11:52:10,2026-09-15 13:12:10,1895
E1000958,T1000337,AUTHORIZED,2026-09-03 19:45:23,2026-09-03 19:45:25,1124
E1002645,T1000929,CREATED,2026-09-08 12:07:52,2026-09-08 12:07:55,2275
E1009245,T1003280,CREATED,2026-09-26 15:54:53,2026-09-26 15:55:01,702
E1007510,T1002666,SETTLED,2026-09-22 14:51:59,2026-09-22 14:52:07,1687
E1003397,T1001191,SETTLED,2026-09-10 15:00:45,2026-09-10 15:00:53,1987
E1005831,T1002060,AUTHORIZED,2026-09-17 08:12:45,2026-09-17 08:12:48,983
E1002525,T1000887,CREATED,2026-09-08 12:49:55,2026-09-08 12:50:05,127
E1000835,T1000294,SETTLED,2026-09-03 09:44:02,2026-09-03 09:44:09,1627
E1003113,T1001093,CREATED,2026-09-09 08:21:58,2026-09-09 08:22:05,2473
E1007553,T1002682,CREATED,2026-09-22 13:46:32,2026-09-22 13:46:35,2340
E1001404,T1000494,CREATED,2026-09-05 20:24:36,2026-09-05 20:24:43,1076
E1002714,T1000954,CREATED,2026-09-08 10:34:38,2026-09-08 10:34:48,2340
E1004806,T1001692,AUTHORIZED,2026-09-14 21:04:00,2026-09-14 21:04:01,1785
E1009425,T1003342,AUTHORIZED,2026-09-27 14:46:45,2026-09-27 14:46:50,430
E1003824,T1001344,CREATED,2026-09-12 07:36:13,2026-09-12 07:36:18,1113
E1005397,T1001905,SETTLED,2026-09-16 23:14:01,2026-09-16 23:14:07,2028
E1009810,T1003480,CREATED,2026-09-28 15:01:55,2026-09-28 15:02:05,222
E1002912,T1001023,CREATED,2026-09-09 16:32:27,2026-09-09 16:32:30,2419
E1004392,T1001544,SETTLED,2026-09-13 16:16:44,2026-09-13 16:16:53,204
E1004197,T1001475,AUTHORIZED,2026-09-12 10:58:23,2026-09-12 10:58:25,2405
E1004387,T1001542,SETTLED,2026-09-13 17:51:43,2026-09-13 17:51:47,2209
E1007124,T1002528,SETTLED,2026-09-20 14:14:22,2026-09-20 14:14:23,198
E1004359,T1001532,AUTHORIZED,2026-09-13 18:12:59,2026-09-13 18:13:09,2183
E1008656,T1003071,CREATED,2026-09-25 10:10:26,2026-09-25 10:10:36,2385
E1006176,T1002184,AUTHORIZED,2026-09-18 20:04:44,2026-09-18 20:04:51,892
E1002892,T1001016,AUTHORIZED,2026-09-09 20:44:23,2026-09-09 20:44:25,1625
E1010098,T1003580,SETTLED,2026-09-28 11:41:37,2026-09-28 11:41:39,2069
E1007649,T1002717,CREATED,2026-09-22 18:10:07,2026-09-22 18:10:13,1971
E1002391,T1000839,AUTHORIZED,2026-09-07 13:14:39,2026-09-07 13:14:42,1409
E1003272,T1001148,AUTHORIZED,2026-09-10 06:03:25,2026-09-10 06:03:34,966
E1008270,T1002933,SETTLED,2026-09-24 20:03:25,2026-09-24 20:03:32,402
E1004427,T1001557,AUTHORIZED,2026-09-13 13:13:42,2026-09-13 13:13:51,304
E1003446,T1001208,AUTHORIZED,2026-09-10 19:03:46,2026-09-10 19:03:48,2027
E1004712,T1001657,AUTHORIZED,2026-09-14 21:57:03,2026-09-14 21:57:10,1750
E1005674,T1002005,CREATED,2026-09-17 10:34:14,2026-09-17 10:34:16,780
E1001873,T1000656,AUTHORIZED,2026-09-06 10:32:38,2026-09-06 10:32:45,1337
E1006453,T1002284,AUTHORIZED,2026-09-19 13:27:34,2026-09-19 14:37:34,1996
E1001210,T1000427,CREATED,2026-09-04 14:42:12,2026-09-04 14:42:19,1857
E1007836,T1002782,SETTLED,2026-09-23 11:57:10,2026-09-23 11:57:13,381
E1002461,T1000864,CREATED,2026-09-07 17:14:48,2026-09-07 17:14:56,90
E1004318,T1001517,CREATED,2026-09-13 18:24:58,2026-09-13 18:25:05,1949
E1003968,T1001394,CREATED,2026-09-12 11:45:00,2026-09-12 11:45:07,2026
E1000330,T1000117,AUTHORIZED,2026-09-01 11:26:54,2026-09-01 11:27:03,1746
E1006473,T1002291,AUTHORIZED,2026-09-19 19:02:46,2026-09-19 19:02:52,470
E1002744,T1000964,AUTHORIZED,2026-09-08 14:00:17,2026-09-08 14:32:17,1770
E1002002,T1000701,CREATED,2026-09-06 11:07:05,2026-09-06 11:07:13,443
E1009247,T1003281,CREATED,2026-09-26 09:02:16,2026-09-26 09:02:22,1269
E1004822,T1001697,SETTLED,2026-09-14 10:39:19,2026-09-14 10:39:27,1430
E1004253,T1001494,SETTLED,2026-09-13 21:29:05,2026-09-13 21:29:12,81
E1010548,T1003738,CREATED,2026-09-30 21:34:09,2026-09-30 21:34:12,2130
E1008539,T1003030,SETTLED,2026-09-25 12:54:36,2026-09-25 12:54:38,981
E1005247,T1001851,CREATED,2026-09-15 10:03:54,2026-09-15 10:03:57,1799
E1001781,T1000624,SETTLED,2026-09-06 20:10:46,2026-09-06 20:10:49,1673
E1006485,T1002296,AUTHORIZED,2026-09-19 17:36:44,2026-09-19 17:36:45,326
E1001277,T1000450,AUTHORIZED,2026-09-04 10:37:08,2026-09-04 10:37:15,717
E1005190,T1001829,SETTLED,2026-09-15 16:31:32,2026-09-15 16:31:40,2046
E1005869,T1002073,AUTHORIZED,2026-09-17 18:16:46,2026-09-17 18:16:51,2294
E1004066,T1001430,AUTHORIZED,2026-09-12 21:41:02,2026-09-12 21:41:11,1497
E1004866,T1001712,AUTHORIZED,2026-09-14 19:55:09,2026-09-14 19:55:15,1525
E1004502,T1001583,AUTHORIZED,2026-09-13 22:00:52,2026-09-13 23:21:52,1858
E1004818,T1001696,AUTHORIZED,2026-09-14 06:05:11,2026-09-14 06:05:14,490
E1010423,T1003694,CREATED,2026-09-29 18:33:59,2026-09-29 18:34:05,155
E1010651,T1003775,CREATED,2026-09-30 20:01:33,2026-09-30 20:01:34,52
E1006515,T1002307,CREATED,2026-09-19 11:44:37,2026-09-19 11:44:38,62
E1003712,T1001303,CREATED,2026-09-11 18:35:06,2026-09-11 18:35:09,2126
E1008868,T1003145,AUTHORIZED,2026-09-26 15:44:26,2026-09-26 15:44:31,1604
E1000334,T1000118,SETTLED,2026-09-01 19:33:53,2026-09-01 19:33:58,1558
E1009593,T1003401,CREATED,2026-09-27 08:43:21,2026-09-27 08:43:25,1635
E1004082,T1001435,SETTLED,2026-09-12 10:31:46,2026-09-12 10:31:49,1193
E1006250,T1002210,FAILED,2026-09-18 08:42:30,2026-09-18 08:42:38,1986
E1000821,T1000289,SETTLED,2026-09-03 14:12:59,2026-09-03 14:13:03,915
E1003302,T1001159,CREATED,2026-09-10 19:08:14,2026-09-10 19:08:18,1040
E1006636,T1002352,CREATED,2026-09-19 20:56:35,2026-09-19 20:56:42,194
E1002397,T1000841,SETTLED,2026-09-07 20:58:17,2026-09-07 20:58:20,1898
E1010319,T1003656,SETTLED,2026-09-29 15:50:17,2026-09-29 15:50:27,370
E1004676,T1001644,AUTHORIZED,2026-09-14 11:24:57,2026-09-14 11:25:00,457
E1002933,T1001030,CREATED,2026-09-09 11:47:03,2026-09-09 11:47:04,996
E1000481,T1000169,CREATED,2026-09-02 21:10:48,2026-09-02 21:10:54,378
E1001024,T1000361,AUTHORIZED,2026-09-04 19:10:36,2026-09-04 19:10:39,697
E1001125,T1000398,AUTHORIZED,2026-09-04 22:09:17,2026-09-04 22:09:25,1456
E1003520,T1001236,CREATED,2026-09-11 10:42:39,2026-09-11 10:42:44,760
E1000079,T1000028,AUTHORIZED,2026-09-01 10:14:13,2026-09-01 10:14:18,160
E1000204,T1000072,CREATED,2026-09-01 19:01:21,2026-09-01 19:01:25,1926
E1010316,T1003655,SETTLED,2026-09-29 23:19:35,2026-09-29 23:19:41,1917
E1008115,T1002880,CREATED,2026-09-23 18:19:20,2026-09-23 18:19:24,1302
E1001290,T1000454,SETTLED,2026-09-04 13:55:03,2026-09-04 13:55:07,1874
E1006807,T1002415,AUTHORIZED,2026-09-20 21:29:24,2026-09-20 21:29:29,1892
E1003217,T1001129,AUTHORIZED,2026-09-10 15:44:43,2026-09-10 15:44:52,1169
E1000065,T1000023,SETTLED,2026-09-01 19:12:36,2026-09-01 19:12:39,1965
E1010092,T1003578,SETTLED,2026-09-28 08:23:38,2026-09-28 08:23:48,1568
E1002414,T1000847,SETTLED,2026-09-07 22:25:51,2026-09-07 22:25:56,1523
E1005763,T1002037,CREATED,2026-09-17 15:38:03,2026-09-17 15:38:12,509
E1002773,T1000974,AUTHORIZED,2026-09-08 13:43:01,2026-09-08 13:43:02,760
E1005137,T1001810,SETTLED,2026-09-15 12:59:44,2026-09-15 12:59:52,2317
E1001945,T1000681,SETTLED,2026-09-06 20:42:30,2026-09-06 20:42:35,1526
E1003369,T1001182,CREATED,2026-09-10 13:45:11,2026-09-10 13:45:18,1365
E1006376,T1002255,AUTHORIZED,2026-09-19 20:16:47,2026-09-19 20:16:51,1562
E1005237,T1001847,CREATED,2026-09-15 17:30:30,2026-09-15 17:30:39,2249
E1001827,T1000641,CREATED,2026-09-06 13:47:56,2026-09-06 13:48:04,347
E1009684,T1003434,AUTHORIZED,2026-09-27 09:23:52,2026-09-27 09:23:58,916
E1004665,T1001640,AUTHORIZED,2026-09-14 19:22:26,2026-09-14 19:22:34,1604
E1007055,T1002503,AUTHORIZED,2026-09-20 06:56:14,2026-09-20 06:56:22,1830
E1003775,T1001327,CREATED,2026-09-11 14:37:23,2026-09-11 14:37:32,2420
E1003179,T1001115,SETTLED,2026-09-10 17:13:06,2026-09-10 17:13:14,1814
E1007066,T1002508,CREATED,2026-09-20 14:53:55,2026-09-20 14:54:01,1124
E1003485,T1001223,AUTHORIZED,2026-09-11 19:25:35,2026-09-11 19:25:43,2239
E1003256,T1001143,CREATED,2026-09-10 09:28:15,2026-09-10 09:28:20,1493
E1001663,T1000584,AUTHORIZED,2026-09-05 16:10:32,2026-09-05 16:10:33,615
E1004646,T1001634,CREATED,2026-09-14 18:08:44,2026-09-14 18:08:51,1477
E1010631,T1003767,SETTLED,2026-09-30 19:08:47,2026-09-30 19:08:55,909
E1010023,T1003554,SETTLED,2026-09-28 23:09:40,2026-09-28 23:09:47,1922
E1006141,T1002171,AUTHORIZED,2026-09-18 18:11:21,2026-09-18 18:11:28,219
E1004830,T1001700,AUTHORIZED,2026-09-14 19:53:38,2026-09-14 19:53:44,74
E1008063,T1002861,SETTLED,2026-09-23 20:33:24,2026-09-23 20:33:30,1521
E1008588,T1003047,FAILED,2026-09-25 14:41:04,2026-09-25 14:41:10,1676
E1008709,T1003089,AUTHORIZED,2026-09-25 22:59:02,2026-09-25 22:59:07,949
E1004181,T1001469,SETTLED,2026-09-12 20:32:22,2026-09-12 20:32:26,1602
E1005169,T1001822,AUTHORIZED,2026-09-15 20:46:42,2026-09-15 22:10:42,1066
E1009272,T1003289,AUTHORIZED,2026-09-26 18:18:32,2026-09-26 19:23:32,1316
E1002616,T1000919,CREATED,2026-09-08 22:48:13,2026-09-08 22:48:21,2430
E1007682,T1002729,AUTHORIZED,2026-09-22 10:26:54,2026-09-22 10:26:55,1834
E1000413,T1000145,SETTLED,2026-09-02 18:57:18,2026-09-02 18:57:25,279
E1004401,T1001547,SETTLED,2026-09-13 12:15:20,2026-09-13 12:15:23,1619
E1002957,T1001039,CREATED,2026-09-09 18:16:17,2026-09-09 18:16:24,1916
E1006859,T1002434,AUTHORIZED,2026-09-20 13:48:49,2026-09-20 13:48:51,270
E1009836,T1003489,AUTHORIZED,2026-09-28 19:02:40,2026-09-28 19:02:44,2266
E1001890,T1000662,AUTHORIZED,2026-09-06 16:49:35,2026-09-06 16:49:41,1846
E1006386,T1002259,AUTHORIZED,2026-09-19 16:18:47,2026-09-19 16:18:57,400
E1007956,T1002824,AUTHORIZED,2026-09-23 18:34:20,2026-09-23 18:34:24,151
E1006007,T1002122,FAILED,2026-09-18 11:23:40,2026-09-18 11:23:42,1797
E1008033,T1002851,CREATED,2026-09-23 20:42:48,2026-09-23 20:42:55,1400
E1000830,T1000293,CREATED,2026-09-03 14:21:47,2026-09-03 14:21:54,2003
E1009477,T1003361,CREATED,2026-09-27 13:47:20,2026-09-27 13:47:28,1647
E1002740,T1000963,CREATED,2026-09-08 12:36:02,2026-09-08 12:36:03,1774
E1010701,T1003792,SETTLED,2026-09-30 07:19:39,2026-09-30 07:19:41,1071
E1006949,T1002466,AUTHORIZED,2026-09-20 10:36:43,2026-09-20 10:36:51,2386
E1009640,T1003418,CREATED,2026-09-27 19:28:51,2026-09-27 19:28:53,1654
E1009877,T1003503,SETTLED,2026-09-28 16:22:40,2026-09-28 16:22:42,1841
E1002826,T1000993,CREATED,2026-09-08 08:16:01,2026-09-08 08:16:07,782
E1006174,T1002183,AUTHORIZED,2026-09-18 21:07:41,2026-09-18 21:07:44,1795
E1000357,T1000126,AUTHORIZED,2026-09-01 12:15:44,2026-09-01 12:15:53,787
E1002147,T1000752,SETTLED,2026-09-06 20:24:33,2026-09-06 20:24:42,295
E1010059,T1003567,CREATED,2026-09-28 16:34:14,2026-09-28 16:34:24,429
E1007287,T1002587,CREATED,2026-09-21 08:31:31,2026-09-21 08:31:33,1589
E1004548,T1001599,CREATED,2026-09-13 12:24:54,2026-09-13 12:25:01,2092
E1007082,T1002514,CREATED,2026-09-20 12:09:14,2026-09-20 12:09:20,1786
E1004256,T1001495,SETTLED,2026-09-13 11:53:14,2026-09-13 11:53:16,480
E1006814,T1002418,CREATED,2026-09-20 14:14:20,2026-09-20 14:14:25,2232
E1001299,T1000457,SETTLED,2026-09-04 14:41:14,2026-09-04 14:41:24,864
E1010160,T1003602,AUTHORIZED,2026-09-29 17:55:37,2026-09-29 17:55:42,2254
E1006166,T1002180,SETTLED,2026-09-18 08:42:29,2026-09-18 08:42:37,550
E1002694,T1000947,AUTHORIZED,2026-09-08 12:13:43,2026-09-08 12:13:51,238
E1009099,T1003228,AUTHORIZED,2026-09-26 17:32:03,2026-09-26 17:32:08,2445
E1001385,T1000487,CREATED,2026-09-05 09:51:01,2026-09-05 09:51:03,2165
E1002660,T1000934,SETTLED,2026-09-08 19:39:17,2026-09-08 19:39:26,1664
E1003056,T1001072,SETTLED,2026-09-09 20:39:25,2026-09-09 20:39:27,45
E1005068,T1001786,CREATED,2026-09-15 14:01:19,2026-09-15 14:01:27,517
E1004130,T1001452,CREATED,2026-09-12 08:35:33,2026-09-12 08:35:39,1793
E1001901,T1000666,CREATED,2026-09-06 14:40:48,2026-09-06 14:40:52,1634
E1000077,T1000027,SETTLED,2026-09-01 19:27:31,2026-09-01 19:27:40,977
E1008598,T1003051,CREATED,2026-09-25 14:23:32,2026-09-25 14:23:42,1792
E1005939,T1002098,CREATED,2026-09-17 22:30:00,2026-09-17 22:30:05,196
E1003372,T1001183,CREATED,2026-09-10 15:22:19,2026-09-10 15:22:28,331
E1003204,T1001124,SETTLED,2026-09-10 21:49:39,2026-09-10 21:49:48,766
E1006871,T1002438,AUTHORIZED,2026-09-20 19:19:23,2026-09-20 19:19:29,208
E1000889,T1000313,AUTHORIZED,2026-09-03 14:32:55,2026-09-03 14:32:58,536
E1007391,T1002624,CREATED,2026-09-21 19:42:52,2026-09-21 19:42:54,110
E1004193,T1001474,CREATED,2026-09-12 13:44:58,2026-09-12 13:45:01,759
E1002377,T1000834,AUTHORIZED,2026-09-07 19:16:02,2026-09-07 19:16:03,2479
E1001093,T1000387,FAILED,2026-09-04 16:08:03,2026-09-04 16:08:13,2388
E1008968,T1003181,FAILED,2026-09-26 08:01:29,2026-09-26 08:01:35,319
E1001138,T1000402,SETTLED,2026-09-04 08:54:30,2026-09-04 08:54:33,531
E1003440,T1001206,AUTHORIZED,2026-09-10 14:35:38,2026-09-10 14:35:45,602
E1007311,T1002595,SETTLED,2026-09-21 11:19:43,2026-09-21 11:19:49,1406
E1000184,T1000065,AUTHORIZED,2026-09-01 09:44:08,2026-09-01 09:44:17,1791
E1004164,T1001464,CREATED,2026-09-12 12:53:33,2026-09-12 12:53:40,782
E1009278,T1003291,AUTHORIZED,2026-09-26 12:33:32,2026-09-26 12:33:36,1837
E1003554,T1001247,SETTLED,2026-09-11 17:30:21,2026-09-11 17:30:26,1918
E1005367,T1001895,CREATED,2026-09-16 22:33:40,2026-09-16 22:40:40,1712
E1002161,T1000757,AUTHORIZED,2026-09-06 11:54:50,2026-09-06 11:54:51,868
E1009749,T1003457,AUTHORIZED,2026-09-28 21:10:49,2026-09-28 21:10:51,1329
E1001567,T1000551,AUTHORIZED,2026-09-05 12:04:29,2026-09-05 12:04:30,1824
E1009047,T1003209,SETTLED,2026-09-26 19:54:53,2026-09-26 19:55:01,1362
E1010033,T1003558,CREATED,2026-09-28 23:23:11,2026-09-28 23:23:15,1011
E1008363,T1002968,CREATED,2026-09-24 10:39:49,2026-09-24 10:39:52,1275
E1002570,T1000903,AUTHORIZED,2026-09-08 20:46:16,2026-09-08 20:46:21,1724
E1002700,T1000949,AUTHORIZED,2026-09-08 08:41:51,2026-09-08 08:41:57,745
E1010623,T1003764,SETTLED,2026-09-30 17:06:16,2026-09-30 17:06:17,198
E1005156,T1001817,SETTLED,2026-09-15 11:05:16,2026-09-15 11:05:25,662
E1007414,T1002632,SETTLED,2026-09-21 12:28:53,2026-09-21 12:29:00,1336
E1007322,T1002599,AUTHORIZED,2026-09-21 12:47:36,2026-09-21 13:55:36,879
E1001678,T1000589,AUTHORIZED,2026-09-05 22:21:54,2026-09-05 22:22:03,2259
E1004736,T1001666,AUTHORIZED,2026-09-14 14:54:36,2026-09-14 14:54:46,1991
E1000502,T1000176,AUTHORIZED,2026-09-02 13:09:17,2026-09-02 13:09:22,1730
E1002011,T1000704,AUTHORIZED,2026-09-06 13:21:24,2026-09-06 13:21:31,2108
E1005145,T1001813,FAILED,2026-09-15 13:34:42,2026-09-15 13:34:49,295
E1010198,T1003615,AUTHORIZED,2026-09-29 17:45:40,2026-09-29 18:06:40,1913
E1004363,T1001533,SETTLED,2026-09-13 15:55:48,2026-09-13 15:55:50,1250
E1002932,T1001029,SETTLED,2026-09-09 19:06:36,2026-09-09 19:06:41,1062
E1007734,T1002747,SETTLED,2026-09-22 09:38:33,2026-09-22 09:38:39,962
E1001447,T1000509,AUTHORIZED,2026-09-05 09:33:14,2026-09-05 09:33:15,874
E1000747,T1000263,CREATED,2026-09-03 13:00:52,2026-09-03 13:00:53,46
E1006877,T1002440,AUTHORIZED,2026-09-20 10:09:23,2026-09-20 10:09:24,2118
E1001318,T1000464,CREATED,2026-09-05 19:30:41,2026-09-05 19:30:47,1703
E1009396,T1003331,AUTHORIZED,2026-09-27 21:28:04,2026-09-27 21:28:05,1757
E1007360,T1002612,AUTHORIZED,2026-09-21 14:08:40,2026-09-21 14:08:46,1263
E1009294,T1003296,SETTLED,2026-09-26 12:08:08,2026-09-26 12:08:13,574
E1009164,T1003251,AUTHORIZED,2026-09-26 17:21:26,2026-09-26 17:21:36,1344
E1000560,T1000197,AUTHORIZED,2026-09-02 18:10:36,2026-09-02 18:10:37,858
E1002476,T1000869,AUTHORIZED,2026-09-07 19:56:35,2026-09-07 19:56:40,1167
E1008747,T1003102,CREATED,2026-09-25 10:06:08,2026-09-25 10:06:13,1901
E1001254,T1000441,SETTLED,2026-09-04 11:32:14,2026-09-04 11:32:21,1529
E1005501,T1001944,AUTHORIZED,2026-09-16 15:06:10,2026-09-16 15:06:12,1046
E1009234,T1003276,AUTHORIZED,2026-09-26 10:36:25,2026-09-26 10:36:34,2277
E1010588,T1003752,AUTHORIZED,2026-09-30 17:38:21,2026-09-30 17:38:30,2051
E1001642,T1000577,AUTHORIZED,2026-09-05 13:17:28,2026-09-05 13:17:35,616
E1001005,T1000354,CREATED,2026-09-04 13:23:32,2026-09-04 13:23:37,2205
E1007847,T1002786,SETTLED,2026-09-23 16:41:17,2026-09-23 16:41:24,393
E1007493,T1002660,CREATED,2026-09-21 11:44:11,2026-09-21 11:44:17,1233
E1001704,T1000598,AUTHORIZED,2026-09-05 11:53:35,2026-09-05 11:53:42,1443
E1003845,T1001351,CREATED,2026-09-12 20:09:19,2026-09-12 20:09:27,284
E1006676,T1002367,SETTLED,2026-09-19 15:35:48,2026-09-19 16:19:48,1165
E1001246,T1000439,CREATED,2026-09-04 17:51:44,2026-09-04 17:51:47,2315
E1000009,T1000003,SETTLED,2026-09-01 13:19:10,2026-09-01 13:19:17,786
E1002427,T1000852,CREATED,2026-09-07 09:50:37,2026-09-07 09:50:43,564
E1006049,T1002137,AUTHORIZED,2026-09-18 10:25:59,2026-09-18 10:26:01,1482
E1008154,T1002893,AUTHORIZED,2026-09-24 09:30:00,2026-09-24 09:30:07,416
E1004969,T1001749,CREATED,2026-09-14 20:10:49,2026-09-14 20:10:50,249
E1010073,T1003572,CREATED,2026-09-28 14:06:09,2026-09-28 14:06:10,1674
E1000419,T1000148,CREATED,2026-09-02 11:05:42,2026-09-02 11:05:50,1450
E1006403,T1002265,AUTHORIZED,2026-09-19 15:49:04,2026-09-19 16:03:04,853
E1004215,T1001481,SETTLED,2026-09-12 11:03:14,2026-09-12 11:03:18,1517
E1007828,T1002780,CREATED,2026-09-23 09:11:30,2026-09-23 09:11:38,1278
E1010248,T1003632,SETTLED,2026-09-29 16:26:26,2026-09-29 16:26:28,192
E1007626,T1002708,SETTLED,2026-09-22 12:47:29,2026-09-22 12:47:38,1831
E1004366,T1001534,SETTLED,2026-09-13 20:07:43,2026-09-13 20:07:44,897
E1007729,T1002745,SETTLED,2026-09-22 19:48:27,2026-09-22 19:48:33,442
E1003483,T1001222,SETTLED,2026-09-10 07:34:07,2026-09-10 07:34:11,1338
E1008519,T1003023,AUTHORIZED,2026-09-25 19:06:57,2026-09-25 19:07:03,187
E1003457,T1001212,SETTLED,2026-09-10 11:08:17,2026-09-10 11:08:20,1505
E1008893,T1003154,CREATED,2026-09-26 14:34:10,2026-09-26 14:34:12,2211
E1007196,T1002553,AUTHORIZED,2026-09-21 18:30:58,2026-09-21 18:31:00,790
E1002674,T1000940,AUTHORIZED,2026-09-08 20:23:27,2026-09-08 20:23:29,1993
E1001839,T1000645,CREATED,2026-09-06 11:03:31,2026-09-06 11:03:32,402
E1003502,T1001229,AUTHORIZED,2026-09-11 18:05:24,2026-09-11 18:05:27,1189
E1001836,T1000644,CREATED,2026-09-06 18:09:51,2026-09-06 18:09:55,1662
E1006154,T1002176,AUTHORIZED,2026-09-18 13:35:25,2026-09-18 13:35:31,1611
E1005073,T1001788,CREATED,2026-09-15 12:37:16,2026-09-15 12:37:18,260
E1005582,T1001972,AUTHORIZED,2026-09-16 22:15:45,2026-09-16 22:15:48,1113
E1002501,T1000878,CREATED,2026-09-07 22:12:18,2026-09-07 22:12:26,935
E1002968,T1001042,SETTLED,2026-09-09 17:31:12,2026-09-09 17:31:20,482
E1005447,T1001924,SETTLED,2026-09-16 08:24:20,2026-09-16 08:24:21,953
E1001690,T1000593,SETTLED,2026-09-05 20:06:10,2026-09-05 20:06:13,2127
E1008862,T1003143,CREATED,2026-09-26 13:17:49,2026-09-26 13:17:58,1054
E1000146,T1000052,CREATED,2026-09-01 12:33:19,2026-09-01 12:33:26,611
E1007411,T1002631,SETTLED,2026-09-21 18:00:45,2026-09-21 18:00:52,1361
E1008043,T1002854,SETTLED,2026-09-23 21:22:02,2026-09-23 21:22:03,436
E1007014,T1002488,SETTLED,2026-09-20 14:22:39,2026-09-20 14:22:45,664
E1008682,T1003080,CREATED,2026-09-25 13:45:25,2026-09-25 13:45:31,210
E1004149,T1001459,CREATED,2026-09-12 08:05:53,2026-09-12 08:05:55,385
E1004974,T1001750,SETTLED,2026-09-14 16:33:32,2026-09-14 16:33:41,2119
E1000579,T1000203,SETTLED,2026-09-02 11:15:20,2026-09-02 11:15:22,552
E1000005,T1000002,AUTHORIZED,2026-09-01 18:42:12,2026-09-01 18:42:17,1819
E1004312,T1001515,CREATED,2026-09-13 21:54:18,2026-09-13 21:54:20,1095
E1007061,T1002505,SETTLED,2026-09-20 20:12:12,2026-09-20 20:12:13,1121
E1008716,T1003091,SETTLED,2026-09-25 12:33:50,2026-09-25 12:33:54,459
E1003395,T1001191,CREATED,2026-09-10 14:46:45,2026-09-10 14:46:47,2295
E1006017,T1002126,CREATED,2026-09-18 19:38:49,2026-09-18 19:38:52,404
E1000014,T1000005,AUTHORIZED,2026-09-01 09:02:05,2026-09-01 09:02:15,1384
E1005146,T1001814,CREATED,2026-09-15 16:23:47,2026-09-15 16:23:55,1842
E1009338,T1003312,CREATED,2026-09-27 11:31:15,2026-09-27 11:31:19,572
E1008538,T1003030,AUTHORIZED,2026-09-25 09:59:42,2026-09-25 09:59:49,675
E1002905,T1001020,SETTLED,2026-09-10 00:04:26,2026-09-10 00:04:28,1124
E1006465,T1002288,SETTLED,2026-09-19 15:36:00,2026-09-19 15:36:07,1229
E1005912,T1002088,AUTHORIZED,2026-09-17 14:36:19,2026-09-17 14:36:29,699
E1000553,T1000195,CREATED,2026-09-02 11:46:05,2026-09-02 11:46:07,2006
E1006155,T1002176,SETTLED,2026-09-18 13:57:03,2026-09-18 13:57:13,559
E1004229,T1001486,AUTHORIZED,2026-09-12 07:35:00,2026-09-12 07:35:06,357
E1001944,T1000681,AUTHORIZED,2026-09-06 19:25:33,2026-09-06 19:25:34,1628
E1006789,T1002409,CREATED,2026-09-20 17:33:27,2026-09-20 17:33:29,2475
E1003437,T1001205,AUTHORIZED,2026-09-10 20:47:46,2026-09-10 20:47:50,1508
E1008451,T1002999,FAILED,2026-09-24 20:10:25,2026-09-24 20:10:33,1914
E1002554,T1000898,CREATED,2026-09-08 19:26:52,2026-09-08 19:27:01,2177
E1002351,T1000825,CREATED,2026-09-07 18:01:33,2026-09-07 18:01:36,1905
E1000249,T1000087,AUTHORIZED,2026-09-01 20:26:23,2026-09-01 20:26:32,2212
E1004515,T1001587,SETTLED,2026-09-13 09:17:42,2026-09-13 09:17:44,1309
E1007225,T1002563,SETTLED,2026-09-21 15:47:42,2026-09-21 15:47:43,320
E1009589,T1003399,SETTLED,2026-09-27 16:52:52,2026-09-27 16:52:57,2456
E1005955,T1002103,AUTHORIZED,2026-09-17 14:04:30,2026-09-17 14:04:39,1879
E1006392,T1002261,AUTHORIZED,2026-09-19 20:39:57,2026-09-19 20:40:00,1130
E1001052,T1000371,AUTHORIZED,2026-09-04 11:17:57,2026-09-04 11:18:02,1801
E1009103,T1003229,SETTLED,2026-09-26 17:52:55,2026-09-26 17:52:58,1729
E1002713,T1000953,SETTLED,2026-09-08 22:52:30,2026-09-08 22:52:33,1743
E1008833,T1003133,CREATED,2026-09-25 10:16:30,2026-09-25 10:16:38,102
E1002276,T1000798,AUTHORIZED,2026-09-07 19:49:01,2026-09-07 19:49:06,1319
E1000642,T1000226,CREATED,2026-09-02 13:32:13,2026-09-02 13:32:23,1724
E1006505,T1002303,SETTLED,2026-09-19 12:13:39,2026-09-19 12:13:43,648
E1005333,T1001883,CREATED,2026-09-16 18:30:05,2026-09-16 18:30:10,1470
E1008982,T1003187,AUTHORIZED,2026-09-26 14:22:04,2026-09-26 14:22:10,410
E1008640,T1003065,AUTHORIZED,2026-09-25 20:08:44,2026-09-25 20:08:50,850
E1002823,T1000992,CREATED,2026-09-08 11:39:03,2026-09-08 11:39:13,1115
E1000267,T1000094,CREATED,2026-09-01 13:29:17,2026-09-01 13:29:21,473
E1007059,T1002505,CREATED,2026-09-20 18:38:12,2026-09-20 18:38:15,870
E1LATE01,T1001,AUTHORIZED,2026-09-02 10:02:15,2026-09-02 10:08:41,900
E1004409,T1001550,AUTHORIZED,2026-09-13 23:15:17,2026-09-13 23:15:23,508
E1005181,T1001826,SETTLED,2026-09-15 11:36:57,2026-09-15 11:36:59,1511
E1009845,T1003493,CREATED,2026-09-28 15:41:06,2026-09-28 15:41:14,2255
E1002850,T1001001,SETTLED,2026-09-09 12:36:54,2026-09-09 12:37:01,1295
E1000647,T1000227,SETTLED,2026-09-02 19:17:38,2026-09-02 19:17:41,274
E1006458,T1002286,CREATED,2026-09-19 14:06:42,2026-09-19 14:06:52,118
E1001743,T1000611,SETTLED,2026-09-05 19:27:18,2026-09-05 19:27:23,227
E1006796,T1002411,AUTHORIZED,2026-09-20 14:12:35,2026-09-20 14:12:45,535
E1005174,T1001824,AUTHORIZED,2026-09-15 16:46:08,2026-09-15 16:46:12,441
E1009622,T1003411,AUTHORIZED,2026-09-27 18:35:19,2026-09-27 18:35:29,778
E1009907,T1003514,SETTLED,2026-09-28 13:39:56,2026-09-28 13:40:06,893
E1007596,T1002698,CREATED,2026-09-22 08:44:07,2026-09-22 08:44:10,684
E1006429,T1002275,AUTHORIZED,2026-09-19 21:36:46,2026-09-19 21:36:50,957
E1007282,T1002585,CREATED,2026-09-21 13:17:22,2026-09-21 13:17:32,2125
E1002154,T1000755,CREATED,2026-09-06 12:18:55,2026-09-06 12:19:02,152
E1005531,T1001954,SETTLED,2026-09-16 16:28:55,2026-09-16 16:28:56,2225
E1001708,T1000599,SETTLED,2026-09-05 14:13:03,2026-09-05 14:13:08,2339
E1009462,T1003356,CREATED,2026-09-27 19:40:42,2026-09-27 19:40:48,1326
E1006177,T1002184,SETTLED,2026-09-18 20:20:27,2026-09-18 20:20:32,1302
E1009408,T1003335,SETTLED,2026-09-27 21:38:26,2026-09-27 21:38:29,579
E1002469,T1000867,CREATED,2026-09-07 06:39:15,2026-09-07 06:39:19,178
E1003841,T1001349,SETTLED,2026-09-12 20:20:47,2026-09-12 20:20:51,752
E1008330,T1002956,AUTHORIZED,2026-09-24 15:35:03,2026-09-24 15:35:10,1252
E1008200,T1002908,SETTLED,2026-09-24 07:33:33,2026-09-24 07:33:41,271
E1006990,T1002480,AUTHORIZED,2026-09-20 09:45:58,2026-09-20 09:46:07,1438
E1007774,T1002761,SETTLED,2026-09-22 20:48:15,2026-09-22 20:48:16,2371
E1007354,T1002610,CREATED,2026-09-21 21:14:03,2026-09-21 21:14:04,1658
E1002051,T1000719,CREATED,2026-09-06 21:18:02,2026-09-06 21:18:06,813
E1006815,T1002418,AUTHORIZED,2026-09-20 14:14:44,2026-09-20 14:14:45,123
E1008888,T1003152,AUTHORIZED,2026-09-26 16:33:05,2026-09-26 16:33:09,1883
E1003620,T1001270,SETTLED,2026-09-11 20:15:01,2026-09-11 20:15:05,2347
E1000311,T1000110,CREATED,2026-09-01 11:09:22,2026-09-01 11:09:26,967
E1002973,T1001044,SETTLED,2026-09-09 11:13:13,2026-09-09 11:13:22,1085
E1001670,T1000586,SETTLED,2026-09-05 19:31:51,2026-09-05 19:32:00,2120
E1009152,T1003247,AUTHORIZED,2026-09-26 17:35:08,2026-09-26 17:35:17,1551
E1001740,T1000610,FAILED,2026-09-05 19:57:59,2026-09-05 19:58:06,803
E1005506,T1001946,CREATED,2026-09-16 12:02:21,2026-09-16 12:02:31,2190
E1000723,T1000254,AUTHORIZED,2026-09-03 15:33:17,2026-09-03 15:33:18,539
E1003980,T1001398,AUTHORIZED,2026-09-12 17:43:57,2026-09-12 17:44:01,2442
E1006753,T1002396,SETTLED,2026-09-20 16:44:28,2026-09-20 16:44:29,1900
E1001808,T1000634,CREATED,2026-09-06 09:01:43,2026-09-06 09:01:53,1915
E1001793,T1000628,SETTLED,2026-09-06 20:39:58,2026-09-06 20:39:59,1763
E1007827,T1002779,SETTLED,2026-09-23 11:27:13,2026-09-23 11:27:15,2280
E1007461,T1002649,CREATED,2026-09-21 17:07:01,2026-09-21 17:07:02,1312
E1001381,T1000485,SETTLED,2026-09-05 18:11:28,2026-09-05 18:11:29,1481
E1009444,T1003349,CREATED,2026-09-27 22:01:07,2026-09-27 22:01:13,324
E1005571,T1001968,SETTLED,2026-09-16 17:48:03,2026-09-16 17:48:07,2047
E1008950,T1003175,AUTHORIZED,2026-09-26 14:24:04,2026-09-26 14:24:14,437
E1006228,T1002202,AUTHORIZED,2026-09-18 21:53:56,2026-09-18 21:54:06,2484
E1007195,T1002553,CREATED,2026-09-21 18:30:34,2026-09-21 18:30:37,1060
E1001319,T1000464,AUTHORIZED,2026-09-05 19:31:04,2026-09-05 19:31:13,1224
E1001462,T1000514,AUTHORIZED,2026-09-05 13:00:22,2026-09-05 13:00:25,1740
E1009641,T1003418,FAILED,2026-09-27 19:28:59,2026-09-27 19:29:04,644
E1003092,T1001085,AUTHORIZED,2026-09-09 10:10:14,2026-09-09 10:10:24,2231
E1010245,T1003631,SETTLED,2026-09-29 08:03:00,2026-09-29 08:03:01,175
E1008557,T1003036,SETTLED,2026-09-25 19:57:21,2026-09-25 19:57:22,505
E1008969,T1003182,CREATED,2026-09-26 14:35:20,2026-09-26 14:35:30,1234
E1009688,T1003435,SETTLED,2026-09-27 18:23:38,2026-09-27 18:23:45,1500
E1002243,T1000785,SETTLED,2026-09-07 16:06:51,2026-09-07 16:07:00,2078
E1007877,T1002797,CREATED,2026-09-23 18:39:12,2026-09-23 18:39:18,1244
E1007459,T1002648,AUTHORIZED,2026-09-21 14:48:05,2026-09-21 14:48:12,465
E1005634,T1001990,CREATED,2026-09-17 13:00:31,2026-09-17 13:00:34,2182
E1006571,T1002327,SETTLED,2026-09-19 20:51:20,2026-09-19 20:51:24,2271
E1002407,T1000845,AUTHORIZED,2026-09-07 19:08:04,2026-09-07 19:08:06,1949
E1009316,T1003304,AUTHORIZED,2026-09-27 16:30:31,2026-09-27 16:30:38,748
E1009418,T1003339,SETTLED,2026-09-27 20:45:59,2026-09-27 20:46:01,1626
E1009588,T1003399,AUTHORIZED,2026-09-27 16:40:05,2026-09-27 16:40:12,1231
E1000497,T1000174,AUTHORIZED,2026-09-02 17:50:10,2026-09-02 17:50:13,184
E1008041,T1002854,CREATED,2026-09-23 21:14:02,2026-09-23 21:14:11,1739
E1000540,T1000190,CREATED,2026-09-02 13:44:27,2026-09-02 13:44:31,1902
E1007164,T1002542,CREATED,2026-09-21 12:22:06,2026-09-21 12:22:12,2297
E1000986,T1000347,CREATED,2026-09-03 13:58:55,2026-09-03 13:59:04,1300
E1005569,T1001968,CREATED,2026-09-16 17:45:03,2026-09-16 17:45:05,235
E1004057,T1001427,CREATED,2026-09-12 17:52:20,2026-09-12 17:52:27,511
E1008582,T1003045,AUTHORIZED,2026-09-25 09:55:08,2026-09-25 09:55:14,1551
E1007292,T1002588,SETTLED,2026-09-21 10:26:29,2026-09-21 10:26:35,255
E1001466,T1000515,SETTLED,2026-09-05 15:47:36,2026-09-05 15:57:36,2022
E1007700,T1002735,SETTLED,2026-09-22 18:55:20,2026-09-22 18:55:22,1310
E1003306,T1001160,AUTHORIZED,2026-09-10 11:00:44,2026-09-10 11:00:53,759
E1008830,T1003132,CREATED,2026-09-25 16:10:04,2026-09-25 16:10:10,306
E1009262,T1003286,CREATED,2026-09-26 13:47:45,2026-09-26 13:47:50,2085
E1003576,T1001255,CREATED,2026-09-11 12:48:29,2026-09-11 12:48:31,671
E1006099,T1002155,FAILED,2026-09-18 14:45:37,2026-09-18 14:45:44,1208
E1006251,T1002211,CREATED,2026-09-18 21:38:11,2026-09-18 21:38:21,2229
E1006905,T1002451,CREATED,2026-09-20 10:36:31,2026-09-20 11:24:31,2448
E1006237,T1002205,FAILED,2026-09-18 08:28:39,2026-09-18 08:28:45,1182
E1004678,T1001645,CREATED,2026-09-14 14:43:19,2026-09-14 14:43:20,2334
E1000396,T1000139,SETTLED,2026-09-02 12:34:21,2026-09-02 12:48:21,1527
E1004529,T1001592,SETTLED,2026-09-13 18:59:31,2026-09-13 18:59:33,1926
E1000964,T1000339,AUTHORIZED,2026-09-03 10:49:46,2026-09-03 10:49:55,2219
E1003431,T1001203,AUTHORIZED,2026-09-10 21:42:56,2026-09-10 21:43:04,935
E1002061,T1000722,SETTLED,2026-09-06 14:29:05,2026-09-06 14:29:11,589
E1005240,T1001848,CREATED,2026-09-15 11:12:52,2026-09-15 11:13:00,764
E1009697,T1003438,SETTLED,2026-09-27 12:27:07,2026-09-27 12:27:11,1049
E1002455,T1000862,CREATED,2026-09-07 15:46:12,2026-09-07 15:46:13,349
E1007983,T1002833,AUTHORIZED,2026-09-23 08:50:51,2026-09-23 08:50:55,1240
E1009158,T1003249,AUTHORIZED,2026-09-26 16:36:33,2026-09-26 16:36:37,1405
E1006389,T1002260,AUTHORIZED,2026-09-19 11:09:09,2026-09-19 11:09:18,2015
E1005976,T1002110,FAILED,2026-09-18 21:28:15,2026-09-18 21:28:25,1163
E1003082,T1001081,SETTLED,2026-09-09 10:03:11,2026-09-09 10:03:18,428
E1007902,T1002805,FAILED,2026-09-23 13:03:26,2026-09-23 13:03:28,2410
E1010044,T1003561,SETTLED,2026-09-28 22:59:29,2026-09-28 22:59:38,422
E1000909,T1000320,AUTHORIZED,2026-09-03 14:02:14,2026-09-03 14:02:21,2052
E1000908,T1000320,CREATED,2026-09-03 14:01:46,2026-09-03 14:01:48,747
E1000946,T1000333,AUTHORIZED,2026-09-03 19:29:51,2026-09-03 19:29:53,323
E1007770,T1002760,CREATED,2026-09-22 22:11:12,2026-09-22 22:11:13,2105
E1004657,T1001637,SETTLED,2026-09-14 20:51:14,2026-09-14 20:51:21,1107
E1002509,T1000881,AUTHORIZED,2026-09-07 08:45:50,2026-09-07 08:46:00,612
E1010199,T1003615,SETTLED,2026-09-29 18:02:14,2026-09-29 19:26:14,951
E1004483,T1001576,SETTLED,2026-09-13 22:07:43,2026-09-13 22:07:47,694
E1006186,T1002187,SETTLED,2026-09-18 11:22:59,2026-09-18 11:23:06,2230
E1008949,T1003175,CREATED,2026-09-26 14:23:35,2026-09-26 14:23:42,2228
E1006536,T1002315,AUTHORIZED,2026-09-19 17:17:29,2026-09-19 17:17:32,2001
E1010666,T1003780,AUTHORIZED,2026-09-30 07:04:19,2026-09-30 08:33:19,1952
E1004338,T1001525,CREATED,2026-09-13 17:24:10,2026-09-13 17:24:18,639
E1001516,T1000533,CREATED,2026-09-05 19:46:14,2026-09-05 19:46:18,68
E1000860,T1000303,AUTHORIZED,2026-09-03 18:28:15,2026-09-03 18:28:17,1766
E1004797,T1001688,SETTLED,2026-09-14 19:31:26,2026-09-14 19:31:27,1607
E1001547,T1000544,CREATED,2026-09-05 13:58:46,2026-09-05 13:58:55,604
E1007227,T1002564,AUTHORIZED,2026-09-21 18:34:31,2026-09-21 18:34:35,1091
E1008648,T1003068,AUTHORIZED,2026-09-25 10:23:30,2026-09-25 10:23:33,1171
E1009282,T1003292,SETTLED,2026-09-26 12:43:10,2026-09-26 12:43:13,499
E1001047,T1000369,AUTHORIZED,2026-09-04 18:42:08,2026-09-04 18:42:12,1930
E1007118,T1002526,SETTLED,2026-09-20 09:20:59,2026-09-20 09:21:00,330
E1005031,T1001771,SETTLED,2026-09-15 11:29:50,2026-09-15 11:29:57,1395
E1004935,T1001736,SETTLED,2026-09-14 21:34:25,2026-09-14 21:34:35,2163
E1002094,T1000734,SETTLED,2026-09-06 13:29:22,2026-09-06 13:29:28,1227
E1000328,T1000116,AUTHORIZED,2026-09-01 18:51:45,2026-09-01 18:51:50,53
E1001779,T1000624,CREATED,2026-09-06 19:45:46,2026-09-06 19:45:55,2378
E1009818,T1003483,CREATED,2026-09-28 10:03:11,2026-09-28 10:03:13,1442
E1005325,T1001880,AUTHORIZED,2026-09-16 12:17:24,2026-09-16 12:17:28,1565
E1003547,T1001245,AUTHORIZED,2026-09-11 09:57:24,2026-09-11 09:57:26,2230
E1000443,T1000156,CREATED,2026-09-02 12:59:46,2026-09-02 12:59:52,249
E1009132,T1003240,SETTLED,2026-09-26 17:31:57,2026-09-26 17:32:04,1424
E1007949,T1002822,CREATED,2026-09-23 11:02:07,2026-09-23 11:02:13,915
E1008267,T1002932,SETTLED,2026-09-24 16:36:03,2026-09-24 16:36:08,975
E1006969,T1002473,AUTHORIZED,2026-09-20 18:01:08,2026-09-20 18:01:16,481
E1002457,T1000862,SETTLED,2026-09-07 15:57:12,2026-09-07 15:57:15,2389
E1008727,T1003095,AUTHORIZED,2026-09-25 09:46:12,2026-09-25 09:46:14,535
E1010427,T1003695,AUTHORIZED,2026-09-29 14:26:55,2026-09-29 14:26:57,925
E1002473,T1000868,AUTHORIZED,2026-09-07 20:10:45,2026-09-07 20:10:52,730
E1009364,T1003320,SETTLED,2026-09-27 09:40:01,2026-09-27 09:40:08,711
E1009788,T1003471,SETTLED,2026-09-28 20:42:23,2026-09-28 20:42:26,2284
E1002483,T1000871,SETTLED,2026-09-07 13:20:16,2026-09-07 13:20:20,989
E1001422,T1000500,AUTHORIZED,2026-09-05 11:03:00,2026-09-05 11:03:05,653
E1008834,T1003133,FAILED,2026-09-25 10:16:40,2026-09-25 10:16:42,1443
E1009652,T1003422,AUTHORIZED,2026-09-27 09:18:11,2026-09-27 09:18:14,1127
E1003587,T1001259,CREATED,2026-09-11 18:43:32,2026-09-11 18:43:34,2095
E1006425,T1002273,AUTHORIZED,2026-09-19 12:10:31,2026-09-19 12:10:32,743
E1008569,T1003041,CREATED,2026-09-25 10:57:30,2026-09-25 10:57:38,1489
E1009218,T1003270,SETTLED,2026-09-26 15:50:43,2026-09-26 15:50:47,1410
E1005071,T1001787,CREATED,2026-09-15 13:55:06,2026-09-15 14:32:06,1759
E1001465,T1000515,AUTHORIZED,2026-09-05 12:58:01,2026-09-05 13:38:01,2470
E1006426,T1002274,CREATED,2026-09-19 17:17:13,2026-09-19 17:17:14,2375
E1010268,T1003639,AUTHORIZED,2026-09-29 07:01:29,2026-09-29 07:01:32,696
E1008414,T1002986,CREATED,2026-09-24 19:16:42,2026-09-24 19:16:52,746
E1002131,T1000747,AUTHORIZED,2026-09-06 09:15:36,2026-09-06 09:15:45,782
E1006899,T1002448,SETTLED,2026-09-20 16:56:09,2026-09-20 16:56:12,1272
E1006189,T1002188,SETTLED,2026-09-18 10:26:25,2026-09-18 10:26:28,1739
E1007270,T1002581,CREATED,2026-09-21 14:48:51,2026-09-21 14:48:52,1318
E1010025,T1003555,AUTHORIZED,2026-09-28 18:32:11,2026-09-28 18:32:16,1661
E1000761,T1000267,SETTLED,2026-09-03 06:38:02,2026-09-03 06:38:06,1533
E1000320,T1000113,CREATED,2026-09-01 11:36:54,2026-09-01 11:37:04,270
E1009846,T1003493,AUTHORIZED,2026-09-28 15:41:20,2026-09-28 15:41:22,1851
E1004859,T1001710,CREATED,2026-09-14 16:00:59,2026-09-14 16:01:07,460
E1001364,T1000479,SETTLED,2026-09-05 10:28:50,2026-09-05 11:23:50,2065
E1000404,T1000142,AUTHORIZED,2026-09-02 10:33:24,2026-09-02 10:33:33,2264
E1010804,T1003829,AUTHORIZED,2026-09-30 20:52:58,2026-09-30 20:52:59,1774
E1010332,T1003662,CREATED,2026-09-29 23:02:48,2026-09-29 23:02:50,747
E1001399,T1000492,AUTHORIZED,2026-09-05 08:08:35,2026-09-05 08:08:36,2093
E1005772,T1002040,CREATED,2026-09-17 12:15:18,2026-09-17 12:15:26,639
E1002834,T1000996,CREATED,2026-09-08 12:39:26,2026-09-08 12:39:27,910
E1003894,T1001367,AUTHORIZED,2026-09-12 21:55:25,2026-09-12 21:55:35,1922
E1005605,T1001980,CREATED,2026-09-16 20:24:12,2026-09-16 20:24:13,255
E1001952,T1000684,CREATED,2026-09-06 12:07:26,2026-09-06 12:07:34,559
E1010530,T1003731,AUTHORIZED,2026-09-30 11:22:35,2026-09-30 11:22:45,173
E1006614,T1002344,CREATED,2026-09-19 11:38:40,2026-09-19 11:38:43,2047
E1003556,T1001248,AUTHORIZED,2026-09-11 20:30:20,2026-09-11 20:30:22,1912
E1002447,T1000859,AUTHORIZED,2026-09-07 20:23:21,2026-09-07 20:23:24,1218
E1008244,T1002924,AUTHORIZED,2026-09-24 08:36:46,2026-09-24 08:36:53,1386
E1003221,T1001130,SETTLED,2026-09-10 11:30:27,2026-09-10 11:30:34,2467
E1006663,T1002362,AUTHORIZED,2026-09-19 19:19:45,2026-09-19 19:19:52,2141
E1010405,T1003687,SETTLED,2026-09-29 23:20:25,2026-09-29 23:20:27,718
E1000259,T1000091,AUTHORIZED,2026-09-01 12:27:29,2026-09-01 12:27:30,1115
E1001746,T1000612,SETTLED,2026-09-05 22:21:19,2026-09-05 22:21:26,2392
E1009949,T1003529,CREATED,2026-09-28 13:45:39,2026-09-28 13:45:49,77
E1004799,T1001689,AUTHORIZED,2026-09-14 13:18:18,2026-09-14 13:18:28,1700
E1000549,T1000193,AUTHORIZED,2026-09-02 13:29:04,2026-09-02 13:29:06,2249
E1008809,T1003125,CREATED,2026-09-25 07:12:06,2026-09-25 07:12:14,705
E1009386,T1003328,CREATED,2026-09-27 10:44:32,2026-09-27 10:44:41,2124
E1009153,T1003247,SETTLED,2026-09-26 17:50:41,2026-09-26 17:50:45,843
E1007405,T1002629,AUTHORIZED,2026-09-21 20:23:07,2026-09-21 20:23:16,2051
E1002533,T1000890,AUTHORIZED,2026-09-08 07:11:49,2026-09-08 07:11:58,407
E1001964,T1000688,CREATED,2026-09-06 16:32:05,2026-09-06 16:32:11,1877
E1004746,T1001670,AUTHORIZED,2026-09-14 21:12:47,2026-09-14 21:12:54,313
E1000517,T1000181,AUTHORIZED,2026-09-02 13:07:17,2026-09-02 13:07:20,1847
E1010529,T1003731,CREATED,2026-09-30 11:22:14,2026-09-30 11:22:18,1042
E1004931,T1001735,AUTHORIZED,2026-09-14 07:10:25,2026-09-14 07:10:34,991
E1000116,T1000041,SETTLED,2026-09-01 20:17:25,2026-09-01 20:17:29,1139
E1002604,T1000915,CREATED,2026-09-08 15:41:01,2026-09-08 15:41:07,489
E1007041,T1002498,CREATED,2026-09-20 10:11:00,2026-09-20 10:11:05,848
E1006214,T1002197,AUTHORIZED,2026-09-18 06:47:07,2026-09-18 08:13:07,1807
E1006836,T1002426,CREATED,2026-09-20 21:27:49,2026-09-20 21:27:50,1060
E1005298,T1001870,SETTLED,2026-09-16 13:32:24,2026-09-16 13:32:30,1925
E1008785,T1003116,CREATED,2026-09-25 16:50:04,2026-09-25 16:50:05,1271
E1010256,T1003635,AUTHORIZED,2026-09-29 21:06:42,2026-09-29 21:06:46,1570
E1006422,T1002272,CREATED,2026-09-19 18:19:42,2026-09-19 19:22:42,1698
E1006133,T1002168,CREATED,2026-09-18 08:23:19,2026-09-18 08:23:26,1928
E1006382,T1002257,AUTHORIZED,2026-09-19 13:36:31,2026-09-19 13:36:37,1093
E1008927,T1003167,CREATED,2026-09-26 11:41:10,2026-09-26 11:41:15,568
E1001256,T1000442,AUTHORIZED,2026-09-04 12:21:05,2026-09-04 12:21:14,180
E1007324,T1002600,CREATED,2026-09-21 11:11:51,2026-09-21 11:12:01,2439
E1000530,T1000186,SETTLED,2026-09-02 08:53:56,2026-09-02 08:54:04,1659
E1009011,T1003197,AUTHORIZED,2026-09-26 14:51:39,2026-09-26 14:51:48,1502
E1007524,T1002672,AUTHORIZED,2026-09-22 18:50:13,2026-09-22 18:50:23,1810
E1010787,T1003823,SETTLED,2026-09-30 12:26:02,2026-09-30 12:26:12,849
E1000200,T1000070,SETTLED,2026-09-01 12:31:26,2026-09-01 12:31:36,655
E1003966,T1001393,AUTHORIZED,2026-09-12 19:08:41,2026-09-12 19:08:48,1017
E1006957,T1002469,CREATED,2026-09-20 16:38:46,2026-09-20 16:38:54,1655
E1002313,T1000811,SETTLED,2026-09-07 15:02:13,2026-09-07 15:02:20,251
E1003619,T1001270,AUTHORIZED,2026-09-11 20:04:12,2026-09-11 20:04:20,421
E1005598,T1001977,SETTLED,2026-09-16 12:33:51,2026-09-16 12:33:53,2495
E1009150,T1003246,SETTLED,2026-09-27 00:52:15,2026-09-27 00:52:22,598
E1006040,T1002134,CREATED,2026-09-18 22:36:36,2026-09-18 22:36:46,51
E1008548,T1003033,SETTLED,2026-09-25 19:57:04,2026-09-25 19:57:09,383
E1005771,T1002039,SETTLED,2026-09-17 22:36:52,2026-09-17 22:36:58,1600
E1003690,T1001295,AUTHORIZED,2026-09-11 10:20:51,2026-09-11 10:20:53,1979
E1008760,T1003106,SETTLED,2026-09-25 14:40:12,2026-09-25 14:40:22,1187
E1002017,T1000706,SETTLED,2026-09-06 16:26:33,2026-09-06 16:26:39,237
E1005013,T1001765,CREATED,2026-09-15 22:01:51,2026-09-15 22:01:52,1199
E1004345,T1001527,FAILED,2026-09-13 18:02:33,2026-09-13 18:02:40,487
E1007684,T1002730,CREATED,2026-09-22 13:37:08,2026-09-22 13:37:11,171
E1001626,T1000572,CREATED,2026-09-05 18:18:18,2026-09-05 18:18:21,511
E1002960,T1001040,CREATED,2026-09-09 13:46:58,2026-09-09 13:47:07,2097
E1002816,T1000989,AUTHORIZED,2026-09-08 08:28:03,2026-09-08 08:28:08,2172
E1002186,T1000766,AUTHORIZED,2026-09-06 20:45:46,2026-09-06 20:45:47,2131
E1008597,T1003050,SETTLED,2026-09-25 21:52:33,2026-09-25 21:52:38,967
E1006570,T1002327,AUTHORIZED,2026-09-19 20:43:30,2026-09-19 20:43:35,1122
E1006516,T1002307,AUTHORIZED,2026-09-19 11:45:00,2026-09-19 11:45:08,67
E1007289,T1002587,SETTLED,2026-09-21 08:36:31,2026-09-21 08:36:40,1875
E1000897,T1000316,CREATED,2026-09-03 13:05:13,2026-09-03 13:05:23,128
E1004086,T1001437,CREATED,2026-09-12 09:54:40,2026-09-12 09:54:47,268
E1007539,T1002677,AUTHORIZED,2026-09-22 19:57:14,2026-09-22 19:57:17,2123
E1009911,T1003516,CREATED,2026-09-28 15:24:44,2026-09-28 15:24:51,630
E1010426,T1003695,CREATED,2026-09-29 14:26:37,2026-09-29 14:26:41,797
E1008506,T1003019,CREATED,2026-09-25 09:19:31,2026-09-25 09:19:32,1075
E1010188,T1003612,CREATED,2026-09-29 16:49:48,2026-09-29 16:49:56,293
E1006749,T1002395,CREATED,2026-09-20 16:37:40,2026-09-20 16:37:48,1021
E1008741,T1003100,CREATED,2026-09-25 14:13:46,2026-09-25 14:13:47,2269
E1001892,T1000663,CREATED,2026-09-06 09:58:18,2026-09-06 09:58:24,1910
E1000627,T1000221,CREATED,2026-09-02 18:50:58,2026-09-02 18:51:08,2295
E1008778,T1003113,SETTLED,2026-09-25 17:29:08,2026-09-25 17:29:11,1529
E1005500,T1001944,CREATED,2026-09-16 15:05:40,2026-09-16 15:05:49,1424
E1000129,T1000046,AUTHORIZED,2026-09-01 19:36:15,2026-09-01 19:36:24,918
E1005203,T1001834,CREATED,2026-09-15 19:08:39,2026-09-15 19:08:40,1353
E1002899,T1001018,SETTLED,2026-09-09 14:06:42,2026-09-09 14:06:45,812
E1004064,T1001429,AUTHORIZED,2026-09-12 15:09:13,2026-09-12 15:09:18,149
E1006856,T1002433,CREATED,2026-09-20 18:26:57,2026-09-20 18:26:59,1405
E1004015,T1001411,SETTLED,2026-09-12 19:37:19,2026-09-12 19:37:24,1736
E1005262,T1001857,CREATED,2026-09-15 16:10:02,2026-09-15 16:10:11,520
E1009543,T1003384,CREATED,2026-09-27 15:25:22,2026-09-27 15:25:26,152
E1007389,T1002623,AUTHORIZED,2026-09-21 13:24:37,2026-09-21 13:24:46,1760
E1005258,T1001855,AUTHORIZED,2026-09-15 14:07:49,2026-09-15 14:07:53,1679
E1004663,T1001639,SETTLED,2026-09-14 14:50:04,2026-09-14 14:50:07,925
E1007467,T1002651,CREATED,2026-09-21 10:40:34,2026-09-21 10:40:44,894
E1003741,T1001315,CREATED,2026-09-11 17:37:01,2026-09-11 17:37:08,1835
E1001761,T1000618,CREATED,2026-09-06 20:18:01,2026-09-06 20:18:10,1786
E1004802,T1001690,AUTHORIZED,2026-09-14 13:22:13,2026-09-14 13:22:18,1600
E1000067,T1000024,AUTHORIZED,2026-09-01 14:25:53,2026-09-01 14:25:55,2288
E1004034,T1001418,AUTHORIZED,2026-09-12 15:30:28,2026-09-12 15:30:36,1646
E1006411,T1002268,AUTHORIZED,2026-09-19 18:57:33,2026-09-19 18:57:43,1190
E1001627,T1000572,AUTHORIZED,2026-09-05 18:18:47,2026-09-05 18:18:55,865
E1002263,T1000793,FAILED,2026-09-07 21:41:08,2026-09-07 21:41:12,1850
E1000109,T1000039,CREATED,2026-09-01 15:27:12,2026-09-01 15:27:22,1911
E1003166,T1001111,AUTHORIZED,2026-09-10 19:15:10,2026-09-10 19:15:15,518
E1006113,T1002161,CREATED,2026-09-18 19:05:14,2026-09-18 19:05:24,2374
E1002267,T1000795,CREATED,2026-09-07 19:08:48,2026-09-07 19:08:55,840
E1010684,T1003786,SETTLED,2026-09-30 07:33:46,2026-09-30 07:33:53,2471
E1007859,T1002790,SETTLED,2026-09-23 19:51:21,2026-09-23 19:51:23,561
E1009576,T1003395,AUTHORIZED,2026-09-27 21:42:58,2026-09-27 21:42:59,497
E1005338,T1001884,SETTLED,2026-09-16 14:06:57,2026-09-16 15:18:57,1147
E1007837,T1002783,CREATED,2026-09-23 16:22:15,2026-09-23 16:22:17,493
E1004133,T1001453,CREATED,2026-09-12 09:09:08,2026-09-12 09:09:10,1144
E1006244,T1002208,AUTHORIZED,2026-09-18 11:22:20,2026-09-18 11:22:30,2234
E1000738,T1000260,CREATED,2026-09-03 14:58:26,2026-09-03 14:58:35,1723
E1003283,T1001152,AUTHORIZED,2026-09-10 11:41:37,2026-09-10 11:41:46,1983
E1000637,T1000224,AUTHORIZED,2026-09-02 18:04:38,2026-09-02 18:04:46,797
E1000823,T1000290,AUTHORIZED,2026-09-03 15:32:57,2026-09-03 15:33:02,638
E1004901,T1001725,CREATED,2026-09-14 13:26:00,2026-09-14 14:52:00,1415
E1009309,T1003301,SETTLED,2026-09-26 11:43:48,2026-09-26 11:43:54,596
E1005462,T1001930,CREATED,2026-09-16 09:26:24,2026-09-16 09:26:29,577
E1004273,T1001501,SETTLED,2026-09-13 23:49:12,2026-09-13 23:49:15,367
E1005343,T1001886,FAILED,2026-09-16 17:36:49,2026-09-16 17:36:56,1595
E1009086,T1003223,SETTLED,2026-09-26 19:24:35,2026-09-26 19:24:37,2393
E1010267,T1003639,CREATED,2026-09-29 07:01:11,2026-09-29 07:01:18,453
E1010770,T1003817,AUTHORIZED,2026-09-30 12:10:31,2026-09-30 12:10:40,2390
E1001801,T1000631,SETTLED,2026-09-06 14:15:15,2026-09-06 14:15:23,1026
E1007698,T1002735,CREATED,2026-09-22 18:44:20,2026-09-22 18:44:25,2199
E1003255,T1001142,AUTHORIZED,2026-09-10 11:30:10,2026-09-10 11:30:15,1481
E1003830,T1001346,CREATED,2026-09-12 10:30:32,2026-09-12 10:30:41,2376
E1000799,T1000281,SETTLED,2026-09-03 11:02:42,2026-09-03 11:02:45,641
E1005766,T1002038,CREATED,2026-09-17 17:58:12,2026-09-17 17:58:18,1354
E1001384,T1000486,SETTLED,2026-09-05 22:57:09,2026-09-05 22:57:17,1625
E1000272,T1000095,SETTLED,2026-09-01 14:31:30,2026-09-01 14:31:37,1929
E1006369,T1002253,CREATED,2026-09-19 12:14:34,2026-09-19 12:14:39,1809
E1004834,T1001701,SETTLED,2026-09-14 12:43:22,2026-09-14 12:43:31,1297
E1007876,T1002796,SETTLED,2026-09-23 23:01:13,2026-09-23 23:01:20,562
E1007045,T1002499,AUTHORIZED,2026-09-20 20:13:59,2026-09-20 20:14:04,466
E1001695,T1000595,AUTHORIZED,2026-09-05 18:27:08,2026-09-05 18:27:11,1210
E1007693,T1002733,AUTHORIZED,2026-09-22 15:16:02,2026-09-22 15:16:03,47
E1004984,T1001754,CREATED,2026-09-14 19:15:53,2026-09-14 19:15:58,1255
E1003342,T1001172,AUTHORIZED,2026-09-10 20:29:02,2026-09-10 20:29:12,830
E1002029,T1000711,AUTHORIZED,2026-09-06 08:16:58,2026-09-06 08:17:07,458
E1002205,T1000773,CREATED,2026-09-06 08:12:39,2026-09-06 08:12:41,558
E1010760,T1003814,CREATED,2026-09-30 19:09:49,2026-09-30 19:09:57,686
E1003623,T1001271,SETTLED,2026-09-11 20:23:17,2026-09-11 20:23:18,1598
E1005411,T1001911,AUTHORIZED,2026-09-16 11:51:27,2026-09-16 11:51:28,1365
E1007622,T1002707,AUTHORIZED,2026-09-22 08:08:19,2026-09-22 08:08:20,511
E1001733,T1000608,CREATED,2026-09-05 09:33:37,2026-09-05 09:33:47,2483
E1009594,T1003401,AUTHORIZED,2026-09-27 08:43:37,2026-09-27 08:43:47,972
E1008551,T1003034,SETTLED,2026-09-25 08:39:37,2026-09-25 08:39:43,1888
E1006763,T1002400,AUTHORIZED,2026-09-20 16:07:37,2026-09-20 16:07:39,2029
E1000743,T1000261,SETTLED,2026-09-03 23:14:12,2026-09-03 23:14:15,1276
E1003112,T1001092,SETTLED,2026-09-09 19:34:48,2026-09-09 19:34:56,2444
E1010538,T1003734,AUTHORIZED,2026-09-30 11:29:55,2026-09-30 11:29:58,1746
E1000930,T1000327,SETTLED,2026-09-03 14:48:37,2026-09-03 14:48:46,1504
E1003696,T1001297,AUTHORIZED,2026-09-11 12:22:38,2026-09-11 13:40:38,1573
E1001134,T1000401,AUTHORIZED,2026-09-04 09:02:53,2026-09-04 09:02:55,2120
E1004877,T1001716,AUTHORIZED,2026-09-14 16:07:31,2026-09-14 16:07:36,2480
E1001989,T1000696,AUTHORIZED,2026-09-06 19:08:21,2026-09-06 19:08:25,1698
E1007180,T1002548,CREATED,2026-09-21 18:13:32,2026-09-21 18:13:34,309
E1006509,T1002305,CREATED,2026-09-19 12:13:12,2026-09-19 12:13:15,1253
E1006206,T1002194,SETTLED,2026-09-18 18:55:28,2026-09-18 18:55:30,137
E1005934,T1002096,AUTHORIZED,2026-09-17 17:00:58,2026-09-17 17:01:03,1652
E1008273,T1002934,SETTLED,2026-09-24 20:27:12,2026-09-24 21:37:12,1188
E1000705,T1000247,SETTLED,2026-09-03 21:31:52,2026-09-03 21:31:57,1673
E1002897,T1001018,CREATED,2026-09-09 13:45:42,2026-09-09 13:45:47,2238
E1002453,T1000861,AUTHORIZED,2026-09-07 19:22:45,2026-09-07 19:22:52,468
E1003303,T1001159,AUTHORIZED,2026-09-10 19:08:23,2026-09-10 19:08:25,1447
E1005164,T1001820,AUTHORIZED,2026-09-15 11:11:56,2026-09-15 11:12:05,2459
E1001813,T1000635,SETTLED,2026-09-06 19:16:34,2026-09-06 19:16:37,1263
E1003675,T1001290,AUTHORIZED,2026-09-11 23:20:31,2026-09-11 23:20:38,2027
E1005947,T1002100,SETTLED,2026-09-17 14:28:39,2026-09-17 14:28:44,1353
E1005997,T1002118,SETTLED,2026-09-18 21:09:11,2026-09-18 21:09:16,1581
E1002475,T1000869,CREATED,2026-09-07 19:56:11,2026-09-07 19:56:13,2318
E1001150,T1000406,SETTLED,2026-09-04 12:02:30,2026-09-04 12:02:37,2466
E1004630,T1001628,AUTHORIZED,2026-09-13 18:18:40,2026-09-13 18:18:42,1211
E1009341,T1003313,CREATED,2026-09-27 18:31:15,2026-09-27 18:31:19,1982
E1003267,T1001146,SETTLED,2026-09-10 21:55:33,2026-09-10 21:55:36,113
E1004487,T1001578,CREATED,2026-09-13 20:43:21,2026-09-13 20:43:31,471
E1006903,T1002450,CREATED,2026-09-20 16:36:25,2026-09-20 16:36:33,1725
E1010527,T1003730,AUTHORIZED,2026-09-30 16:32:25,2026-09-30 16:32:28,1324
E1002870,T1001008,SETTLED,2026-09-09 09:28:08,2026-09-09 09:28:18,1009
E1007428,T1002637,AUTHORIZED,2026-09-21 09:18:24,2026-09-21 09:18:33,1673
E1005922,T1002092,CREATED,2026-09-17 16:56:30,2026-09-17 16:56:34,2100
E1002018,T1000707,CREATED,2026-09-06 12:41:57,2026-09-06 12:42:07,209
E1006534,T1002314,SETTLED,2026-09-19 19:52:08,2026-09-19 19:52:16,721
E1005565,T1001966,SETTLED,2026-09-16 10:15:28,2026-09-16 10:15:35,2175
E1003212,T1001127,AUTHORIZED,2026-09-10 15:07:47,2026-09-10 15:07:56,906
E1010653,T1003775,SETTLED,2026-09-30 20:09:33,2026-09-30 20:09:38,2404
E1010360,T1003672,CREATED,2026-09-29 15:39:19,2026-09-29 15:39:28,1091
E1007650,T1002717,AUTHORIZED,2026-09-22 18:10:16,2026-09-22 18:10:25,2147
E1002582,T1000907,AUTHORIZED,2026-09-08 19:31:03,2026-09-08 19:31:06,78
E1000214,T1000075,SETTLED,2026-09-01 09:51:32,2026-09-01 09:51:41,2150
E1009336,T1003311,CREATED,2026-09-27 13:38:32,2026-09-27 13:38:40,317
E1004287,T1001506,AUTHORIZED,2026-09-13 17:11:04,2026-09-13 17:11:12,1143
E1003537,T1001242,CREATED,2026-09-11 15:09:38,2026-09-11 15:09:43,1115
E1005909,T1002087,CREATED,2026-09-17 19:14:29,2026-09-17 19:14:34,2402
E1004414,T1001552,AUTHORIZED,2026-09-13 14:53:55,2026-09-13 14:54:01,2004
E1001219,T1000430,CREATED,2026-09-04 15:24:23,2026-09-04 15:24:25,1057
E1002415,T1000848,CREATED,2026-09-07 13:57:52,2026-09-07 13:57:58,545
E1000868,T1000306,CREATED,2026-09-03 11:56:33,2026-09-03 11:56:36,1421
E1003453,T1001211,CREATED,2026-09-10 11:38:07,2026-09-10 11:38:17,2330
E1008144,T1002890,CREATED,2026-09-24 17:50:40,2026-09-24 17:50:41,2194
E1000709,T1000249,CREATED,2026-09-03 20:52:42,2026-09-03 20:52:52,1468
E1005765,T1002037,SETTLED,2026-09-17 15:42:03,2026-09-17 15:42:13,1864
E1002015,T1000706,CREATED,2026-09-06 16:08:33,2026-09-06 16:08:34,1913
E1009322,T1003306,AUTHORIZED,2026-09-27 22:47:39,2026-09-27 22:47:48,278
E1006120,T1002163,AUTHORIZED,2026-09-18 16:58:03,2026-09-18 16:58:07,1543
E1008762,T1003107,AUTHORIZED,2026-09-25 18:58:25,2026-09-25 18:58:27,1477
E1010217,T1003622,AUTHORIZED,2026-09-29 12:06:38,2026-09-29 12:06:47,1289
E1002135,T1000748,SETTLED,2026-09-06 13:17:25,2026-09-06 13:17:30,1761
E1009319,T1003305,AUTHORIZED,2026-09-27 17:36:58,2026-09-27 17:36:59,1317
E1000886,T1000312,CREATED,2026-09-03 07:54:40,2026-09-03 07:54:44,1387
E1008299,T1002945,AUTHORIZED,2026-09-24 15:24:38,2026-09-24 15:24:46,1802
E1008082,T1002868,AUTHORIZED,2026-09-23 11:46:09,2026-09-23 11:46:13,1575
E1000435,T1000153,AUTHORIZED,2026-09-02 13:41:35,2026-09-02 13:41:43,1427
E1007544,T1002679,CREATED,2026-09-22 18:57:20,2026-09-22 18:57:29,2119
E1000187,T1000066,AUTHORIZED,2026-09-01 17:33:12,2026-09-01 17:33:17,1916
E1000302,T1000107,CREATED,2026-09-01 11:00:16,2026-09-01 11:00:17,724
E1002771,T1000973,SETTLED,2026-09-08 21:29:43,2026-09-08 21:29:50,1858
E1010610,T1003760,CREATED,2026-09-30 10:57:49,2026-09-30 10:57:51,129
E1001241,T1000437,AUTHORIZED,2026-09-04 15:23:27,2026-09-04 15:23:37,1891
E1005224,T1001842,CREATED,2026-09-15 14:21:23,2026-09-15 14:21:29,245
E1009797,T1003475,CREATED,2026-09-28 19:37:03,2026-09-28 19:37:04,1368
E1010369,T1003675,CREATED,2026-09-29 09:40:30,2026-09-29 09:40:36,1669
E1004425,T1001556,AUTHORIZED,2026-09-13 18:39:15,2026-09-13 18:39:24,1188
E1008644,T1003067,CREATED,2026-09-25 12:23:59,2026-09-25 12:24:05,60
E1003774,T1001326,SETTLED,2026-09-11 18:50:47,2026-09-11 18:50:50,625
E1010470,T1003711,CREATED,2026-09-29 08:48:09,2026-09-29 08:48:13,641
E1001128,T1000399,AUTHORIZED,2026-09-04 13:00:54,2026-09-04 13:00:58,1645
E1008079,T1002867,AUTHORIZED,2026-09-23 18:13:02,2026-09-23 18:13:10,273
E1001936,T1000678,AUTHORIZED,2026-09-06 18:02:13,2026-09-06 18:02:22,1902
E1000735,T1000258,SETTLED,2026-09-03 13:53:51,2026-09-03 13:53:54,785
E1009896,T1003510,SETTLED,2026-09-28 13:17:57,2026-09-28 13:18:07,979
E1006317,T1002233,SETTLED,2026-09-19 09:33:17,2026-09-19 09:33:20,1265
E1006597,T1002338,CREATED,2026-09-19 18:17:31,2026-09-19 18:17:39,982
E1005704,T1002016,AUTHORIZED,2026-09-17 17:48:28,2026-09-17 17:48:32,2072
E1007473,T1002653,AUTHORIZED,2026-09-21 17:09:42,2026-09-21 17:09:49,2227
E1005010,T1001763,FAILED,2026-09-15 10:19:53,2026-09-15 10:19:57,1277
E1004461,T1001569,AUTHORIZED,2026-09-13 13:20:39,2026-09-13 13:20:46,700
E1001715,T1000602,CREATED,2026-09-05 12:52:55,2026-09-05 12:53:05,245
E1005613,T1001982,SETTLED,2026-09-17 01:12:49,2026-09-17 01:12:50,992
E1001425,T1000501,FAILED,2026-09-05 13:03:18,2026-09-05 13:03:27,1785
E1006466,T1002289,CREATED,2026-09-19 20:09:11,2026-09-19 20:09:20,2055
E1008954,T1003176,SETTLED,2026-09-26 21:24:24,2026-09-26 21:24:28,569
E1008520,T1003023,SETTLED,2026-09-25 19:26:33,2026-09-25 19:26:38,1880
E1001366,T1000480,AUTHORIZED,2026-09-05 19:53:36,2026-09-05 19:53:46,1982
E1008799,T1003121,SETTLED,2026-09-25 11:10:58,2026-09-25 11:11:00,1954
E1003837,T1001348,AUTHORIZED,2026-09-12 08:05:09,2026-09-12 08:05:15,391
E1009180,T1003256,SETTLED,2026-09-26 09:36:28,2026-09-26 09:36:35,423
E1006974,T1002475,CREATED,2026-09-20 09:24:30,2026-09-20 09:24:31,1564
E1006324,T1002236,CREATED,2026-09-19 20:00:54,2026-09-19 20:01:04,1121
E1005086,T1001792,SETTLED,2026-09-15 21:50:22,2026-09-15 21:50:32,1769
E1007604,T1002700,SETTLED,2026-09-22 19:20:26,2026-09-22 19:20:35,1974
E1009675,T1003431,CREATED,2026-09-27 17:39:18,2026-09-27 17:39:28,583
E1003203,T1001124,AUTHORIZED,2026-09-10 21:37:00,2026-09-10 21:37:03,245
E1009597,T1003402,FAILED,2026-09-27 13:50:02,2026-09-27 13:50:09,932
E1001595,T1000561,CREATED,2026-09-05 09:27:24,2026-09-05 09:27:34,1247
E1009501,T1003369,CREATED,2026-09-27 16:02:05,2026-09-27 16:02:10,2022
E1007204,T1002556,CREATED,2026-09-21 10:28:17,2026-09-21 10:28:18,1884
E1010541,T1003735,AUTHORIZED,2026-09-30 19:20:37,2026-09-30 19:20:45,298
E1003724,T1001308,CREATED,2026-09-11 11:21:10,2026-09-11 11:21:20,2121
E1005159,T1001818,SETTLED,2026-09-15 15:46:18,2026-09-15 15:46:22,873
E1007336,T1002604,CREATED,2026-09-21 11:19:50,2026-09-21 11:19:51,1671
E1003024,T1001061,SETTLED,2026-09-09 21:17:30,2026-09-09 21:17:40,176
E1005552,T1001962,CREATED,2026-09-16 10:13:20,2026-09-16 10:13:30,2248
E1001323,T1000465,SETTLED,2026-09-05 14:18:33,2026-09-05 14:18:34,1747
E1006726,T1002386,AUTHORIZED,2026-09-19 19:48:57,2026-09-19 19:49:00,381
E1000850,T1000300,CREATED,2026-09-03 18:20:16,2026-09-03 18:20:17,1404
E1000360,T1000127,AUTHORIZED,2026-09-01 08:19:47,2026-09-01 08:19:54,1215
E1010166,T1003604,AUTHORIZED,2026-09-29 13:35:31,2026-09-29 13:35:34,135
E1008062,T1002861,AUTHORIZED,2026-09-23 20:18:49,2026-09-23 20:18:59,2084
E1005053,T1001780,AUTHORIZED,2026-09-15 17:00:49,2026-09-15 17:00:56,2350
E1003227,T1001132,SETTLED,2026-09-10 13:09:56,2026-09-10 13:10:04,432
E1001707,T1000599,AUTHORIZED,2026-09-05 13:55:06,2026-09-05 13:55:12,1326
E1001680,T1000590,CREATED,2026-09-05 10:35:26,2026-09-05 10:35:31,193
E1008906,T1003159,CREATED,2026-09-26 08:47:48,2026-09-26 08:47:52,98
E1003184,T1001117,AUTHORIZED,2026-09-10 19:37:44,2026-09-10 19:37:52,2341
E1002552,T1000897,AUTHORIZED,2026-09-08 23:24:48,2026-09-08 23:24:53,967
E1009302,T1003299,AUTHORIZED,2026-09-26 11:09:53,2026-09-26 11:10:01,1315
E1006394,T1002262,CREATED,2026-09-19 18:11:26,2026-09-19 18:11:32,678
E1005738,T1002028,AUTHORIZED,2026-09-17 11:20:57,2026-09-17 11:21:04,418
E1006794,T1002410,SETTLED,2026-09-21 00:06:01,2026-09-21 00:06:03,1446
E1008875,T1003148,CREATED,2026-09-26 19:13:23,2026-09-26 19:13:25,1197
E1010689,T1003788,SETTLED,2026-09-30 20:01:49,2026-09-30 20:01:52,1239
E1000990,T1000348,AUTHORIZED,2026-09-03 18:51:29,2026-09-03 18:51:33,504
E1007479,T1002655,AUTHORIZED,2026-09-21 13:39:49,2026-09-21 13:39:59,167
E1009292,T1003296,CREATED,2026-09-26 11:19:08,2026-09-26 11:19:11,2467
E1003359,T1001178,FAILED,2026-09-10 11:38:23,2026-09-10 11:38:27,1091
E1010006,T1003548,AUTHORIZED,2026-09-28 08:19:34,2026-09-28 08:19:39,1438
E1008889,T1003152,SETTLED,2026-09-26 16:50:39,2026-09-26 16:50:40,179
E1008612,T1003055,SETTLED,2026-09-25 21:40:24,2026-09-25 21:40:26,78
E1002277,T1000798,SETTLED,2026-09-07 21:39:55,2026-09-07 21:39:57,1290
E1008038,T1002853,CREATED,2026-09-23 18:58:24,2026-09-23 18:58:29,1672
E1007335,T1002603,SETTLED,2026-09-21 20:36:04,2026-09-21 20:36:12,472
E1001939,T1000679,AUTHORIZED,2026-09-06 12:21:21,2026-09-06 12:21:29,1625
E1004903,T1001725,SETTLED,2026-09-14 14:58:00,2026-09-14 15:54:00,2226
E1006451,T1002283,SETTLED,2026-09-19 19:21:01,2026-09-19 19:21:02,66
E1004905,T1001726,AUTHORIZED,2026-09-14 19:48:19,2026-09-14 19:48:21,1231
E1009970,T1003536,CREATED,2026-09-28 19:42:57,2026-09-28 19:43:01,1483
E1009739,T1003453,CREATED,2026-09-27 10:35:30,2026-09-27 10:35:40,938
E1003860,T1001356,CREATED,2026-09-12 12:23:43,2026-09-12 12:23:53,1711
E1005014,T1001765,AUTHORIZED,2026-09-15 22:02:18,2026-09-15 22:02:26,2433
E1005272,T1001860,FAILED,2026-09-15 12:09:18,2026-09-15 12:09:19,1006
E1003076,T1001079,SETTLED,2026-09-09 16:12:14,2026-09-09 16:12:15,1324
E1006716,T1002382,SETTLED,2026-09-19 09:53:54,2026-09-19 09:53:59,229
E1006205,T1002194,AUTHORIZED,2026-09-18 18:45:51,2026-09-18 18:45:52,999
E1006622,T1002346,SETTLED,2026-09-19 17:52:42,2026-09-19 17:52:50,286
E1004588,T1001612,SETTLED,2026-09-13 17:50:17,2026-09-13 17:50:22,1526
E1001173,T1000414,AUTHORIZED,2026-09-04 13:13:37,2026-09-04 13:13:40,589
E1005814,T1002054,AUTHORIZED,2026-09-17 20:21:32,2026-09-17 20:21:37,168
E1000589,T1000207,AUTHORIZED,2026-09-02 06:59:12,2026-09-02 06:59:15,827
E1004494,T1001580,SETTLED,2026-09-13 16:51:10,2026-09-13 16:51:15,1464
E1010681,T1003785,SETTLED,2026-09-30 19:34:48,2026-09-30 19:34:50,577
E1004200,T1001476,AUTHORIZED,2026-09-12 21:18:55,2026-09-12 21:19:03,2215
E1008000,T1002839,FAILED,2026-09-23 16:21:08,2026-09-23 16:21:18,2121
E1004776,T1001681,CREATED,2026-09-14 21:44:13,2026-09-14 21:44:22,1319
E1003121,T1001095,SETTLED,2026-09-09 11:07:23,2026-09-09 11:07:31,928
E1009373,T1003323,SETTLED,2026-09-28 00:10:04,2026-09-28 00:10:08,1507
E1009553,T1003387,AUTHORIZED,2026-09-27 09:13:38,2026-09-27 09:13:43,2409
E1006702,T1002377,SETTLED,2026-09-19 17:52:46,2026-09-19 17:52:54,2235
E1000106,T1000037,SETTLED,2026-09-01 22:13:27,2026-09-01 22:13:37,2437
E1007723,T1002743,SETTLED,2026-09-22 20:49:21,2026-09-22 20:49:24,392
E1003996,T1001404,AUTHORIZED,2026-09-12 10:13:32,2026-09-12 10:13:35,893
E1005672,T1002004,AUTHORIZED,2026-09-17 17:45:44,2026-09-17 17:45:48,2178
E1010399,T1003685,SETTLED,2026-09-29 23:46:14,2026-09-29 23:46:24,2233
E1002041,T1000715,AUTHORIZED,2026-09-06 13:34:45,2026-09-06 13:34:48,527
E1010435,T1003698,AUTHORIZED,2026-09-29 16:45:03,2026-09-29 16:45:06,1372
E1008149,T1002891,SETTLED,2026-09-24 13:47:07,2026-09-24 13:47:10,1199
E1009344,T1003314,CREATED,2026-09-27 14:06:53,2026-09-27 14:06:55,1084
E1003732,T1001311,FAILED,2026-09-11 13:30:08,2026-09-11 13:30:12,1884
E1002643,T1000928,AUTHORIZED,2026-09-08 13:13:14,2026-09-08 13:13:15,560
E1007368,T1002615,SETTLED,2026-09-21 18:31:44,2026-09-21 18:31:54,1848
E1008120,T1002881,SETTLED,2026-09-23 14:37:18,2026-09-23 14:37:24,1459
E1004154,T1001460,SETTLED,2026-09-12 09:51:30,2026-09-12 09:51:34,1854
E1003884,T1001364,CREATED,2026-09-12 15:09:38,2026-09-12 15:09:48,535
E1005796,T1002048,CREATED,2026-09-17 14:22:40,2026-09-17 14:22:42,1215
E1004711,T1001657,CREATED,2026-09-14 21:56:38,2026-09-14 21:56:44,271
E1008499,T1003016,SETTLED,2026-09-25 15:25:48,2026-09-25 15:25:51,838
E1005133,T1001809,AUTHORIZED,2026-09-15 19:11:12,2026-09-15 19:11:20,628
E1001459,T1000513,AUTHORIZED,2026-09-05 15:36:30,2026-09-05 15:36:39,1572
E1009840,T1003491,CREATED,2026-09-28 15:40:33,2026-09-28 15:40:42,337
E1007641,T1002714,CREATED,2026-09-22 18:30:57,2026-09-22 18:31:06,1536
E1002162,T1000757,SETTLED,2026-09-06 12:08:34,2026-09-06 12:08:41,505
E1005639,T1001991,SETTLED,2026-09-17 20:39:43,2026-09-17 20:39:52,1097
E1004749,T1001671,AUTHORIZED,2026-09-14 15:23:46,2026-09-14 15:23:54,1581
E1002606,T1000915,SETTLED,2026-09-08 15:47:01,2026-09-08 15:47:09,205
E1010349,T1003668,AUTHORIZED,2026-09-29 11:37:23,2026-09-29 11:37:28,1861
E1001282,T1000452,CREATED,2026-09-04 15:25:30,2026-09-04 15:25:36,254
E1008068,T1002863,AUTHORIZED,2026-09-23 13:49:28,2026-09-23 13:49:33,2004
E1004152,T1001460,CREATED,2026-09-12 09:40:30,2026-09-12 09:40:32,1922
E1003695,T1001297,CREATED,2026-09-11 12:22:10,2026-09-11 13:33:10,1520
E1008807,T1003124,AUTHORIZED,2026-09-25 20:53:58,2026-09-25 20:54:07,85
E1005131,T1001808,SETTLED,2026-09-15 14:10:57,2026-09-15 14:11:01,610
E1001671,T1000587,CREATED,2026-09-05 19:45:24,2026-09-05 21:00:24,461
E1002126,T1000745,SETTLED,2026-09-06 13:28:10,2026-09-06 13:28:14,493
E1008918,T1003163,AUTHORIZED,2026-09-26 18:48:34,2026-09-26 18:48:40,1640
E1002708,T1000952,CREATED,2026-09-08 19:18:34,2026-09-08 19:18:36,56
E1000872,T1000307,AUTHORIZED,2026-09-03 17:54:18,2026-09-03 17:54:27,2002
E1004258,T1001496,AUTHORIZED,2026-09-13 14:27:46,2026-09-13 14:27:53,1967
E1008827,T1003131,CREATED,2026-09-25 20:04:18,2026-09-25 20:04:28,2342
E1008437,T1002994,AUTHORIZED,2026-09-24 15:23:33,2026-09-24 15:23:37,1659
E1007175,T1002546,CREATED,2026-09-21 10:42:26,2026-09-21 10:42:36,1324
E1000804,T1000283,AUTHORIZED,2026-09-03 21:07:55,2026-09-03 21:08:03,1670
E1002549,T1000896,AUTHORIZED,2026-09-08 17:00:23,2026-09-08 17:00:26,952
E1006864,T1002436,CREATED,2026-09-20 19:08:46,2026-09-20 19:08:54,2002
E1000141,T1000050,AUTHORIZED,2026-09-01 20:44:34,2026-09-01 20:44:35,1404
E1004590,T1001613,AUTHORIZED,2026-09-13 22:13:37,2026-09-13 22:13:41,872
E1006441,T1002280,AUTHORIZED,2026-09-19 12:51:53,2026-09-19 12:52:00,142
E1009625,T1003412,AUTHORIZED,2026-09-27 12:40:33,2026-09-27 12:40:37,1617
E1006218,T1002198,SETTLED,2026-09-18 13:00:48,2026-09-18 13:00:56,456
E1004639,T1001631,AUTHORIZED,2026-09-13 18:34:54,2026-09-13 18:35:04,2284
E1003468,T1001216,SETTLED,2026-09-10 17:41:04,2026-09-10 17:41:11,988
E1010673,T1003782,SETTLED,2026-09-30 12:12:08,2026-09-30 12:12:15,2182
E1002849,T1001001,AUTHORIZED,2026-09-09 12:30:59,2026-09-09 12:31:07,133
E1000559,T1000197,CREATED,2026-09-02 18:10:23,2026-09-02 18:10:28,464
E1003249,T1001140,AUTHORIZED,2026-09-10 21:53:19,2026-09-10 21:53:27,1783
E1001645,T1000578,AUTHORIZED,2026-09-05 20:59:22,2026-09-05 20:59:25,2014
E1010293,T1003647,SETTLED,2026-09-29 22:00:42,2026-09-29 22:00:51,555
E1009503,T1003369,SETTLED,2026-09-27 18:56:05,2026-09-27 18:56:13,1550
E1001234,T1000435,CREATED,2026-09-04 12:34:29,2026-09-04 12:34:36,1337
E1005829,T1002059,SETTLED,2026-09-17 15:52:15,2026-09-17 15:52:20,2438
E1004503,T1001583,SETTLED,2026-09-13 23:49:48,2026-09-14 00:16:48,2482
E1006039,T1002133,SETTLED,2026-09-18 12:53:35,2026-09-18 12:53:45,2356
E1010141,T1003595,SETTLED,2026-09-29 20:36:13,2026-09-29 20:36:23,1644
E1002731,T1000959,SETTLED,2026-09-08 18:11:50,2026-09-08 18:12:00,1677
E1006089,T1002151,CREATED,2026-09-18 21:15:51,2026-09-18 21:15:56,1267
E1009794,T1003474,CREATED,2026-09-28 13:23:10,2026-09-28 13:23:13,2005
E1009030,T1003204,CREATED,2026-09-26 21:58:46,2026-09-26 21:58:56,1780
E1005281,T1001864,CREATED,2026-09-15 10:18:38,2026-09-15 10:18:40,1890
E1006624,T1002347,AUTHORIZED,2026-09-19 08:45:29,2026-09-19 08:45:32,2392
E1002159,T1000756,SETTLED,2026-09-06 21:23:01,2026-09-06 21:23:07,810
E1005039,T1001775,AUTHORIZED,2026-09-15 18:03:55,2026-09-15 18:04:03,1353
E1003733,T1001312,CREATED,2026-09-11 13:34:06,2026-09-11 13:34:11,385
E1001171,T1000413,SETTLED,2026-09-04 21:55:01,2026-09-04 21:55:03,794
E1004738,T1001667,CREATED,2026-09-14 19:44:07,2026-09-14 19:44:16,1766
E1007613,T1002704,AUTHORIZED,2026-09-22 22:52:17,2026-09-22 22:52:19,443
E1008073,T1002865,AUTHORIZED,2026-09-23 10:22:39,2026-09-23 10:22:46,763
E1007098,T1002520,CREATED,2026-09-20 19:05:13,2026-09-20 19:05:22,126
E1005821,T1002056,SETTLED,2026-09-17 11:00:30,2026-09-17 11:00:34,1620
E1010094,T1003579,AUTHORIZED,2026-09-28 14:46:01,2026-09-28 14:46:08,277
E1001537,T1000540,AUTHORIZED,2026-09-05 22:10:41,2026-09-05 22:10:48,2057
E1007056,T1002504,CREATED,2026-09-20 09:54:57,2026-09-20 09:55:07,158
E1003935,T1001381,SETTLED,2026-09-12 20:47:12,2026-09-12 20:47:17,1787
E1001267,T1000446,CREATED,2026-09-04 08:33:49,2026-09-04 08:33:55,986
E1001224,T1000431,SETTLED,2026-09-04 22:16:57,2026-09-04 22:17:00,2260
E1000467,T1000164,CREATED,2026-09-02 18:14:39,2026-09-02 18:14:45,1087
E1009683,T1003434,CREATED,2026-09-27 09:23:22,2026-09-27 09:23:25,2302
E1002309,T1000810,AUTHORIZED,2026-09-07 20:20:12,2026-09-07 20:20:21,1388
E1000111,T1000039,SETTLED,2026-09-01 15:38:12,2026-09-01 15:38:13,586
E1007484,T1002657,CREATED,2026-09-21 17:37:33,2026-09-21 17:37:38,2396
E1000329,T1000117,CREATED,2026-09-01 11:26:50,2026-09-01 11:26:53,1960
E1010752,T1003810,SETTLED,2026-09-30 18:37:28,2026-09-30 18:37:36,140
E1000317,T1000112,CREATED,2026-09-01 19:27:49,2026-09-01 19:27:50,2334
E1004990,T1001756,CREATED,2026-09-14 12:07:45,2026-09-14 12:07:51,771
E1002119,T1000743,AUTHORIZED,2026-09-06 17:53:47,2026-09-06 17:53:50,347
E1004919,T1001731,AUTHORIZED,2026-09-14 21:12:34,2026-09-14 21:12:36,510
E1006504,T1002303,AUTHORIZED,2026-09-19 12:03:50,2026-09-19 12:03:53,1725
E1006518,T1002308,CREATED,2026-09-19 11:04:31,2026-09-19 11:04:37,915
E1008715,T1003091,AUTHORIZED,2026-09-25 12:20:18,2026-09-25 12:20:19,1096
E1000486,T1000170,SETTLED,2026-09-02 11:34:14,2026-09-02 11:34:18,1580
E1003851,T1001353,CREATED,2026-09-12 15:23:00,2026-09-12 15:23:05,856
E1010447,T1003702,AUTHORIZED,2026-09-29 19:11:53,2026-09-29 19:11:59,574
E1010078,T1003574,CREATED,2026-09-28 19:45:10,2026-09-28 19:45:17,321
E1002163,T1000758,CREATED,2026-09-06 13:04:55,2026-09-06 13:04:59,2230
E1007944,T1002820,AUTHORIZED,2026-09-23 07:17:12,2026-09-23 07:17:15,706
E1003742,T1001315,FAILED,2026-09-11 17:37:14,2026-09-11 17:37:19,906
E1007382,T1002620,SETTLED,2026-09-21 19:05:20,2026-09-21 19:05:30,2113
E1004354,T1001530,SETTLED,2026-09-13 11:21:07,2026-09-13 11:21:13,557
E1004872,T1001714,FAILED,2026-09-14 10:03:59,2026-09-14 10:04:07,2347
E1000157,T1000056,AUTHORIZED,2026-09-01 08:31:22,2026-09-01 08:31:28,1321
E1005408,T1001910,CREATED,2026-09-16 20:31:48,2026-09-16 20:31:56,393
E1008441,T1002995,SETTLED,2026-09-24 09:34:09,2026-09-24 09:34:15,762
E1001444,T1000508,AUTHORIZED,2026-09-05 18:33:33,2026-09-05 18:33:41,954
E1003430,T1001203,CREATED,2026-09-10 21:42:39,2026-09-10 21:42:45,2495
E1000401,T1000141,AUTHORIZED,2026-09-02 17:35:54,2026-09-02 17:35:57,2402
E1003625,T1001272,AUTHORIZED,2026-09-11 21:10:59,2026-09-11 21:11:09,741
E1008105,T1002876,SETTLED,2026-09-23 18:54:04,2026-09-23 18:54:08,1074
E1003352,T1001176,CREATED,2026-09-10 12:06:03,2026-09-10 12:06:10,642
E1002458,T1000863,CREATED,2026-09-07 18:02:54,2026-09-07 18:02:55,1386
E1001401,T1000493,CREATED,2026-09-05 16:01:16,2026-09-05 16:01:17,544
E1001420,T1000499,AUTHORIZED,2026-09-05 18:20:24,2026-09-05 18:20:25,320
E1003093,T1001085,SETTLED,2026-09-09 10:15:51,2026-09-09 10:16:01,796
E1000499,T1000175,CREATED,2026-09-02 17:23:34,2026-09-02 17:23:40,980
E1003661,T1001285,AUTHORIZED,2026-09-11 08:29:17,2026-09-11 08:29:25,158
E1000604,T1000212,SETTLED,2026-09-02 18:46:44,2026-09-02 18:46:54,1596
E1010617,T1003762,AUTHORIZED,2026-09-30 12:47:28,2026-09-30 12:47:35,1015
E1008704,T1003087,SETTLED,2026-09-25 13:22:51,2026-09-25 13:23:01,1428
E1003152,T1001106,AUTHORIZED,2026-09-09 19:05:22,2026-09-09 19:05:31,863
E1010149,T1003598,SETTLED,2026-09-29 20:57:06,2026-09-29 20:57:08,917
E1003401,T1001193,CREATED,2026-09-10 11:48:23,2026-09-10 11:48:33,1001
E1009463,T1003356,AUTHORIZED,2026-09-27 19:40:52,2026-09-27 19:40:58,1247
E1009038,T1003206,SETTLED,2026-09-26 14:18:34,2026-09-26 14:18:35,2022
E1005600,T1001978,AUTHORIZED,2026-09-16 18:58:14,2026-09-16 18:58:23,45
E1007039,T1002497,AUTHORIZED,2026-09-20 11:33:55,2026-09-20 11:33:58,1491
E1004658,T1001638,CREATED,2026-09-14 20:37:07,2026-09-14 20:37:08,382
E1001489,T1000523,AUTHORIZED,2026-09-05 14:32:17,2026-09-05 14:32:26,911
E1010580,T1003749,FAILED,2026-09-30 10:07:32,2026-09-30 10:07:38,777
E1006755,T1002397,AUTHORIZED,2026-09-20 19:27:23,2026-09-20 19:27:24,608
E1002985,T1001048,SETTLED,2026-09-09 17:57:27,2026-09-09 17:57:33,1514
E1003080,T1001081,CREATED,2026-09-09 09:59:11,2026-09-09 09:59:12,1874
E1006109,T1002159,SETTLED,2026-09-18 22:22:39,2026-09-18 22:22:47,739
E1003999,T1001405,AUTHORIZED,2026-09-12 12:06:23,2026-09-12 13:09:23,1478
E1005649,T1001995,CREATED,2026-09-17 14:47:02,2026-09-17 14:47:12,244
E1000772,T1000271,AUTHORIZED,2026-09-03 18:28:29,2026-09-03 18:28:35,1275
E1006249,T1002210,CREATED,2026-09-18 08:42:29,2026-09-18 08:42:39,1047
E1003036,T1001066,CREATED,2026-09-09 10:17:10,2026-09-09 10:17:14,1668
E1006471,T1002290,SETTLED,2026-09-19 10:45:30,2026-09-19 10:45:35,52
E1000792,T1000278,SETTLED,2026-09-03 12:45:11,2026-09-03 12:45:18,163
E1008347,T1002962,AUTHORIZED,2026-09-24 12:47:50,2026-09-24 12:47:58,2209
E1008254,T1002928,CREATED,2026-09-24 19:32:15,2026-09-24 19:32:18,345
E1003081,T1001081,AUTHORIZED,2026-09-09 09:59:13,2026-09-09 09:59:14,2258
E1002519,T1000885,CREATED,2026-09-08 10:19:25,2026-09-08 10:19:29,1812
E1001484,T1000521,SETTLED,2026-09-05 10:15:10,2026-09-05 10:15:12,40
E1008370,T1002970,SETTLED,2026-09-24 07:32:24,2026-09-24 07:32:31,459
E1000867,T1000305,SETTLED,2026-09-03 11:38:08,2026-09-03 12:21:08,854
E1003244,T1001138,SETTLED,2026-09-10 19:03:46,2026-09-10 19:18:46,203
E1001411,T1000496,AUTHORIZED,2026-09-05 12:58:43,2026-09-05 12:58:48,758
E1001178,T1000416,CREATED,2026-09-04 15:48:09,2026-09-04 15:48:16,248
E1007367,T1002615,AUTHORIZED,2026-09-21 18:09:45,2026-09-21 18:09:47,2262
E1007375,T1002618,CREATED,2026-09-21 19:35:38,2026-09-21 19:35:47,1912
E1010417,T1003692,CREATED,2026-09-29 13:56:30,2026-09-29 13:56:33,1971
E1007380,T1002620,CREATED,2026-09-21 19:02:20,2026-09-21 19:02:21,1584
E1006783,T1002407,CREATED,2026-09-20 18:56:10,2026-09-20 18:56:20,2304
E1005754,T1002034,CREATED,2026-09-17 19:57:54,2026-09-17 19:58:03,1723
E1005263,T1001857,AUTHORIZED,2026-09-15 16:10:13,2026-09-15 16:10:21,1390
E1009497,T1003367,SETTLED,2026-09-27 10:47:39,2026-09-27 10:47:45,697
E1008425,T1002990,AUTHORIZED,2026-09-24 20:00:25,2026-09-24 20:00:31,835
E1008930,T1003168,CREATED,2026-09-26 10:06:58,2026-09-26 10:07:01,596
E1000817,T1000288,CREATED,2026-09-03 17:33:18,2026-09-03 17:33:21,371
E1004262,T1001498,CREATED,2026-09-13 09:58:24,2026-09-13 09:58:32,883
E1001230,T1000433,SETTLED,2026-09-04 13:57:18,2026-09-04 13:57:27,412
E1004572,T1001607,AUTHORIZED,2026-09-13 20:02:48,2026-09-13 20:02:54,2301
E1009194,T1003262,CREATED,2026-09-26 16:46:12,2026-09-26 16:46:22,968
E1002782,T1000977,SETTLED,2026-09-09 00:03:36,2026-09-09 01:15:36,778
E1007996,T1002838,CREATED,2026-09-23 19:46:15,2026-09-23 19:46:24,855
E1010578,T1003748,SETTLED,2026-09-30 19:05:40,2026-09-30 19:05:44,1278
E1003313,T1001162,SETTLED,2026-09-10 16:47:46,2026-09-10 16:47:48,256
E1009417,T1003339,AUTHORIZED,2026-09-27 20:42:10,2026-09-27 20:42:16,1602
E1008151,T1002892,AUTHORIZED,2026-09-24 19:18:18,2026-09-24 19:18:25,1296
E1004249,T1001493,AUTHORIZED,2026-09-13 17:35:29,2026-09-13 17:35:35,170
E1001028,T1000362,SETTLED,2026-09-04 09:21:34,2026-09-04 09:21:41,713
E1010271,T1003640,AUTHORIZED,2026-09-29 11:23:39,2026-09-29 11:23:40,714
E1003368,T1001181,SETTLED,2026-09-10 12:22:13,2026-09-10 12:22:16,316
E1000764,T1000268,SETTLED,2026-09-03 15:56:29,2026-09-03 15:56:38,1085
E1010735,T1003805,CREATED,2026-09-30 09:25:53,2026-09-30 09:25:58,1891
E1008624,T1003060,CREATED,2026-09-25 18:09:39,2026-09-25 18:50:39,1858
E1003119,T1001095,CREATED,2026-09-09 11:02:23,2026-09-09 11:02:29,2063
E1003404,T1001194,CREATED,2026-09-10 06:05:27,2026-09-10 06:05:36,340
E1007907,T1002807,AUTHORIZED,2026-09-23 09:11:13,2026-09-23 09:11:14,1666
E1005952,T1002102,AUTHORIZED,2026-09-17 12:30:34,2026-09-17 12:30:40,1290
E1008645,T1003067,AUTHORIZED,2026-09-25 12:24:08,2026-09-25 12:24:11,1776
E1007331,T1002602,AUTHORIZED,2026-09-21 11:41:59,2026-09-21 11:42:09,2329
E1004214,T1001481,AUTHORIZED,2026-09-12 10:56:17,2026-09-12 10:56:18,2181
E1004058,T1001427,AUTHORIZED,2026-09-12 17:52:45,2026-09-12 17:52:50,492
E1007186,T1002550,CREATED,2026-09-21 08:48:07,2026-09-21 08:48:10,733
E1004914,T1001729,SETTLED,2026-09-14 19:00:25,2026-09-14 19:00:27,2218
E1004930,T1001735,CREATED,2026-09-14 07:10:16,2026-09-14 07:10:22,1566
E1009376,T1003324,SETTLED,2026-09-27 19:25:15,2026-09-27 19:25:20,411
E1005436,T1001921,CREATED,2026-09-16 12:41:48,2026-09-16 12:41:52,2232
E1009719,T1003446,AUTHORIZED,2026-09-27 20:31:27,2026-09-27 20:31:32,1856
E1003758,T1001321,AUTHORIZED,2026-09-11 18:39:23,2026-09-11 18:39:29,2447
E1006561,T1002324,AUTHORIZED,2026-09-19 08:38:32,2026-09-19 08:38:38,349
E1000003,T1000001,SETTLED,2026-09-01 20:06:53,2026-09-01 20:07:01,808
E1007395,T1002625,AUTHORIZED,2026-09-21 21:27:38,2026-09-21 21:27:43,1182
E1007107,T1002523,CREATED,2026-09-20 14:11:46,2026-09-20 14:11:49,440
E1000305,T1000108,CREATED,2026-09-01 20:29:52,2026-09-01 20:29:53,1927
E1007990,T1002836,CREATED,2026-09-23 17:15:08,2026-09-23 17:15:09,1086
E1002208,T1000774,CREATED,2026-09-07 22:22:01,2026-09-07 22:22:11,265
E1009887,T1003507,AUTHORIZED,2026-09-28 15:41:55,2026-09-28 15:41:58,1896
E1001879,T1000658,SETTLED,2026-09-06 18:49:14,2026-09-06 18:49:22,1338
E1003918,T1001376,CREATED,2026-09-12 09:56:13,2026-09-12 09:56:20,2182
E1003343,T1001172,SETTLED,2026-09-10 20:36:01,2026-09-10 20:36:11,2125
E1009954,T1003530,SETTLED,2026-09-28 12:35:03,2026-09-28 12:35:06,699
E1007306,T1002594,CREATED,2026-09-21 21:57:29,2026-09-21 21:57:35,1697
E1004159,T1001462,AUTHORIZED,2026-09-12 09:58:20,2026-09-12 09:58:25,1872
E1002825,T1000992,SETTLED,2026-09-08 11:44:03,2026-09-08 11:44:12,2348
E1007739,T1002749,AUTHORIZED,2026-09-22 10:56:59,2026-09-22 10:57:07,647
E1003653,T1001282,AUTHORIZED,2026-09-11 13:48:26,2026-09-11 13:48:35,1670
E1008724,T1003094,AUTHORIZED,2026-09-25 22:55:44,2026-09-25 22:55:46,387
E1003231,T1001134,AUTHORIZED,2026-09-10 15:30:38,2026-09-10 15:30:42,1837
E1002032,T1000712,AUTHORIZED,2026-09-06 18:11:47,2026-09-06 18:11:52,423
E1009166,T1003252,CREATED,2026-09-26 08:10:15,2026-09-26 08:10:24,1683
E1009478,T1003361,AUTHORIZED,2026-09-27 13:47:39,2026-09-27 13:47:49,1096
E1003131,T1001099,CREATED,2026-09-09 21:49:04,2026-09-09 21:49:09,2446
E1003118,T1001094,SETTLED,2026-09-09 21:13:18,2026-09-09 21:13:24,1932
E1002940,T1001032,SETTLED,2026-09-09 17:30:52,2026-09-09 17:30:54,507
E1005319,T1001878,AUTHORIZED,2026-09-16 12:01:13,2026-09-16 12:01:19,1420
E1000003,T1000001,SETTLED,2026-09-01 20:06:53,2026-09-01 20:07:01,808
E1005732,T1002026,AUTHORIZED,2026-09-17 17:36:49,2026-09-17 17:36:50,653
E1003605,T1001265,AUTHORIZED,2026-09-11 19:36:11,2026-09-11 19:36:20,529
E1006658,T1002360,AUTHORIZED,2026-09-19 07:15:35,2026-09-19 07:15:39,285
E1002027,T1000710,SETTLED,2026-09-06 20:48:20,2026-09-06 20:48:26,1160
E1009405,T1003334,SETTLED,2026-09-27 16:18:48,2026-09-27 16:18:54,1760
E1003241,T1001137,SETTLED,2026-09-10 18:11:36,2026-09-10 18:11:39,940
E1000015,T1000005,SETTLED,2026-09-01 09:24:02,2026-09-01 09:24:10,1072
E1004592,T1001614,CREATED,2026-09-13 19:59:23,2026-09-13 19:59:24,511
E1010172,T1003606,AUTHORIZED,2026-09-29 20:20:35,2026-09-29 20:20:40,2279
E1001400,T1000492,SETTLED,2026-09-05 08:19:34,2026-09-05 08:19:43,1368
E1000033,T1000012,SETTLED,2026-09-01 17:26:29,2026-09-01 17:26:39,1861
E1003145,T1001104,CREATED,2026-09-09 13:58:02,2026-09-09 13:58:11,1621
E1003885,T1001364,AUTHORIZED,2026-09-12 15:10:02,2026-09-12 15:10:08,1257
E1003588,T1001259,FAILED,2026-09-11 18:43:51,2026-09-11 18:43:54,1280
E1007194,T1002552,SETTLED,2026-09-21 17:51:45,2026-09-21 17:51:50,2458
E1008764,T1003108,AUTHORIZED,2026-09-25 11:33:43,2026-09-25 11:33:45,530
E1006757,T1002398,AUTHORIZED,2026-09-20 12:02:27,2026-09-20 12:02:29,908
E1003555,T1001248,CREATED,2026-09-11 20:29:54,2026-09-11 20:30:00,2231
E1006044,T1002135,SETTLED,2026-09-18 18:56:41,2026-09-18 18:56:49,773
E1004378,T1001539,CREATED,2026-09-13 15:40:17,2026-09-13 15:40:18,1330
E1009045,T1003209,CREATED,2026-09-26 19:50:53,2026-09-26 19:50:55,1007
E1010105,T1003583,CREATED,2026-09-28 20:56:29,2026-09-28 20:56:35,831
E1006773,T1002403,SETTLED,2026-09-20 13:56:02,2026-09-20 13:56:12,2023
E1004599,T1001617,CREATED,2026-09-13 12:32:50,2026-09-13 12:32:54,280
E1004418,T1001553,SETTLED,2026-09-13 12:57:24,2026-09-13 12:57:28,1899
E1004484,T1001577,CREATED,2026-09-13 22:24:31,2026-09-13 22:24:34,564
E1002175,T1000762,CREATED,2026-09-06 20:32:26,2026-09-06 20:32:32,874
E1009747,T1003456,AUTHORIZED,2026-09-28 18:42:43,2026-09-28 18:42:47,1067
E1010237,T1003629,CREATED,2026-09-29 18:49:49,2026-09-29 18:49:57,2454
E1005669,T1002003,CREATED,2026-09-17 12:43:06,2026-09-17 12:43:12,677
E1009633,T1003415,SETTLED,2026-09-27 19:33:32,2026-09-27 19:33:42,455
E1007807,T1002773,CREATED,2026-09-23 10:46:24,2026-09-23 10:46:27,606
E1006966,T1002472,AUTHORIZED,2026-09-20 15:34:03,2026-09-20 15:34:11,1061
E1009096,T1003227,AUTHORIZED,2026-09-26 23:47:16,2026-09-26 23:47:26,785
E1005006,T1001761,SETTLED,2026-09-15 13:49:38,2026-09-15 13:49:45,178
E1000916,T1000323,CREATED,2026-09-03 12:33:03,2026-09-03 12:33:12,856
E1003728,T1001310,CREATED,2026-09-11 17:53:18,2026-09-11 17:53:24,2419
E1009826,T1003486,CREATED,2026-09-28 18:51:55,2026-09-28 18:52:00,1559
E1002438,T1000856,CREATED,2026-09-07 18:03:47,2026-09-07 18:03:54,564
E1008681,T1003079,SETTLED,2026-09-25 13:51:06,2026-09-25 13:51:10,1088
E1004881,T1001718,CREATED,2026-09-14 07:24:23,2026-09-14 07:24:30,744
E1008977,T1003185,AUTHORIZED,2026-09-26 19:45:20,2026-09-26 19:45:27,226
E1006479,T1002293,SETTLED,2026-09-19 18:35:40,2026-09-19 18:35:42,704
E1008955,T1003177,CREATED,2026-09-26 10:01:25,2026-09-26 10:01:32,515
E1006188,T1002188,AUTHORIZED,2026-09-18 10:23:28,2026-09-18 10:23:32,266
E1007468,T1002651,AUTHORIZED,2026-09-21 10:40:36,2026-09-21 10:40:37,1142
E1010647,T1003773,SETTLED,2026-09-30 19:54:13,2026-09-30 19:54:15,490
E1000668,T1000235,AUTHORIZED,2026-09-02 21:14:45,2026-09-02 21:14:55,218
E1002741,T1000963,AUTHORIZED,2026-09-08 12:36:29,2026-09-08 12:36:31,1674
E1003626,T1001272,SETTLED,2026-09-11 21:28:41,2026-09-11 21:28:46,1947
E1000484,T1000170,CREATED,2026-09-02 11:13:14,2026-09-02 11:13:21,1079
E1008606,T1003053,SETTLED,2026-09-25 09:02:53,2026-09-25 09:03:03,758
E1006782,T1002406,SETTLED,2026-09-20 21:24:25,2026-09-20 21:24:33,1204
E1006826,T1002422,SETTLED,2026-09-20 09:40:54,2026-09-20 09:40:57,174
E1010066,T1003569,AUTHORIZED,2026-09-28 12:28:28,2026-09-28 12:28:32,1521
E1002844,T1000999,SETTLED,2026-09-09 19:09:48,2026-09-09 19:09:54,1418
E1004100,T1001441,SETTLED,2026-09-12 14:11:48,2026-09-12 14:11:56,345
E1005242,T1001849,CREATED,2026-09-15 19:16:24,2026-09-15 20:09:24,596
E1008392,T1002978,SETTLED,2026-09-24 10:57:49,2026-09-24 10:57:55,2297
E1010046,T1003562,AUTHORIZED,2026-09-28 08:37:15,2026-09-28 08:37:19,1773
E1001096,T1000388,SETTLED,2026-09-04 16:43:28,2026-09-04 16:43:31,571
E1007817,T1002776,AUTHORIZED,2026-09-23 19:59:42,2026-09-23 19:59:49,909
E1008733,T1003097,AUTHORIZED,2026-09-25 20:34:36,2026-09-25 20:34:41,454
E1010473,T1003712,CREATED,2026-09-30 21:56:16,2026-09-30 21:56:23,747
E1007844,T1002785,SETTLED,2026-09-23 15:27:26,2026-09-23 16:14:26,1994
E1006951,T1002467,CREATED,2026-09-20 13:05:29,2026-09-20 13:05:36,2024
E1006942,T1002463,SETTLED,2026-09-20 14:12:26,2026-09-20 14:12:31,299
E1001204,T1000425,CREATED,2026-09-04 11:11:57,2026-09-04 11:12:04,838
E1001497,T1000526,AUTHORIZED,2026-09-05 11:41:02,2026-09-05 11:41:04,1749
E1010049,T1003563,SETTLED,2026-09-28 12:14:32,2026-09-28 12:14:42,2091
E1007141,T1002534,AUTHORIZED,2026-09-20 21:13:58,2026-09-20 21:14:03,742
E1009677,T1003431,SETTLED,2026-09-27 17:42:18,2026-09-27 17:42:27,915
E1001554,T1000546,AUTHORIZED,2026-09-05 12:39:57,2026-09-05 12:39:59,1981
E1003225,T1001132,CREATED,2026-09-10 12:51:56,2026-09-10 12:52:02,1449
E1007865,T1002792,SETTLED,2026-09-23 20:46:12,2026-09-23 20:46:13,1919
E1005087,T1001793,CREATED,2026-09-15 19:19:22,2026-09-15 19:19:28,1327
E1008036,T1002852,AUTHORIZED,2026-09-23 09:29:52,2026-09-23 09:30:02,2376
E1006375,T1002255,CREATED,2026-09-19 20:16:43,2026-09-19 20:16:48,51
E1010230,T1003626,SETTLED,2026-09-29 14:16:59,2026-09-29 14:17:00,1338
E1002043,T1000716,CREATED,2026-09-06 20:59:10,2026-09-06 20:59:11,2421
E1005332,T1001882,SETTLED,2026-09-16 19:44:18,2026-09-16 19:44:24,1217
E1005937,T1002097,AUTHORIZED,2026-09-17 09:18:16,2026-09-17 09:18:21,1128
E1010789,T1003824,AUTHORIZED,2026-09-30 20:19:48,2026-09-30 20:19:58,1101
E1006697,T1002375,SETTLED,2026-09-19 17:47:12,2026-09-19 17:47:16,1647
E1001123,T1000397,SETTLED,2026-09-04 18:16:15,2026-09-04 18:16:21,2046
E1008821,T1003129,CREATED,2026-09-25 10:30:56,2026-09-25 10:31:04,2126
E1006541,T1002317,AUTHORIZED,2026-09-19 20:25:16,2026-09-19 20:25:24,1025
E1005860,T1002070,AUTHORIZED,2026-09-17 19:53:49,2026-09-17 19:53:51,1317
E1004286,T1001506,CREATED,2026-09-13 17:10:40,2026-09-13 17:10:44,1253
E1003609,T1001267,CREATED,2026-09-11 08:44:24,2026-09-11 08:44:34,1404
E1005827,T1002059,CREATED,2026-09-17 15:33:15,2026-09-17 15:33:25,674
E1006330,T1002238,AUTHORIZED,2026-09-19 08:51:24,2026-09-19 08:51:33,55
E1010318,T1003656,AUTHORIZED,2026-09-29 13:16:46,2026-09-29 13:16:49,536
E1004541,T1001596,SETTLED,2026-09-13 20:03:53,2026-09-13 20:04:01,609
E1001644,T1000578,CREATED,2026-09-05 20:59:03,2026-09-05 20:59:09,2433
E1004634,T1001629,SETTLED,2026-09-13 18:30:42,2026-09-13 19:16:42,1937
E1002426,T1000851,SETTLED,2026-09-07 09:40:42,2026-09-07 09:40:45,445
E1009656,T1003423,SETTLED,2026-09-27 12:13:13,2026-09-27 12:13:18,1691
E1001121,T1000397,CREATED,2026-09-04 18:03:15,2026-09-04 18:03:22,1741
E1000212,T1000075,CREATED,2026-09-01 09:37:32,2026-09-01 09:37:40,72
E1007159,T1002540,AUTHORIZED,2026-09-21 12:43:41,2026-09-21 12:43:51,1604
E1006618,T1002345,AUTHORIZED,2026-09-19 12:46:02,2026-09-19 12:46:04,1473
E1004786,T1001684,SETTLED,2026-09-14 18:17:07,2026-09-14 18:17:15,2001
E1002662,T1000935,AUTHORIZED,2026-09-08 10:26:24,2026-09-08 10:26:30,61
E1002779,T1000976,SETTLED,2026-09-08 21:19:11,2026-09-08 21:19:12,355
E1001803,T1000632,AUTHORIZED,2026-09-06 09:11:38,2026-09-06 09:11:41,1803
E1003665,T1001286,SETTLED,2026-09-11 14:07:45,2026-09-11 14:07:50,1710
E1002122,T1000744,AUTHORIZED,2026-09-06 11:01:22,2026-09-06 11:01:32,537
E1001120,T1000396,SETTLED,2026-09-04 10:27:51,2026-09-04 10:27:58,541
E1007230,T1002565,AUTHORIZED,2026-09-21 18:08:30,2026-09-21 18:08:37,1122
E1002312,T1000811,AUTHORIZED,2026-09-07 14:53:35,2026-09-07 14:53:38,941
E1009587,T1003399,CREATED,2026-09-27 16:39:52,2026-09-27 16:39:57,2232
E1010182,T1003610,CREATED,2026-09-29 16:28:43,2026-09-29 16:28:44,2085
E1001987,T1000695,SETTLED,2026-09-06 14:51:26,2026-09-06 14:51:33,458
E1003637,T1001276,AUTHORIZED,2026-09-11 20:12:19,2026-09-11 20:12:21,2227
E1006972,T1002474,AUTHORIZED,2026-09-20 15:09:34,2026-09-20 15:09:36,938
E1006329,T1002238,CREATED,2026-09-19 08:51:10,2026-09-19 08:51:16,370
E1007900,T1002804,SETTLED,2026-09-23 16:23:15,2026-09-23 16:23:17,547
E1005342,T1001886,CREATED,2026-09-16 17:36:34,2026-09-16 17:36:37,48
E1004068,T1001431,CREATED,2026-09-12 10:32:07,2026-09-12 10:32:08,858
E1002454,T1000861,SETTLED,2026-09-07 19:31:32,2026-09-07 19:31:37,1408
E1004171,T1001466,AUTHORIZED,2026-09-12 15:41:31,2026-09-12 15:41:33,768
E1007199,T1002554,AUTHORIZED,2026-09-21 10:17:16,2026-09-21 10:17:25,1101
E1007497,T1002662,CREATED,2026-09-22 12:12:32,2026-09-22 12:12:41,2166
E1004845,T1001705,AUTHORIZED,2026-09-14 15:57:43,2026-09-14 15:57:48,1091
E1005691,T1002011,AUTHORIZED,2026-09-17 18:54:27,2026-09-17 18:54:33,404
E1000032,T1000012,AUTHORIZED,2026-09-01 15:49:56,2026-09-01 15:50:00,1511
E1003322,T1001165,SETTLED,2026-09-10 12:04:42,2026-09-10 12:04:49,1705
E1009093,T1003226,AUTHORIZED,2026-09-26 08:02:06,2026-09-26 08:02:08,2069
E1007582,T1002693,CREATED,2026-09-22 20:58:01,2026-09-22 20:58:02,2091
E1002799,T1000983,SETTLED,2026-09-08 10:46:51,2026-09-08 10:46:54,427
E1007884,T1002799,AUTHORIZED,2026-09-23 10:04:00,2026-09-23 10:04:06,1464
E1007940,T1002819,CREATED,2026-09-23 15:34:17,2026-09-23 15:56:17,359
E1001153,T1000407,SETTLED,2026-09-04 18:49:10,2026-09-04 18:49:18,1305
E1005198,T1001832,AUTHORIZED,2026-09-15 20:06:16,2026-09-15 20:06:19,1083
E1003755,T1001320,CREATED,2026-09-11 13:42:02,2026-09-11 13:42:11,698
E1005420,T1001914,FAILED,2026-09-16 17:24:52,2026-09-16 17:24:53,1571
E1003557,T1001248,SETTLED,2026-09-11 20:42:54,2026-09-11 20:43:04,929
E1004854,T1001708,AUTHORIZED,2026-09-14 17:42:35,2026-09-14 17:42:45,1567
E1007528,T1002673,SETTLED,2026-09-22 18:16:12,2026-09-22 18:16:18,273
E1006996,T1002482,SETTLED,2026-09-20 10:05:38,2026-09-20 10:05:48,1879
E1003100,T1001088,CREATED,2026-09-09 17:34:17,2026-09-09 17:34:19,1332
E1007937,T1002818,CREATED,2026-09-23 11:23:16,2026-09-23 11:23:26,1029
E1000252,T1000088,FAILED,2026-09-01 12:46:44,2026-09-01 12:46:50,576
E1002482,T1000871,AUTHORIZED,2026-09-07 13:12:33,2026-09-07 13:12:42,1436
E1001345,T1000473,AUTHORIZED,2026-09-05 06:09:27,2026-09-05 06:09:31,359
E1001679,T1000589,SETTLED,2026-09-05 23:46:31,2026-09-05 23:46:32,900
E1000045,T1000017,CREATED,2026-09-01 09:19:02,2026-09-01 09:19:11,2452
E1005415,T1001912,SETTLED,2026-09-16 22:37:17,2026-09-16 22:37:22,520
E1006305,T1002229,SETTLED,2026-09-19 07:43:11,2026-09-19 07:43:17,1052
E1003876,T1001361,AUTHORIZED,2026-09-12 10:41:42,2026-09-12 10:41:52,2416
E1005225,T1001842,AUTHORIZED,2026-09-15 14:21:41,2026-09-15 14:21:43,972
E1005881,T1002077,AUTHORIZED,2026-09-17 16:54:11,2026-09-17 16:54:15,1466
E1003387,T1001188,AUTHORIZED,2026-09-10 13:51:47,2026-09-10 13:51:53,383
E1005233,T1001845,AUTHORIZED,2026-09-15 19:07:50,2026-09-15 19:07:51,1486
E1002318,T1000813,AUTHORIZED,2026-09-07 18:51:48,2026-09-07 18:51:53,1515
E1002418,T1000849,CREATED,2026-09-07 13:40:31,2026-09-07 13:40:33,843
E1001685,T1000592,CREATED,2026-09-05 16:30:50,2026-09-05 16:30:56,2213
E1010320,T1003657,CREATED,2026-09-29 07:24:45,2026-09-29 07:24:46,51
E1009780,T1003468,SETTLED,2026-09-28 18:23:06,2026-09-28 18:23:13,2354
E1001084,T1000383,SETTLED,2026-09-04 08:09:23,2026-09-04 08:09:26,587
E1010637,T1003770,CREATED,2026-09-30 19:06:46,2026-09-30 19:06:53,1548
E1008404,T1002982,SETTLED,2026-09-24 16:09:39,2026-09-24 16:09:49,188
E1006818,T1002420,CREATED,2026-09-20 11:38:36,2026-09-20 11:38:42,2023
E1004090,T1001438,AUTHORIZED,2026-09-12 13:26:28,2026-09-12 13:26:34,2398
E1007234,T1002566,SETTLED,2026-09-21 13:13:29,2026-09-21 14:35:29,481
E1004153,T1001460,AUTHORIZED,2026-09-12 09:40:43,2026-09-12 09:40:48,119
E1010654,T1003776,CREATED,2026-09-30 12:15:17,2026-09-30 12:15:22,2202
E1009479,T1003361,SETTLED,2026-09-27 14:03:20,2026-09-27 14:03:24,1049
E1009363,T1003320,AUTHORIZED,2026-09-27 09:26:04,2026-09-27 09:26:07,1050
E1004389,T1001543,FAILED,2026-09-13 08:43:37,2026-09-13 08:43:42,1874
E1000641,T1000225,SETTLED,2026-09-02 14:19:10,2026-09-02 14:19:15,371
E1003317,T1001164,CREATED,2026-09-10 20:55:43,2026-09-10 20:55:46,2462
E1004731,T1001664,SETTLED,2026-09-14 14:39:03,2026-09-14 14:39:11,686
E1010605,T1003758,AUTHORIZED,2026-09-30 15:40:04,2026-09-30 15:40:13,1018
E1008320,T1002953,CREATED,2026-09-24 12:36:03,2026-09-24 12:36:05,108
E1001513,T1000532,CREATED,2026-09-05 14:05:04,2026-09-05 14:05:11,631
E1002867,T1001007,AUTHORIZED,2026-09-09 19:34:39,2026-09-09 19:34:40,284
E1009165,T1003251,SETTLED,2026-09-26 17:41:23,2026-09-26 17:41:32,1132
E1001103,T1000391,CREATED,2026-09-04 08:35:43,2026-09-04 08:35:46,1004
E1010471,T1003711,AUTHORIZED,2026-09-29 08:48:25,2026-09-29 08:48:35,179
E1006902,T1002449,SETTLED,2026-09-20 11:18:30,2026-09-20 11:18:37,604
E1005617,T1001984,AUTHORIZED,2026-09-16 19:02:29,2026-09-16 19:02:37,2491
E1005227,T1001843,CREATED,2026-09-15 16:37:05,2026-09-15 16:37:07,2500
E1001620,T1000570,CREATED,2026-09-05 21:35:44,2026-09-05 21:35:54,1773
E1002058,T1000721,FAILED,2026-09-06 20:59:04,2026-09-06 20:59:07,846
E1006445,T1002281,SETTLED,2026-09-19 09:44:00,2026-09-19 09:44:01,62
E1001718,T1000603,CREATED,2026-09-05 11:30:22,2026-09-05 11:30:23,951
E1004564,T1001604,SETTLED,2026-09-13 14:55:10,2026-09-13 14:55:13,2358
E1006167,T1002181,CREATED,2026-09-18 13:39:01,2026-09-18 13:39:07,402
E1002846,T1001000,AUTHORIZED,2026-09-09 14:34:45,2026-09-09 14:34:52,1348
E1003328,T1001167,SETTLED,2026-09-10 21:55:19,2026-09-10 21:55:20,447
E1007799,T1002770,CREATED,2026-09-22 14:34:44,2026-09-22 14:34:53,103
E1005908,T1002086,SETTLED,2026-09-17 13:15:27,2026-09-17 13:15:36,602
E1001000,T1000352,CREATED,2026-09-04 18:58:03,2026-09-04 18:58:05,1305
E1010649,T1003774,AUTHORIZED,2026-09-30 18:10:02,2026-09-30 18:10:04,644
E1007027,T1002493,CREATED,2026-09-20 23:41:05,2026-09-20 23:41:11,200
E1002265,T1000794,AUTHORIZED,2026-09-07 16:01:17,2026-09-07 16:01:27,855
E1007750,T1002753,CREATED,2026-09-22 09:56:37,2026-09-22 09:56:44,2017
E1000920,T1000324,AUTHORIZED,2026-09-03 18:56:20,2026-09-03 18:56:28,186
E1008388,T1002977,CREATED,2026-09-24 18:16:40,2026-09-24 18:16:46,768
E1009010,T1003197,CREATED,2026-09-26 14:51:14,2026-09-26 14:51:24,2258
E1004645,T1001633,SETTLED,2026-09-14 16:17:35,2026-09-14 16:17:43,238
E1009019,T1003200,AUTHORIZED,2026-09-26 12:10:15,2026-09-26 12:10:21,2207
E1002534,T1000890,SETTLED,2026-09-08 07:16:21,2026-09-08 07:16:26,2306
E1001342,T1000472,CREATED,2026-09-05 10:56:31,2026-09-05 10:56:41,866
E1007316,T1002597,AUTHORIZED,2026-09-21 11:32:03,2026-09-21 11:32:06,534
E1006051,T1002138,CREATED,2026-09-18 18:05:43,2026-09-18 18:05:53,927
E1006208,T1002195,AUTHORIZED,2026-09-18 11:24:58,2026-09-18 11:25:03,70
E1000250,T1000087,SETTLED,2026-09-01 20:35:12,2026-09-01 20:35:15,465
E1000324,T1000114,FAILED,2026-09-01 14:44:51,2026-09-01 14:44:56,2049
E1000712,T1000250,AUTHORIZED,2026-09-03 22:18:06,2026-09-03 22:18:10,1723
E1000800,T1000282,CREATED,2026-09-03 13:56:42,2026-09-03 13:56:49,1151
E1003111,T1001092,AUTHORIZED,2026-09-09 19:18:51,2026-09-09 19:18:55,44
E1001426,T1000502,CREATED,2026-09-05 12:06:48,2026-09-05 12:06:53,537
E1010512,T1003725,CREATED,2026-09-30 22:19:43,2026-09-30 22:19:45,1694
E1005025,T1001769,AUTHORIZED,2026-09-15 13:11:47,2026-09-15 13:11:51,54
E1001379,T1000485,CREATED,2026-09-05 17:48:28,2026-09-05 17:48:36,2028
E1004162,T1001463,AUTHORIZED,2026-09-12 15:52:49,2026-09-12 15:52:55,861
E1006955,T1002468,AUTHORIZED,2026-09-20 10:33:44,2026-09-20 10:33:50,974
E1009618,T1003410,CREATED,2026-09-27 12:29:39,2026-09-27 12:29:43,1291
E1010708,T1003795,CREATED,2026-09-30 10:26:27,2026-09-30 11:46:27,1383
E1001853,T1000649,SETTLED,2026-09-06 11:36:25,2026-09-06 11:36:27,930
E1003781,T1001329,CREATED,2026-09-11 16:00:19,2026-09-11 16:00:23,2147
E1006012,T1002124,AUTHORIZED,2026-09-18 11:53:34,2026-09-18 11:53:38,2436
E1004886,T1001720,CREATED,2026-09-14 12:47:37,2026-09-14 12:47:40,1398
E1004862,T1001711,CREATED,2026-09-14 18:03:15,2026-09-14 18:03:23,2020
E1003239,T1001137,CREATED,2026-09-10 16:19:36,2026-09-10 16:19:45,1326
E1000760,T1000267,AUTHORIZED,2026-09-03 06:21:16,2026-09-03 06:21:18,1522
E1007089,T1002516,SETTLED,2026-09-20 20:36:31,2026-09-20 20:36:33,573
E1005194,T1001831,CREATED,2026-09-15 15:47:12,2026-09-15 15:47:20,2269
E1009391,T1003329,SETTLED,2026-09-27 18:36:59,2026-09-27 18:37:08,750
E1008592,T1003049,CREATED,2026-09-25 10:13:12,2026-09-25 10:13:20,1320
E1008091,T1002872,CREATED,2026-09-23 12:09:55,2026-09-23 12:10:03,714
E1008216,T1002914,CREATED,2026-09-24 13:38:05,2026-09-24 13:38:13,170
E1001195,T1000422,CREATED,2026-09-04 09:04:52,2026-09-04 10:16:52,2000
E1010786,T1003823,AUTHORIZED,2026-09-30 12:11:18,2026-09-30 12:11:19,1823
E1005117,T1001803,FAILED,2026-09-15 11:21:54,2026-09-15 11:22:03,1084
E1009936,T1003524,SETTLED,2026-09-28 18:22:24,2026-09-28 18:22:26,1560
E1003416,T1001198,CREATED,2026-09-10 10:07:30,2026-09-10 10:07:40,519
E1001301,T1000458,AUTHORIZED,2026-09-04 11:55:23,2026-09-04 11:55:24,908
E1003595,T1001262,CREATED,2026-09-11 18:01:29,2026-09-11 18:01:35,2074
E1007236,T1002567,FAILED,2026-09-21 12:38:08,2026-09-21 12:38:18,1182
E1005854,T1002068,AUTHORIZED,2026-09-17 14:35:57,2026-09-17 14:36:03,1964
E1001747,T1000613,CREATED,2026-09-05 11:16:49,2026-09-05 11:16:56,1020
E1008221,T1002915,SETTLED,2026-09-24 19:28:59,2026-09-24 19:29:08,539
E1004819,T1001696,SETTLED,2026-09-14 06:07:49,2026-09-14 06:07:56,340
E1006627,T1002348,AUTHORIZED,2026-09-19 18:25:32,2026-09-19 18:25:38,2424
E1009157,T1003249,CREATED,2026-09-26 16:36:32,2026-09-26 16:36:42,518
E1004081,T1001435,AUTHORIZED,2026-09-12 10:22:07,2026-09-12 10:22:08,317
E1001636,T1000575,AUTHORIZED,2026-09-05 20:34:22,2026-09-05 20:34:27,1664
E1001505,T1000529,AUTHORIZED,2026-09-05 10:11:22,2026-09-05 10:11:27,1473
E1010047,T1003563,CREATED,2026-09-28 12:03:32,2026-09-28 12:03:36,1953
E1000266,T1000093,SETTLED,2026-09-01 07:05:27,2026-09-01 07:05:36,1012
E1009427,T1003343,CREATED,2026-09-27 19:06:16,2026-09-27 19:06:21,722
E1000845,T1000298,AUTHORIZED,2026-09-03 13:55:06,2026-09-03 13:55:09,2209
E1007743,T1002750,SETTLED,2026-09-22 22:33:51,2026-09-22 22:33:59,586
E1003720,T1001306,CREATED,2026-09-11 13:19:54,2026-09-11 13:20:04,722
E1003716,T1001304,FAILED,2026-09-11 10:32:04,2026-09-11 10:32:10,339
E1001889,T1000662,CREATED,2026-09-06 16:49:17,2026-09-06 16:49:18,2187
E1001975,T1000691,SETTLED,2026-09-06 16:23:28,2026-09-06 16:23:34,1467
E1003974,T1001396,AUTHORIZED,2026-09-12 18:19:31,2026-09-12 18:19:40,1337
E1010791,T1003825,CREATED,2026-09-30 14:28:51,2026-09-30 14:28:58,99
E1009206,T1003266,CREATED,2026-09-26 15:42:30,2026-09-26 15:42:38,2013
E1004837,T1001702,SETTLED,2026-09-14 22:23:28,2026-09-14 22:23:34,1737
E1010329,T1003660,AUTHORIZED,2026-09-29 09:45:11,2026-09-29 09:45:13,1649
E1008261,T1002930,SETTLED,2026-09-24 18:45:43,2026-09-24 18:45:48,361
E1001454,T1000511,SETTLED,2026-09-05 22:24:13,2026-09-05 22:24:23,1031
E1005243,T1001849,AUTHORIZED,2026-09-15 19:16:36,2026-09-15 19:28:36,571
E1005921,T1002091,SETTLED,2026-09-17 20:32:12,2026-09-17 20:32:20,1273
E1003965,T1001393,CREATED,2026-09-12 19:08:28,2026-09-12 19:08:33,970
E1005594,T1001976,AUTHORIZED,2026-09-16 09:48:16,2026-09-16 09:48:18,270
E1000463,T1000162,SETTLED,2026-09-02 12:17:26,2026-09-02 12:17:33,961
E1010659,T1003778,CREATED,2026-09-30 19:23:06,2026-09-30 19:23:11,539
E1000213,T1000075,AUTHORIZED,2026-09-01 09:37:59,2026-09-01 09:38:08,2266
E1010633,T1003768,AUTHORIZED,2026-09-30 09:45:33,2026-09-30 09:45:42,1441
E1008710,T1003089,SETTLED,2026-09-26 00:22:34,2026-09-26 00:22:35,2005
E1007747,T1002752,CREATED,2026-09-22 12:48:45,2026-09-22 12:48:51,2486
E1006227,T1002202,CREATED,2026-09-18 21:53:42,2026-09-18 21:53:49,1938
E1005742,T1002029,SETTLED,2026-09-17 18:43:25,2026-09-17 18:43:30,2464
E1002339,T1000820,SETTLED,2026-09-07 13:56:50,2026-09-07 13:56:51,1423
E1008963,T1003179,SETTLED,2026-09-26 20:08:05,2026-09-26 20:08:14,2453
E1003599,T1001263,AUTHORIZED,2026-09-11 20:21:33,2026-09-11 20:21:42,1438
E1002624,T1000921,SETTLED,2026-09-08 11:29:42,2026-09-08 11:29:47,2152
E1003592,T1001261,CREATED,2026-09-11 15:06:41,2026-09-11 15:06:50,45
E1002540,T1000893,CREATED,2026-09-08 13:47:39,2026-09-08 13:47:48,745
E1009311,T1003302,AUTHORIZED,2026-09-26 16:50:39,2026-09-26 16:50:49,909
E1009976,T1003538,CREATED,2026-09-28 08:24:49,2026-09-28 08:24:57,919
E1009754,T1003459,CREATED,2026-09-28 21:45:10,2026-09-28 21:45:13,1808
E1009394,T1003330,SETTLED,2026-09-27 22:03:49,2026-09-27 22:03:53,1522
E1008905,T1003158,SETTLED,2026-09-26 13:20:55,2026-09-26 13:21:05,906
E1005949,T1002101,AUTHORIZED,2026-09-17 10:40:55,2026-09-17 10:41:01,1391
E1001271,T1000447,SETTLED,2026-09-04 15:13:06,2026-09-04 15:13:16,154
E1005393,T1001904,CREATED,2026-09-16 19:44:01,2026-09-16 19:44:10,1683
E1002993,T1001051,AUTHORIZED,2026-09-09 19:45:39,2026-09-09 19:45:47,2075
E1003141,T1001102,SETTLED,2026-09-09 13:25:22,2026-09-09 13:25:23,2134
E1002108,T1000739,AUTHORIZED,2026-09-06 21:43:46,2026-09-06 21:43:52,278
E1001780,T1000624,AUTHORIZED,2026-09-06 19:45:59,2026-09-06 19:46:08,64
E1004294,T1001508,SETTLED,2026-09-13 11:19:29,2026-09-13 11:19:33,329
E1004053,T1001425,AUTHORIZED,2026-09-12 20:54:16,2026-09-12 20:54:17,1224
E1006435,T1002278,CREATED,2026-09-19 15:17:28,2026-09-19 15:17:35,1926
E1007658,T1002720,AUTHORIZED,2026-09-22 15:57:35,2026-09-22 15:57:40,2499
E1001189,T1000420,CREATED,2026-09-04 20:58:52,2026-09-04 20:58:53,2288
E1007880,T1002798,CREATED,2026-09-23 12:46:05,2026-09-23 12:46:07,627
E1006020,T1002127,CREATED,2026-09-18 22:32:29,2026-09-18 22:32:35,2463
E1001705,T1000598,SETTLED,2026-09-05 14:08:05,2026-09-05 14:08:06,2268
E1004116,T1001447,AUTHORIZED,2026-09-12 10:02:36,2026-09-12 10:02:44,1863
E1007187,T1002550,AUTHORIZED,2026-09-21 08:48:24,2026-09-21 08:48:26,1130
E1004175,T1001467,SETTLED,2026-09-12 18:54:58,2026-09-12 18:55:07,2388
E1004420,T1001554,FAILED,2026-09-13 17:36:40,2026-09-13 17:36:45,1172
E1000607,T1000213,SETTLED,2026-09-02 17:42:21,2026-09-02 17:42:23,153
E1009301,T1003299,CREATED,2026-09-26 11:09:44,2026-09-26 11:09:48,1101
E1004478,T1001575,CREATED,2026-09-13 09:01:03,2026-09-13 09:01:05,2459
E1010727,T1003802,CREATED,2026-09-30 12:55:02,2026-09-30 12:55:12,408
E1007624,T1002708,CREATED,2026-09-22 12:44:29,2026-09-22 12:44:30,1872
E1007926,T1002814,AUTHORIZED,2026-09-23 19:25:59,2026-09-23 19:26:03,716
E1006945,T1002464,SETTLED,2026-09-20 12:11:22,2026-09-20 12:11:31,314
E1002856,T1001003,SETTLED,2026-09-09 18:31:32,2026-09-09 18:31:37,2441
E1002390,T1000839,CREATED,2026-09-07 13:14:37,2026-09-07 13:14:44,1788
E1003959,T1001391,CREATED,2026-09-12 12:29:06,2026-09-12 12:29:16,515
E1003104,T1001089,FAILED,2026-09-09 18:53:53,2026-09-09 18:53:56,2054
E1007679,T1002728,AUTHORIZED,2026-09-22 21:52:33,2026-09-22 21:52:43,1420
E1000012,T1000004,SETTLED,2026-09-01 23:53:58,2026-09-01 23:54:03,1099
E1002345,T1000823,CREATED,2026-09-07 19:18:35,2026-09-07 19:18:37,2377
E1005748,T1002031,SETTLED,2026-09-17 13:39:32,2026-09-17 13:39:37,1800
E1010122,T1003589,AUTHORIZED,2026-09-29 10:35:14,2026-09-29 10:35:19,1080
E1006668,T1002364,AUTHORIZED,2026-09-19 06:37:00,2026-09-19 06:37:07,846
E1004031,T1001417,AUTHORIZED,2026-09-12 12:46:15,2026-09-12 12:46:19,1651
E1000639,T1000225,CREATED,2026-09-02 12:09:10,2026-09-02 12:09:20,1386
E1007566,T1002687,CREATED,2026-09-22 10:45:40,2026-09-22 10:45:41,321
E1000510,T1000179,CREATED,2026-09-02 16:50:44,2026-09-02 16:50:52,57
E1001625,T1000571,SETTLED,2026-09-05 20:45:29,2026-09-05 20:45:34,875
E1003676,T1001290,SETTLED,2026-09-11 23:42:10,2026-09-11 23:42:19,595
E1010652,T1003775,AUTHORIZED,2026-09-30 20:01:39,2026-09-30 20:01:44,68
E1003565,T1001251,AUTHORIZED,2026-09-11 13:14:18,2026-09-11 13:14:22,1876
E1007628,T1002709,AUTHORIZED,2026-09-22 08:58:35,2026-09-22 08:58:36,1658
E1007932,T1002816,AUTHORIZED,2026-09-23 12:35:24,2026-09-23 12:35:26,619
E1006172,T1002182,SETTLED,2026-09-18 21:03:34,2026-09-18 21:03:35,1309
E1003512,T1001233,CREATED,2026-09-11 09:29:51,2026-09-11 09:29:57,301
E1004106,T1001443,SETTLED,2026-09-12 19:13:01,2026-09-12 19:13:03,1155
E1002305,T1000808,SETTLED,2026-09-07 18:15:27,2026-09-07 18:15:31,947
E1004087,T1001437,AUTHORIZED,2026-09-12 09:54:43,2026-09-12 09:54:48,2000
E1001115,T1000395,CREATED,2026-09-04 07:27:25,2026-09-04 07:27:33,1908
E1005510,T1001947,AUTHORIZED,2026-09-16 07:59:05,2026-09-16 09:25:05,766
E1005818,T1002055,SETTLED,2026-09-17 19:41:16,2026-09-17 19:41:25,510
E1002433,T1000854,AUTHORIZED,2026-09-07 19:36:28,2026-09-07 19:36:29,2438
E1004265,T1001499,CREATED,2026-09-13 19:43:48,2026-09-13 19:43:54,998
E1009449,T1003351,AUTHORIZED,2026-09-27 11:16:37,2026-09-27 11:16:39,1318
E1004558,T1001602,SETTLED,2026-09-13 12:08:42,2026-09-13 12:08:47,1499
E1004720,T1001660,AUTHORIZED,2026-09-14 19:38:23,2026-09-14 19:38:25,1308
E1000507,T1000178,CREATED,2026-09-02 12:04:20,2026-09-02 12:04:29,716
E1008860,T1003142,AUTHORIZED,2026-09-26 08:11:25,2026-09-26 08:11:26,814
E1010611,T1003760,AUTHORIZED,2026-09-30 10:58:06,2026-09-30 10:58:11,1115
E1000136,T1000048,SETTLED,2026-09-01 11:54:10,2026-09-01 11:54:19,1162
E1005752,T1002033,CREATED,2026-09-17 16:33:52,2026-09-17 16:33:55,804
E1002472,T1000868,CREATED,2026-09-07 20:10:19,2026-09-07 20:10:21,1839
E1008045,T1002855,AUTHORIZED,2026-09-23 16:10:31,2026-09-23 16:10:40,1272
E1008401,T1002981,SETTLED,2026-09-25 01:52:02,2026-09-25 01:52:12,2344
E1007113,T1002525,CREATED,2026-09-20 21:05:52,2026-09-20 21:06:00,1892
E1007321,T1002599,CREATED,2026-09-21 12:47:07,2026-09-21 14:14:07,384
E1010235,T1003628,AUTHORIZED,2026-09-29 19:10:07,2026-09-29 19:10:15,1837
E1002585,T1000908,AUTHORIZED,2026-09-08 14:30:43,2026-09-08 14:30:52,669
E1000995,T1000350,CREATED,2026-09-03 10:58:19,2026-09-03 10:58:25,1524
E1004751,T1001672,CREATED,2026-09-14 13:59:48,2026-09-14 13:59:56,1402
E1003678,T1001291,AUTHORIZED,2026-09-11 16:37:30,2026-09-11 16:37:40,1088
E1006943,T1002464,CREATED,2026-09-20 12:08:22,2026-09-20 12:08:26,1632
E1002751,T1000966,SETTLED,2026-09-08 20:23:33,2026-09-08 20:23:39,812
E1002409,T1000846,CREATED,2026-09-07 12:13:55,2026-09-07 12:13:57,1190
E1002696,T1000948,CREATED,2026-09-08 19:27:32,2026-09-08 19:27:34,599
E1007252,T1002573,AUTHORIZED,2026-09-21 11:13:12,2026-09-21 11:13:16,2407
E1007738,T1002749,CREATED,2026-09-22 10:56:57,2026-09-22 10:57:06,1679
E1002368,T1000831,CREATED,2026-09-07 12:05:06,2026-09-07 12:05:09,2476
E1006690,T1002372,SETTLED,2026-09-19 08:40:34,2026-09-19 08:40:38,443
E1010131,T1003592,AUTHORIZED,2026-09-29 17:43:08,2026-09-29 17:43:17,2114
E1001580,T1000556,CREATED,2026-09-05 14:01:29,2026-09-05 14:01:36,1642
E1000492,T1000172,SETTLED,2026-09-02 20:48:16,2026-09-02 20:48:18,1492
E1002936,T1001031,CREATED,2026-09-09 16:58:30,2026-09-09 16:58:31,1264
E1000769,T1000270,AUTHORIZED,2026-09-03 17:25:05,2026-09-03 17:25:12,483
E1002364,T1000829,SETTLED,2026-09-07 22:49:40,2026-09-07 22:49:41,474
E1000666,T1000234,SETTLED,2026-09-02 21:40:40,2026-09-02 21:40:48,1948
E1010536,T1003733,FAILED,2026-09-30 13:41:00,2026-09-30 13:41:07,2355
E1008729,T1003096,CREATED,2026-09-25 19:56:40,2026-09-25 19:56:49,230
E1010060,T1003567,AUTHORIZED,2026-09-28 16:34:42,2026-09-28 16:34:50,570
E1005201,T1001833,AUTHORIZED,2026-09-15 14:22:52,2026-09-15 14:22:56,1393
E1009796,T1003474,SETTLED,2026-09-28 13:42:10,2026-09-28 13:42:20,2433
E1009440,T1003347,SETTLED,2026-09-27 08:53:51,2026-09-27 08:53:55,1479
E1001008,T1000355,CREATED,2026-09-04 12:14:01,2026-09-04 12:14:09,697
E1000971,T1000341,SETTLED,2026-09-03 13:08:05,2026-09-03 13:08:13,2170
E1009668,T1003428,FAILED,2026-09-27 19:02:38,2026-09-27 19:02:47,2481
E1007860,T1002791,CREATED,2026-09-23 16:22:25,2026-09-23 17:43:25,279
E1006621,T1002346,AUTHORIZED,2026-09-19 17:44:07,2026-09-19 17:44:14,696
E1004379,T1001539,AUTHORIZED,2026-09-13 15:40:20,2026-09-13 15:40:25,1233
E1002333,T1000818,SETTLED,2026-09-07 17:34:03,2026-09-07 17:34:09,2181
E1008831,T1003132,AUTHORIZED,2026-09-25 16:10:33,2026-09-25 16:10:42,2116
E1009651,T1003422,CREATED,2026-09-27 09:18:09,2026-09-27 09:18:11,777
E1010436,T1003698,SETTLED,2026-09-29 16:48:40,2026-09-29 16:48:42,333
E1002221,T1000778,AUTHORIZED,2026-09-07 11:28:02,2026-09-07 11:28:12,1291
E1002037,T1000714,CREATED,2026-09-06 15:58:07,2026-09-06 15:58:09,1243
E1006408,T1002267,CREATED,2026-09-19 16:50:37,2026-09-19 16:50:42,604
E1003159,T1001109,CREATED,2026-09-10 08:32:57,2026-09-10 08:32:59,279
E1002699,T1000949,CREATED,2026-09-08 08:41:47,2026-09-08 08:41:50,600
E1009722,T1003447,AUTHORIZED,2026-09-27 18:50:29,2026-09-27 18:50:36,925
E1003798,T1001335,CREATED,2026-09-11 20:27:48,2026-09-11 20:27:52,2436
E1004157,T1001461,SETTLED,2026-09-12 20:21:44,2026-09-12 20:21:45,2439
E1006035,T1002132,AUTHORIZED,2026-09-18 14:18:43,2026-09-18 14:18:52,202
E1001637,T1000575,SETTLED,2026-09-05 22:18:16,2026-09-05 22:18:26,775
E1009973,T1003537,CREATED,2026-09-28 08:23:01,2026-09-28 08:23:06,1942
E1005883,T1002078,CREATED,2026-09-17 21:07:52,2026-09-17 21:07:53,789
E1007040,T1002497,SETTLED,2026-09-20 11:56:46,2026-09-20 11:56:49,1787
E1001284,T1000452,SETTLED,2026-09-04 15:28:30,2026-09-04 15:28:33,649
E1001306,T1000460,CREATED,2026-09-04 10:26:15,2026-09-04 10:26:18,1169
E1006436,T1002278,AUTHORIZED,2026-09-19 15:17:36,2026-09-19 15:17:41,1614
E1004531,T1001593,AUTHORIZED,2026-09-13 20:14:08,2026-09-13 20:14:16,1244
E1009385,T1003327,SETTLED,2026-09-27 18:59:54,2026-09-27 19:00:02,1317
E1005098,T1001796,SETTLED,2026-09-15 23:49:25,2026-09-15 23:49:34,1764
E1007025,T1002492,AUTHORIZED,2026-09-20 17:55:13,2026-09-20 19:00:13,1290
E1010806,T1001,AUTHORIZED,2026-09-02 10:01:00,2026-09-02 10:01:07,1688
E1005844,T1002065,CREATED,2026-09-17 20:48:55,2026-09-17 20:49:04,118
E1007714,T1002740,SETTLED,2026-09-22 12:38:43,2026-09-22 12:38:46,1294
E1001512,T1000531,SETTLED,2026-09-05 17:31:29,2026-09-05 17:31:31,587
E1005529,T1001954,CREATED,2026-09-16 16:24:55,2026-09-16 16:24:58,1104
E1002160,T1000757,CREATED,2026-09-06 11:54:34,2026-09-06 11:54:43,1040
E1006472,T1002291,CREATED,2026-09-19 19:02:17,2026-09-19 19:02:24,575
E1000052,T1000019,AUTHORIZED,2026-09-01 19:29:26,2026-09-01 19:29:34,1868
E1004067,T1001430,SETTLED,2026-09-12 21:55:43,2026-09-12 21:55:46,641
E1006985,T1002478,SETTLED,2026-09-20 11:29:24,2026-09-20 11:29:32,280
E1009639,T1003417,SETTLED,2026-09-27 07:58:21,2026-09-27 07:58:23,73
E1006277,T1002220,AUTHORIZED,2026-09-18 08:00:34,2026-09-18 08:00:37,247
E1002298,T1000806,AUTHORIZED,2026-09-07 20:28:57,2026-09-07 20:28:58,1347
E1004219,T1001483,CREATED,2026-09-12 10:58:05,2026-09-12 10:58:12,604
E1002317,T1000813,CREATED,2026-09-07 18:51:47,2026-09-07 18:51:57,1582
E1005488,T1001939,SETTLED,2026-09-16 09:26:45,2026-09-16 09:26:55,1193
E1001477,T1000519,AUTHORIZED,2026-09-05 07:21:13,2026-09-05 07:21:22,129
E1003692,T1001296,CREATED,2026-09-11 19:16:28,2026-09-11 19:16:37,653
E1006790,T1002409,AUTHORIZED,2026-09-20 17:33:29,2026-09-20 17:33:37,1345
E1005177,T1001825,AUTHORIZED,2026-09-15 19:13:59,2026-09-15 19:14:02,521
E1007401,T1002628,CREATED,2026-09-21 20:52:57,2026-09-21 20:53:06,325
E1004325,T1001519,SETTLED,2026-09-13 11:25:20,2026-09-13 11:25:27,1294
E1003735,T1001313,CREATED,2026-09-11 07:28:28,2026-09-11 07:28:36,2374
E1001757,T1000616,AUTHORIZED,2026-09-05 07:00:59,2026-09-05 07:01:08,114
E1010365,T1003673,SETTLED,2026-09-29 14:19:48,2026-09-29 14:19:50,305
E1000961,T1000338,AUTHORIZED,2026-09-03 20:09:34,2026-09-03 20:09:38,541
E1006482,T1002295,CREATED,2026-09-19 11:08:12,2026-09-19 11:08:17,374
E1003269,T1001147,AUTHORIZED,2026-09-10 11:23:20,2026-09-10 11:23:25,617
E1004328,T1001521,CREATED,2026-09-13 12:05:07,2026-09-13 12:05:13,1045
E1006616,T1002344,SETTLED,2026-09-19 11:55:40,2026-09-19 11:55:47,2193
E1007619,T1002706,AUTHORIZED,2026-09-22 14:00:19,2026-09-22 14:00:20,1924
E1001869,T1000655,CREATED,2026-09-06 12:56:52,2026-09-06 12:56:58,2253
E1002003,T1000701,AUTHORIZED,2026-09-06 11:07:23,2026-09-06 11:07:29,801
E1002738,T1000962,AUTHORIZED,2026-09-08 09:20:56,2026-09-08 09:21:03,1536
E1002564,T1000901,AUTHORIZED,2026-09-08 18:49:46,2026-09-08 18:49:54,1796
E1009715,T1003445,CREATED,2026-09-27 15:46:47,2026-09-27 15:46:48,730
E1001380,T1000485,AUTHORIZED,2026-09-05 17:48:31,2026-09-05 17:48:39,1054
E1000068,T1000024,SETTLED,2026-09-01 15:46:50,2026-09-01 15:46:53,2012
E1005065,T1001784,SETTLED,2026-09-15 11:16:17,2026-09-15 12:42:17,1973
E1007128,T1002530,CREATED,2026-09-20 07:04:34,2026-09-20 07:04:38,148
E1003656,T1001283,AUTHORIZED,2026-09-11 18:28:41,2026-09-11 18:28:47,878
E1003681,T1001292,AUTHORIZED,2026-09-11 20:52:59,2026-09-11 20:53:02,813
E1005855,T1002068,SETTLED,2026-09-17 14:41:29,2026-09-17 14:41:34,1416
E1010807,T1001,CREATED,2026-09-02 10:00:00,2026-09-02 10:00:09,1306
E1003655,T1001283,CREATED,2026-09-11 18:28:23,2026-09-11 18:28:28,767
E1004343,T1001526,SETTLED,2026-09-13 14:26:43,2026-09-13 14:26:46,793
E1010674,T1003783,CREATED,2026-09-30 18:42:49,2026-09-30 18:42:52,1523
E1008166,T1002897,AUTHORIZED,2026-09-24 20:21:54,2026-09-24 20:22:01,1962
E1005049,T1001779,CREATED,2026-09-15 21:22:44,2026-09-15 21:22:50,529
E1010156,T1003601,CREATED,2026-09-29 22:19:41,2026-09-29 22:19:47,1223
E1008321,T1002953,AUTHORIZED,2026-09-24 12:36:26,2026-09-24 12:36:27,212
E1001266,T1000445,SETTLED,2026-09-04 20:22:39,2026-09-04 20:22:42,1080
E1005530,T1001954,AUTHORIZED,2026-09-16 16:24:58,2026-09-16 16:25:00,1753
E1006583,T1002332,CREATED,2026-09-19 21:33:06,2026-09-19 22:51:06,1372
E1007005,T1002485,SETTLED,2026-09-20 12:02:46,2026-09-20 12:02:54,1944
E1003827,T1001345,CREATED,2026-09-12 18:13:12,2026-09-12 18:13:19,1528
E1003356,T1001177,AUTHORIZED,2026-09-10 10:33:17,2026-09-10 10:33:18,282
E1003046,T1001069,AUTHORIZED,2026-09-09 11:02:16,2026-09-09 11:02:26,988
E1007334,T1002603,AUTHORIZED,2026-09-21 20:11:05,2026-09-21 20:11:08,2339
E1002359,T1000827,SETTLED,2026-09-07 19:53:33,2026-09-07 19:53:39,1639
E1000797,T1000281,CREATED,2026-09-03 10:46:42,2026-09-03 10:46:51,1782
E1009354,T1003317,AUTHORIZED,2026-09-27 11:38:14,2026-09-27 11:38:23,1807
E1002403,T1000844,CREATED,2026-09-07 16:48:34,2026-09-07 16:48:38,2005
E1008677,T1003078,AUTHORIZED,2026-09-25 12:25:44,2026-09-25 12:25:50,93
E1004459,T1001568,SETTLED,2026-09-13 18:26:18,2026-09-13 18:26:26,1859
E1004134,T1001453,FAILED,2026-09-12 09:09:20,2026-09-12 09:09:24,794
E1001760,T1000617,SETTLED,2026-09-05 10:27:36,2026-09-05 11:54:36,2375
E1004725,T1001662,CREATED,2026-09-14 17:41:53,2026-09-14 17:41:58,872
E1010168,T1003605,CREATED,2026-09-29 18:39:56,2026-09-29 18:40:04,294
E1008186,T1002904,CREATED,2026-09-24 12:04:44,2026-09-24 12:04:45,1080
E1004243,T1001491,CREATED,2026-09-13 19:43:55,2026-09-13 19:44:01,580
E1004579,T1001609,SETTLED,2026-09-13 21:05:06,2026-09-13 21:05:11,292
E1007038,T1002497,CREATED,2026-09-20 11:33:46,2026-09-20 11:33:48,580
E1006519,T1002308,AUTHORIZED,2026-09-19 11:04:45,2026-09-19 11:04:48,1015
E1001658,T1000582,SETTLED,2026-09-05 14:30:43,2026-09-05 14:30:46,455
E1004794,T1001687,SETTLED,2026-09-14 19:14:18,2026-09-14 19:14:28,1928
E1008397,T1002980,AUTHORIZED,2026-09-24 12:03:29,2026-09-24 12:03:31,1945
E1002726,T1000958,CREATED,2026-09-08 11:46:18,2026-09-08 11:46:27,998
E1004254,T1001495,CREATED,2026-09-13 11:39:14,2026-09-13 11:39:17,892
E1003466,T1001216,CREATED,2026-09-10 17:25:04,2026-09-10 17:25:10,2129
E1000771,T1000271,CREATED,2026-09-03 18:28:26,2026-09-03 18:28:30,2453
E1006556,T1002322,SETTLED,2026-09-19 20:24:19,2026-09-19 21:30:19,2190
E1008183,T1002903,CREATED,2026-09-24 12:04:18,2026-09-24 12:04:24,2014
E1004173,T1001467,CREATED,2026-09-12 18:45:58,2026-09-12 18:46:05,873
E1000810,T1000285,AUTHORIZED,2026-09-03 21:51:07,2026-09-03 21:51:12,1428
E1002128,T1000746,AUTHORIZED,2026-09-06 17:31:59,2026-09-06 17:32:07,530
E1009458,T1003354,SETTLED,2026-09-27 21:00:07,2026-09-27 21:00:10,1361
E1005547,T1001960,AUTHORIZED,2026-09-16 21:36:27,2026-09-16 21:36:32,1733
E1000076,T1000027,AUTHORIZED,2026-09-01 19:08:35,2026-09-01 19:08:42,1684
E1005902,T1002084,AUTHORIZED,2026-09-17 21:24:01,2026-09-17 21:24:09,1640
E1007754,T1002754,AUTHORIZED,2026-09-22 12:02:52,2026-09-22 12:02:59,1429
E1008325,T1002954,SETTLED,2026-09-24 19:13:49,2026-09-24 19:13:54,440
E1006061,T1002141,FAILED,2026-09-18 17:51:27,2026-09-18 17:51:33,660
E1005919,T1002091,CREATED,2026-09-17 20:21:12,2026-09-17 20:21:13,959
E1006772,T1002403,AUTHORIZED,2026-09-20 13:47:05,2026-09-20 13:47:15,1986
E1006042,T1002135,CREATED,2026-09-18 18:44:41,2026-09-18 18:44:48,2424
E1004735,T1001666,CREATED,2026-09-14 14:54:17,2026-09-14 14:54:25,1153
E1005157,T1001818,CREATED,2026-09-15 12:56:18,2026-09-15 12:56:22,840
E1000402,T1000141,SETTLED,2026-09-02 17:53:30,2026-09-02 17:53:35,1296
E1002814,T1000988,SETTLED,2026-09-08 21:28:16,2026-09-08 21:28:18,1930
E1005655,T1001997,SETTLED,2026-09-17 17:29:10,2026-09-17 17:29:12,1561
E1006414,T1002269,AUTHORIZED,2026-09-19 15:32:40,2026-09-19 15:32:46,355
E1001998,T1000699,AUTHORIZED,2026-09-06 21:27:17,2026-09-06 21:27:21,1546
E1003291,T1001155,AUTHORIZED,2026-09-10 23:48:28,2026-09-10 23:48:35,595
E1002101,T1000737,CREATED,2026-09-06 11:29:05,2026-09-06 11:40:05,2200
E1005570,T1001968,AUTHORIZED,2026-09-16 17:45:31,2026-09-16 17:45:35,1138
E1007888,T1002800,SETTLED,2026-09-23 19:25:49,2026-09-23 19:25:59,1577
E1003957,T1001390,AUTHORIZED,2026-09-12 14:02:14,2026-09-12 14:02:19,1390
E1004577,T1001609,CREATED,2026-09-13 20:41:06,2026-09-13 20:41:16,1579
E1003771,T1001325,SETTLED,2026-09-11 13:47:30,2026-09-11 13:47:39,1468
E1000345,T1000122,AUTHORIZED,2026-09-01 13:01:05,2026-09-01 13:01:15,2302
E1001031,T1000364,CREATED,2026-09-04 14:12:24,2026-09-04 14:12:27,516
E1004560,T1001603,AUTHORIZED,2026-09-13 14:19:38,2026-09-13 14:19:40,1119
E1009058,T1003214,CREATED,2026-09-26 12:16:06,2026-09-26 12:16:15,894
E1000528,T1000186,CREATED,2026-09-02 08:28:56,2026-09-02 08:28:57,538
E1000537,T1000189,CREATED,2026-09-02 09:27:23,2026-09-02 09:27:29,2454
E1003825,T1001344,AUTHORIZED,2026-09-12 07:36:22,2026-09-12 07:36:29,677
E1002950,T1001036,AUTHORIZED,2026-09-09 18:33:04,2026-09-09 18:33:14,1592
E1006037,T1002133,CREATED,2026-09-18 12:31:35,2026-09-18 12:31:45,1999
E1009018,T1003200,CREATED,2026-09-26 12:09:52,2026-09-26 12:09:58,1691
E1002997,T1001052,SETTLED,2026-09-09 10:08:32,2026-09-09 10:08:39,2145
E1003814,T1001340,SETTLED,2026-09-12 12:40:52,2026-09-12 12:41:00,2102
E1002134,T1000748,AUTHORIZED,2026-09-06 13:07:28,2026-09-06 13:07:36,950
E1000869,T1000306,AUTHORIZED,2026-09-03 11:56:59,2026-09-03 11:57:02,2052
E1008958,T1003178,CREATED,2026-09-26 11:46:17,2026-09-26 11:46:24,2371
E1000843,T1000297,AUTHORIZED,2026-09-03 21:23:35,2026-09-03 21:23:39,177
E1002284,T1000801,FAILED,2026-09-07 19:16:51,2026-09-07 19:17:01,1157
E1001463,T1000514,SETTLED,2026-09-05 13:13:21,2026-09-05 13:13:31,510
E1000898,T1000316,AUTHORIZED,2026-09-03 13:05:43,2026-09-03 13:05:49,209
E1003049,T1001070,AUTHORIZED,2026-09-09 14:20:32,2026-09-09 14:20:35,1613
E1010036,T1003559,CREATED,2026-09-28 13:00:59,2026-09-28 13:01:07,1003
E1005060,T1001783,CREATED,2026-09-15 17:13:11,2026-09-15 17:13:17,331
E1000887,T1000312,FAILED,2026-09-03 07:54:52,2026-09-03 07:55:02,2363
E1005712,T1002019,CREATED,2026-09-17 18:29:08,2026-09-17 18:29:11,1397
E1006752,T1002396,AUTHORIZED,2026-09-20 16:36:30,2026-09-20 16:36:38,1882
E1006695,T1002375,CREATED,2026-09-19 17:29:12,2026-09-19 17:29:18,1076
E1000831,T1000293,AUTHORIZED,2026-09-03 14:22:02,2026-09-03 14:22:06,881
E1000131,T1000047,CREATED,2026-09-01 11:14:13,2026-09-01 11:53:13,1194
E1009960,T1003532,SETTLED,2026-09-28 10:48:59,2026-09-28 10:49:01,931
E1002690,T1000946,CREATED,2026-09-08 08:05:29,2026-09-08 08:05:33,940
E1004198,T1001475,SETTLED,2026-09-12 11:20:20,2026-09-12 11:20:28,1975
E1004241,T1001490,AUTHORIZED,2026-09-13 22:15:04,2026-09-13 22:15:05,1947
E1000773,T1000271,SETTLED,2026-09-03 18:49:26,2026-09-03 18:49:28,1930
E1003698,T1001298,CREATED,2026-09-11 12:25:01,2026-09-11 12:25:08,948
E1007895,T1002803,CREATED,2026-09-23 14:39:06,2026-09-23 14:39:07,564
E1005284,T1001865,CREATED,2026-09-15 18:04:46,2026-09-15 18:04:56,579
E1003422,T1001200,CREATED,2026-09-10 10:53:31,2026-09-10 10:53:34,2201
E1005573,T1001969,AUTHORIZED,2026-09-16 13:26:08,2026-09-16 13:26:10,604
E1002613,T1000918,CREATED,2026-09-08 19:00:39,2026-09-08 19:00:45,1227
E1007271,T1002581,AUTHORIZED,2026-09-21 14:48:55,2026-09-21 14:49:04,1855
E1002821,T1000991,AUTHORIZED,2026-09-08 19:49:14,2026-09-08 19:49:18,869
E1010456,T1003706,CREATED,2026-09-29 16:39:58,2026-09-29 16:40:00,1168
E1000025,T1000009,FAILED,2026-09-01 20:49:19,2026-09-01 20:49:28,2497
E1007126,T1002529,AUTHORIZED,2026-09-20 20:28:24,2026-09-20 20:28:28,799
E1008112,T1002879,CREATED,2026-09-23 10:58:27,2026-09-23 10:58:37,1574
E1010569,T1003745,SETTLED,2026-09-30 16:21:50,2026-09-30 16:22:00,1724
E1010298,T1003649,AUTHORIZED,2026-09-29 10:06:48,2026-09-29 10:06:52,258
E1007766,T1002758,SETTLED,2026-09-22 07:44:28,2026-09-22 07:44:37,1614
E1002507,T1000880,FAILED,2026-09-07 13:22:20,2026-09-07 13:22:22,1571
E1005904,T1002085,CREATED,2026-09-17 10:34:51,2026-09-17 10:34:54,72
E1010148,T1003598,AUTHORIZED,2026-09-29 20:54:26,2026-09-29 20:54:32,2448
E1001303,T1000459,CREATED,2026-09-04 19:23:21,2026-09-04 19:23:28,1778
E1007661,T1002721,FAILED,2026-09-22 08:08:21,2026-09-22 08:08:27,1341
E1009026,T1003202,SETTLED,2026-09-26 09:33:10,2026-09-26 09:33:13,282
E1004640,T1001631,SETTLED,2026-09-13 18:56:50,2026-09-13 18:56:56,1339
E1002306,T1000809,CREATED,2026-09-07 19:31:02,2026-09-07 19:31:03,1289
E1008100,T1002875,CREATED,2026-09-23 18:47:20,2026-09-23 18:47:25,1930
E1000233,T1000082,CREATED,2026-09-01 20:08:54,2026-09-01 20:08:59,2341
E1002739,T1000962,SETTLED,2026-09-08 09:37:50,2026-09-08 09:37:52,573
E1008229,T1002918,SETTLED,2026-09-24 14:05:30,2026-09-24 14:05:34,1997
E1005512,T1001948,CREATED,2026-09-16 14:22:18,2026-09-16 14:22:20,1021
E1005664,T1002001,CREATED,2026-09-17 19:14:26,2026-09-17 19:14:33,1908
E1008343,T1002961,CREATED,2026-09-24 16:49:37,2026-09-24 16:49:38,2077
E1006384,T1002258,AUTHORIZED,2026-09-19 13:02:14,2026-09-19 13:02:20,78
E1010420,T1003693,CREATED,2026-09-29 12:28:31,2026-09-29 12:28:41,871
E1001863,T1000653,CREATED,2026-09-06 16:34:18,2026-09-06 16:34:22,930
E1006573,T1002328,AUTHORIZED,2026-09-19 08:24:58,2026-09-19 08:25:05,1262
E1007672,T1002725,SETTLED,2026-09-22 12:03:59,2026-09-22 12:04:09,884
E1002446,T1000859,CREATED,2026-09-07 20:22:54,2026-09-07 20:23:04,131
E1007441,T1002641,SETTLED,2026-09-21 18:24:35,2026-09-21 18:24:36,439
E1004648,T1001634,SETTLED,2026-09-14 18:21:44,2026-09-14 18:21:53,1327
E1008591,T1003048,SETTLED,2026-09-25 22:00:51,2026-09-25 22:00:54,1240
E1008574,T1003042,SETTLED,2026-09-25 21:08:51,2026-09-25 21:08:59,546
E1005941,T1002098,SETTLED,2026-09-17 22:48:00,2026-09-17 22:48:08,2033
E1004104,T1001443,CREATED,2026-09-12 19:03:01,2026-09-12 19:03:06,1978
E1008552,T1003035,CREATED,2026-09-25 10:43:29,2026-09-25 10:43:30,2102
E1009314,T1003303,AUTHORIZED,2026-09-27 08:12:20,2026-09-27 08:12:23,439
E1001634,T1000574,SETTLED,2026-09-05 08:54:11,2026-09-05 09:47:11,1333
E1004290,T1001507,AUTHORIZED,2026-09-13 11:11:45,2026-09-13 11:11:46,422
E1003098,T1001087,AUTHORIZED,2026-09-09 12:50:47,2026-09-09 13:24:47,1364
E1001455,T1000512,CREATED,2026-09-05 18:50:58,2026-09-05 18:51:07,1859
E1004825,T1001698,SETTLED,2026-09-14 20:19:55,2026-09-14 20:19:59,975
E1001352,T1000475,SETTLED,2026-09-05 19:06:02,2026-09-05 19:06:05,2336
E1000675,T1000237,SETTLED,2026-09-02 09:13:11,2026-09-02 09:13:13,855
E1000194,T1000068,SETTLED,2026-09-01 12:20:26,2026-09-01 12:20:33,1363
E1004848,T1001706,AUTHORIZED,2026-09-14 18:04:45,2026-09-14 18:04:53,439
E1000243,T1000085,AUTHORIZED,2026-09-01 11:22:59,2026-09-01 11:23:03,2135
E1010796,T1003826,SETTLED,2026-09-30 13:12:36,2026-09-30 13:12:41,286
E1010210,T1003619,AUTHORIZED,2026-09-29 09:08:33,2026-09-29 09:08:38,1533
E1006710,T1002380,SETTLED,2026-09-19 19:54:28,2026-09-19 19:54:29,110
E1008280,T1002937,SETTLED,2026-09-24 13:48:39,2026-09-24 13:55:39,1428
E1008448,T1002998,CREATED,2026-09-24 18:41:03,2026-09-24 18:41:13,1746
E1004282,T1001504,SETTLED,2026-09-13 20:15:48,2026-09-13 20:15:55,154
E1006885,T1002443,FAILED,2026-09-20 18:19:32,2026-09-20 18:19:33,2085
E1000660,T1000232,SETTLED,2026-09-02 13:29:30,2026-09-02 13:29:34,2422
E1005265,T1001858,CREATED,2026-09-15 19:48:55,2026-09-15 19:49:04,2222
E1004516,T1001588,CREATED,2026-09-13 12:42:36,2026-09-13 12:42:46,2495
E1002421,T1000850,CREATED,2026-09-07 16:53:36,2026-09-07 16:53:46,2302
E1009084,T1003223,CREATED,2026-09-26 19:16:35,2026-09-26 19:16:37,2475
E1000362,T1000128,CREATED,2026-09-02 20:39:32,2026-09-02 20:39:40,92
E1010225,T1003625,CREATED,2026-09-29 10:29:03,2026-09-29 10:29:06,119
E1007586,T1002694,AUTHORIZED,2026-09-22 14:56:07,2026-09-22 14:56:08,2155
E1003168,T1001112,CREATED,2026-09-10 15:20:46,2026-09-10 15:20:48,208
E1004033,T1001418,CREATED,2026-09-12 15:30:04,2026-09-12 15:30:05,2302
E1002929,T1001028,SETTLED,2026-09-09 19:00:46,2026-09-09 19:00:53,1632
E1003462,T1001214,SETTLED,2026-09-10 15:56:58,2026-09-10 15:57:06,280
E1004222,T1001484,CREATED,2026-09-12 22:04:17,2026-09-12 22:04:20,1301
E1002383,T1000836,AUTHORIZED,2026-09-07 08:52:46,2026-09-07 09:19:46,945
E1007742,T1002750,AUTHORIZED,2026-09-22 22:10:54,2026-09-22 22:10:57,1142
E1001947,T1000682,AUTHORIZED,2026-09-06 20:58:47,2026-09-06 20:58:48,1454
E1009005,T1003195,AUTHORIZED,2026-09-26 14:49:28,2026-09-26 14:49:30,115
E1003428,T1001202,AUTHORIZED,2026-09-10 11:55:53,2026-09-10 11:56:00,474
E1009179,T1003256,AUTHORIZED,2026-09-26 09:22:46,2026-09-26 09:22:50,1821
E1005192,T1001830,AUTHORIZED,2026-09-15 09:49:04,2026-09-15 09:49:07,784
E1005624,T1001986,SETTLED,2026-09-17 17:10:54,2026-09-17 17:10:59,1215
E1004376,T1001538,AUTHORIZED,2026-09-13 17:31:49,2026-09-13 17:31:56,1628
E1005768,T1002038,SETTLED,2026-09-17 18:04:12,2026-09-17 18:04:16,1830
E1000424,T1000149,SETTLED,2026-09-02 16:14:48,2026-09-02 16:14:50,67
E1010169,T1003605,AUTHORIZED,2026-09-29 18:40:11,2026-09-29 18:40:20,1935
E1003518,T1001235,CREATED,2026-09-11 10:30:53,2026-09-11 10:30:54,1585
E1002675,T1000940,SETTLED,2026-09-08 22:15:10,2026-09-08 22:15:13,1214
E1002640,T1000927,CREATED,2026-09-08 12:00:43,2026-09-08 12:00:48,1364
E1010553,T1003739,SETTLED,2026-09-30 21:40:40,2026-09-30 21:40:50,2278
E1002718,T1000955,AUTHORIZED,2026-09-08 13:29:44,2026-09-08 13:29:50,1686
E1007818,T1002776,SETTLED,2026-09-23 20:23:31,2026-09-23 20:23:41,1058
E1003183,T1001117,CREATED,2026-09-10 19:37:17,2026-09-10 19:37:25,1664
E1010706,T1003794,AUTHORIZED,2026-09-30 17:46:44,2026-09-30 17:46:45,1152
E1004551,T1001600,CREATED,2026-09-13 11:49:09,2026-09-13 11:49:14,915
E1008193,T1002906,AUTHORIZED,2026-09-24 11:54:56,2026-09-24 11:55:06,2500
E1005793,T1002047,CREATED,2026-09-17 12:44:43,2026-09-17 12:44:48,672
E1010687,T1003788,CREATED,2026-09-30 19:47:49,2026-09-30 19:47:55,609
E1007580,T1002692,CREATED,2026-09-22 09:19:31,2026-09-22 09:19:33,2045
E1008900,T1003156,SETTLED,2026-09-26 13:53:24,2026-09-26 13:53:26,2346
E1009990,T1003543,CREATED,2026-09-28 13:10:01,2026-09-28 13:10:07,2378
E1008423,T1002989,SETTLED,2026-09-24 22:17:37,2026-09-24 23:30:37,1590
E1000841,T1000296,SETTLED,2026-09-03 18:01:19,2026-09-03 18:01:22,1159
E1001561,T1000549,CREATED,2026-09-05 10:24:47,2026-09-05 10:24:56,112
E1008309,T1002949,CREATED,2026-09-24 14:48:56,2026-09-24 14:48:59,590
E1008616,T1003057,CREATED,2026-09-25 21:42:52,2026-09-25 21:43:01,924
E1005323,T1001879,SETTLED,2026-09-16 13:28:44,2026-09-16 13:28:51,460
E1009729,T1003449,SETTLED,2026-09-27 14:53:31,2026-09-27 14:53:37,1164
E1003442,T1001207,CREATED,2026-09-10 14:04:36,2026-09-10 14:49:36,1506
E1008492,T1003014,AUTHORIZED,2026-09-25 21:02:59,2026-09-25 21:03:06,2382
E1003167,T1001111,SETTLED,2026-09-10 19:36:56,2026-09-10 19:37:04,1356
E1008393,T1002979,CREATED,2026-09-24 06:04:02,2026-09-24 06:04:07,1876
E1000563,T1000198,AUTHORIZED,2026-09-02 08:10:09,2026-09-02 08:10:10,602
E1009307,T1003301,CREATED,2026-09-26 11:33:48,2026-09-26 11:33:54,2437
E1002986,T1001049,CREATED,2026-09-09 09:10:58,2026-09-09 09:11:01,874
E1003383,T1001187,CREATED,2026-09-10 10:59:07,2026-09-10 10:59:12,41
E1005267,T1001858,SETTLED,2026-09-15 21:23:55,2026-09-15 21:24:01,2340
E1005028,T1001770,AUTHORIZED,2026-09-15 20:25:08,2026-09-15 20:25:17,150
E1003703,T1001299,SETTLED,2026-09-11 13:05:23,2026-09-11 13:05:29,1051
E1009944,T1003527,AUTHORIZED,2026-09-28 12:01:52,2026-09-28 12:02:02,2000
E1002503,T1000878,SETTLED,2026-09-07 22:15:18,2026-09-07 22:15:19,803
E1003671,T1001289,CREATED,2026-09-11 10:00:40,2026-09-11 10:00:46,2302
E1007309,T1002595,CREATED,2026-09-21 11:16:43,2026-09-21 11:16:47,1890
E1004472,T1001573,CREATED,2026-09-13 09:15:28,2026-09-13 09:15:29,1125
E1006072,T1002145,AUTHORIZED,2026-09-18 18:45:02,2026-09-18 18:45:11,2484
E1006544,T1002318,AUTHORIZED,2026-09-19 09:39:05,2026-09-19 09:39:07,1336
E1006002,T1002120,AUTHORIZED,2026-09-18 10:40:35,2026-09-18 10:40:39,1362
E1002551,T1000897,CREATED,2026-09-08 23:24:46,2026-09-08 23:24:51,987
E1007400,T1002627,SETTLED,2026-09-21 13:29:25,2026-09-21 13:29:32,1151
E1003371,T1001182,SETTLED,2026-09-10 14:06:11,2026-09-10 14:06:16,1802
E1008456,T1003001,AUTHORIZED,2026-09-24 23:12:03,2026-09-24 23:12:11,2347
E1009067,T1003217,CREATED,2026-09-26 19:38:40,2026-09-26 19:38:45,851
E1006115,T1002161,SETTLED,2026-09-18 19:12:14,2026-09-18 19:12:24,1610
E1000506,T1000177,SETTLED,2026-09-02 12:21:07,2026-09-02 12:21:09,1113
E1009584,T1003398,CREATED,2026-09-27 20:21:40,2026-09-27 20:21:44,1673
E1000321,T1000113,AUTHORIZED,2026-09-01 11:37:12,2026-09-01 11:37:22,1504
E1005187,T1001828,SETTLED,2026-09-15 23:22:02,2026-09-15 23:22:06,2238
E1010413,T1003690,SETTLED,2026-09-29 17:34:18,2026-09-29 17:34:22,1546
E1010729,T1003802,SETTLED,2026-09-30 13:09:02,2026-09-30 13:09:11,1655
E1010715,T1003797,AUTHORIZED,2026-09-30 12:33:11,2026-09-30 12:33:21,2119
E1007568,T1002687,SETTLED,2026-09-22 11:44:40,2026-09-22 11:44:44,1479
E1010771,T1003817,SETTLED,2026-09-30 12:35:12,2026-09-30 12:35:13,596
E1005150,T1001815,SETTLED,2026-09-15 13:57:19,2026-09-15 13:57:21,1102
E1007007,T1002486,AUTHORIZED,2026-09-20 13:01:49,2026-09-20 13:01:55,1564
E1003558,T1001249,CREATED,2026-09-11 11:55:46,2026-09-11 11:55:48,1536
E1009266,T1003287,AUTHORIZED,2026-09-26 14:19:44,2026-09-26 14:19:51,1871
E1001260,T1000443,SETTLED,2026-09-04 11:20:21,2026-09-04 11:20:28,479
E1005428,T1001918,CREATED,2026-09-16 13:30:11,2026-09-16 13:30:21,1068
E1003508,T1001231,SETTLED,2026-09-11 13:52:02,2026-09-11 13:52:10,40
E1006785,T1002407,SETTLED,2026-09-20 19:01:10,2026-09-20 19:01:11,1618
E1000698,T1000245,AUTHORIZED,2026-09-03 15:44:13,2026-09-03 15:44:15,1128
E1004804,T1001691,AUTHORIZED,2026-09-14 20:42:29,2026-09-14 20:42:34,1090
E1003734,T1001312,FAILED,2026-09-11 13:34:11,2026-09-11 13:34:17,1457
E1000674,T1000237,AUTHORIZED,2026-09-02 09:04:12,2026-09-02 09:04:22,2267
E1000899,T1000316,SETTLED,2026-09-03 13:21:13,2026-09-03 13:21:14,2040
E1003613,T1001268,AUTHORIZED,2026-09-11 22:22:35,2026-09-11 22:22:44,2493
E1005587,T1001974,CREATED,2026-09-16 20:04:02,2026-09-16 20:04:06,1113
E1003817,T1001341,SETTLED,2026-09-12 08:32:32,2026-09-12 08:32:35,897
E1006041,T1002134,FAILED,2026-09-18 22:36:56,2026-09-18 22:37:03,2486
E1000139,T1000049,SETTLED,2026-09-01 10:16:56,2026-09-01 10:17:00,701
E1005295,T1001869,SETTLED,2026-09-16 18:44:55,2026-09-16 18:45:04,2283
E1010460,T1003707,AUTHORIZED,2026-09-29 12:22:38,2026-09-29 12:22:43,2098
E1001442,T1000507,SETTLED,2026-09-05 08:17:12,2026-09-05 08:17:19,550
E1005813,T1002054,CREATED,2026-09-17 20:21:17,2026-09-17 20:21:20,2273
E1009879,T1003504,AUTHORIZED,2026-09-28 11:08:49,2026-09-28 11:08:55,574
E1009172,T1003254,CREATED,2026-09-26 11:25:53,2026-09-26 11:25:59,2493
E1009420,T1003340,AUTHORIZED,2026-09-27 18:48:15,2026-09-27 18:48:23,685
E1010226,T1003625,AUTHORIZED,2026-09-29 10:29:25,2026-09-29 10:29:29,180
E1005720,T1002022,CREATED,2026-09-17 22:20:32,2026-09-17 22:20:42,1650
E1006195,T1002191,CREATED,2026-09-18 18:09:06,2026-09-18 18:09:15,2308
E1007132,T1002531,AUTHORIZED,2026-09-20 18:19:28,2026-09-20 18:19:35,2064
E1002468,T1000866,FAILED,2026-09-07 18:46:54,2026-09-07 18:46:59,727
E1003757,T1001321,CREATED,2026-09-11 18:39:04,2026-09-11 18:39:10,301
E1003436,T1001205,CREATED,2026-09-10 20:47:26,2026-09-10 20:47:29,901
E1003198,T1001122,FAILED,2026-09-10 14:44:07,2026-09-10 14:44:13,945
E1004452,T1001566,CREATED,2026-09-13 21:20:51,2026-09-13 21:20:58,895
E1000720,T1000253,AUTHORIZED,2026-09-03 11:12:14,2026-09-03 11:12:20,738
E1009378,T1003325,AUTHORIZED,2026-09-27 16:53:37,2026-09-27 16:53:46,2406
E1005951,T1002102,CREATED,2026-09-17 12:30:31,2026-09-17 12:30:37,1706
E1009475,T1003360,AUTHORIZED,2026-09-27 20:39:34,2026-09-27 20:39:42,487
E1006699,T1002376,FAILED,2026-09-19 14:31:27,2026-09-19 14:31:35,599
E1010314,T1003655,CREATED,2026-09-29 22:55:35,2026-09-29 22:55:39,2176
E1009662,T1003426,CREATED,2026-09-27 20:42:31,2026-09-27 20:42:36,1940
E1007260,T1002577,CREATED,2026-09-21 21:46:44,2026-09-21 22:16:44,1547
E1007908,T1002807,SETTLED,2026-09-23 09:14:00,2026-09-23 09:14:10,392
E1007980,T1002832,AUTHORIZED,2026-09-23 17:20:42,2026-09-23 17:20:45,1613
E1000359,T1000127,CREATED,2026-09-01 08:19:22,2026-09-01 08:19:29,1399
E1004841,T1001704,CREATED,2026-09-14 23:04:56,2026-09-14 23:05:06,2046
E1010452,T1003704,FAILED,2026-09-29 21:11:29,2026-09-29 21:11:39,1841
E1001500,T1000527,FAILED,2026-09-05 22:29:01,2026-09-05 22:29:10,1467
E1004856,T1001709,CREATED,2026-09-14 19:58:38,2026-09-14 19:58:47,2479
E1002784,T1000978,AUTHORIZED,2026-09-08 10:17:12,2026-09-08 10:17:14,1453
E1003347,T1001174,CREATED,2026-09-10 09:31:24,2026-09-10 09:31:30,709
E1002064,T1000724,CREATED,2026-09-06 10:46:54,2026-09-06 10:46:56,430
E1004801,T1001690,CREATED,2026-09-14 13:21:50,2026-09-14 13:21:55,440
E1002321,T1000814,SETTLED,2026-09-07 20:30:54,2026-09-07 20:31:03,2449
E1006136,T1002169,AUTHORIZED,2026-09-18 15:41:53,2026-09-18 15:42:01,2176
E1007629,T1002709,SETTLED,2026-09-22 09:43:16,2026-09-22 09:43:18,572
E1004340,T1001525,SETTLED,2026-09-13 17:37:10,2026-09-13 17:37:15,1396
E1001016,T1000358,AUTHORIZED,2026-09-04 21:36:30,2026-09-04 21:36:31,1079
E1008259,T1002930,CREATED,2026-09-24 18:28:43,2026-09-24 18:28:46,2436
E1009036,T1003206,CREATED,2026-09-26 14:06:34,2026-09-26 14:06:38,269
E1010702,T1003793,CREATED,2026-09-30 19:30:22,2026-09-30 19:30:30,2262
E1010691,T1003789,AUTHORIZED,2026-09-30 11:45:20,2026-09-30 11:45:21,1178
E1007076,T1002512,CREATED,2026-09-20 13:14:39,2026-09-20 13:14:43,1118
E1007346,T1002607,AUTHORIZED,2026-09-21 08:05:42,2026-09-21 08:05:51,394
E1008194,T1002906,SETTLED,2026-09-24 13:28:48,2026-09-24 13:28:52,1726
E1009571,T1003393,AUTHORIZED,2026-09-27 08:56:27,2026-09-27 08:56:32,218
E1002182,T1000765,CREATED,2026-09-06 20:20:19,2026-09-06 20:20:29,967
E1004896,T1001723,AUTHORIZED,2026-09-14 19:33:05,2026-09-14 19:33:11,1615
E1008470,T1003006,CREATED,2026-09-24 10:22:02,2026-09-24 10:22:07,1734
E1005548,T1001960,SETTLED,2026-09-16 22:00:05,2026-09-16 22:00:10,1025
E1007010,T1002487,AUTHORIZED,2026-09-20 17:14:07,2026-09-20 17:14:16,1535
E1001832,T1000642,SETTLED,2026-09-06 17:57:33,2026-09-06 17:57:34,1939
E1009881,T1003505,AUTHORIZED,2026-09-28 12:11:08,2026-09-28 12:11:14,1939
E1000096,T1000034,AUTHORIZED,2026-09-01 08:18:54,2026-09-01 08:18:55,1906
E1004083,T1001436,CREATED,2026-09-12 20:32:20,2026-09-12 20:32:30,2267
E1009185,T1003258,SETTLED,2026-09-26 21:29:56,2026-09-26 21:29:59,338
E1005444,T1001923,SETTLED,2026-09-16 14:24:49,2026-09-16 14:24:51,1184
E1000656,T1000231,CREATED,2026-09-02 06:42:24,2026-09-02 06:42:27,451
E1007915,T1002810,AUTHORIZED,2026-09-23 11:22:14,2026-09-23 11:22:20,825
E1008832,T1003132,SETTLED,2026-09-25 16:17:04,2026-09-25 16:17:10,2282
E1009009,T1003196,SETTLED,2026-09-26 12:04:27,2026-09-26 12:04:31,806
E1000721,T1000253,SETTLED,2026-09-03 11:14:51,2026-09-03 11:14:56,523
E1003116,T1001094,CREATED,2026-09-09 20:53:18,2026-09-09 20:53:24,2180
E1006212,T1002196,SETTLED,2026-09-18 11:08:05,2026-09-18 11:08:07,1408
E1006916,T1002454,SETTLED,2026-09-20 13:36:16,2026-09-20 13:36:23,1760
E1001592,T1000560,CREATED,2026-09-05 14:17:19,2026-09-05 14:17:28,2114
E1010690,T1003789,CREATED,2026-09-30 11:45:15,2026-09-30 11:45:23,809
E1000374,T1000132,CREATED,2026-09-02 19:27:49,2026-09-02 19:27:55,2029
E1004038,T1001420,CREATED,2026-09-12 16:43:05,2026-09-12 16:43:11,325
E1001717,T1000602,SETTLED,2026-09-05 13:14:55,2026-09-05 13:15:05,110
E1009327,T1003308,CREATED,2026-09-27 15:33:05,2026-09-27 15:33:08,141
E1007710,T1002739,AUTHORIZED,2026-09-22 12:50:23,2026-09-22 12:50:30,1439
E1000049,T1000018,AUTHORIZED,2026-09-01 09:47:54,2026-09-01 09:47:55,2451
E1000407,T1000143,SETTLED,2026-09-02 13:17:50,2026-09-02 13:17:58,754
E1008459,T1003002,AUTHORIZED,2026-09-24 19:27:33,2026-09-24 19:27:42,48
E1008450,T1002999,CREATED,2026-09-24 20:10:22,2026-09-24 20:10:23,1239
E1009122,T1003236,SETTLED,2026-09-26 20:09:30,2026-09-26 20:09:34,2108
E1001126,T1000398,SETTLED,2026-09-04 22:25:58,2026-09-04 22:26:05,1847
E1000035,T1000013,AUTHORIZED,2026-09-01 06:43:02,2026-09-01 06:43:05,1461
E1007327,T1002601,CREATED,2026-09-21 14:07:56,2026-09-21 14:20:56,1545
E1008378,T1002973,AUTHORIZED,2026-09-24 18:22:02,2026-09-24 18:22:12,2497
E1009644,T1003419,SETTLED,2026-09-27 08:32:23,2026-09-27 08:32:31,1882
E1005678,T1002006,AUTHORIZED,2026-09-17 20:23:14,2026-09-17 20:23:23,208
E1008440,T1002995,AUTHORIZED,2026-09-24 09:27:24,2026-09-24 09:27:26,1220
E1009847,T1003493,SETTLED,2026-09-28 15:44:06,2026-09-28 15:44:13,2273
E1004141,T1001456,CREATED,2026-09-12 22:49:31,2026-09-12 22:49:39,52
E1006846,T1002429,SETTLED,2026-09-20 10:12:07,2026-09-20 10:12:13,1234
E1001179,T1000416,AUTHORIZED,2026-09-04 15:48:31,2026-09-04 15:48:40,1410
E1006720,T1002384,AUTHORIZED,2026-09-19 23:18:55,2026-09-19 23:19:04,757
E1006360,T1002249,FAILED,2026-09-19 16:04:57,2026-09-19 16:04:59,1061
E1008914,T1003161,SETTLED,2026-09-26 12:04:43,2026-09-26 12:04:50,1793
E1005121,T1001805,CREATED,2026-09-15 17:49:19,2026-09-15 17:49:26,901
E1005620,T1001985,AUTHORIZED,2026-09-17 15:20:22,2026-09-17 15:20:28,684
E1005238,T1001847,AUTHORIZED,2026-09-15 17:30:52,2026-09-15 17:30:54,1986
E1004188,T1001472,CREATED,2026-09-12 10:15:58,2026-09-12 10:16:01,610
E1009835,T1003489,CREATED,2026-09-28 19:02:32,2026-09-28 19:02:38,672
E1006122,T1002164,CREATED,2026-09-18 11:16:34,2026-09-18 11:16:37,1019
E1003063,T1001075,AUTHORIZED,2026-09-09 18:31:22,2026-09-09 18:31:30,1708
E1009421,T1003341,CREATED,2026-09-27 15:35:18,2026-09-27 15:35:28,521
E1006315,T1002233,CREATED,2026-09-19 09:10:17,2026-09-19 09:10:26,1485
E1003752,T1001319,CREATED,2026-09-11 22:37:25,2026-09-11 22:37:30,1715
E1002632,T1000924,AUTHORIZED,2026-09-08 13:54:53,2026-09-08 13:54:58,857
E1007158,T1002540,CREATED,2026-09-21 12:43:39,2026-09-21 12:43:40,1652
E1008066,T1002862,SETTLED,2026-09-23 10:40:28,2026-09-23 10:40:34,486
E1008096,T1002873,SETTLED,2026-09-23 13:29:56,2026-09-23 13:30:05,1013
E1000462,T1000162,AUTHORIZED,2026-09-02 12:12:30,2026-09-02 12:12:31,460
E1002797,T1000983,CREATED,2026-09-08 10:23:51,2026-09-08 10:23:55,276
E1007243,T1002570,AUTHORIZED,2026-09-21 18:08:38,2026-09-21 19:17:38,2088
E1005944,T1002099,SETTLED,2026-09-17 12:20:06,2026-09-17 12:20:11,344
E1000132,T1000047,AUTHORIZED,2026-09-01 11:14:19,2026-09-01 12:26:19,805
E1007219,T1002561,AUTHORIZED,2026-09-21 12:50:07,2026-09-21 12:50:10,1746
E1000380,T1000134,CREATED,2026-09-02 14:03:57,2026-09-02 14:04:01,169
E1002170,T1000760,AUTHORIZED,2026-09-06 19:10:14,2026-09-06 19:10:17,986
E1006930,T1002459,AUTHORIZED,2026-09-20 13:32:14,2026-09-20 13:32:23,1783
E1010261,T1003637,CREATED,2026-09-29 10:10:30,2026-09-29 10:10:40,2436
E1010585,T1003751,AUTHORIZED,2026-09-30 12:49:55,2026-09-30 12:50:02,2148
E1005494,T1001942,CREATED,2026-09-16 16:26:22,2026-09-16 16:26:25,58
E1004271,T1001501,CREATED,2026-09-13 23:39:12,2026-09-13 23:39:22,599
E1001161,T1000410,AUTHORIZED,2026-09-04 20:57:40,2026-09-04 20:57:50,558
E1008884,T1003151,CREATED,2026-09-26 22:18:05,2026-09-26 22:18:12,2359
E1004554,T1001601,AUTHORIZED,2026-09-13 16:49:18,2026-09-13 16:49:23,342
E1002315,T1000812,AUTHORIZED,2026-09-07 12:20:32,2026-09-07 12:20:40,1483
E1006440,T1002280,CREATED,2026-09-19 12:51:47,2026-09-19 12:51:50,1038
E1004880,T1001717,AUTHORIZED,2026-09-14 20:30:09,2026-09-14 20:30:13,508
E1003606,T1001266,CREATED,2026-09-11 12:18:19,2026-09-11 12:18:21,124
E1010363,T1003673,CREATED,2026-09-29 14:05:48,2026-09-29 14:05:58,2072
E1001149,T1000406,AUTHORIZED,2026-09-04 11:41:39,2026-09-04 11:41:41,2270
E1001148,T1000406,CREATED,2026-09-04 11:41:30,2026-09-04 11:41:33,2070
E1006378,T1002256,CREATED,2026-09-19 20:08:52,2026-09-19 20:08:57,1500
E1006977,T1002476,CREATED,2026-09-20 16:01:57,2026-09-20 16:02:02,2290
E1006983,T1002478,CREATED,2026-09-20 11:06:24,2026-09-20 11:06:34,1769
E1005058,T1001782,AUTHORIZED,2026-09-15 09:36:15,2026-09-15 10:59:15,994
E1005163,T1001820,CREATED,2026-09-15 11:11:29,2026-09-15 11:11:35,2241
E1007429,T1002637,SETTLED,2026-09-21 09:30:03,2026-09-21 09:30:08,1613
E1007916,T1002810,SETTLED,2026-09-23 13:57:09,2026-09-23 13:57:15,50
E1002524,T1000886,SETTLED,2026-09-08 12:24:38,2026-09-08 12:24:43,215
E1001503,T1000528,SETTLED,2026-09-05 12:09:40,2026-09-05 12:09:44,107
E1003464,T1001215,AUTHORIZED,2026-09-10 14:38:45,2026-09-10 14:38:52,862
E1000316,T1000111,SETTLED,2026-09-01 15:54:03,2026-09-01 15:54:11,2200
E1010019,T1003553,CREATED,2026-09-28 13:40:03,2026-09-28 14:06:03,1397
E1010352,T1003669,AUTHORIZED,2026-09-29 15:18:48,2026-09-29 15:18:56,720
E1004796,T1001688,AUTHORIZED,2026-09-14 19:11:51,2026-09-14 19:11:58,611
E1006569,T1002327,CREATED,2026-09-19 20:43:20,2026-09-19 20:43:30,976
E1000780,T1000274,AUTHORIZED,2026-09-03 15:49:52,2026-09-03 15:49:56,1974
E1009183,T1003258,CREATED,2026-09-26 21:11:56,2026-09-26 21:12:03,2024
E1003821,T1001343,CREATED,2026-09-12 11:38:31,2026-09-12 11:38:38,488
E1005592,T1001975,SETTLED,2026-09-16 20:57:10,2026-09-16 20:57:13,718
E1003099,T1001087,SETTLED,2026-09-09 13:12:42,2026-09-09 14:20:42,1014
E1001305,T1000459,SETTLED,2026-09-04 19:47:21,2026-09-04 19:47:22,1726
E1000696,T1000244,SETTLED,2026-09-03 13:57:38,2026-09-03 13:57:45,1619
E1008706,T1003088,AUTHORIZED,2026-09-25 17:50:13,2026-09-25 17:50:15,740
E1006508,T1002304,SETTLED,2026-09-19 09:55:29,2026-09-19 09:55:34,2435
E1006081,T1002148,AUTHORIZED,2026-09-18 15:50:36,2026-09-18 15:50:45,1147
E1009297,T1003297,SETTLED,2026-09-26 18:39:38,2026-09-26 18:39:44,2014
E1001507,T1000530,CREATED,2026-09-05 09:05:41,2026-09-05 09:05:44,2204
E1008535,T1003029,AUTHORIZED,2026-09-25 13:54:49,2026-09-25 13:54:54,1141
E1008248,T1002925,SETTLED,2026-09-24 19:07:29,2026-09-24 19:07:37,230
E1008657,T1003071,AUTHORIZED,2026-09-25 10:10:54,2026-09-25 10:11:00,1234
E1004410,T1001551,CREATED,2026-09-13 21:23:37,2026-09-13 21:23:38,2005
E1001083,T1000383,AUTHORIZED,2026-09-04 08:03:26,2026-09-04 08:03:36,2215
E1008427,T1002991,CREATED,2026-09-24 09:05:12,2026-09-24 09:05:20,2432
E1008573,T1003042,AUTHORIZED,2026-09-25 21:02:09,2026-09-25 21:02:17,2332
E1004296,T1001509,FAILED,2026-09-13 20:38:26,2026-09-13 20:38:28,1251
E1001806,T1000633,AUTHORIZED,2026-09-06 09:48:38,2026-09-06 09:48:45,1345
E1007541,T1002678,CREATED,2026-09-22 12:35:53,2026-09-22 12:36:01,1682
E1002505,T1000879,AUTHORIZED,2026-09-07 19:38:47,2026-09-07 19:38:54,1721
E1003923,T1001377,SETTLED,2026-09-12 11:14:13,2026-09-12 11:14:19,1967
E1003872,T1001360,CREATED,2026-09-12 11:43:30,2026-09-12 11:43:34,298
E1004992,T1001756,SETTLED,2026-09-14 12:10:45,2026-09-14 12:10:47,1201
E1006574,T1002328,SETTLED,2026-09-19 08:47:37,2026-09-19 08:47:43,2455
E1004734,T1001665,SETTLED,2026-09-14 15:37:57,2026-09-14 15:38:00,1897
E1009527,T1003378,AUTHORIZED,2026-09-27 19:54:50,2026-09-27 19:54:58,1673
E1003617,T1001269,SETTLED,2026-09-11 10:17:55,2026-09-11 10:17:57,903
E1004937,T1001737,AUTHORIZED,2026-09-14 18:40:30,2026-09-14 18:40:38,2280
E1003543,T1001244,CREATED,2026-09-11 15:59:46,2026-09-11 15:59:49,184
E1010397,T1003685,CREATED,2026-09-29 23:28:14,2026-09-29 23:28:23,509
E1000115,T1000041,AUTHORIZED,2026-09-01 20:09:37,2026-09-01 20:09:44,2214
E1001564,T1000550,CREATED,2026-09-05 11:59:15,2026-09-05 11:59:21,1965
E1007177,T1002547,CREATED,2026-09-21 18:57:07,2026-09-21 18:57:14,1605
E1008972,T1003183,AUTHORIZED,2026-09-26 12:23:55,2026-09-26 12:23:58,642
E1010196,T1003614,SETTLED,2026-09-29 13:00:55,2026-09-29 13:00:58,1673
E1001919,T1000672,SETTLED,2026-09-06 21:32:43,2026-09-06 22:40:43,61
E1007426,T1002636,SETTLED,2026-09-21 15:26:16,2026-09-21 15:26:21,2262
E1007079,T1002513,CREATED,2026-09-20 15:12:44,2026-09-20 15:12:51,502
E1003357,T1001177,SETTLED,2026-09-10 10:56:47,2026-09-10 10:56:48,1000
E1004758,T1001674,AUTHORIZED,2026-09-14 18:29:44,2026-09-14 18:29:53,1559
E1004608,T1001620,CREATED,2026-09-13 19:08:06,2026-09-13 19:08:15,1070
E1004623,T1001625,AUTHORIZED,2026-09-13 07:42:40,2026-09-13 07:42:46,992
E1009757,T1003460,AUTHORIZED,2026-09-28 13:45:02,2026-09-28 13:45:03,819
E1010661,T1003778,SETTLED,2026-09-30 19:35:06,2026-09-30 19:35:16,455
E1003123,T1001096,AUTHORIZED,2026-09-09 13:52:19,2026-09-09 13:52:24,1529
E1003070,T1001077,SETTLED,2026-09-09 13:32:04,2026-09-09 13:32:14,1861
E1004458,T1001568,AUTHORIZED,2026-09-13 18:23:19,2026-09-13 18:23:21,1631
E1003855,T1001354,AUTHORIZED,2026-09-12 14:20:40,2026-09-12 14:20:46,1450
E1001833,T1000643,CREATED,2026-09-06 19:55:15,2026-09-06 19:55:20,2494
E1005736,T1002027,SETTLED,2026-09-17 11:21:18,2026-09-17 11:21:26,1590
E1005115,T1001802,SETTLED,2026-09-15 22:45:31,2026-09-15 22:45:33,1715
E1006528,T1002312,CREATED,2026-09-19 11:36:16,2026-09-19 11:36:17,1857
E1005023,T1001768,AUTHORIZED,2026-09-15 09:19:39,2026-09-15 09:19:46,2012
E1010570,T1003746,CREATED,2026-09-30 17:11:42,2026-09-30 17:11:51,1136
E1007824,T1002778,SETTLED,2026-09-23 17:44:20,2026-09-23 17:44:30,1261
E1010238,T1003629,AUTHORIZED,2026-09-29 18:49:59,2026-09-29 18:50:05,291
E1009081,T1003222,CREATED,2026-09-26 18:08:28,2026-09-26 18:08:30,1107
E1003087,T1001083,AUTHORIZED,2026-09-09 12:51:12,2026-09-09 12:51:13,1514
E1000028,T1000010,SETTLED,2026-09-01 21:43:29,2026-09-01 21:43:37,1282
E1009377,T1003325,CREATED,2026-09-27 16:53:07,2026-09-27 16:53:17,1197
E1000355,T1000125,SETTLED,2026-09-01 08:13:15,2026-09-01 08:13:21,961
E1005680,T1002007,CREATED,2026-09-17 10:51:37,2026-09-17 10:51:44,227
E1002588,T1000909,AUTHORIZED,2026-09-08 16:04:46,2026-09-08 16:04:49,1802
E1002054,T1000720,CREATED,2026-09-06 12:20:39,2026-09-06 12:20:40,850
E1008981,T1003187,CREATED,2026-09-26 14:21:36,2026-09-26 14:21:38,2053
E1008928,T1003167,AUTHORIZED,2026-09-26 11:41:28,2026-09-26 11:41:38,1390
E1008767,T1003109,AUTHORIZED,2026-09-25 10:33:35,2026-09-25 10:33:38,2172
E1000386,T1000136,CREATED,2026-09-02 19:55:38,2026-09-02 21:06:38,1112
E1005641,T1001992,AUTHORIZED,2026-09-17 08:45:03,2026-09-17 08:45:06,1339
E1001539,T1000541,CREATED,2026-09-05 15:16:03,2026-09-05 15:16:05,1249
E1009691,T1003436,SETTLED,2026-09-27 08:38:11,2026-09-27 08:38:13,1027
E1009777,T1003467,SETTLED,2026-09-28 16:27:13,2026-09-28 16:27:15,2064
E1004620,T1001624,AUTHORIZED,2026-09-13 13:34:09,2026-09-13 13:34:18,1010
E1001110,T1000393,AUTHORIZED,2026-09-04 10:52:21,2026-09-04 10:52:30,1888
E1004947,T1001741,AUTHORIZED,2026-09-14 21:41:41,2026-09-14 21:41:45,384
E1009451,T1003352,CREATED,2026-09-27 16:43:53,2026-09-27 16:44:00,754
E1007838,T1002783,FAILED,2026-09-23 16:22:16,2026-09-23 16:22:23,2182
E1005005,T1001761,AUTHORIZED,2026-09-15 12:50:45,2026-09-15 12:50:52,786
E1007600,T1002699,AUTHORIZED,2026-09-22 16:42:46,2026-09-22 16:42:47,163
E1009374,T1003324,CREATED,2026-09-27 19:09:15,2026-09-27 19:09:22,1696
E1002294,T1000805,CREATED,2026-09-07 14:08:56,2026-09-07 14:09:03,956
E1001546,T1000543,SETTLED,2026-09-05 18:09:04,2026-09-05 18:09:09,529
E1009083,T1003222,SETTLED,2026-09-26 18:24:28,2026-09-26 18:24:29,634
E1000412,T1000145,AUTHORIZED,2026-09-02 18:48:32,2026-09-02 18:48:34,667
E1010486,T1003716,AUTHORIZED,2026-09-30 11:39:29,2026-09-30 11:39:34,1876
E1009325,T1003307,AUTHORIZED,2026-09-27 13:31:34,2026-09-27 13:31:40,1231
E1004167,T1001465,CREATED,2026-09-12 14:57:03,2026-09-12 14:57:05,984
E1003516,T1001234,AUTHORIZED,2026-09-11 11:04:17,2026-09-11 11:04:21,1017
E1000050,T1000018,SETTLED,2026-09-01 10:04:49,2026-09-01 10:04:57,1723
E1007885,T1002799,SETTLED,2026-09-23 10:15:57,2026-09-23 10:16:02,1984
E1000002,T1000001,AUTHORIZED,2026-09-01 19:59:14,2026-09-01 19:59:21,2383
E1008924,T1003165,SETTLED,2026-09-26 08:13:05,2026-09-26 08:13:09,1120
E1007627,T1002709,CREATED,2026-09-22 08:58:16,2026-09-22 08:58:21,1688
E1006318,T1002234,CREATED,2026-09-19 11:08:18,2026-09-19 11:08:22,1067
E1004653,T1001636,AUTHORIZED,2026-09-14 10:52:20,2026-09-14 10:52:25,2276
E1008263,T1002931,AUTHORIZED,2026-09-24 20:45:22,2026-09-24 21:10:22,2356
E1002547,T1000895,AUTHORIZED,2026-09-08 12:03:34,2026-09-08 12:03:42,106
E1001251,T1000440,SETTLED,2026-09-04 19:28:37,2026-09-04 19:28:41,587
E1005648,T1001994,SETTLED,2026-09-17 14:45:19,2026-09-17 14:45:27,2417
E1006076,T1002146,SETTLED,2026-09-18 20:12:03,2026-09-18 20:12:11,961
E1009006,T1003195,SETTLED,2026-09-26 15:00:15,2026-09-26 15:00:18,1344
E1002212,T1000775,AUTHORIZED,2026-09-07 12:16:41,2026-09-07 12:16:50,2051
E1004622,T1001625,CREATED,2026-09-13 07:42:18,2026-09-13 07:42:27,1635
E1007874,T1002796,CREATED,2026-09-23 22:54:13,2026-09-23 22:54:20,1734
E1000834,T1000294,AUTHORIZED,2026-09-03 09:27:15,2026-09-03 09:27:21,1494
E1005274,T1001861,AUTHORIZED,2026-09-15 15:15:49,2026-09-15 15:15:51,1643
E1004071,T1001432,CREATED,2026-09-12 14:48:04,2026-09-12 14:48:12,1216
E1004597,T1001616,AUTHORIZED,2026-09-13 09:06:03,2026-09-13 09:06:10,277
E1001787,T1000626,SETTLED,2026-09-06 18:22:52,2026-09-06 18:23:01,548
E1005553,T1001962,AUTHORIZED,2026-09-16 10:13:24,2026-09-16 10:13:34,320
E1007917,T1002811,CREATED,2026-09-23 16:36:46,2026-09-23 16:36:48,87
E1004204,T1001478,CREATED,2026-09-12 12:36:49,2026-09-12 12:36:55,2486
E1009935,T1003524,AUTHORIZED,2026-09-28 17:53:43,2026-09-28 17:53:51,1146
E1008870,T1003146,CREATED,2026-09-26 19:40:36,2026-09-26 19:40:44,637
E1010385,T1003681,CREATED,2026-09-29 10:59:58,2026-09-29 11:00:06,422
E1002245,T1000786,AUTHORIZED,2026-09-07 11:24:28,2026-09-07 11:24:29,1015
E1007540,T1002677,SETTLED,2026-09-22 22:03:01,2026-09-22 22:03:04,2384
E1006973,T1002474,SETTLED,2026-09-20 15:15:33,2026-09-20 15:15:43,1084
E1004330,T1001522,CREATED,2026-09-13 22:14:36,2026-09-13 22:14:41,1452
E1003060,T1001074,CREATED,2026-09-09 11:37:42,2026-09-09 11:37:52,778
E1007498,T1002662,AUTHORIZED,2026-09-22 12:12:42,2026-09-22 12:12:45,1712
E1000304,T1000107,SETTLED,2026-09-01 11:08:16,2026-09-01 11:08:26,1493
E1007471,T1002652,SETTLED,2026-09-21 14:21:12,2026-09-21 14:21:21,1189
E1002230,T1000781,AUTHORIZED,2026-09-07 17:46:49,2026-09-07 17:46:53,1770
E1003909,T1001372,AUTHORIZED,2026-09-12 15:50:35,2026-09-12 15:50:38,1056
E1010121,T1003589,CREATED,2026-09-29 10:35:09,2026-09-29 10:35:15,1816
E1008377,T1002973,CREATED,2026-09-24 18:21:39,2026-09-24 18:21:42,2211
E1008184,T1002903,AUTHORIZED,2026-09-24 12:04:35,2026-09-24 12:04:37,2083
E1010390,T1003682,SETTLED,2026-09-29 22:06:54,2026-09-29 22:06:56,1365
E1008533,T1003028,AUTHORIZED,2026-09-25 20:12:16,2026-09-25 20:12:18,1397
E1005795,T1002047,SETTLED,2026-09-17 13:05:43,2026-09-17 13:05:44,187
E1003319,T1001164,SETTLED,2026-09-10 21:33:43,2026-09-10 21:33:44,917
E1002978,T1001046,AUTHORIZED,2026-09-09 17:21:11,2026-09-09 17:21:19,1312
E1007699,T1002735,AUTHORIZED,2026-09-22 18:44:30,2026-09-22 18:44:37,1038
E1009880,T1003505,CREATED,2026-09-28 12:10:49,2026-09-28 12:10:55,1533
E1001551,T1000545,AUTHORIZED,2026-09-05 18:23:33,2026-09-05 18:23:41,1252
E1008802,T1003122,SETTLED,2026-09-25 17:53:54,2026-09-25 17:54:01,388
E1003192,T1001120,CREATED,2026-09-10 13:33:39,2026-09-10 13:33:49,535
E1002157,T1000756,CREATED,2026-09-06 21:15:01,2026-09-06 21:15:08,1445
E1008903,T1003158,CREATED,2026-09-26 12:56:55,2026-09-26 12:57:00,1199
E1003419,T1001199,CREATED,2026-09-10 20:32:13,2026-09-10 20:32:15,1151
E1009392,T1003330,CREATED,2026-09-27 21:38:49,2026-09-27 21:38:59,1679
E1005113,T1001802,CREATED,2026-09-15 21:01:31,2026-09-15 21:01:36,2027
E1003917,T1001375,SETTLED,2026-09-12 14:18:00,2026-09-12 14:18:01,2411
E1008853,T1003140,CREATED,2026-09-26 18:46:56,2026-09-26 18:46:59,609
E1002252,T1000789,AUTHORIZED,2026-09-07 18:31:29,2026-09-07 18:31:37,1562
E1005446,T1001924,AUTHORIZED,2026-09-16 08:09:36,2026-09-16 08:09:45,2003
E1007048,T1002500,SETTLED,2026-09-20 19:22:43,2026-09-20 19:22:44,1062
E1004936,T1001737,CREATED,2026-09-14 18:40:25,2026-09-14 18:40:27,1468
E1009304,T1003300,CREATED,2026-09-26 14:38:42,2026-09-26 14:38:52,1908
E1008814,T1003126,SETTLED,2026-09-25 14:20:57,2026-09-25 14:21:03,599
E1009670,T1003429,AUTHORIZED,2026-09-27 20:54:28,2026-09-27 20:54:34,2126
E1000879,T1000309,SETTLED,2026-09-03 21:01:45,2026-09-03 21:01:49,881
E1001871,T1000655,SETTLED,2026-09-06 13:14:52,2026-09-06 13:14:58,407
E1006462,T1002287,SETTLED,2026-09-19 12:45:00,2026-09-19 12:45:03,635
E1003747,T1001317,AUTHORIZED,2026-09-11 12:35:38,2026-09-11 12:35:39,304
E1009121,T1003236,AUTHORIZED,2026-09-26 19:29:45,2026-09-26 19:29:50,1513
E1007647,T1002716,AUTHORIZED,2026-09-22 15:02:38,2026-09-22 15:19:38,868
E1001068,T1000377,SETTLED,2026-09-04 16:32:58,2026-09-04 16:33:03,1393
E1000297,T1000105,AUTHORIZED,2026-09-01 15:49:28,2026-09-01 15:49:34,1679
E1002441,T1000857,CREATED,2026-09-07 13:10:03,2026-09-07 13:10:07,1099
E1003812,T1001340,CREATED,2026-09-12 12:37:52,2026-09-12 12:37:54,1360
E1000826,T1000291,AUTHORIZED,2026-09-03 20:32:56,2026-09-03 20:33:06,1845
E1000346,T1000122,SETTLED,2026-09-01 13:25:01,2026-09-01 13:25:06,2345
E1004419,T1001554,CREATED,2026-09-13 17:36:32,2026-09-13 17:36:41,149
E1008752,T1003103,SETTLED,2026-09-25 20:37:28,2026-09-25 20:37:30,1751
E1003441,T1001206,SETTLED,2026-09-10 14:42:30,2026-09-10 14:42:31,194
E1008181,T1002902,AUTHORIZED,2026-09-24 19:28:03,2026-09-24 19:28:09,2116
E1006746,T1002393,SETTLED,2026-09-20 17:35:52,2026-09-20 17:35:57,1801
E1003737,T1001313,SETTLED,2026-09-11 07:52:28,2026-09-11 07:52:36,714
E1005859,T1002070,CREATED,2026-09-17 19:53:25,2026-09-17 19:53:27,736
E1008517,T1003022,SETTLED,2026-09-25 21:20:47,2026-09-25 21:20:51,2326
E1009596,T1003402,CREATED,2026-09-27 13:49:44,2026-09-27 13:49:49,1850
E1003285,T1001153,CREATED,2026-09-10 19:18:11,2026-09-10 19:18:20,2199
E1003069,T1001077,AUTHORIZED,2026-09-09 13:29:09,2026-09-09 13:29:12,635
E1000487,T1000171,CREATED,2026-09-02 12:15:20,2026-09-02 12:15:29,785
E1009514,T1003373,SETTLED,2026-09-27 09:10:50,2026-09-27 09:10:53,2260
E1008726,T1003095,CREATED,2026-09-25 09:46:03,2026-09-25 09:46:09,1959
E1004524,T1001591,CREATED,2026-09-13 16:50:34,2026-09-13 16:50:44,2469
E1001152,T1000407,AUTHORIZED,2026-09-04 18:41:22,2026-09-04 18:41:30,742
E1001042,T1000367,SETTLED,2026-09-04 17:46:29,2026-09-04 17:46:32,72
E1010395,T1003684,AUTHORIZED,2026-09-29 14:21:38,2026-09-29 14:21:44,2280
E1003365,T1001180,SETTLED,2026-09-10 13:56:09,2026-09-10 13:56:13,1530
E1009362,T1003320,CREATED,2026-09-27 09:26:01,2026-09-27 09:26:09,598
E1005938,T1002097,SETTLED,2026-09-17 09:25:02,2026-09-17 09:25:11,1679
E1009913,T1003517,CREATED,2026-09-28 19:15:42,2026-09-28 19:15:52,2392
E1010043,T1003561,AUTHORIZED,2026-09-28 20:18:53,2026-09-28 20:18:57,857
E1005056,T1001781,AUTHORIZED,2026-09-15 13:27:15,2026-09-15 13:27:16,316
E1009548,T1003385,SETTLED,2026-09-27 22:04:49,2026-09-27 22:04:57,1196
E1005930,T1002095,CREATED,2026-09-17 20:06:38,2026-09-17 20:06:40,1298
E1001473,T1000518,CREATED,2026-09-05 19:24:09,2026-09-05 19:24:14,1865
E1010520,T1003727,SETTLED,2026-09-30 10:05:16,2026-09-30 10:05:18,2418
E1004348,T1001528,SETTLED,2026-09-13 14:44:49,2026-09-13 14:44:55,870
E1008943,T1003173,CREATED,2026-09-26 20:39:33,2026-09-26 20:39:34,799
E1009118,T1003235,AUTHORIZED,2026-09-26 20:20:05,2026-09-26 21:00:05,150
E1002269,T1000796,CREATED,2026-09-07 20:33:57,2026-09-07 20:33:59,1890
E1005297,T1001870,AUTHORIZED,2026-09-16 13:07:43,2026-09-16 13:07:50,237
E1007190,T1002551,AUTHORIZED,2026-09-21 08:44:17,2026-09-21 08:44:27,882
E1002152,T1000754,AUTHORIZED,2026-09-06 10:36:26,2026-09-06 10:36:33,226
E1003122,T1001096,CREATED,2026-09-09 13:52:13,2026-09-09 13:52:15,1708
E1009866,T1003500,CREATED,2026-09-28 09:32:06,2026-09-28 09:32:07,2196
E1006734,T1002389,AUTHORIZED,2026-09-19 16:56:13,2026-09-19 16:56:20,2385
E1008271,T1002934,CREATED,2026-09-24 20:04:12,2026-09-24 20:43:12,1383
E1010382,T1003680,CREATED,2026-09-29 21:18:49,2026-09-29 21:18:59,2053
E1010272,T1003640,SETTLED,2026-09-29 14:19:22,2026-09-29 14:19:28,1081
E1007736,T1002748,AUTHORIZED,2026-09-22 06:27:36,2026-09-22 06:40:36,630
E1008634,T1003063,AUTHORIZED,2026-09-25 21:41:35,2026-09-25 21:41:43,2302
E1009515,T1003374,CREATED,2026-09-27 18:41:36,2026-09-27 18:41:41,443
E1000715,T1000251,AUTHORIZED,2026-09-03 22:17:14,2026-09-03 22:17:23,506
E1007162,T1002541,AUTHORIZED,2026-09-21 14:57:39,2026-09-21 14:57:43,562
E1006331,T1002238,SETTLED,2026-09-19 09:11:10,2026-09-19 09:11:13,746
E1002156,T1000755,SETTLED,2026-09-06 12:25:55,2026-09-06 12:26:00,1343
E1007008,T1002486,SETTLED,2026-09-20 13:16:45,2026-09-20 13:16:53,1866
E1007519,T1002670,SETTLED,2026-09-22 12:52:49,2026-09-22 12:52:57,1576
E1003286,T1001153,AUTHORIZED,2026-09-10 19:18:41,2026-09-10 19:18:44,2193
E1002811,T1000987,SETTLED,2026-09-08 09:45:54,2026-09-08 09:45:56,257
E1007211,T1002558,AUTHORIZED,2026-09-21 12:39:40,2026-09-21 12:39:45,184
E1007244,T1002570,SETTLED,2026-09-21 19:34:29,2026-09-21 21:02:29,1915
E1000569,T1000200,AUTHORIZED,2026-09-02 10:57:14,2026-09-02 10:57:23,310
E1004805,T1001692,CREATED,2026-09-14 21:03:58,2026-09-14 21:04:06,2061
E1004393,T1001545,CREATED,2026-09-13 19:37:40,2026-09-13 19:37:47,1832
E1007704,T1002737,CREATED,2026-09-22 17:00:55,2026-09-22 17:01:00,1787
E1008029,T1002849,SETTLED,2026-09-23 12:10:33,2026-09-23 12:10:42,1639
E1008406,T1002983,AUTHORIZED,2026-09-24 19:07:17,2026-09-24 19:07:21,904
E1008002,T1002840,AUTHORIZED,2026-09-23 17:02:37,2026-09-23 17:02:42,1297
E1010124,T1003590,CREATED,2026-09-29 12:28:51,2026-09-29 12:28:55,269
E1009091,T1003225,AUTHORIZED,2026-09-26 09:40:55,2026-09-26 09:41:05,2335
E1001605,T1000564,SETTLED,2026-09-05 14:21:58,2026-09-05 14:21:59,2369
E1004481,T1001576,CREATED,2026-09-13 21:59:43,2026-09-13 21:59:46,707
E1001912,T1000670,CREATED,2026-09-06 07:18:40,2026-09-06 07:18:49,853
E1010543,T1003736,AUTHORIZED,2026-09-30 16:07:26,2026-09-30 16:07:32,1889
E1008816,T1003127,AUTHORIZED,2026-09-25 17:55:31,2026-09-25 17:55:41,2232
E1006875,T1002439,SETTLED,2026-09-20 13:50:08,2026-09-20 13:50:16,2159
E1010607,T1003759,CREATED,2026-09-30 11:41:47,2026-09-30 11:41:57,2013
E1008421,T1002989,CREATED,2026-09-24 21:52:37,2026-09-24 22:00:37,473
E1004833,T1001701,AUTHORIZED,2026-09-14 12:38:31,2026-09-14 12:38:41,289
E1001915,T1000671,CREATED,2026-09-06 12:39:09,2026-09-06 12:39:12,1667
E1009694,T1003437,SETTLED,2026-09-27 18:43:29,2026-09-27 18:43:31,237
E1008137,T1002887,SETTLED,2026-09-24 08:18:38,2026-09-24 08:18:40,2090
E1007106,T1002522,SETTLED,2026-09-20 17:03:53,2026-09-20 17:03:59,1121
E1002904,T1001020,AUTHORIZED,2026-09-09 23:40:56,2026-09-09 23:41:01,820
E1007050,T1002501,AUTHORIZED,2026-09-20 11:13:08,2026-09-20 11:13:14,945
E1006595,T1002337,CREATED,2026-09-19 17:17:17,2026-09-19 17:17:26,2192
E1003019,T1001060,CREATED,2026-09-09 14:28:04,2026-09-09 14:28:10,454
E1006606,T1002341,AUTHORIZED,2026-09-19 11:06:25,2026-09-19 11:06:26,1187
E1000873,T1000307,SETTLED,2026-09-03 18:14:14,2026-09-03 18:14:16,1136
E1008964,T1003180,CREATED,2026-09-26 11:12:52,2026-09-26 11:13:02,2131
E1009536,T1003381,AUTHORIZED,2026-09-27 08:49:06,2026-09-27 08:49:16,2129
E1000550,T1000194,CREATED,2026-09-02 10:50:19,2026-09-02 10:50:20,1134
E1003865,T1001357,SETTLED,2026-09-12 13:15:17,2026-09-12 13:15:19,1232
E1007548,T1002680,AUTHORIZED,2026-09-22 16:27:25,2026-09-22 16:27:31,1795
E1008736,T1003098,AUTHORIZED,2026-09-25 13:04:09,2026-09-25 13:04:10,2363
E1006337,T1002241,CREATED,2026-09-19 19:23:17,2026-09-19 19:23:24,1657
E1004635,T1001630,CREATED,2026-09-13 09:24:56,2026-09-13 09:25:05,1734
E1003920,T1001376,SETTLED,2026-09-12 10:18:13,2026-09-12 10:18:22,1402
E1005504,T1001945,AUTHORIZED,2026-09-16 10:07:06,2026-09-16 10:07:11,129
E1009952,T1003530,CREATED,2026-09-28 12:31:03,2026-09-28 12:31:07,1575
E1005361,T1001893,CREATED,2026-09-16 14:43:28,2026-09-16 14:43:38,1389
E1002684,T1000943,SETTLED,2026-09-08 13:38:15,2026-09-08 13:38:19,202
E1006670,T1002365,CREATED,2026-09-19 21:30:34,2026-09-19 21:30:38,245
E1009867,T1003500,AUTHORIZED,2026-09-28 09:32:34,2026-09-28 09:32:40,2481
E1002531,T1000889,AUTHORIZED,2026-09-08 13:36:19,2026-09-08 14:33:19,939
E1007558,T1002684,CREATED,2026-09-22 18:03:03,2026-09-22 18:03:07,1575
E1007632,T1002710,SETTLED,2026-09-22 18:00:18,2026-09-22 18:00:28,226
E1005324,T1001880,CREATED,2026-09-16 12:17:02,2026-09-16 12:17:05,286
E1008739,T1003099,AUTHORIZED,2026-09-25 14:39:49,2026-09-25 14:39:55,563
E1002226,T1000780,CREATED,2026-09-07 13:42:27,2026-09-07 13:42:29,1241
E1008444,T1002996,SETTLED,2026-09-24 17:54:07,2026-09-24 17:54:17,1619
E1005839,T1002063,AUTHORIZED,2026-09-17 16:34:22,2026-09-17 16:34:24,237
E1002386,T1000837,FAILED,2026-09-07 17:17:07,2026-09-07 17:17:12,471
E1002591,T1000910,AUTHORIZED,2026-09-08 19:59:50,2026-09-08 19:59:54,2437
E1004539,T1001596,CREATED,2026-09-13 19:24:53,2026-09-13 19:24:57,404
E1006524,T1002310,AUTHORIZED,2026-09-19 16:33:08,2026-09-19 18:01:08,1559
E1003214,T1001128,AUTHORIZED,2026-09-10 11:47:52,2026-09-10 11:47:59,2119
E1008222,T1002916,CREATED,2026-09-24 11:34:12,2026-09-24 11:34:20,2028
E1010007,T1003548,SETTLED,2026-09-28 08:36:30,2026-09-28 08:36:36,2052
E1009655,T1003423,AUTHORIZED,2026-09-27 11:52:31,2026-09-27 11:52:40,2016
E1000489,T1000171,SETTLED,2026-09-02 12:28:20,2026-09-02 12:28:22,2395
E1007385,T1002621,SETTLED,2026-09-21 20:54:45,2026-09-21 20:54:47,88
E1002574,T1000904,SETTLED,2026-09-08 07:11:06,2026-09-08 07:11:12,2331
E1001821,T1000638,SETTLED,2026-09-06 16:24:34,2026-09-06 16:24:39,620
E1008516,T1003022,AUTHORIZED,2026-09-25 19:40:56,2026-09-25 19:40:58,2008
E1001953,T1000684,AUTHORIZED,2026-09-06 12:07:49,2026-09-06 12:07:55,2475
E1009592,T1003400,SETTLED,2026-09-27 15:36:08,2026-09-27 15:36:15,1245
E1010197,T1003615,CREATED,2026-09-29 17:45:14,2026-09-29 17:54:14,1268
E1000240,T1000084,AUTHORIZED,2026-09-01 13:48:23,2026-09-01 13:48:28,1436
E1001248,T1000439,SETTLED,2026-09-04 18:00:44,2026-09-04 18:00:52,1898
E1005172,T1001823,SETTLED,2026-09-15 12:46:24,2026-09-15 12:46:29,1545
E1003228,T1001133,CREATED,2026-09-10 08:20:00,2026-09-10 08:20:06,836
E1009831,T1003487,SETTLED,2026-09-28 12:40:49,2026-09-28 12:40:55,2344
E1002443,T1000858,CREATED,2026-09-07 11:25:04,2026-09-07 11:25:13,1482
E1003199,T1001123,CREATED,2026-09-10 12:57:41,2026-09-10 12:57:47,2451
E1007786,T1002765,SETTLED,2026-09-22 17:57:48,2026-09-22 17:57:52,1746
E1010001,T1003546,SETTLED,2026-09-28 17:59:21,2026-09-28 17:59:25,1406
E1006267,T1002217,CREATED,2026-09-18 19:27:52,2026-09-18 19:27:53,177
E1004132,T1001452,SETTLED,2026-09-12 08:39:33,2026-09-12 08:39:42,1746
E1001259,T1000443,AUTHORIZED,2026-09-04 10:02:51,2026-09-04 10:02:59,2109
E1001845,T1000647,CREATED,2026-09-06 14:13:42,2026-09-06 14:13:45,2393
E1001094,T1000388,CREATED,2026-09-04 14:15:28,2026-09-04 14:15:32,610
E1005195,T1001831,AUTHORIZED,2026-09-15 15:47:33,2026-09-15 15:47:35,380
E1006142,T1002171,SETTLED,2026-09-18 19:07:04,2026-09-18 19:07:09,1257
E1009416,T1003339,CREATED,2026-09-27 20:41:59,2026-09-27 20:42:06,2072
E1009323,T1003306,SETTLED,2026-09-27 22:53:10,2026-09-27 22:53:16,1427
E1008167,T1002897,SETTLED,2026-09-24 22:24:26,2026-09-24 22:24:30,2185
E1007403,T1002628,SETTLED,2026-09-21 21:13:57,2026-09-21 21:13:58,2266
E1003499,T1001228,AUTHORIZED,2026-09-11 17:12:44,2026-09-11 17:12:50,2481
E1003631,T1001274,AUTHORIZED,2026-09-11 10:41:26,2026-09-11 10:41:27,710
E1005022,T1001768,CREATED,2026-09-15 09:19:38,2026-09-15 09:19:44,2028
E1002981,T1001047,AUTHORIZED,2026-09-09 10:51:32,2026-09-09 10:51:35,487
E1008559,T1003037,AUTHORIZED,2026-09-25 09:05:42,2026-09-25 09:05:47,1958
E1006623,T1002347,CREATED,2026-09-19 08:45:20,2026-09-19 08:45:28,2280
E1010000,T1003546,AUTHORIZED,2026-09-28 17:49:49,2026-09-28 17:49:56,1926
E1007635,T1002711,SETTLED,2026-09-22 18:55:02,2026-09-22 18:55:11,2229
E1004773,T1001679,SETTLED,2026-09-14 18:50:38,2026-09-14 18:50:47,1191
E1004292,T1001508,CREATED,2026-09-13 11:10:29,2026-09-13 11:10:33,789
E1005273,T1001861,CREATED,2026-09-15 15:15:37,2026-09-15 15:15:39,1676
E1009811,T1003480,AUTHORIZED,2026-09-28 15:02:23,2026-09-28 15:02:32,1963
E1001494,T1000525,AUTHORIZED,2026-09-05 11:48:14,2026-09-05 11:48:17,872
E1000427,T1000150,SETTLED,2026-09-02 08:00:30,2026-09-02 08:00:35,469
E1008225,T1002917,AUTHORIZED,2026-09-24 10:57:39,2026-09-24 10:57:41,1915
E1003142,T1001103,CREATED,2026-09-09 19:08:55,2026-09-09 19:09:04,245
E1010257,T1003635,SETTLED,2026-09-29 21:22:13,2026-09-29 21:22:15,2432
E1003578,T1001256,CREATED,2026-09-11 17:52:41,2026-09-11 17:52:46,1901
E1006855,T1002432,SETTLED,2026-09-20 08:19:31,2026-09-20 08:19:34,680
E1004934,T1001736,AUTHORIZED,2026-09-14 21:09:27,2026-09-14 21:09:28,1822
E1003177,T1001115,CREATED,2026-09-10 16:48:06,2026-09-10 16:48:08,113
E1000293,T1000104,CREATED,2026-09-01 19:54:32,2026-09-01 19:54:38,2212
E1004035,T1001418,SETTLED,2026-09-12 15:44:04,2026-09-12 15:44:05,482
E1004672,T1001643,CREATED,2026-09-14 13:52:26,2026-09-14 13:52:29,425
E1005984,T1002113,SETTLED,2026-09-18 19:25:19,2026-09-18 19:25:20,1023
E1006979,T1002476,SETTLED,2026-09-20 17:04:57,2026-09-20 17:05:01,1615
E1010664,T1003779,SETTLED,2026-09-30 13:31:40,2026-09-30 13:31:43,290
E1009065,T1003216,AUTHORIZED,2026-09-26 15:03:54,2026-09-26 15:03:58,1402
E1005382,T1001900,AUTHORIZED,2026-09-16 16:49:10,2026-09-16 16:49:11,495
E1006131,T1002167,AUTHORIZED,2026-09-18 12:24:58,2026-09-18 12:25:05,1478
E1001694,T1000595,CREATED,2026-09-05 18:26:43,2026-09-05 18:26:50,2477
E1006336,T1002240,SETTLED,2026-09-19 16:17:05,2026-09-19 16:17:11,2461
E1009614,T1003408,SETTLED,2026-09-27 19:48:58,2026-09-27 19:48:59,1393
E1005036,T1001774,CREATED,2026-09-15 12:41:56,2026-09-15 12:41:57,1901
E1002352,T1000825,AUTHORIZED,2026-09-07 18:01:49,2026-09-07 18:01:55,2194
E1009854,T1003496,CREATED,2026-09-28 19:28:23,2026-09-28 19:28:30,2470
E1006613,T1002343,SETTLED,2026-09-19 12:37:02,2026-09-19 12:37:06,1491
E1001387,T1000487,SETTLED,2026-09-05 10:16:01,2026-09-05 10:16:10,1261
E1003079,T1001080,SETTLED,2026-09-09 20:08:11,2026-09-09 20:08:13,1599
E1010325,T1003659,CREATED,2026-09-29 12:51:32,2026-09-29 12:51:36,1213
E1002954,T1001038,CREATED,2026-09-09 20:48:38,2026-09-09 20:48:47,1700
E1009681,T1003433,CREATED,2026-09-27 11:55:22,2026-09-27 11:55:29,2075
E1009862,T1003498,SETTLED,2026-09-28 18:59:57,2026-09-28 19:00:00,1525
E1001609,T1000566,CREATED,2026-09-05 20:45:13,2026-09-05 20:45:15,458
E1010797,T1003827,CREATED,2026-09-30 11:15:05,2026-09-30 11:15:13,1985
E1009950,T1003529,AUTHORIZED,2026-09-28 13:45:46,2026-09-28 13:45:49,1386
E1006323,T1002235,SETTLED,2026-09-19 19:17:56,2026-09-19 19:17:59,2184
E1010644,T1003772,SETTLED,2026-09-30 12:47:21,2026-09-30 12:47:25,917
E1002232,T1000782,CREATED,2026-09-07 11:06:53,2026-09-07 11:07:02,67
E1000782,T1000275,CREATED,2026-09-03 13:13:29,2026-09-03 13:13:39,843
E1009415,T1003338,AUTHORIZED,2026-09-27 19:37:05,2026-09-27 19:37:14,1843
E1002766,T1000972,CREATED,2026-09-08 13:48:48,2026-09-08 13:48:56,1343
E1010602,T1003757,AUTHORIZED,2026-09-30 14:14:28,2026-09-30 14:14:30,1756
E1005865,T1002072,CREATED,2026-09-17 08:40:34,2026-09-17 08:40:43,1910
E1000557,T1000196,AUTHORIZED,2026-09-02 18:31:46,2026-09-02 18:31:47,314
E1009436,T1003346,AUTHORIZED,2026-09-27 19:24:41,2026-09-27 19:24:45,873
E1010794,T1003826,CREATED,2026-09-30 12:59:36,2026-09-30 12:59:45,54
E1000546,T1000192,CREATED,2026-09-02 22:37:07,2026-09-02 22:52:07,2406
E1000482,T1000169,AUTHORIZED,2026-09-02 21:10:52,2026-09-02 21:11:00,919
E1004457,T1001568,CREATED,2026-09-13 18:23:18,2026-09-13 18:23:26,2415
E1010110,T1003584,SETTLED,2026-09-28 16:45:09,2026-09-28 16:45:12,1151
E1004999,T1001759,CREATED,2026-09-15 18:29:07,2026-09-15 18:29:13,2097
E1010484,T1003715,SETTLED,2026-09-30 12:41:53,2026-09-30 12:41:59,1805
E1001040,T1000367,CREATED,2026-09-04 17:38:29,2026-09-04 17:38:37,665
E1000177,T1000063,CREATED,2026-09-01 19:04:39,2026-09-01 19:04:46,83
E1004358,T1001532,CREATED,2026-09-13 18:12:35,2026-09-13 18:12:42,1358
E1005362,T1001893,AUTHORIZED,2026-09-16 14:43:35,2026-09-16 14:43:37,1976
E1000500,T1000175,AUTHORIZED,2026-09-02 17:23:53,2026-09-02 17:23:58,792
E1009432,T1003345,CREATED,2026-09-27 20:00:58,2026-09-27 20:01:02,1732
E1000963,T1000339,CREATED,2026-09-03 10:49:38,2026-09-03 10:49:39,1702
E1002964,T1001041,AUTHORIZED,2026-09-09 16:09:55,2026-09-09 17:08:55,2292
E1004251,T1001494,CREATED,2026-09-13 21:10:05,2026-09-13 21:10:10,2099
E1005892,T1002081,CREATED,2026-09-17 09:02:02,2026-09-17 09:02:04,1074
E1010663,T1003779,AUTHORIZED,2026-09-30 13:21:46,2026-09-30 13:21:52,1522
E1010024,T1003555,CREATED,2026-09-28 18:32:03,2026-09-28 18:32:10,875
E1001076,T1000380,AUTHORIZED,2026-09-04 13:29:42,2026-09-04 13:29:50,846
E1004278,T1001503,AUTHORIZED,2026-09-13 18:41:53,2026-09-13 18:42:00,806
E1001838,T1000644,SETTLED,2026-09-06 18:29:51,2026-09-06 18:29:58,2493
E1001075,T1000380,CREATED,2026-09-04 13:29:35,2026-09-04 13:29:43,839
E1005472,T1001934,CREATED,2026-09-16 20:28:21,2026-09-16 20:28:30,2427
E1010741,T1003807,CREATED,2026-09-30 15:27:09,2026-09-30 15:27:11,632
E1008793,T1003119,FAILED,2026-09-25 12:19:30,2026-09-25 12:19:36,189
E1006557,T1002323,CREATED,2026-09-19 13:40:11,2026-09-19 13:40:18,363
E1003443,T1001207,AUTHORIZED,2026-09-10 14:04:49,2026-09-10 14:56:49,1485
E1000207,T1000073,CREATED,2026-09-01 19:56:33,2026-09-01 19:56:37,1613
E1009120,T1003236,CREATED,2026-09-26 19:29:30,2026-09-26 19:29:38,1288
E1005973,T1002109,AUTHORIZED,2026-09-18 19:38:13,2026-09-18 19:38:18,501
E1005425,T1001917,CREATED,2026-09-16 18:45:44,2026-09-16 18:45:54,2205
E1002129,T1000746,SETTLED,2026-09-06 20:31:48,2026-09-06 20:31:50,274
E1007325,T1002600,AUTHORIZED,2026-09-21 11:11:53,2026-09-21 11:11:57,1254
E1007705,T1002737,AUTHORIZED,2026-09-22 17:01:01,2026-09-22 17:01:06,1833
E1002215,T1000776,AUTHORIZED,2026-09-07 19:24:09,2026-09-07 19:24:17,294
E1009987,T1003542,CREATED,2026-09-28 10:55:09,2026-09-28 10:55:10,1021
E1008457,T1003001,SETTLED,2026-09-24 23:23:02,2026-09-24 23:23:04,1559
E1003852,T1001353,AUTHORIZED,2026-09-12 15:23:17,2026-09-12 15:23:23,1000
E1006554,T1002322,CREATED,2026-09-19 20:20:19,2026-09-19 21:26:19,1869
E1006287,T1002223,SETTLED,2026-09-18 15:29:36,2026-09-18 15:29:40,402
E1001278,T1000450,SETTLED,2026-09-04 10:56:41,2026-09-04 10:56:46,896
E1000093,T1000033,AUTHORIZED,2026-09-01 07:37:24,2026-09-01 07:37:33,1350
E1001867,T1000654,AUTHORIZED,2026-09-06 22:51:04,2026-09-06 22:51:10,427
E1007899,T1002804,AUTHORIZED,2026-09-23 16:00:19,2026-09-23 16:00:23,420
E1002672,T1000939,AUTHORIZED,2026-09-08 10:42:31,2026-09-08 10:42:39,921
E1005095,T1001795,SETTLED,2026-09-15 18:02:27,2026-09-15 18:02:37,1347
E1008132,T1002886,CREATED,2026-09-24 18:04:59,2026-09-24 18:05:07,425
E1010134,T1003593,AUTHORIZED,2026-09-29 19:14:19,2026-09-29 19:14:28,1225
E1000934,T1000329,AUTHORIZED,2026-09-03 11:10:10,2026-09-03 11:10:16,2443
E1010489,T1003717,AUTHORIZED,2026-09-30 19:04:47,2026-09-30 19:04:51,2322
E1003263,T1001145,AUTHORIZED,2026-09-10 08:57:44,2026-09-10 08:57:50,1960
E1000746,T1000262,SETTLED,2026-09-03 18:23:04,2026-09-03 18:23:11,1908
E1001653,T1000581,CREATED,2026-09-05 09:35:54,2026-09-05 09:35:58,149
E1008298,T1002945,CREATED,2026-09-24 15:24:23,2026-09-24 15:24:30,1184
E1009516,T1003374,FAILED,2026-09-27 18:41:51,2026-09-27 18:42:01,780
E1007593,T1002697,CREATED,2026-09-22 21:26:31,2026-09-22 21:26:32,2475
E1002144,T1000751,SETTLED,2026-09-06 08:08:35,2026-09-06 08:08:39,1620
E1005596,T1001977,CREATED,2026-09-16 12:20:51,2026-09-16 12:21:01,1774
E1001238,T1000436,AUTHORIZED,2026-09-04 17:57:31,2026-09-04 17:57:41,438
E1002676,T1000941,CREATED,2026-09-08 21:03:30,2026-09-08 21:03:34,121
E1009851,T1003495,CREATED,2026-09-28 11:45:24,2026-09-28 11:45:29,734
E1008502,T1003017,SETTLED,2026-09-25 09:07:59,2026-09-25 09:08:00,2240
E1008331,T1002956,SETTLED,2026-09-24 15:55:45,2026-09-24 15:55:53,2237
E1003154,T1001107,AUTHORIZED,2026-09-10 19:09:15,2026-09-10 19:09:21,352
E1009838,T1003490,CREATED,2026-09-28 12:18:54,2026-09-28 12:19:03,2379
E1002198,T1000770,SETTLED,2026-09-06 11:21:59,2026-09-06 11:22:00,1651
E1000678,T1000238,SETTLED,2026-09-03 09:52:19,2026-09-03 09:52:24,1298
E1001848,T1000648,CREATED,2026-09-06 16:49:34,2026-09-06 16:49:39,610
E1009793,T1003473,SETTLED,2026-09-28 13:51:30,2026-09-28 13:51:37,1651
E1000349,T1000123,SETTLED,2026-09-01 19:19:44,2026-09-01 19:19:48,421
E1004671,T1001642,SETTLED,2026-09-14 19:33:47,2026-09-14 19:33:56,257
E1002106,T1000738,SETTLED,2026-09-06 21:46:31,2026-09-06 21:46:33,975
E1009882,T1003505,SETTLED,2026-09-28 12:22:49,2026-09-28 12:22:53,1363
E1005778,T1002042,CREATED,2026-09-17 13:44:24,2026-09-17 13:44:32,1145
E1003579,T1001256,AUTHORIZED,2026-09-11 17:52:51,2026-09-11 17:53:01,2245
E1000749,T1000263,SETTLED,2026-09-03 13:10:52,2026-09-03 13:11:00,2331
E1006546,T1002319,CREATED,2026-09-19 14:39:58,2026-09-19 14:40:00,1686
E1006184,T1002187,CREATED,2026-09-18 11:15:59,2026-09-18 11:16:07,598
E1002617,T1000919,AUTHORIZED,2026-09-08 22:48:19,2026-09-08 22:48:26,882
E1001911,T1000669,AUTHORIZED,2026-09-06 22:27:36,2026-09-06 22:27:42,824
E1004423,T1001555,SETTLED,2026-09-13 11:29:51,2026-09-13 11:29:58,1974
E1007864,T1002792,AUTHORIZED,2026-09-23 20:33:38,2026-09-23 20:33:47,1676
E1009595,T1003401,SETTLED,2026-09-27 10:47:21,2026-09-27 10:47:25,2214
E1008671,T1003076,AUTHORIZED,2026-09-25 08:33:44,2026-09-25 08:33:53,2465
E1004715,T1001658,AUTHORIZED,2026-09-14 11:26:09,2026-09-14 11:26:18,1003
E1007744,T1002751,CREATED,2026-09-22 20:26:25,2026-09-22 20:26:35,250
E1002698,T1000948,SETTLED,2026-09-08 19:32:32,2026-09-08 19:32:34,2386
E1003501,T1001229,CREATED,2026-09-11 18:04:54,2026-09-11 18:04:55,689
E1006917,T1002455,CREATED,2026-09-20 11:23:24,2026-09-20 11:23:29,1182
E1002480,T1000870,SETTLED,2026-09-07 13:12:04,2026-09-07 13:12:14,1542
E1003548,T1001245,SETTLED,2026-09-11 10:04:01,2026-09-11 10:04:07,2347
E1009852,T1003495,AUTHORIZED,2026-09-28 11:45:30,2026-09-28 11:45:40,1920
E1006388,T1002260,CREATED,2026-09-19 11:08:50,2026-09-19 11:08:57,816
E1004956,T1001744,SETTLED,2026-09-14 13:02:10,2026-09-14 13:02:13,1987
E1006999,T1002483,SETTLED,2026-09-20 16:29:11,2026-09-20 16:29:12,2062
E1002376,T1000834,CREATED,2026-09-07 19:15:57,2026-09-07 19:16:06,1260
E1003175,T1001114,AUTHORIZED,2026-09-10 12:29:56,2026-09-10 12:29:58,658
E1000919,T1000324,CREATED,2026-09-03 18:56:08,2026-09-03 18:56:12,534
E1004726,T1001662,AUTHORIZED,2026-09-14 17:41:56,2026-09-14 17:42:01,1339
E1008198,T1002908,CREATED,2026-09-24 07:08:33,2026-09-24 07:08:39,492
E1003962,T1001392,CREATED,2026-09-12 12:20:22,2026-09-12 12:20:29,1117
E1010090,T1003578,CREATED,2026-09-28 08:02:38,2026-09-28 08:02:43,270
E1004816,T1001695,SETTLED,2026-09-14 14:01:30,2026-09-14 14:01:39,693
E1007772,T1002761,CREATED,2026-09-22 20:43:15,2026-09-22 20:43:24,2015
E1002916,T1001024,AUTHORIZED,2026-09-09 22:11:23,2026-09-09 22:11:33,2030
E1006158,T1002177,SETTLED,2026-09-18 14:51:47,2026-09-18 14:51:53,464
E1004544,T1001597,SETTLED,2026-09-13 16:11:00,2026-09-13 16:11:04,1586
E1005076,T1001789,CREATED,2026-09-15 17:35:34,2026-09-15 17:35:36,2278
E1004209,T1001479,SETTLED,2026-09-12 20:31:18,2026-09-12 20:31:23,899
E1004519,T1001589,CREATED,2026-09-13 19:30:16,2026-09-13 19:30:26,1532
E1005889,T1002080,CREATED,2026-09-17 12:20:10,2026-09-17 12:20:14,1897
E1003043,T1001068,AUTHORIZED,2026-09-09 22:40:06,2026-09-09 22:40:08,129
E1006816,T1002419,CREATED,2026-09-20 08:43:44,2026-09-20 08:43:48,376
E1008997,T1003192,SETTLED,2026-09-26 17:07:05,2026-09-26 17:07:11,1823
E1001070,T1000378,AUTHORIZED,2026-09-04 11:24:53,2026-09-04 11:25:00,2257
E1009291,T1003295,SETTLED,2026-09-26 15:53:35,2026-09-26 15:53:44,141
E1007785,T1002765,AUTHORIZED,2026-09-22 17:47:03,2026-09-22 17:47:08,711
E1005836,T1002062,AUTHORIZED,2026-09-17 08:18:57,2026-09-17 08:18:58,2357
E1008782,T1003115,CREATED,2026-09-25 08:17:32,2026-09-25 08:17:35,1380
E1005374,T1001897,AUTHORIZED,2026-09-16 17:03:55,2026-09-16 17:03:56,675
E1002558,T1000899,AUTHORIZED,2026-09-08 09:53:20,2026-09-08 09:53:29,2170
E1009092,T1003226,CREATED,2026-09-26 08:01:45,2026-09-26 08:01:47,1626
E1001003,T1000353,AUTHORIZED,2026-09-04 17:55:25,2026-09-04 17:55:30,2468
E1005331,T1001882,AUTHORIZED,2026-09-16 19:27:43,2026-09-16 19:27:48,1000
E1002853,T1001002,SETTLED,2026-09-09 11:41:14,2026-09-09 11:41:17,1586
E1003870,T1001359,AUTHORIZED,2026-09-12 15:14:18,2026-09-12 15:14:27,1865
E1001298,T1000457,AUTHORIZED,2026-09-04 14:17:28,2026-09-04 14:17:30,343
E1007146,T1002536,CREATED,2026-09-20 19:03:19,2026-09-20 19:03:21,2397
E1010516,T1003726,AUTHORIZED,2026-09-30 12:45:12,2026-09-30 12:45:19,479
E1001574,T1000553,SETTLED,2026-09-05 09:45:00,2026-09-05 09:45:01,726
E1003207,T1001125,SETTLED,2026-09-10 11:55:42,2026-09-10 11:55:47,475
E1002347,T1000823,SETTLED,2026-09-07 19:36:35,2026-09-07 19:36:39,1634
E1010111,T1003585,CREATED,2026-09-28 13:25:11,2026-09-28 13:25:12,483
E1004060,T1001428,CREATED,2026-09-12 11:46:47,2026-09-12 11:46:51,76
E1004014,T1001411,AUTHORIZED,2026-09-12 19:13:45,2026-09-12 19:13:55,2060
E1005837,T1002062,SETTLED,2026-09-17 11:14:42,2026-09-17 11:14:43,329
E1003161,T1001109,SETTLED,2026-09-10 08:54:57,2026-09-10 08:55:00,1200
E1005675,T1002005,AUTHORIZED,2026-09-17 10:34:40,2026-09-17 10:34:43,1248
E1003243,T1001138,AUTHORIZED,2026-09-10 18:45:13,2026-09-10 19:32:13,2175
E1002854,T1001003,CREATED,2026-09-09 18:09:32,2026-09-09 18:09:35,2179
E1009779,T1003468,AUTHORIZED,2026-09-28 18:08:30,2026-09-28 18:08:31,1826
E1007918,T1002811,AUTHORIZED,2026-09-23 16:37:09,2026-09-23 16:37:12,1665
E1002137,T1000749,AUTHORIZED,2026-09-06 09:03:00,2026-09-06 09:03:05,1577
E1009137,T1003242,AUTHORIZED,2026-09-26 16:39:16,2026-09-26 16:39:26,237
E1003410,T1001196,CREATED,2026-09-10 20:08:46,2026-09-10 20:08:56,2455
E1009452,T1003352,AUTHORIZED,2026-09-27 16:44:02,2026-09-27 16:44:05,1319
E1006276,T1002220,CREATED,2026-09-18 08:00:26,2026-09-18 08:00:28,435
E1007318,T1002598,CREATED,2026-09-21 15:10:24,2026-09-21 15:10:27,1467
E1008001,T1002840,CREATED,2026-09-23 17:02:11,2026-09-23 17:02:20,956
E1005933,T1002096,CREATED,2026-09-17 17:00:42,2026-09-17 17:00:44,817
E1002701,T1000949,SETTLED,2026-09-08 08:54:47,2026-09-08 08:54:48,1613
E1005526,T1001952,SETTLED,2026-09-16 10:00:38,2026-09-16 10:00:44,2286
E1001351,T1000475,AUTHORIZED,2026-09-05 18:56:31,2026-09-05 18:56:41,1828
E1005193,T1001830,SETTLED,2026-09-15 11:36:02,2026-09-15 11:36:08,1457
E1009658,T1003424,FAILED,2026-09-27 10:54:13,2026-09-27 10:54:22,1839
E1003047,T1001069,SETTLED,2026-09-09 11:28:59,2026-09-09 11:29:04,1465
E1009959,T1003532,AUTHORIZED,2026-09-28 10:30:29,2026-09-28 10:30:30,2133
E1010453,T1003705,CREATED,2026-09-29 12:09:34,2026-09-29 12:09:36,1914
E1003568,T1001252,AUTHORIZED,2026-09-11 11:00:51,2026-09-11 11:00:52,1452
E1007974,T1002830,AUTHORIZED,2026-09-23 21:07:33,2026-09-23 21:07:41,1471
E1002179,T1000763,FAILED,2026-09-06 21:11:16,2026-09-06 21:11:25,1719
E1008035,T1002852,CREATED,2026-09-23 09:29:50,2026-09-23 09:29:53,1725
E1000172,T1000061,AUTHORIZED,2026-09-01 16:57:58,2026-09-01 16:58:06,1841
E1008018,T1002846,CREATED,2026-09-23 13:42:23,2026-09-23 13:42:33,1962
E1009490,T1003365,AUTHORIZED,2026-09-27 19:34:18,2026-09-27 19:34:22,2404
E1001941,T1000680,AUTHORIZED,2026-09-06 17:55:20,2026-09-06 17:55:27,236
E1000196,T1000069,AUTHORIZED,2026-09-01 18:10:22,2026-09-01 18:10:25,1717
E1007826,T1002779,AUTHORIZED,2026-09-23 11:09:27,2026-09-23 11:09:34,909
E1005817,T1002055,AUTHORIZED,2026-09-17 19:19:45,2026-09-17 19:19:49,1180
E1009556,T1003388,AUTHORIZED,2026-09-27 17:24:36,2026-09-27 17:24:46,2226
E1009562,T1003390,AUTHORIZED,2026-09-27 22:44:38,2026-09-27 22:44:44,1348
E1008022,T1002847,AUTHORIZED,2026-09-23 13:35:26,2026-09-23 13:35:33,2085
E1010218,T1003622,SETTLED,2026-09-29 12:31:30,2026-09-29 12:31:33,924
E1003936,T1001382,CREATED,2026-09-12 16:53:24,2026-09-12 16:53:32,521
E1001105,T1000391,SETTLED,2026-09-04 08:55:43,2026-09-04 08:55:46,61
E1000216,T1000076,AUTHORIZED,2026-09-01 21:09:21,2026-09-01 21:09:27,1574
E1001556,T1000547,CREATED,2026-09-05 11:25:39,2026-09-05 11:25:47,676
E1002220,T1000778,CREATED,2026-09-07 11:27:53,2026-09-07 11:27:57,1571
E1000957,T1000337,CREATED,2026-09-03 19:45:03,2026-09-03 19:45:12,1926
E1009643,T1003419,AUTHORIZED,2026-09-27 08:12:24,2026-09-27 08:12:32,778
E1010646,T1003773,AUTHORIZED,2026-09-30 19:45:41,2026-09-30 19:45:43,42
E1005668,T1002002,SETTLED,2026-09-17 22:48:41,2026-09-17 22:48:47,1797
E1004047,T1001423,CREATED,2026-09-12 13:54:51,2026-09-12 13:55:01,47
E1004966,T1001748,CREATED,2026-09-14 15:53:47,2026-09-14 15:53:57,586
E1008111,T1002878,SETTLED,2026-09-23 19:28:42,2026-09-23 19:28:52,2255
E1004370,T1001536,CREATED,2026-09-13 11:32:22,2026-09-13 11:32:27,925
E1004929,T1001734,SETTLED,2026-09-14 09:16:28,2026-09-14 09:16:30,1155
E1002889,T1001015,AUTHORIZED,2026-09-09 11:48:11,2026-09-09 11:48:13,2205
E1004666,T1001640,SETTLED,2026-09-14 19:43:10,2026-09-14 19:43:17,1260
E1001091,T1000386,FAILED,2026-09-04 16:13:45,2026-09-04 16:13:52,1550
E1006858,T1002434,CREATED,2026-09-20 13:48:33,2026-09-20 13:48:39,1837
E1010641,T1003771,SETTLED,2026-09-30 18:06:39,2026-09-30 18:06:45,1233
E1003105,T1001090,CREATED,2026-09-09 09:47:56,2026-09-09 09:48:03,1095
E1007830,T1002780,SETTLED,2026-09-23 09:23:30,2026-09-23 09:23:39,558
E1004424,T1001556,CREATED,2026-09-13 18:39:13,2026-09-13 18:39:20,1144
E1006662,T1002362,CREATED,2026-09-19 19:19:42,2026-09-19 19:19:49,609
E1009984,T1003541,CREATED,2026-09-28 11:15:50,2026-09-28 11:15:57,328
E1005505,T1001945,SETTLED,2026-09-16 12:23:04,2026-09-16 12:23:12,277
E1009899,T1003511,SETTLED,2026-09-28 15:47:48,2026-09-28 15:47:57,152
E1010312,T1003654,AUTHORIZED,2026-09-29 09:45:16,2026-09-29 09:45:18,232
E1001502,T1000528,AUTHORIZED,2026-09-05 11:45:55,2026-09-05 11:45:59,2249
E1003887,T1001365,CREATED,2026-09-12 17:58:28,2026-09-12 17:58:38,899
E1007717,T1002741,SETTLED,2026-09-22 14:56:00,2026-09-22 14:56:10,1767
E1009666,T1003427,SETTLED,2026-09-27 17:49:40,2026-09-27 17:49:41,1514
E1010480,T1003714,AUTHORIZED,2026-09-30 13:58:28,2026-09-30 13:58:32,1411
E1009320,T1003305,SETTLED,2026-09-27 19:17:37,2026-09-27 19:17:38,983
E1006341,T1002242,SETTLED,2026-09-19 13:51:47,2026-09-19 13:51:54,610
E1010278,T1003642,SETTLED,2026-09-29 14:04:06,2026-09-29 14:04:15,687
E1000662,T1000233,AUTHORIZED,2026-09-02 11:15:17,2026-09-02 11:15:19,518
E1003333,T1001169,AUTHORIZED,2026-09-10 08:36:44,2026-09-10 08:36:45,1839
E1007440,T1002641,AUTHORIZED,2026-09-21 18:08:50,2026-09-21 18:08:55,1327
E1002872,T1001009,AUTHORIZED,2026-09-09 17:04:37,2026-09-09 17:04:42,948
E1005122,T1001805,AUTHORIZED,2026-09-15 17:49:38,2026-09-15 17:49:46,604
E1001456,T1000512,AUTHORIZED,2026-09-05 18:51:21,2026-09-05 18:51:27,1670
E1004266,T1001499,AUTHORIZED,2026-09-13 19:44:06,2026-09-13 19:44:09,2396
E1005911,T1002088,CREATED,2026-09-17 14:36:14,2026-09-17 14:36:22,1285
E1000940,T1000331,AUTHORIZED,2026-09-03 09:09:45,2026-09-03 09:09:48,949
E1004385,T1001542,CREATED,2026-09-13 17:32:43,2026-09-13 17:32:48,135
E1007605,T1002701,CREATED,2026-09-22 21:56:00,2026-09-22 21:56:09,2287
E1010164,T1003603,SETTLED,2026-09-29 20:24:37,2026-09-29 20:24:47,805
E1001307,T1000460,AUTHORIZED,2026-09-04 10:26:16,2026-09-04 10:26:23,1737
E1005219,T1001840,AUTHORIZED,2026-09-15 13:08:02,2026-09-15 13:08:12,1827
E1006087,T1002150,AUTHORIZED,2026-09-18 17:11:05,2026-09-18 17:11:15,1015
E1009848,T1003494,CREATED,2026-09-28 18:55:59,2026-09-28 18:56:05,2215
E1000592,T1000208,AUTHORIZED,2026-09-02 14:57:08,2026-09-02 14:57:11,2227
E1004460,T1001569,CREATED,2026-09-13 13:20:19,2026-09-13 13:20:26,539
E1006110,T1002160,CREATED,2026-09-18 12:04:29,2026-09-18 12:04:38,719
E1005978,T1002111,FAILED,2026-09-18 09:40:00,2026-09-18 09:40:05,2042
E1000350,T1000124,CREATED,2026-09-01 11:11:41,2026-09-01 11:11:47,685
E1006915,T1002454,AUTHORIZED,2026-09-20 13:18:46,2026-09-20 13:18:47,1770
E1006295,T1002226,AUTHORIZED,2026-09-18 09:17:09,2026-09-18 09:17:18,46
E1009538,T1003382,CREATED,2026-09-27 19:29:39,2026-09-27 19:29:48,1468
E1010682,T1003786,CREATED,2026-09-30 07:09:46,2026-09-30 07:09:49,444
E1006261,T1002215,CREATED,2026-09-18 11:32:31,2026-09-18 11:32:40,588
E1008232,T1002919,SETTLED,2026-09-24 14:27:53,2026-09-24 14:27:54,2213
E1008142,T1002889,AUTHORIZED,2026-09-24 14:58:06,2026-09-24 14:58:10,338
E1003308,T1001161,CREATED,2026-09-10 17:06:06,2026-09-10 17:06:12,154
E1008572,T1003042,CREATED,2026-09-25 21:01:51,2026-09-25 21:01:54,1734
E1008174,T1002900,CREATED,2026-09-24 21:27:11,2026-09-24 21:27:20,1503
E1007651,T1002718,CREATED,2026-09-22 09:52:11,2026-09-22 09:52:14,894
E1005910,T1002087,FAILED,2026-09-17 19:14:35,2026-09-17 19:14:45,196
E1006307,T1002230,AUTHORIZED,2026-09-19 12:08:06,2026-09-19 12:08:07,901
E1004891,T1001721,SETTLED,2026-09-14 20:30:46,2026-09-14 20:30:53,1883
E1006677,T1002368,CREATED,2026-09-19 18:37:56,2026-09-19 18:37:58,390
E1005715,T1002020,AUTHORIZED,2026-09-17 10:10:22,2026-09-17 10:10:23,2091
E1001830,T1000642,CREATED,2026-09-06 17:52:33,2026-09-06 17:52:39,1262
E1007656,T1002719,SETTLED,2026-09-22 09:14:03,2026-09-22 09:14:13,607
E1003380,T1001186,CREATED,2026-09-10 08:31:56,2026-09-10 08:31:58,1155
E1000440,T1000155,CREATED,2026-09-02 12:57:14,2026-09-02 12:57:18,927
E1000183,T1000065,CREATED,2026-09-01 09:43:59,2026-09-01 09:44:06,1914
E1008703,T1003087,AUTHORIZED,2026-09-25 13:07:59,2026-09-25 13:08:03,849
E1001667,T1000585,SETTLED,2026-09-05 20:09:08,2026-09-05 20:09:15,593
E1004495,T1001581,CREATED,2026-09-13 19:58:26,2026-09-13 19:58:31,1370
E1008201,T1002909,CREATED,2026-09-24 17:19:17,2026-09-24 17:19:26,2351
E1009813,T1003481,CREATED,2026-09-28 10:00:11,2026-09-28 10:00:19,227
E1005375,T1001897,SETTLED,2026-09-16 17:13:33,2026-09-16 17:13:38,713
E1005410,T1001911,CREATED,2026-09-16 11:51:00,2026-09-16 11:51:01,90
E1001452,T1000511,CREATED,2026-09-05 22:00:13,2026-09-05 22:00:18,2029
E1000047,T1000017,SETTLED,2026-09-01 09:47:02,2026-09-01 09:47:07,1871
E1006202,T1002193,AUTHORIZED,2026-09-18 15:59:12,2026-09-18 16:20:12,1858
E1002261,T1000792,SETTLED,2026-09-07 21:33:32,2026-09-07 21:33:33,2049
E1005541,T1001958,AUTHORIZED,2026-09-16 20:54:51,2026-09-16 20:55:01,730
E1004795,T1001688,CREATED,2026-09-14 19:11:26,2026-09-14 19:11:29,532
E1003529,T1001239,AUTHORIZED,2026-09-11 10:20:01,2026-09-11 10:20:10,2492
E1002068,T1000725,AUTHORIZED,2026-09-06 18:24:12,2026-09-06 18:24:17,2104
E1003493,T1001226,AUTHORIZED,2026-09-11 19:04:10,2026-09-11 19:04:11,444
E1009240,T1003278,AUTHORIZED,2026-09-26 13:16:09,2026-09-26 13:16:14,1579
E1001269,T1000447,CREATED,2026-09-04 15:03:06,2026-09-04 15:03:07,910
E1001429,T1000503,AUTHORIZED,2026-09-05 15:13:06,2026-09-05 15:13:15,1453
E1003271,T1001148,CREATED,2026-09-10 06:03:22,2026-09-10 06:03:31,816
E1005012,T1001764,AUTHORIZED,2026-09-15 17:54:22,2026-09-15 17:54:32,750
E1003381,T1001186,AUTHORIZED,2026-09-10 08:32:03,2026-09-10 08:32:04,954
E1008536,T1003029,SETTLED,2026-09-25 14:03:39,2026-09-25 14:03:49,2478
E1004760,T1001675,CREATED,2026-09-14 15:22:28,2026-09-14 15:22:29,1761
E1000832,T1000293,SETTLED,2026-09-03 15:35:47,2026-09-03 15:35:50,2204
E1000816,T1000287,SETTLED,2026-09-03 18:33:58,2026-09-03 18:34:06,858
E1008031,T1002850,AUTHORIZED,2026-09-23 11:00:18,2026-09-23 11:00:27,836
E1003815,T1001341,CREATED,2026-09-12 08:12:32,2026-09-12 08:12:41,2264
E1003839,T1001349,CREATED,2026-09-12 20:06:47,2026-09-12 20:06:56,900
E1006913,T1002453,SETTLED,2026-09-20 19:35:32,2026-09-20 19:35:42,867
E1007912,T1002809,CREATED,2026-09-23 13:40:00,2026-09-23 13:40:06,1571
E1010743,T1003807,SETTLED,2026-09-30 16:51:09,2026-09-30 16:51:15,1381
E1007352,T1002609,AUTHORIZED,2026-09-21 18:10:32,2026-09-21 18:10:38,1690
E1000808,T1000284,SETTLED,2026-09-03 20:04:00,2026-09-03 20:04:03,2177
E1003402,T1001193,AUTHORIZED,2026-09-10 11:48:24,2026-09-10 11:48:26,2058
E1004685,T1001647,FAILED,2026-09-14 14:40:16,2026-09-14 14:40:21,1813
E1006245,T1002208,SETTLED,2026-09-18 11:30:12,2026-09-18 11:30:18,676
E1006148,T1002174,CREATED,2026-09-18 11:22:20,2026-09-18 11:22:30,1398
E1007062,T1002506,CREATED,2026-09-20 17:29:34,2026-09-20 17:29:36,2058
E1010379,T1003679,CREATED,2026-09-29 13:27:40,2026-09-29 13:27:46,1136
E1004248,T1001493,CREATED,2026-09-13 17:35:15,2026-09-13 17:35:23,366
E1002093,T1000734,AUTHORIZED,2026-09-06 13:09:48,2026-09-06 13:09:56,1383
E1000994,T1000349,SETTLED,2026-09-03 09:01:29,2026-09-03 09:01:32,2344
E1004928,T1001734,AUTHORIZED,2026-09-14 09:06:42,2026-09-14 09:06:43,1636
E1006128,T1002166,CREATED,2026-09-18 09:16:11,2026-09-18 09:16:14,1648
E1009351,T1003316,AUTHORIZED,2026-09-27 11:51:25,2026-09-27 11:51:29,1204
E1001102,T1000390,SETTLED,2026-09-04 21:02:36,2026-09-04 21:02:39,609
E1009917,T1003518,AUTHORIZED,2026-09-28 10:46:59,2026-09-28 10:47:02,672
E1003102,T1001088,SETTLED,2026-09-09 17:41:17,2026-09-09 17:41:18,685
E1000525,T1000185,CREATED,2026-09-02 10:33:20,2026-09-02 10:33:21,165
E1003101,T1001088,AUTHORIZED,2026-09-09 17:34:25,2026-09-09 17:34:29,2149
E1006279,T1002221,CREATED,2026-09-18 11:14:24,2026-09-18 11:14:29,2108
E1009029,T1003203,SETTLED,2026-09-26 22:55:40,2026-09-26 22:55:48,619
E1000573,T1000201,SETTLED,2026-09-02 15:16:42,2026-09-02 15:16:52,358
E1000948,T1000334,CREATED,2026-09-03 10:01:29,2026-09-03 10:01:31,693
E1007573,T1002689,AUTHORIZED,2026-09-22 13:04:35,2026-09-22 13:04:37,485
E1002021,T1000708,CREATED,2026-09-06 08:58:46,2026-09-06 08:58:49,1868
E1006523,T1002310,CREATED,2026-09-19 16:32:52,2026-09-19 17:23:52,2210
E1004024,T1001415,CREATED,2026-09-12 16:45:30,2026-09-12 16:45:35,579
E1003539,T1001242,SETTLED,2026-09-11 15:28:38,2026-09-11 15:28:39,510
E1009507,T1003371,CREATED,2026-09-27 13:46:45,2026-09-27 13:46:46,2331
E1002952,T1001037,CREATED,2026-09-09 20:40:27,2026-09-09 20:40:36,1177
E1002256,T1000791,CREATED,2026-09-07 19:34:38,2026-09-07 19:34:40,1750
E1008379,T1002973,SETTLED,2026-09-24 18:45:39,2026-09-24 18:45:43,1767
E1006741,T1002392,CREATED,2026-09-19 10:15:31,2026-09-19 10:15:38,144
E1006808,T1002415,SETTLED,2026-09-20 21:42:02,2026-09-20 21:42:04,174
E1009280,T1003292,CREATED,2026-09-26 12:27:10,2026-09-26 12:27:12,362
E1008822,T1003129,AUTHORIZED,2026-09-25 10:31:12,2026-09-25 10:31:19,713
E1003963,T1001392,AUTHORIZED,2026-09-12 12:20:34,2026-09-12 12:20:44,2307
E1007609,T1002702,FAILED,2026-09-22 11:40:01,2026-09-22 11:40:02,347
E1008026,T1002848,SETTLED,2026-09-23 16:52:13,2026-09-23 16:52:14,2485
E1000073,T1000026,AUTHORIZED,2026-09-01 07:10:25,2026-09-01 07:10:31,402
E1007096,T1002519,AUTHORIZED,2026-09-20 19:14:22,2026-09-20 19:14:31,1181
E1002374,T1000833,AUTHORIZED,2026-09-07 20:50:23,2026-09-07 20:50:27,1315
E1000104,T1000037,CREATED,2026-09-01 21:52:27,2026-09-01 21:52:37,490
E1010660,T1003778,AUTHORIZED,2026-09-30 19:23:22,2026-09-30 19:23:26,2257
E1004977,T1001751,SETTLED,2026-09-14 23:59:41,2026-09-14 23:59:50,116
E1001729,T1000606,SETTLED,2026-09-05 09:58:11,2026-09-05 09:58:21,1505
E1009711,T1003443,AUTHORIZED,2026-09-27 19:20:17,2026-09-27 19:20:22,1528
E1004339,T1001525,AUTHORIZED,2026-09-13 17:24:36,2026-09-13 17:24:40,103
E1000291,T1000103,CREATED,2026-09-01 20:17:31,2026-09-01 20:17:37,206
E1002320,T1000814,AUTHORIZED,2026-09-07 20:14:11,2026-09-07 20:14:21,1553
E1004994,T1001757,AUTHORIZED,2026-09-14 14:08:22,2026-09-14 14:08:30,859
E1009634,T1003416,CREATED,2026-09-27 12:28:27,2026-09-27 12:28:33,910
E1008394,T1002979,AUTHORIZED,2026-09-24 06:04:03,2026-09-24 06:04:11,733
E1003353,T1001176,AUTHORIZED,2026-09-10 12:06:14,2026-09-10 12:06:15,148
E1010035,T1003558,SETTLED,2026-09-28 23:26:11,2026-09-28 23:26:12,652
E1004403,T1001548,AUTHORIZED,2026-09-13 09:09:12,2026-09-13 09:09:22,1349
E1007534,T1002675,SETTLED,2026-09-22 13:16:36,2026-09-22 13:16:45,1414
E1001424,T1000501,CREATED,2026-09-05 13:03:03,2026-09-05 13:03:10,2066
E1004324,T1001519,AUTHORIZED,2026-09-13 11:10:26,2026-09-13 11:10:28,719
E1007758,T1002756,CREATED,2026-09-22 19:37:42,2026-09-22 19:37:50,2404
E1008006,T1002842,CREATED,2026-09-23 12:24:48,2026-09-23 12:24:56,1225
E1000566,T1000199,AUTHORIZED,2026-09-02 20:32:50,2026-09-02 20:33:00,750
E1010108,T1003584,CREATED,2026-09-28 16:29:09,2026-09-28 16:29:13,2491
E1005134,T1001809,SETTLED,2026-09-15 19:50:01,2026-09-15 19:50:03,1917
E1007784,T1002765,CREATED,2026-09-22 17:46:48,2026-09-22 17:46:56,1828
E1001327,T1000467,CREATED,2026-09-05 11:11:32,2026-09-05 11:11:42,1987
E1000193,T1000068,AUTHORIZED,2026-09-01 12:05:52,2026-09-01 12:05:59,1856
E1003114,T1001093,AUTHORIZED,2026-09-09 08:22:24,2026-09-09 08:22:25,81
E1008707,T1003088,SETTLED,2026-09-25 18:04:04,2026-09-25 18:04:08,1764
E1005241,T1001848,FAILED,2026-09-15 11:13:07,2026-09-15 11:13:14,1656
E1010150,T1003599,CREATED,2026-09-29 15:58:12,2026-09-29 17:19:12,1735
E1003044,T1001068,SETTLED,2026-09-09 23:25:52,2026-09-09 23:25:54,97
E1006093,T1002153,CREATED,2026-09-18 18:56:07,2026-09-18 18:56:15,2352
E1007862,T1002791,SETTLED,2026-09-23 16:44:25,2026-09-23 16:52:25,395
E1003889,T1001365,SETTLED,2026-09-12 18:16:28,2026-09-12 18:16:33,644
E1003762,T1001322,SETTLED,2026-09-11 21:48:09,2026-09-11 21:48:19,1717
E1000460,T1000161,SETTLED,2026-09-02 20:22:29,2026-09-02 20:22:36,119
E1002815,T1000989,CREATED,2026-09-08 08:27:49,2026-09-08 08:27:51,744
E1006083,T1002149,CREATED,2026-09-18 19:35:07,2026-09-18 19:35:12,543
E1002913,T1001023,AUTHORIZED,2026-09-09 16:32:55,2026-09-09 16:33:00,1580
E1003033,T1001065,CREATED,2026-09-09 12:16:41,2026-09-09 12:16:46,1777
E1004078,T1001434,AUTHORIZED,2026-09-12 09:03:35,2026-09-12 09:03:45,2465
E1002504,T1000879,CREATED,2026-09-07 19:38:32,2026-09-07 19:38:40,839
E1009184,T1003258,AUTHORIZED,2026-09-26 21:12:15,2026-09-26 21:12:25,556
E1006890,T1002445,AUTHORIZED,2026-09-20 14:43:06,2026-09-20 14:43:11,1513
E1005141,T1001812,CREATED,2026-09-15 13:17:30,2026-09-15 13:17:32,965
E1008839,T1003135,AUTHORIZED,2026-09-26 12:34:09,2026-09-26 12:34:13,1692
E1007274,T1002582,AUTHORIZED,2026-09-21 10:53:16,2026-09-21 10:53:23,901
E1008810,T1003125,AUTHORIZED,2026-09-25 07:12:30,2026-09-25 07:12:38,1884
E1006657,T1002360,CREATED,2026-09-19 07:15:09,2026-09-19 07:15:10,2448
E1001904,T1000667,CREATED,2026-09-06 10:04:43,2026-09-06 10:04:52,80
E1007295,T1002589,SETTLED,2026-09-21 18:43:32,2026-09-21 18:43:34,168
E1008744,T1003101,CREATED,2026-09-25 15:33:06,2026-09-25 15:33:08,1839
E1004088,T1001437,SETTLED,2026-09-12 10:04:40,2026-09-12 10:04:44,1745
E1000938,T1000330,SETTLED,2026-09-03 12:06:47,2026-09-03 12:06:51,1745
E1006964,T1002471,FAILED,2026-09-20 15:22:48,2026-09-20 15:22:49,711
E1007556,T1002683,CREATED,2026-09-22 17:59:21,2026-09-22 17:59:24,1919
E1001573,T1000553,AUTHORIZED,2026-09-05 09:39:11,2026-09-05 09:39:14,2091
E1010167,T1003604,SETTLED,2026-09-29 13:50:05,2026-09-29 13:50:14,2068
E1005612,T1001982,AUTHORIZED,2026-09-16 22:13:55,2026-09-16 22:14:01,1542
E1010147,T1003598,CREATED,2026-09-29 20:54:06,2026-09-29 20:54:10,1088
E1003934,T1001381,AUTHORIZED,2026-09-12 20:40:21,2026-09-12 20:40:29,1307
E1003409,T1001195,SETTLED,2026-09-10 10:20:56,2026-09-10 10:21:01,1158
E1008384,T1002975,AUTHORIZED,2026-09-24 13:40:21,2026-09-24 13:40:31,1435
E1005964,T1002106,AUTHORIZED,2026-09-17 13:14:33,2026-09-17 13:14:41,915
E1002939,T1001032,AUTHORIZED,2026-09-09 17:11:00,2026-09-09 17:11:09,2389
E1010391,T1003683,CREATED,2026-09-29 20:16:37,2026-09-29 20:16:43,367
E1001177,T1000415,SETTLED,2026-09-04 16:22:57,2026-09-04 16:23:06,2226
E1000221,T1000078,CREATED,2026-09-01 18:37:41,2026-09-01 18:37:43,1401
E1001443,T1000508,CREATED,2026-09-05 18:33:19,2026-09-05 18:33:28,2475
E1006048,T1002137,CREATED,2026-09-18 10:25:30,2026-09-18 10:25:35,113
E1010449,T1003703,AUTHORIZED,2026-09-29 18:53:00,2026-09-29 18:53:10,1872
E1008854,T1003140,AUTHORIZED,2026-09-26 18:47:17,2026-09-26 18:47:27,195
E1006151,T1002175,AUTHORIZED,2026-09-18 10:33:47,2026-09-18 10:33:52,1579
E1007688,T1002731,FAILED,2026-09-22 16:32:35,2026-09-22 16:32:41,1575
E1007868,T1002794,CREATED,2026-09-23 10:14:04,2026-09-23 10:14:11,933
E1001582,T1000556,SETTLED,2026-09-05 14:08:29,2026-09-05 14:08:31,1247
E1001146,T1000405,AUTHORIZED,2026-09-04 12:22:28,2026-09-04 12:22:38,727
E1003687,T1001294,AUTHORIZED,2026-09-11 17:43:54,2026-09-11 17:43:57,1196
E1008230,T1002919,CREATED,2026-09-24 14:09:53,2026-09-24 14:09:54,826
E1000469,T1000164,SETTLED,2026-09-02 18:26:39,2026-09-02 18:26:44,1314
E1010014,T1003551,AUTHORIZED,2026-09-28 14:37:35,2026-09-28 14:37:37,1450
E1003816,T1001341,AUTHORIZED,2026-09-12 08:12:47,2026-09-12 08:12:56,2461
E1002603,T1000914,AUTHORIZED,2026-09-08 14:44:48,2026-09-08 14:44:52,1159
E1000340,T1000120,SETTLED,2026-09-01 11:01:22,2026-09-01 11:01:25,2227
E1006659,T1002360,SETTLED,2026-09-19 07:39:09,2026-09-19 07:39:10,2208
E1006581,T1002331,AUTHORIZED,2026-09-19 15:44:55,2026-09-19 15:45:03,2480
E1009002,T1003194,AUTHORIZED,2026-09-26 10:37:16,2026-09-26 10:37:25,1820
E1004375,T1001538,CREATED,2026-09-13 17:31:37,2026-09-13 17:31:38,660
E1009087,T1003224,CREATED,2026-09-26 14:32:03,2026-09-26 14:32:05,569
E1010416,T1003691,SETTLED,2026-09-29 12:44:32,2026-09-29 12:44:40,861
E1008313,T1002950,SETTLED,2026-09-24 21:07:16,2026-09-24 21:07:18,165
E1001249,T1000440,CREATED,2026-09-04 19:04:37,2026-09-04 19:04:47,1573
E1005196,T1001831,SETTLED,2026-09-15 16:57:12,2026-09-15 16:57:14,1841
E1008546,T1003033,CREATED,2026-09-25 19:32:04,2026-09-25 19:32:06,173
E1010551,T1003739,CREATED,2026-09-30 21:23:40,2026-09-30 21:23:46,710
E1006542,T1002317,SETTLED,2026-09-19 20:42:14,2026-09-19 20:42:19,1716
E1000143,T1000051,CREATED,2026-09-01 21:59:47,2026-09-01 21:59:48,2361
E1010498,T1003720,AUTHORIZED,2026-09-30 08:03:08,2026-09-30 08:03:11,1675
E1005858,T1002069,SETTLED,2026-09-17 12:19:22,2026-09-17 12:19:29,1461
E1005561,T1001965,AUTHORIZED,2026-09-16 17:41:04,2026-09-16 17:41:13,854
E1005399,T1001906,AUTHORIZED,2026-09-16 12:48:09,2026-09-16 12:48:10,2188
E1006015,T1002125,AUTHORIZED,2026-09-18 18:39:09,2026-09-18 18:39:11,112
E1000541,T1000190,AUTHORIZED,2026-09-02 13:44:34,2026-09-02 13:44:40,954
E1008049,T1002856,SETTLED,2026-09-23 11:55:30,2026-09-23 11:55:38,1230
E1000458,T1000161,CREATED,2026-09-02 20:05:29,2026-09-02 20:05:36,922
E1009998,T1003545,SETTLED,2026-09-28 22:56:09,2026-09-28 22:56:15,1686
E1009721,T1003447,CREATED,2026-09-27 18:50:17,2026-09-27 18:50:27,359
E1003699,T1001298,AUTHORIZED,2026-09-11 12:25:02,2026-09-11 12:25:09,1525
E1003971,T1001395,AUTHORIZED,2026-09-12 13:45:30,2026-09-12 13:45:39,254
E1008562,T1003038,AUTHORIZED,2026-09-25 12:35:46,2026-09-25 12:35:48,1494
E1008910,T1003160,AUTHORIZED,2026-09-26 20:14:00,2026-09-26 20:14:07,787
E1002804,T1000985,AUTHORIZED,2026-09-08 23:46:19,2026-09-08 23:46:23,1570
E1009442,T1003348,AUTHORIZED,2026-09-27 21:05:06,2026-09-27 21:05:07,1403
E1007872,T1002795,AUTHORIZED,2026-09-23 18:56:13,2026-09-23 18:56:19,317
E1001968,T1000689,AUTHORIZED,2026-09-06 12:58:20,2026-09-06 12:58:26,834
E1009502,T1003369,AUTHORIZED,2026-09-27 16:02:25,2026-09-27 16:02:27,560
E1010343,T1003666,AUTHORIZED,2026-09-29 11:28:46,2026-09-29 11:28:49,2023
E1005288,T1001866,AUTHORIZED,2026-09-15 20:13:33,2026-09-15 20:13:37,507
E1005276,T1001862,AUTHORIZED,2026-09-15 11:09:12,2026-09-15 11:09:20,2103
E1000433,T1000152,SETTLED,2026-09-02 11:30:25,2026-09-02 11:30:28,2216
E1004151,T1001459,SETTLED,2026-09-12 08:20:53,2026-09-12 08:20:58,803
E1003051,T1001071,CREATED,2026-09-09 13:05:01,2026-09-09 13:05:07,1911
E1008768,T1003109,SETTLED,2026-09-25 10:47:25,2026-09-25 10:47:31,2436
E1005126,T1001806,SETTLED,2026-09-15 15:57:08,2026-09-15 15:57:17,737
E1010132,T1003592,SETTLED,2026-09-29 17:59:46,2026-09-29 17:59:56,614
E1007768,T1002759,AUTHORIZED,2026-09-22 22:46:21,2026-09-22 22:46:30,2056
E1009943,T1003527,CREATED,2026-09-28 12:01:25,2026-09-28 12:01:26,903
E1001979,T1000693,CREATED,2026-09-06 11:38:15,2026-09-06 11:38:19,1758
E1007173,T1002545,AUTHORIZED,2026-09-21 20:55:53,2026-09-21 20:56:03,1348
E1000966,T1000340,CREATED,2026-09-03 19:08:21,2026-09-03 19:08:29,1168
E1002627,T1000922,SETTLED,2026-09-08 08:24:00,2026-09-08 08:24:08,852
E1004341,T1001526,CREATED,2026-09-13 14:12:43,2026-09-13 14:12:50,2089
E1010439,T1003699,SETTLED,2026-09-29 08:37:28,2026-09-29 08:37:30,1213
E1010240,T1003630,CREATED,2026-09-29 15:34:20,2026-09-29 15:34:21,1897
E1000055,T1000020,AUTHORIZED,2026-09-01 10:36:09,2026-09-01 10:36:12,1637
E1000941,T1000331,SETTLED,2026-09-03 09:17:41,2026-09-03 09:17:47,920
E1004780,T1001682,SETTLED,2026-09-14 17:28:37,2026-09-14 17:28:47,2046
E1004166,T1001464,SETTLED,2026-09-12 13:10:33,2026-09-12 13:10:35,709
E1001336,T1000470,CREATED,2026-09-05 08:25:50,2026-09-05 09:46:50,554
E1010249,T1003633,CREATED,2026-09-29 11:37:13,2026-09-29 11:37:16,2072
E1005216,T1001839,AUTHORIZED,2026-09-15 14:19:42,2026-09-15 14:19:49,1071
E1007120,T1002527,AUTHORIZED,2026-09-20 12:26:32,2026-09-20 12:26:42,1003
E1008500,T1003017,CREATED,2026-09-25 08:58:59,2026-09-25 08:59:09,512
E1000367,T1000129,SETTLED,2026-09-02 10:52:49,2026-09-02 10:52:57,2372
E1007088,T1002516,AUTHORIZED,2026-09-20 20:20:41,2026-09-20 20:20:45,1875
E1008570,T1003041,AUTHORIZED,2026-09-25 10:57:36,2026-09-25 10:57:40,1456
E1000881,T1000310,AUTHORIZED,2026-09-03 09:56:00,2026-09-03 09:56:08,492
E1005730,T1002025,SETTLED,2026-09-17 20:24:07,2026-09-17 20:24:13,2068
E1006213,T1002197,CREATED,2026-09-18 06:46:43,2026-09-18 07:43:43,1655
E1005478,T1001936,CREATED,2026-09-16 23:25:24,2026-09-16 23:25:30,841
E1002074,T1000727,AUTHORIZED,2026-09-06 14:02:37,2026-09-06 14:02:43,577
E1000199,T1000070,AUTHORIZED,2026-09-01 12:28:42,2026-09-01 12:28:44,841
E1003767,T1001324,AUTHORIZED,2026-09-11 18:07:38,2026-09-11 18:07:40,1787
E1004655,T1001637,CREATED,2026-09-14 20:35:14,2026-09-14 20:35:23,759
E1000906,T1000319,AUTHORIZED,2026-09-03 17:52:06,2026-09-03 17:52:15,1937
E1010755,T1003812,CREATED,2026-09-30 21:11:46,2026-09-30 21:11:54,1266
E1003495,T1001227,CREATED,2026-09-11 12:51:08,2026-09-11 12:51:15,1102
E1002399,T1000842,AUTHORIZED,2026-09-07 12:05:21,2026-09-07 12:05:26,1178
E1010738,T1003806,CREATED,2026-09-30 06:39:55,2026-09-30 06:39:58,373
E1007003,T1002485,CREATED,2026-09-20 11:40:46,2026-09-20 11:40:56,567
E1010262,T1003637,AUTHORIZED,2026-09-29 10:11:00,2026-09-29 10:11:06,371
E1008294,T1002943,CREATED,2026-09-24 20:03:31,2026-09-24 20:03:35,395
E1006264,T1002216,CREATED,2026-09-18 07:26:15,2026-09-18 07:26:16,1958
E1002666,T1000937,CREATED,2026-09-08 14:14:23,2026-09-08 14:14:31,1133
E1008116,T1002880,AUTHORIZED,2026-09-23 18:19:32,2026-09-23 18:19:39,1569
E1004022,T1001414,AUTHORIZED,2026-09-12 12:14:06,2026-09-12 12:14:10,1744
E1002112,T1000741,CREATED,2026-09-06 11:43:09,2026-09-06 11:43:13,222
E1009898,T1003511,AUTHORIZED,2026-09-28 15:38:56,2026-09-28 15:39:05,1300
E1007254,T1002574,AUTHORIZED,2026-09-21 13:42:53,2026-09-21 13:42:56,2280
E1008371,T1002971,CREATED,2026-09-24 16:02:31,2026-09-24 16:02:38,506
E1005509,T1001947,CREATED,2026-09-16 07:58:46,2026-09-16 08:26:46,1213
E1004732,T1001665,CREATED,2026-09-14 15:33:57,2026-09-14 15:34:04,1516
E1004439,T1001561,AUTHORIZED,2026-09-13 20:26:35,2026-09-13 20:26:39,745
E1007970,T1002829,CREATED,2026-09-23 12:54:54,2026-09-23 12:54:58,749
E1004202,T1001477,CREATED,2026-09-12 10:47:36,2026-09-12 10:47:37,767
E1004920,T1001731,SETTLED,2026-09-14 21:26:08,2026-09-14 21:26:11,1174
E1008462,T1003003,AUTHORIZED,2026-09-24 19:46:49,2026-09-24 19:46:52,284
E1008308,T1002948,SETTLED,2026-09-24 18:22:21,2026-09-24 18:22:22,1883
E1000953,T1000335,SETTLED,2026-09-03 19:25:12,2026-09-03 19:25:19,847
E1000795,T1000280,CREATED,2026-09-03 08:59:27,2026-09-03 08:59:29,1966
E1010437,T1003699,CREATED,2026-09-29 08:25:28,2026-09-29 08:25:32,1375
E1008202,T1002909,AUTHORIZED,2026-09-24 17:19:26,2026-09-24 17:19:34,897
E1001976,T1000692,CREATED,2026-09-06 16:54:18,2026-09-06 18:05:18,2451
E1006428,T1002275,CREATED,2026-09-19 21:36:20,2026-09-19 21:36:22,141
E1002242,T1000785,AUTHORIZED,2026-09-07 15:00:59,2026-09-07 15:01:08,1354
E1003000,T1001053,SETTLED,2026-09-09 10:04:25,2026-09-09 10:04:31,1506
E1001469,T1000516,SETTLED,2026-09-05 18:53:20,2026-09-05 18:53:27,827
E1002596,T1000912,CREATED,2026-09-08 20:32:50,2026-09-08 20:32:58,641
E1009916,T1003518,CREATED,2026-09-28 10:46:41,2026-09-28 10:46:46,2395
E1002750,T1000966,AUTHORIZED,2026-09-08 18:16:39,2026-09-08 18:16:40,395
E1006481,T1002294,AUTHORIZED,2026-09-19 17:43:13,2026-09-19 17:43:16,2212
E1006873,T1002439,CREATED,2026-09-20 13:25:08,2026-09-20 13:25:09,2321
E1001842,T1000646,CREATED,2026-09-06 12:21:07,2026-09-06 12:21:11,1999
E1006995,T1002482,AUTHORIZED,2026-09-20 10:00:44,2026-09-20 10:00:46,905
E1010003,T1003547,AUTHORIZED,2026-09-28 15:37:24,2026-09-28 15:37:32,2370
E1002099,T1000736,AUTHORIZED,2026-09-06 12:24:49,2026-09-06 12:24:54,559
E1010428,T1003695,SETTLED,2026-09-29 14:34:37,2026-09-29 14:34:40,166
E1006876,T1002440,CREATED,2026-09-20 10:09:01,2026-09-20 10:09:08,1878
E1007185,T1002549,SETTLED,2026-09-21 07:31:55,2026-09-21 07:32:03,451
E1007224,T1002563,AUTHORIZED,2026-09-21 15:25:53,2026-09-21 15:26:01,1488
E1008156,T1002894,CREATED,2026-09-24 09:35:12,2026-09-24 09:35:22,169
E1004234,T1001488,CREATED,2026-09-13 13:03:57,2026-09-13 13:04:06,1905
E1008365,T1002969,CREATED,2026-09-24 20:37:21,2026-09-24 20:37:31,642
E1000956,T1000336,SETTLED,2026-09-03 14:44:54,2026-09-03 14:44:58,1886
E1001934,T1000677,SETTLED,2026-09-06 17:24:35,2026-09-06 17:24:42,2212
E1002743,T1000964,CREATED,2026-09-08 14:00:02,2026-09-08 14:56:02,2104
E1005315,T1001877,CREATED,2026-09-16 12:58:50,2026-09-16 12:58:59,1174
E1007531,T1002674,SETTLED,2026-09-22 21:52:16,2026-09-22 21:52:17,2176
E1003248,T1001140,CREATED,2026-09-10 21:52:52,2026-09-10 21:53:01,1990
E1006630,T1002349,SETTLED,2026-09-19 12:40:25,2026-09-19 12:40:30,538
E1007390,T1002623,SETTLED,2026-09-21 13:42:31,2026-09-21 13:42:36,2493
E1000244,T1000085,SETTLED,2026-09-01 11:27:33,2026-09-01 11:27:40,333
E1003719,T1001305,SETTLED,2026-09-11 12:39:01,2026-09-11 12:39:07,366
E1000977,T1000344,CREATED,2026-09-03 21:45:51,2026-09-03 21:45:58,2351
E1005124,T1001806,CREATED,2026-09-15 13:44:08,2026-09-15 13:44:17,788
E1009202,T1003264,SETTLED,2026-09-26 10:48:34,2026-09-26 10:48:40,782
E1002308,T1000810,CREATED,2026-09-07 20:19:52,2026-09-07 20:19:57,978
E1009522,T1003376,SETTLED,2026-09-27 10:21:37,2026-09-27 10:21:44,2007
E1000188,T1000066,SETTLED,2026-09-01 17:43:42,2026-09-01 17:43:43,847
E1004576,T1001608,SETTLED,2026-09-13 08:51:02,2026-09-13 08:51:05,822
E1000279,T1000098,AUTHORIZED,2026-09-01 17:26:04,2026-09-01 17:26:07,2249
E1004976,T1001751,AUTHORIZED,2026-09-14 23:37:54,2026-09-14 23:38:02,1015
E1009505,T1003370,AUTHORIZED,2026-09-27 13:54:55,2026-09-27 13:55:01,651
E1004911,T1001728,AUTHORIZED,2026-09-14 21:24:54,2026-09-14 21:25:01,2252
E1009888,T1003507,SETTLED,2026-09-28 15:49:53,2026-09-28 15:50:01,2386
E1009227,T1003274,CREATED,2026-09-26 09:58:54,2026-09-26 09:59:00,1579
E1007474,T1002653,SETTLED,2026-09-21 17:24:14,2026-09-21 17:24:24,306
E1005476,T1001935,AUTHORIZED,2026-09-16 15:02:01,2026-09-16 15:02:09,2053
E1008053,T1002858,CREATED,2026-09-23 15:58:58,2026-09-23 15:58:59,1812
E1008895,T1003154,SETTLED,2026-09-26 14:56:10,2026-09-26 14:56:11,437
E1009147,T1003245,SETTLED,2026-09-26 12:28:38,2026-09-26 12:28:48,2196
E1008757,T1003105,FAILED,2026-09-25 16:06:32,2026-09-25 16:06:36,293
E1005852,T1002067,SETTLED,2026-09-17 12:24:11,2026-09-17 12:24:13,1298
E1003802,T1001336,AUTHORIZED,2026-09-11 14:05:17,2026-09-11 14:05:24,2469
E1002969,T1001043,CREATED,2026-09-09 18:48:15,2026-09-09 18:48:22,436
E1003335,T1001170,CREATED,2026-09-10 13:25:41,2026-09-10 13:25:46,1350
E1007004,T1002485,AUTHORIZED,2026-09-20 11:41:00,2026-09-20 11:41:06,518
E1002289,T1000803,AUTHORIZED,2026-09-07 08:26:03,2026-09-07 08:26:11,734
E1005383,T1001900,SETTLED,2026-09-16 17:00:41,2026-09-16 17:00:43,2211
E1006844,T1002429,CREATED,2026-09-20 09:54:07,2026-09-20 09:54:15,556
E1005486,T1001939,CREATED,2026-09-16 09:02:45,2026-09-16 09:02:51,2358
E1002085,T1000731,CREATED,2026-09-06 17:52:28,2026-09-06 17:52:36,1871
E1008209,T1002911,SETTLED,2026-09-24 09:08:09,2026-09-24 09:08:17,1805
E1004447,T1001564,AUTHORIZED,2026-09-13 08:39:24,2026-09-13 08:39:25,872
E1009886,T1003507,CREATED,2026-09-28 15:41:53,2026-09-28 15:41:56,903
E1009089,T1003224,SETTLED,2026-09-26 14:44:03,2026-09-26 14:44:06,1001
E1006601,T1002339,AUTHORIZED,2026-09-19 16:20:28,2026-09-19 16:20:32,1280
E1003972,T1001395,SETTLED,2026-09-12 14:11:09,2026-09-12 14:11:10,1202
E1010590,T1003753,CREATED,2026-09-30 19:38:25,2026-09-30 19:50:25,2465
E1010643,T1003772,AUTHORIZED,2026-09-30 12:20:32,2026-09-30 12:20:42,1112
E1003863,T1001357,CREATED,2026-09-12 12:51:17,2026-09-12 12:51:25,2400
E1003924,T1001378,CREATED,2026-09-12 18:55:42,2026-09-12 18:55:44,1558
E1000807,T1000284,AUTHORIZED,2026-09-03 19:58:28,2026-09-03 19:58:37,1468
E1007222,T1002562,AUTHORIZED,2026-09-21 12:04:34,2026-09-21 12:04:41,1944
E1002948,T1001035,SETTLED,2026-09-09 21:34:33,2026-09-09 21:34:38,992
E1006680,T1002369,CREATED,2026-09-19 14:40:23,2026-09-19 14:40:33,1561
E1007662,T1002722,CREATED,2026-09-22 15:30:43,2026-09-22 15:30:48,1254
E1006929,T1002459,CREATED,2026-09-20 13:32:10,2026-09-20 13:32:17,1071
E1005920,T1002091,AUTHORIZED,2026-09-17 20:21:23,2026-09-17 20:21:24,1528
E1010478,T1003713,SETTLED,2026-09-30 12:50:24,2026-09-30 12:50:29,711
E1009188,T1003259,SETTLED,2026-09-26 19:46:51,2026-09-26 19:46:59,923
E1005581,T1001972,CREATED,2026-09-16 22:15:24,2026-09-16 22:15:25,1373
E1006298,T1002227,AUTHORIZED,2026-09-19 23:05:57,2026-09-19 23:06:07,1260
E1008329,T1002956,CREATED,2026-09-24 15:34:45,2026-09-24 15:34:46,1081
E1008383,T1002975,CREATED,2026-09-24 13:39:58,2026-09-24 13:40:02,1015
E1009925,T1003521,CREATED,2026-09-28 14:22:37,2026-09-28 14:22:38,1029
E1005260,T1001856,CREATED,2026-09-15 12:00:42,2026-09-15 12:00:43,1150
E1006682,T1002369,SETTLED,2026-09-19 15:00:23,2026-09-19 15:00:24,2445
E1002425,T1000851,AUTHORIZED,2026-09-07 09:33:12,2026-09-07 09:33:20,2478
E1000150,T1000053,SETTLED,2026-09-01 07:32:05,2026-09-01 07:32:14,2240
E1009062,T1003215,AUTHORIZED,2026-09-26 14:10:17,2026-09-26 14:10:24,2324
E1003135,T1001100,FAILED,2026-09-09 18:43:56,2026-09-09 18:43:58,2092
E1000682,T1000240,CREATED,2026-09-03 22:23:47,2026-09-03 22:23:57,1591
E1007242,T1002570,CREATED,2026-09-21 18:08:29,2026-09-21 19:17:29,1653
E1010614,T1003761,AUTHORIZED,2026-09-30 09:57:10,2026-09-30 09:57:14,2001
E1008781,T1003114,SETTLED,2026-09-25 12:45:00,2026-09-25 12:45:05,46
E1006116,T1002162,CREATED,2026-09-18 08:43:30,2026-09-18 08:43:35,2452
E1008434,T1002993,AUTHORIZED,2026-09-24 21:22:38,2026-09-24 21:22:44,1199
E1008823,T1003129,SETTLED,2026-09-25 10:49:56,2026-09-25 10:49:59,993
E1009766,T1003463,FAILED,2026-09-28 17:48:37,2026-09-28 17:48:41,227
E1009725,T1003448,AUTHORIZED,2026-09-27 13:55:55,2026-09-27 13:56:00,2066
E1002381,T1000835,SETTLED,2026-09-07 11:43:12,2026-09-07 11:43:14,2043
E1002898,T1001018,AUTHORIZED,2026-09-09 13:45:48,2026-09-09 13:45:56,2361
E1000815,T1000287,AUTHORIZED,2026-09-03 18:27:15,2026-09-03 18:27:25,1601
E1002809,T1000987,CREATED,2026-09-08 09:20:54,2026-09-08 09:21:00,2214
E1007931,T1002816,CREATED,2026-09-23 12:35:19,2026-09-23 12:35:21,1367
E1009706,T1003441,SETTLED,2026-09-27 11:44:22,2026-09-27 11:44:30,215
E1004337,T1001524,SETTLED,2026-09-13 14:54:23,2026-09-13 14:54:31,1753
E1010793,T1003825,SETTLED,2026-09-30 14:52:51,2026-09-30 14:52:57,2464
E1004372,T1001536,SETTLED,2026-09-13 11:52:22,2026-09-13 11:52:28,2019
E1006607,T1002341,SETTLED,2026-09-19 11:20:18,2026-09-19 11:20:24,2193
E1001053,T1000372,CREATED,2026-09-04 19:03:22,2026-09-04 19:03:23,1306
E1008171,T1002899,CREATED,2026-09-24 13:48:16,2026-09-24 13:48:24,2406
E1007987,T1002834,SETTLED,2026-09-23 20:13:38,2026-09-23 20:13:47,2095
E1006861,T1002435,CREATED,2026-09-20 18:27:30,2026-09-20 19:49:30,428
E1005866,T1002072,AUTHORIZED,2026-09-17 08:40:54,2026-09-17 08:40:56,1645
E1000968,T1000340,SETTLED,2026-09-03 20:24:21,2026-09-03 20:24:31,2169
E1006910,T1002452,SETTLED,2026-09-20 19:32:44,2026-09-20 19:32:50,1063
E1008178,T1002901,AUTHORIZED,2026-09-24 15:03:44,2026-09-24 15:03:49,1953
E1003594,T1001261,SETTLED,2026-09-11 15:11:41,2026-09-11 15:11:45,1016
E1002802,T1000984,SETTLED,2026-09-08 12:56:45,2026-09-08 12:56:50,920
E1010274,T1003641,AUTHORIZED,2026-09-29 12:34:18,2026-09-29 12:34:20,1826
E1004865,T1001712,CREATED,2026-09-14 19:55:04,2026-09-14 19:55:14,496
E1004593,T1001614,AUTHORIZED,2026-09-13 19:59:46,2026-09-13 19:59:48,1462
E1007986,T1002834,AUTHORIZED,2026-09-23 19:49:05,2026-09-23 19:49:07,1229
E1004627,T1001627,CREATED,2026-09-13 14:12:49,2026-09-13 14:12:53,917
E1008543,T1003032,CREATED,2026-09-25 12:50:26,2026-09-25 12:50:35,216
E1009557,T1003388,SETTLED,2026-09-27 17:42:19,2026-09-27 17:42:20,997
E1006960,T1002470,CREATED,2026-09-20 14:39:06,2026-09-20 14:39:12,1647
E1008485,T1003011,AUTHORIZED,2026-09-25 18:03:36,2026-09-25 18:03:40,603
E1009332,T1003309,SETTLED,2026-09-27 15:08:33,2026-09-27 15:08:39,527
E1008655,T1003070,SETTLED,2026-09-25 21:55:18,2026-09-25 22:02:18,547
E1000866,T1000305,AUTHORIZED,2026-09-03 11:17:21,2026-09-03 11:46:21,2460
E1008690,T1003082,SETTLED,2026-09-25 09:57:58,2026-09-25 09:58:03,1819
E1009564,T1003391,CREATED,2026-09-27 15:53:59,2026-09-27 15:54:01,259
E1009726,T1003448,SETTLED,2026-09-27 14:04:52,2026-09-27 14:04:57,628
E1009112,T1003233,AUTHORIZED,2026-09-26 23:45:43,2026-09-26 23:45:48,1686
E1001274,T1000449,CREATED,2026-09-04 18:24:29,2026-09-04 19:33:29,2015
E1010780,T1003821,AUTHORIZED,2026-09-30 09:18:52,2026-09-30 09:18:56,49
E1004777,T1001681,FAILED,2026-09-14 21:44:23,2026-09-14 21:44:31,1322
E1003094,T1001086,CREATED,2026-09-09 10:46:13,2026-09-09 11:44:13,1547
E1008048,T1002856,AUTHORIZED,2026-09-23 11:41:36,2026-09-23 11:41:37,2477
E1001762,T1000618,AUTHORIZED,2026-09-06 20:18:03,2026-09-06 20:18:07,772
E1005268,T1001859,CREATED,2026-09-15 15:33:19,2026-09-15 15:33:24,42
E1007464,T1002650,CREATED,2026-09-21 18:38:35,2026-09-21 18:38:39,2339
E1008675,T1003077,SETTLED,2026-09-25 20:30:20,2026-09-25 20:30:22,461
E1001142,T1000404,CREATED,2026-09-04 20:05:48,2026-09-04 20:05:49,2443
E1005327,T1001881,CREATED,2026-09-16 09:31:14,2026-09-16 09:31:22,2198
E1001365,T1000480,CREATED,2026-09-05 19:53:18,2026-09-05 19:53:20,60
E1008449,T1002998,FAILED,2026-09-24 18:41:23,2026-09-24 18:41:24,1076
E1003799,T1001335,AUTHORIZED,2026-09-11 20:28:01,2026-09-11 20:28:07,2237
E1009050,T1003211,CREATED,2026-09-26 20:16:01,2026-09-26 20:16:06,791
E1008147,T1002891,CREATED,2026-09-24 13:36:07,2026-09-24 13:36:09,1266
E1006132,T1002167,SETTLED,2026-09-18 12:41:52,2026-09-18 12:41:58,2071
E1008618,T1003058,CREATED,2026-09-25 10:30:29,2026-09-25 10:30:36,244
E1000532,T1000187,AUTHORIZED,2026-09-02 11:04:59,2026-09-02 11:05:00,1241
E1001057,T1000373,SETTLED,2026-09-04 21:35:38,2026-09-04 21:35:43,1136
E1002139,T1000750,CREATED,2026-09-06 20:51:13,2026-09-06 20:51:21,242
E1006594,T1002336,SETTLED,2026-09-19 10:56:33,2026-09-19 10:56:43,1597
E1002855,T1001003,AUTHORIZED,2026-09-09 18:10:02,2026-09-09 18:10:08,1314
E1002121,T1000744,CREATED,2026-09-06 11:01:10,2026-09-06 11:01:11,497
E1006651,T1002357,AUTHORIZED,2026-09-19 13:58:26,2026-09-19 14:16:26,1535
E1007183,T1002549,CREATED,2026-09-21 07:09:55,2026-09-21 07:09:57,78
E1008701,T1003086,SETTLED,2026-09-25 20:32:01,2026-09-25 20:32:11,2318
E1007997,T1002838,AUTHORIZED,2026-09-23 19:46:16,2026-09-23 19:46:17,1229
E1008970,T1003182,FAILED,2026-09-26 14:35:34,2026-09-26 14:35:37,1449
E1000108,T1000038,AUTHORIZED,2026-09-01 20:22:44,2026-09-01 20:22:50,535
E1005760,T1002036,CREATED,2026-09-17 15:45:51,2026-09-17 15:45:56,1065
E1008849,T1003138,SETTLED,2026-09-26 13:18:18,2026-09-26 13:18:21,2290
E1009791,T1003473,CREATED,2026-09-28 13:29:30,2026-09-28 13:29:36,2388
E1008658,T1003071,SETTLED,2026-09-25 11:57:26,2026-09-25 11:57:31,1548
E1003635,T1001275,SETTLED,2026-09-11 22:41:46,2026-09-11 22:41:56,1660
E1006391,T1002261,CREATED,2026-09-19 20:39:43,2026-09-19 20:39:53,2200
E1003705,T1001300,AUTHORIZED,2026-09-11 10:19:16,2026-09-11 10:19:17,672
E1007816,T1002776,CREATED,2026-09-23 19:59:31,2026-09-23 19:59:38,1810
E1007197,T1002553,SETTLED,2026-09-21 18:43:34,2026-09-21 18:43:36,1636
E1001237,T1000436,CREATED,2026-09-04 17:57:08,2026-09-04 17:57:11,2403
E1001576,T1000554,FAILED,2026-09-05 12:06:27,2026-09-05 12:06:31,2476
E1001482,T1000521,CREATED,2026-09-05 10:09:10,2026-09-05 10:09:18,892
E1009276,T1003290,SETTLED,2026-09-26 09:43:58,2026-09-26 09:44:03,64
E1001933,T1000677,AUTHORIZED,2026-09-06 17:14:57,2026-09-06 17:15:05,2153
E1000892,T1000314,AUTHORIZED,2026-09-03 20:38:35,2026-09-03 20:38:37,683
E1009076,T1003220,AUTHORIZED,2026-09-26 14:26:46,2026-09-26 14:26:49,1054
E1010433,T1003697,SETTLED,2026-09-29 19:47:39,2026-09-29 19:47:43,1840
E1010683,T1003786,AUTHORIZED,2026-09-30 07:09:47,2026-09-30 07:09:51,1841
E1002840,T1000998,AUTHORIZED,2026-09-08 18:17:54,2026-09-08 18:17:58,1520
E1002358,T1000827,AUTHORIZED,2026-09-07 19:50:59,2026-09-07 19:51:00,1160
E1000754,T1000265,AUTHORIZED,2026-09-03 14:28:50,2026-09-03 14:29:00,1648
E1005024,T1001769,CREATED,2026-09-15 13:11:31,2026-09-15 13:11:38,497
E1002835,T1000996,AUTHORIZED,2026-09-08 12:39:56,2026-09-08 12:40:02,2254
E1001032,T1000364,AUTHORIZED,2026-09-04 14:12:49,2026-09-04 14:12:55,702
E1009834,T1003488,SETTLED,2026-09-28 16:36:30,2026-09-28 16:36:36,657
E1007276,T1002583,CREATED,2026-09-21 21:18:51,2026-09-21 21:18:59,1428
E1005384,T1001901,CREATED,2026-09-16 22:52:56,2026-09-16 22:53:02,2376
E1009824,T1003485,AUTHORIZED,2026-09-28 12:29:47,2026-09-28 12:29:57,534
E1010037,T1003559,AUTHORIZED,2026-09-28 13:01:17,2026-09-28 13:01:19,2082
E1010728,T1003802,AUTHORIZED,2026-09-30 12:55:14,2026-09-30 12:55:24,2380
E1004085,T1001436,SETTLED,2026-09-12 20:35:20,2026-09-12 20:35:21,1224
E1007288,T1002587,AUTHORIZED,2026-09-21 08:31:45,2026-09-21 08:31:51,547
E1007379,T1002619,FAILED,2026-09-21 14:45:42,2026-09-21 14:45:45,1988
E1000186,T1000066,CREATED,2026-09-01 17:32:42,2026-09-01 17:32:44,2278
E1004784,T1001684,CREATED,2026-09-14 17:52:07,2026-09-14 17:52:08,2061
E1001049,T1000370,AUTHORIZED,2026-09-04 07:32:28,2026-09-04 07:32:38,1109
E1004981,T1001753,CREATED,2026-09-14 09:46:25,2026-09-14 10:36:25,578
E1002881,T1001012,SETTLED,2026-09-09 16:53:57,2026-09-09 16:54:02,2448
E1009238,T1003277,SETTLED,2026-09-26 17:56:33,2026-09-26 19:00:33,426
E1001186,T1000418,SETTLED,2026-09-04 08:16:10,2026-09-04 08:16:12,389
E1006326,T1002237,CREATED,2026-09-19 09:57:27,2026-09-19 09:57:35,2102
E1000683,T1000240,AUTHORIZED,2026-09-03 22:23:51,2026-09-03 22:23:57,870
E1000762,T1000268,CREATED,2026-09-03 15:46:29,2026-09-03 15:46:37,1106
E1005102,T1001798,CREATED,2026-09-15 18:09:13,2026-09-15 18:09:21,1861
E1009000,T1003193,SETTLED,2026-09-26 18:55:53,2026-09-26 18:55:54,877
E1007557,T1002683,AUTHORIZED,2026-09-22 17:59:49,2026-09-22 17:59:57,1022
E1009671,T1003429,SETTLED,2026-09-27 20:58:25,2026-09-27 20:58:27,413
E1010635,T1003769,AUTHORIZED,2026-09-30 13:47:37,2026-09-30 13:47:44,1134
E1001325,T1000466,AUTHORIZED,2026-09-05 17:16:03,2026-09-05 17:16:08,657
E1001875,T1000657,CREATED,2026-09-06 22:13:42,2026-09-06 22:13:48,559
E1009758,T1003460,SETTLED,2026-09-28 13:52:50,2026-09-28 13:52:55,85
E1007209,T1002557,SETTLED,2026-09-21 19:56:12,2026-09-21 19:56:15,2344
E1003261,T1001144,SETTLED,2026-09-10 12:57:54,2026-09-10 12:57:56,1582
E1000457,T1000160,SETTLED,2026-09-02 18:12:28,2026-09-02 18:12:34,2488
E1003500,T1001228,SETTLED,2026-09-11 17:21:35,2026-09-11 17:21:45,958
E1009914,T1003517,AUTHORIZED,2026-09-28 19:16:04,2026-09-28 19:16:09,915
E1005147,T1001814,AUTHORIZED,2026-09-15 16:23:53,2026-09-15 16:23:56,587
E1000237,T1000083,AUTHORIZED,2026-09-01 19:27:19,2026-09-01 19:27:27,1082
E1007832,T1002781,AUTHORIZED,2026-09-23 21:51:08,2026-09-23 21:51:15,1705
E1003379,T1001185,AUTHORIZED,2026-09-10 11:25:34,2026-09-10 11:25:41,717
E1005525,T1001952,AUTHORIZED,2026-09-16 09:46:42,2026-09-16 09:46:52,93
E1006283,T1002222,AUTHORIZED,2026-09-18 17:06:59,2026-09-18 17:07:08,2002
E1000692,T1000243,AUTHORIZED,2026-09-03 15:14:25,2026-09-03 15:14:29,1118
E1005285,T1001865,AUTHORIZED,2026-09-15 18:05:02,2026-09-15 18:05:06,2275
E1000339,T1000120,AUTHORIZED,2026-09-01 10:37:24,2026-09-01 10:37:33,454
E1010407,T1003688,AUTHORIZED,2026-09-29 15:30:08,2026-09-29 15:30:09,1578
E1001104,T1000391,AUTHORIZED,2026-09-04 08:36:12,2026-09-04 08:36:15,1009
E1004761,T1001675,AUTHORIZED,2026-09-14 15:22:42,2026-09-14 15:22:43,2373
E1002557,T1000899,CREATED,2026-09-08 09:53:14,2026-09-08 09:53:21,1131
E1000343,T1000121,SETTLED,2026-09-02 00:24:23,2026-09-02 01:46:23,2171
E1000577,T1000203,CREATED,2026-09-02 11:10:20,2026-09-02 11:10:22,2377
E1007611,T1002703,AUTHORIZED,2026-09-22 18:26:23,2026-09-22 18:26:26,1276
E1009535,T1003381,CREATED,2026-09-27 08:49:03,2026-09-27 08:49:12,1700
E1006367,T1002252,CREATED,2026-09-19 15:29:50,2026-09-19 15:29:54,118
E1010619,T1003763,CREATED,2026-09-30 16:42:49,2026-09-30 16:42:59,226
E1001756,T1000616,CREATED,2026-09-05 07:00:52,2026-09-05 07:00:57,2324
E1000135,T1000048,AUTHORIZED,2026-09-01 11:41:28,2026-09-01 11:41:38,1311
E1002280,T1000800,CREATED,2026-09-07 13:46:01,2026-09-07 13:46:07,734
E1002687,T1000944,SETTLED,2026-09-08 11:07:17,2026-09-08 11:35:17,575
E1001907,T1000668,CREATED,2026-09-06 17:48:17,2026-09-06 17:48:27,1245
E1000558,T1000196,SETTLED,2026-09-02 18:53:25,2026-09-02 18:53:28,1744
E1003804,T1001337,CREATED,2026-09-11 19:23:33,2026-09-11 19:23:39,1198
E1002610,T1000917,CREATED,2026-09-08 13:01:03,2026-09-08 13:01:07,793
E1008984,T1003188,CREATED,2026-09-26 20:03:51,2026-09-26 20:03:59,1407
E1004027,T1001416,CREATED,2026-09-12 11:53:51,2026-09-12 11:53:54,607
E1003213,T1001128,CREATED,2026-09-10 11:47:42,2026-09-10 11:47:47,765
E1004960,T1001746,CREATED,2026-09-14 17:34:08,2026-09-14 17:34:18,1853
E1001578,T1000555,AUTHORIZED,2026-09-05 13:25:10,2026-09-05 13:25:20,1615
E1008335,T1002958,CREATED,2026-09-24 20:30:46,2026-09-24 20:30:56,68
E1000376,T1000132,SETTLED,2026-09-02 19:38:49,2026-09-02 19:38:57,825
E1006894,T1002446,SETTLED,2026-09-20 11:56:33,2026-09-20 11:56:36,1399
E1009996,T1003545,CREATED,2026-09-28 22:41:09,2026-09-28 22:41:13,1105
E1004506,T1001584,SETTLED,2026-09-13 15:39:23,2026-09-13 15:39:32,2126
E1003471,T1001217,SETTLED,2026-09-10 20:39:18,2026-09-10 20:39:25,1239
E1006555,T1002322,AUTHORIZED,2026-09-19 20:20:22,2026-09-19 21:48:22,1132
E1004074,T1001433,CREATED,2026-09-12 19:13:03,2026-09-12 19:13:12,1315
E1004689,T1001649,AUTHORIZED,2026-09-14 18:41:03,2026-09-14 18:41:05,348
E1008861,T1003142,SETTLED,2026-09-26 08:36:12,2026-09-26 08:36:15,127
E1008436,T1002994,CREATED,2026-09-24 15:23:10,2026-09-24 15:23:17,1864
E1002902,T1001019,SETTLED,2026-09-09 20:53:02,2026-09-09 20:53:06,368
E1010648,T1003774,CREATED,2026-09-30 18:09:45,2026-09-30 18:09:52,1794
E1002597,T1000912,AUTHORIZED,2026-09-08 20:33:17,2026-09-08 20:33:24,1890
E1002216,T1000776,SETTLED,2026-09-07 21:52:04,2026-09-07 21:52:10,1718
E1007851,T1002788,CREATED,2026-09-23 11:08:43,2026-09-23 11:08:46,2399
E1000344,T1000122,CREATED,2026-09-01 13:01:01,2026-09-01 13:01:03,1967
E1010492,T1003718,AUTHORIZED,2026-09-30 10:40:20,2026-09-30 10:40:23,943
E1001602,T1000563,AUTHORIZED,2026-09-05 19:58:41,2026-09-05 19:58:42,951
E1008278,T1002937,CREATED,2026-09-24 13:22:39,2026-09-24 14:07:39,612
E1001490,T1000523,SETTLED,2026-09-05 14:48:59,2026-09-05 14:49:05,1037
E1001583,T1000557,CREATED,2026-09-05 18:00:02,2026-09-05 18:00:11,2172
E1009284,T1003293,AUTHORIZED,2026-09-26 21:29:19,2026-09-26 21:29:20,1980
E1005974,T1002109,SETTLED,2026-09-18 21:41:57,2026-09-18 21:42:07,2441
E1007886,T1002800,CREATED,2026-09-23 19:13:49,2026-09-23 19:13:59,2048
E1002693,T1000947,CREATED,2026-09-08 12:13:34,2026-09-08 12:13:41,2154
E1002237,T1000783,SETTLED,2026-09-07 10:30:36,2026-09-07 10:30:42,873
E1002034,T1000713,CREATED,2026-09-06 15:34:38,2026-09-06 15:34:45,1320
E1005493,T1001941,SETTLED,2026-09-16 13:13:18,2026-09-16 13:13:24,146
E1002956,T1001038,SETTLED,2026-09-09 21:11:38,2026-09-09 21:11:47,2354
E1002211,T1000775,CREATED,2026-09-07 12:16:37,2026-09-07 12:16:44,1644
E1004217,T1001482,AUTHORIZED,2026-09-12 19:24:06,2026-09-12 19:24:11,673
E1004520,T1001589,AUTHORIZED,2026-09-13 19:30:20,2026-09-13 19:30:24,779
E1006730,T1002388,CREATED,2026-09-19 18:43:44,2026-09-19 18:43:48,935
E1004434,T1001559,SETTLED,2026-09-13 09:27:34,2026-09-13 09:27:38,1835
E1005154,T1001817,CREATED,2026-09-15 09:53:16,2026-09-15 09:53:17,2130
E1003627,T1001273,CREATED,2026-09-11 13:16:30,2026-09-11 13:16:34,621
E1006034,T1002132,CREATED,2026-09-18 14:18:14,2026-09-18 14:18:22,1593
E1009550,T1003386,AUTHORIZED,2026-09-27 18:01:20,2026-09-27 18:01:22,402
E1006364,T1002251,CREATED,2026-09-19 19:43:20,2026-09-19 19:43:22,884
E1007732,T1002747,CREATED,2026-09-22 09:34:33,2026-09-22 09:34:35,165
E1010011,T1003550,CREATED,2026-09-28 19:15:36,2026-09-28 19:15:39,1587
E1007263,T1002578,AUTHORIZED,2026-09-21 12:18:13,2026-09-21 12:18:14,1964
E1009827,T1003486,AUTHORIZED,2026-09-28 18:52:14,2026-09-28 18:52:20,884
E1006280,T1002221,AUTHORIZED,2026-09-18 11:14:43,2026-09-18 11:14:52,2497
E1005676,T1002005,SETTLED,2026-09-17 10:50:14,2026-09-17 10:50:23,1249
E1005000,T1001759,AUTHORIZED,2026-09-15 18:29:31,2026-09-15 18:29:39,459
E1004109,T1001444,SETTLED,2026-09-12 20:35:55,2026-09-12 20:36:02,1666
E1005140,T1001811,SETTLED,2026-09-15 17:55:23,2026-09-15 17:55:26,1838
E1003030,T1001063,SETTLED,2026-09-09 13:27:16,2026-09-09 13:27:22,2196
E1004740,T1001668,CREATED,2026-09-14 12:25:22,2026-09-14 12:25:25,1756
E1005534,T1001955,SETTLED,2026-09-16 14:35:15,2026-09-16 14:35:24,564
E1005867,T1002072,SETTLED,2026-09-17 08:49:34,2026-09-17 08:49:39,71
E1002566,T1000902,CREATED,2026-09-08 12:39:45,2026-09-08 12:39:55,1705
E1003245,T1001139,CREATED,2026-09-10 10:54:56,2026-09-10 10:55:04,1406
E1002299,T1000806,SETTLED,2026-09-07 20:52:36,2026-09-07 20:52:44,719
E1004826,T1001699,CREATED,2026-09-14 20:37:10,2026-09-14 20:37:12,1428
E1006433,T1002277,CREATED,2026-09-19 17:31:50,2026-09-19 17:31:51,716
E1000154,T1000055,CREATED,2026-09-01 12:18:54,2026-09-01 12:18:55,1917
E1006831,T1002424,AUTHORIZED,2026-09-20 21:11:26,2026-09-20 21:11:34,2471
E1009776,T1003467,AUTHORIZED,2026-09-28 16:13:19,2026-09-28 16:13:25,2212
E1001405,T1000494,AUTHORIZED,2026-09-05 20:24:51,2026-09-05 20:24:56,1483
E1001840,T1000645,AUTHORIZED,2026-09-06 11:04:00,2026-09-06 11:04:04,427
E1005580,T1001971,SETTLED,2026-09-16 16:47:51,2026-09-16 16:47:54,1888
E1005270,T1001859,SETTLED,2026-09-15 18:28:19,2026-09-15 18:28:24,861
E1008824,T1003130,CREATED,2026-09-25 20:57:37,2026-09-25 20:57:42,1860
E1005211,T1001837,CREATED,2026-09-15 12:33:15,2026-09-15 12:33:19,141
E1000522,T1000184,CREATED,2026-09-02 14:34:34,2026-09-02 14:34:36,1102
E1006934,T1002460,SETTLED,2026-09-20 21:33:15,2026-09-20 23:03:15,1973
E1005705,T1002016,SETTLED,2026-09-17 18:13:18,2026-09-17 18:13:27,904
E1000086,T1000030,SETTLED,2026-09-01 19:24:23,2026-09-01 19:24:31,1756
E1000725,T1000255,CREATED,2026-09-03 08:38:11,2026-09-03 08:38:21,275
E1009968,T1003535,AUTHORIZED,2026-09-28 13:30:42,2026-09-28 13:30:52,408
E1009567,T1003392,CREATED,2026-09-27 09:56:43,2026-09-27 09:56:51,1346
E1009074,T1003219,FAILED,2026-09-26 11:58:30,2026-09-26 11:58:38,1574
E1007636,T1002712,CREATED,2026-09-22 18:30:01,2026-09-22 18:30:09,1465
E1008306,T1002948,CREATED,2026-09-24 17:26:21,2026-09-24 17:26:31,1229
E1001847,T1000647,SETTLED,2026-09-06 14:32:42,2026-09-06 14:32:46,2335
E1002225,T1000779,SETTLED,2026-09-07 16:27:14,2026-09-07 16:27:16,916
E1009975,T1003537,SETTLED,2026-09-28 08:29:01,2026-09-28 08:29:03,1233
E1003215,T1001128,SETTLED,2026-09-10 14:42:42,2026-09-10 14:42:48,1109
E1000717,T1000252,AUTHORIZED,2026-09-03 19:57:59,2026-09-03 21:26:59,52
E1008829,T1003131,SETTLED,2026-09-25 21:22:18,2026-09-25 21:22:23,1771
E1001927,T1000675,AUTHORIZED,2026-09-06 11:44:29,2026-09-06 11:44:31,2251
E1005776,T1002041,AUTHORIZED,2026-09-17 14:24:49,2026-09-17 14:24:56,1277
E1010598,T1003756,CREATED,2026-09-30 19:53:01,2026-09-30 19:53:09,2326
E1004449,T1001565,CREATED,2026-09-13 15:05:20,2026-09-13 15:05:21,2169
E1001050,T1000370,SETTLED,2026-09-04 08:01:23,2026-09-04 08:01:27,1472
E1000148,T1000053,CREATED,2026-09-01 07:13:05,2026-09-01 07:13:08,1869
E1001920,T1000673,CREATED,2026-09-06 08:06:45,2026-09-06 08:06:46,1820
E1006529,T1002312,FAILED,2026-09-19 11:36:25,2026-09-19 11:36:35,1412
E1006406,T1002266,AUTHORIZED,2026-09-19 11:16:09,2026-09-19 11:16:14,1869
E1005217,T1001839,SETTLED,2026-09-15 16:21:38,2026-09-15 16:21:43,81
E1004231,T1001487,CREATED,2026-09-12 16:55:46,2026-09-12 16:55:48,800
E1002710,T1000952,SETTLED,2026-09-08 19:26:34,2026-09-08 19:26:37,1522
E1005502,T1001944,SETTLED,2026-09-16 15:10:40,2026-09-16 15:10:46,583
E1004938,T1001738,CREATED,2026-09-14 19:35:44,2026-09-14 19:35:51,358
E1010640,T1003771,AUTHORIZED,2026-09-30 18:02:42,2026-09-30 18:02:44,180
E1009133,T1003241,CREATED,2026-09-26 12:13:39,2026-09-26 12:13:43,1437
E1004052,T1001425,CREATED,2026-09-12 20:54:05,2026-09-12 20:54:08,2063
E1009331,T1003309,AUTHORIZED,2026-09-27 14:50:50,2026-09-27 14:50:56,805
E1001750,T1000614,CREATED,2026-09-05 17:04:14,2026-09-05 17:49:14,578
E1000392,T1000138,AUTHORIZED,2026-09-02 14:19:34,2026-09-02 14:19:41,1058
E1001523,T1000535,SETTLED,2026-09-05 14:55:00,2026-09-05 14:55:08,650
E1000844,T1000298,CREATED,2026-09-03 13:54:47,2026-09-03 13:54:48,2222
E1000299,T1000106,CREATED,2026-09-01 19:59:31,2026-09-01 19:59:38,418
E1002736,T1000961,SETTLED,2026-09-08 21:01:49,2026-09-08 21:01:57,2375
E1009892,T1003509,AUTHORIZED,2026-09-28 08:48:40,2026-09-28 08:48:50,2357
E1001712,T1000601,CREATED,2026-09-05 14:58:15,2026-09-05 14:58:23,315
E1004913,T1001729,AUTHORIZED,2026-09-14 18:52:54,2026-09-14 18:52:57,810
E1006460,T1002287,CREATED,2026-09-19 12:32:00,2026-09-19 12:32:09,1915
E1001493,T1000525,CREATED,2026-09-05 11:47:44,2026-09-05 11:47:53,954
E1007145,T1002535,SETTLED,2026-09-20 19:27:17,2026-09-20 19:27:21,1835
E1005651,T1001996,CREATED,2026-09-17 12:04:24,2026-09-17 12:04:28,983
E1005905,T1002085,AUTHORIZED,2026-09-17 10:35:02,2026-09-17 10:35:05,1482
E1001946,T1000682,CREATED,2026-09-06 20:58:22,2026-09-06 20:58:27,616
E1006628,T1002349,CREATED,2026-09-19 12:34:25,2026-09-19 12:34:28,918
E1010688,T1003788,AUTHORIZED,2026-09-30 19:48:11,2026-09-30 19:48:20,261
E1009260,T1003285,AUTHORIZED,2026-09-26 17:51:58,2026-09-26 17:52:04,1587
E1008061,T1002861,CREATED,2026-09-23 20:18:24,2026-09-23 20:18:27,1184
E1009924,T1003520,SETTLED,2026-09-28 14:05:23,2026-09-28 14:05:30,2115
E1009174,T1003254,SETTLED,2026-09-26 11:37:53,2026-09-26 11:37:58,611
E1005998,T1002119,CREATED,2026-09-18 18:32:11,2026-09-18 18:32:13,1050
E1007811,T1002774,AUTHORIZED,2026-09-23 15:47:31,2026-09-23 15:47:34,1535
E1004187,T1001471,SETTLED,2026-09-12 21:16:26,2026-09-12 21:16:27,2224
E1009116,T1003234,SETTLED,2026-09-26 14:22:04,2026-09-26 14:55:04,1437
E1004346,T1001528,CREATED,2026-09-13 14:23:49,2026-09-13 14:23:50,1444
E1008023,T1002847,SETTLED,2026-09-23 13:43:20,2026-09-23 13:43:24,2402
E1008844,T1003137,CREATED,2026-09-26 18:02:58,2026-09-26 18:03:03,288
E1001198,T1000423,CREATED,2026-09-04 12:05:55,2026-09-04 12:05:58,962
E1005660,T1001999,SETTLED,2026-09-17 11:47:56,2026-09-17 11:48:06,1511
E1002141,T1000750,SETTLED,2026-09-06 20:56:13,2026-09-06 20:56:14,376
E1007412,T1002632,CREATED,2026-09-21 12:23:53,2026-09-21 12:23:58,1078
E1005359,T1001892,AUTHORIZED,2026-09-16 13:33:31,2026-09-16 13:33:35,1649
E1001858,T1000651,AUTHORIZED,2026-09-06 10:29:45,2026-09-06 10:29:49,852
E1000483,T1000169,SETTLED,2026-09-02 21:26:48,2026-09-02 21:26:49,2098
E1004779,T1001682,AUTHORIZED,2026-09-14 17:14:38,2026-09-14 17:14:43,171
E1008075,T1002866,CREATED,2026-09-23 21:33:06,2026-09-23 21:33:14,840
E1006091,T1002152,CREATED,2026-09-18 10:33:06,2026-09-18 10:33:15,1999
E1003398,T1001192,CREATED,2026-09-10 14:14:23,2026-09-10 14:14:27,457
E1006222,T1002200,CREATED,2026-09-18 19:49:01,2026-09-18 19:49:07,2072
E1008408,T1002984,CREATED,2026-09-24 20:55:07,2026-09-24 20:55:16,2422
E1008165,T1002897,CREATED,2026-09-24 20:21:26,2026-09-24 20:21:32,402
E1005092,T1001794,SETTLED,2026-09-15 10:22:30,2026-09-15 10:22:34,46
E1007476,T1002654,AUTHORIZED,2026-09-21 16:40:00,2026-09-21 16:40:06,2004
E1008411,T1002985,CREATED,2026-09-24 10:09:28,2026-09-24 10:09:36,109
E1004844,T1001705,CREATED,2026-09-14 15:57:32,2026-09-14 15:57:34,252
E1001938,T1000679,CREATED,2026-09-06 12:21:11,2026-09-06 12:21:15,1134
E1007733,T1002747,AUTHORIZED,2026-09-22 09:34:55,2026-09-22 09:35:04,1393
E1004700,T1001653,AUTHORIZED,2026-09-14 19:25:48,2026-09-14 19:25:53,1663
E1009716,T1003445,AUTHORIZED,2026-09-27 15:47:11,2026-09-27 15:47:19,1295
E1009095,T1003227,CREATED,2026-09-26 23:46:51,2026-09-26 23:46:57,498
E1009955,T1003531,CREATED,2026-09-28 11:55:54,2026-09-28 11:55:55,1455
E1000609,T1000214,AUTHORIZED,2026-09-02 15:17:08,2026-09-02 15:17:15,162
E1007028,T1002493,AUTHORIZED,2026-09-20 23:41:33,2026-09-20 23:41:38,710
E1000288,T1000102,CREATED,2026-09-01 19:49:20,2026-09-01 19:49:25,401
E1002349,T1000824,AUTHORIZED,2026-09-07 09:57:33,2026-09-07 09:57:43,500
E1007850,T1002787,SETTLED,2026-09-23 10:32:26,2026-09-23 10:32:32,1704
E1004097,T1001440,SETTLED,2026-09-12 14:31:27,2026-09-12 14:31:35,1720
E1003320,T1001165,CREATED,2026-09-10 11:43:42,2026-09-10 11:43:50,674
E1004775,T1001680,AUTHORIZED,2026-09-14 18:30:25,2026-09-14 18:30:33,502
E1004267,T1001499,SETTLED,2026-09-13 19:53:48,2026-09-13 19:53:55,685
E1006290,T1002224,SETTLED,2026-09-18 16:36:09,2026-09-18 16:36:19,2031
E1003766,T1001324,CREATED,2026-09-11 18:07:25,2026-09-11 18:07:30,1069
E1009798,T1003475,AUTHORIZED,2026-09-28 19:37:09,2026-09-28 19:37:17,2440
E1010016,T1003552,CREATED,2026-09-28 11:37:46,2026-09-28 11:37:49,2097
E1009710,T1003443,CREATED,2026-09-27 19:20:06,2026-09-27 19:20:12,985
E1001599,T1000562,AUTHORIZED,2026-09-05 13:32:42,2026-09-05 13:32:51,1951
E1010805,T1001,SETTLED,2026-09-02 10:12:00,2026-09-02 10:12:10,1802
E1001427,T1000502,AUTHORIZED,2026-09-05 12:07:18,2026-09-05 12:07:20,1551
E1004227,T1001485,SETTLED,2026-09-12 10:38:04,2026-09-12 10:38:14,1413
E1005055,T1001781,CREATED,2026-09-15 13:26:49,2026-09-15 13:26:56,512
E1001615,T1000568,CREATED,2026-09-05 20:06:31,2026-09-05 20:06:33,2384
E1008617,T1003057,FAILED,2026-09-25 21:42:59,2026-09-25 21:43:04,1608
E1004809,T1001693,AUTHORIZED,2026-09-14 20:43:56,2026-09-14 20:43:57,419
E1001792,T1000628,AUTHORIZED,2026-09-06 20:21:09,2026-09-06 20:21:14,1396
E1008341,T1002960,AUTHORIZED,2026-09-24 13:24:25,2026-09-24 13:24:33,847
E1008148,T1002891,AUTHORIZED,2026-09-24 13:36:20,2026-09-24 13:36:22,130
E1006760,T1002399,AUTHORIZED,2026-09-20 19:10:19,2026-09-20 19:10:26,321
E1001902,T1000666,AUTHORIZED,2026-09-06 14:40:51,2026-09-06 14:41:00,844
E1009774,T1003466,SETTLED,2026-09-28 14:25:37,2026-09-28 14:25:41,1986
E1000509,T1000178,SETTLED,2026-09-02 12:27:20,2026-09-02 12:27:29,608
E1010630,T1003767,AUTHORIZED,2026-09-30 18:47:10,2026-09-30 18:47:12,1115
E1004186,T1001471,AUTHORIZED,2026-09-12 20:11:52,2026-09-12 20:11:59,99
E1000629,T1000221,SETTLED,2026-09-02 19:08:58,2026-09-02 19:08:59,1010
E1004789,T1001685,SETTLED,2026-09-14 19:19:48,2026-09-14 19:19:49,2248
E1007800,T1002770,AUTHORIZED,2026-09-22 14:35:06,2026-09-22 14:35:09,695
E1008712,T1003090,AUTHORIZED,2026-09-25 10:57:48,2026-09-25 10:57:55,707
E1010685,T1003787,CREATED,2026-09-30 20:13:11,2026-09-30 20:13:18,2186
E1003673,T1001289,SETTLED,2026-09-11 10:26:40,2026-09-11 10:26:49,1423
E1001710,T1000600,AUTHORIZED,2026-09-05 20:17:44,2026-09-05 20:17:47,1709
E1004684,T1001647,CREATED,2026-09-14 14:40:10,2026-09-14 14:40:17,948
E1006121,T1002163,SETTLED,2026-09-18 17:14:44,2026-09-18 17:14:48,1662
E1005686,T1002009,AUTHORIZED,2026-09-17 15:27:50,2026-09-17 15:27:58,325
E1010251,T1003633,SETTLED,2026-09-29 13:33:13,2026-09-29 13:33:23,2130
E1001213,T1000428,CREATED,2026-09-04 18:35:45,2026-09-04 18:35:54,1143
E1000477,T1000167,SETTLED,2026-09-02 18:58:15,2026-09-02 18:58:20,1504
E1003521,T1001236,AUTHORIZED,2026-09-11 10:42:57,2026-09-11 10:43:04,2394
E1002262,T1000793,CREATED,2026-09-07 21:40:56,2026-09-07 21:41:01,140
E1005080,T1001790,AUTHORIZED,2026-09-15 20:28:58,2026-09-15 20:29:02,556
E1000488,T1000171,AUTHORIZED,2026-09-02 12:15:22,2026-09-02 12:15:32,2165
E1009903,T1003513,CREATED,2026-09-28 11:28:34,2026-09-28 11:28:44,531
E1004485,T1001577,AUTHORIZED,2026-09-13 22:24:37,2026-09-13 22:24:46,1465
E1003120,T1001095,AUTHORIZED,2026-09-09 11:02:42,2026-09-09 11:02:51,486
E1008601,T1003052,CREATED,2026-09-25 20:29:41,2026-09-25 20:29:50,2358
E1002076,T1000728,CREATED,2026-09-06 21:44:11,2026-09-06 21:44:18,1012
E1006959,T1002469,SETTLED,2026-09-20 17:01:46,2026-09-20 17:01:47,666
E1003652,T1001282,CREATED,2026-09-11 13:48:14,2026-09-11 13:48:17,2297
E1006950,T1002466,SETTLED,2026-09-20 13:16:36,2026-09-20 13:16:42,2342
E1010517,T1003726,SETTLED,2026-09-30 12:49:55,2026-09-30 12:50:02,2123
E1009273,T1003289,SETTLED,2026-09-26 18:28:26,2026-09-26 19:33:26,1370
E1001309,T1000461,CREATED,2026-09-04 10:42:46,2026-09-04 10:42:56,2043
E1010764,T1003815,AUTHORIZED,2026-09-30 17:10:51,2026-09-30 17:11:01,1245
E1005564,T1001966,AUTHORIZED,2026-09-16 10:04:35,2026-09-16 10:04:42,2168
E1006548,T1002319,SETTLED,2026-09-19 14:50:58,2026-09-19 14:51:00,1005
E1008603,T1003052,SETTLED,2026-09-25 20:32:41,2026-09-25 20:32:44,1034
E1010027,T1003556,CREATED,2026-09-28 19:27:44,2026-09-28 19:27:51,243
E1003902,T1001370,CREATED,2026-09-12 22:02:39,2026-09-12 22:02:42,263
E1008020,T1002846,SETTLED,2026-09-23 14:05:23,2026-09-23 14:05:31,1278
E1007165,T1002542,AUTHORIZED,2026-09-21 12:22:18,2026-09-21 12:22:20,72
E1008185,T1002903,SETTLED,2026-09-24 14:11:18,2026-09-24 14:11:26,1129
E1000105,T1000037,AUTHORIZED,2026-09-01 21:52:40,2026-09-01 21:52:43,1520
E1003045,T1001069,CREATED,2026-09-09 11:01:59,2026-09-09 11:02:00,1645
E1005279,T1001863,AUTHORIZED,2026-09-15 20:05:26,2026-09-15 20:05:29,1743
E1003998,T1001405,CREATED,2026-09-12 12:05:56,2026-09-12 13:23:56,782
E1008549,T1003034,CREATED,2026-09-25 08:23:37,2026-09-25 08:23:44,1775
E1008333,T1002957,AUTHORIZED,2026-09-24 18:39:06,2026-09-24 18:39:11,2352
E1002240,T1000784,SETTLED,2026-09-08 01:46:50,2026-09-08 01:46:55,1278
E1004174,T1001467,AUTHORIZED,2026-09-12 18:46:28,2026-09-12 18:46:31,456
E1001854,T1000650,CREATED,2026-09-06 17:26:55,2026-09-06 17:26:56,401
E1002680,T1000942,AUTHORIZED,2026-09-08 18:32:47,2026-09-08 18:32:55,2369
E1003476,T1001220,CREATED,2026-09-10 11:36:11,2026-09-10 11:36:19,366
E1010171,T1003606,CREATED,2026-09-29 20:20:20,2026-09-29 20:20:26,2083
E1009785,T1003470,AUTHORIZED,2026-09-28 20:59:36,2026-09-28 20:59:38,1811
E1010777,T1003820,CREATED,2026-09-30 19:24:02,2026-09-30 19:24:10,920
E1000713,T1000250,SETTLED,2026-09-03 22:37:54,2026-09-03 22:38:01,719
E1008512,T1003021,CREATED,2026-09-25 15:44:55,2026-09-25 15:44:59,836
E1007343,T1002606,AUTHORIZED,2026-09-21 13:09:27,2026-09-21 13:09:29,518
E1008350,T1002963,FAILED,2026-09-24 12:11:08,2026-09-24 12:11:16,395
E1008988,T1003189,FAILED,2026-09-26 15:31:40,2026-09-26 15:31:44,1714
E1006740,T1002391,AUTHORIZED,2026-09-19 08:19:54,2026-09-19 08:20:01,532
E1002807,T1000986,AUTHORIZED,2026-09-08 18:04:53,2026-09-08 18:04:57,720
E1003373,T1001183,AUTHORIZED,2026-09-10 15:22:44,2026-09-10 15:22:47,334
E1002168,T1000759,SETTLED,2026-09-06 09:34:03,2026-09-06 09:34:07,1163
E1004240,T1001490,CREATED,2026-09-13 22:14:49,2026-09-13 22:14:53,388
E1003567,T1001252,CREATED,2026-09-11 11:00:32,2026-09-11 11:00:38,283
E1001335,T1000469,SETTLED,2026-09-05 09:38:18,2026-09-05 09:38:23,2393
E1009921,T1003519,SETTLED,2026-09-28 13:16:06,2026-09-28 13:16:13,1263
E1009966,T1003534,SETTLED,2026-09-28 14:08:42,2026-09-28 14:08:52,82
E1001882,T1000659,SETTLED,2026-09-06 12:58:26,2026-09-06 12:58:36,1419
E1005214,T1001838,AUTHORIZED,2026-09-15 11:56:44,2026-09-15 11:56:45,879
E1005853,T1002068,CREATED,2026-09-17 14:35:29,2026-09-17 14:35:36,1391
E1002942,T1001033,AUTHORIZED,2026-09-09 18:32:23,2026-09-09 18:32:32,232
E1005356,T1001891,AUTHORIZED,2026-09-16 11:38:51,2026-09-16 11:38:55,164
E1006385,T1002259,CREATED,2026-09-19 16:18:44,2026-09-19 16:18:48,1986
E1004565,T1001605,CREATED,2026-09-13 15:59:12,2026-09-13 15:59:16,2408
E1005208,T1001835,SETTLED,2026-09-15 19:32:47,2026-09-15 19:32:50,688
E1010678,T1003784,AUTHORIZED,2026-09-30 11:27:30,2026-09-30 11:27:37,252
E1001202,T1000424,AUTHORIZED,2026-09-04 16:37:08,2026-09-04 16:37:17,2237
E1004893,T1001722,AUTHORIZED,2026-09-14 18:45:17,2026-09-14 18:45:21,633
E1002102,T1000737,AUTHORIZED,2026-09-06 11:29:07,2026-09-06 12:08:07,201
E1010562,T1003743,CREATED,2026-09-30 20:02:39,2026-09-30 20:02:40,1089
E1003614,T1001268,SETTLED,2026-09-11 22:46:10,2026-09-11 22:46:14,1913
E1002843,T1000999,AUTHORIZED,2026-09-09 19:05:51,2026-09-09 19:05:54,2387
E1001441,T1000507,AUTHORIZED,2026-09-05 08:01:17,2026-09-05 08:01:19,2224
E1006619,T1002345,SETTLED,2026-09-19 12:49:00,2026-09-19 12:49:09,2174
E1001928,T1000675,SETTLED,2026-09-06 13:37:03,2026-09-06 13:37:07,1691
E1007642,T1002714,AUTHORIZED,2026-09-22 18:31:11,2026-09-22 18:31:18,49
E1005246,T1001850,FAILED,2026-09-15 20:19:14,2026-09-15 20:19:23,857
E1004923,T1001732,SETTLED,2026-09-14 12:15:35,2026-09-14 12:15:36,1606
E1001330,T1000468,CREATED,2026-09-05 11:04:23,2026-09-05 11:04:32,1099
E1005711,T1002018,SETTLED,2026-09-17 19:27:23,2026-09-17 19:27:26,520
E1009046,T1003209,AUTHORIZED,2026-09-26 19:51:18,2026-09-26 19:51:24,2400
E1002526,T1000887,FAILED,2026-09-08 12:50:04,2026-09-08 12:50:07,1362
E1002774,T1000974,SETTLED,2026-09-08 14:01:58,2026-09-08 14:02:01,2185
E1008315,T1002951,AUTHORIZED,2026-09-24 14:34:42,2026-09-24 14:34:49,2432
E1005403,T1001908,CREATED,2026-09-16 14:53:31,2026-09-16 14:53:38,1481
E1006563,T1002325,CREATED,2026-09-19 18:48:16,2026-09-19 18:48:17,813
E1006268,T1002217,AUTHORIZED,2026-09-18 19:27:53,2026-09-18 19:28:01,2218
E1004084,T1001436,AUTHORIZED,2026-09-12 20:32:36,2026-09-12 20:32:45,1448
E1009346,T1003314,SETTLED,2026-09-27 14:21:53,2026-09-27 14:21:54,1140
E1000036,T1000013,SETTLED,2026-09-01 06:51:45,2026-09-01 06:51:50,2468
E1005646,T1001994,CREATED,2026-09-17 14:22:19,2026-09-17 14:22:21,788
E1010499,T1003720,SETTLED,2026-09-30 08:22:58,2026-09-30 08:23:08,323
E1005386,T1001901,SETTLED,2026-09-16 23:04:56,2026-09-16 23:05:03,615
E1005857,T1002069,AUTHORIZED,2026-09-17 12:00:29,2026-09-17 12:00:39,2273
E1005200,T1001833,CREATED,2026-09-15 14:22:48,2026-09-15 14:22:57,1581
E1003731,T1001311,CREATED,2026-09-11 13:30:04,2026-09-11 13:30:08,2156
E1008852,T1003139,SETTLED,2026-09-26 07:17:20,2026-09-26 08:19:20,1524
E1007953,T1002823,AUTHORIZED,2026-09-23 22:36:45,2026-09-23 22:36:54,1211
E1007344,T1002606,SETTLED,2026-09-21 15:36:58,2026-09-21 15:37:01,992
E1000779,T1000274,CREATED,2026-09-03 15:49:35,2026-09-03 15:49:43,295
E1000561,T1000197,SETTLED,2026-09-02 18:23:23,2026-09-02 18:23:24,2208
E1006483,T1002295,AUTHORIZED,2026-09-19 11:08:29,2026-09-19 11:08:33,1206
E1010339,T1003665,CREATED,2026-09-29 17:59:45,2026-09-29 17:59:49,1740
E1005239,T1001847,SETTLED,2026-09-15 20:24:30,2026-09-15 20:24:32,1320
E1008907,T1003159,AUTHORIZED,2026-09-26 08:48:14,2026-09-26 08:48:20,302
E1002895,T1001017,AUTHORIZED,2026-09-09 12:10:07,2026-09-09 12:10:16,1768
E1009108,T1003232,CREATED,2026-09-26 13:34:58,2026-09-26 13:35:04,1408
E1009007,T1003196,CREATED,2026-09-26 11:35:27,2026-09-26 11:35:28,1675
E1009229,T1003274,SETTLED,2026-09-26 10:24:54,2026-09-26 10:25:03,1713
E1000942,T1000332,CREATED,2026-09-03 18:12:25,2026-09-03 18:12:27,1699
E1000447,T1000157,AUTHORIZED,2026-09-02 08:33:48,2026-09-02 08:33:57,2205
E1009317,T1003304,SETTLED,2026-09-27 17:07:27,2026-09-27 17:07:30,1909
E1001682,T1000591,CREATED,2026-09-05 21:25:35,2026-09-05 21:25:43,484
E1002127,T1000746,CREATED,2026-09-06 17:31:48,2026-09-06 17:31:57,748
E1004813,T1001694,SETTLED,2026-09-14 11:27:00,2026-09-14 11:27:10,68
E1002890,T1001015,SETTLED,2026-09-09 12:04:06,2026-09-09 12:04:11,1361
E1005074,T1001788,AUTHORIZED,2026-09-15 12:37:20,2026-09-15 12:37:26,331
E1002737,T1000962,CREATED,2026-09-08 09:20:50,2026-09-08 09:20:54,426
E1008584,T1003046,CREATED,2026-09-25 11:23:22,2026-09-25 11:23:25,2391
E1006762,T1002400,CREATED,2026-09-20 16:07:26,2026-09-20 16:07:32,2066
E1002600,T1000913,AUTHORIZED,2026-09-08 07:35:03,2026-09-08 07:35:04,1764
E1002988,T1001049,SETTLED,2026-09-09 09:31:58,2026-09-09 09:32:05,1310
E1010440,T1003700,CREATED,2026-09-29 10:11:36,2026-09-29 10:11:42,854
E1008288,T1002941,CREATED,2026-09-24 06:45:37,2026-09-24 06:45:39,699
E1002022,T1000708,FAILED,2026-09-06 08:58:53,2026-09-06 08:59:03,1660
E1000190,T1000067,AUTHORIZED,2026-09-01 12:37:04,2026-09-01 12:37:09,2339
E1009472,T1003359,AUTHORIZED,2026-09-27 12:09:33,2026-09-27 12:09:39,611
E1001816,T1000637,CREATED,2026-09-06 08:07:16,2026-09-06 08:07:20,2407
E1010615,T1003761,SETTLED,2026-09-30 10:14:40,2026-09-30 10:14:47,456
E1006257,T1002213,AUTHORIZED,2026-09-18 11:54:38,2026-09-18 11:54:47,1887
E1005811,T1002053,CREATED,2026-09-17 20:18:09,2026-09-17 20:18:11,443
E1001199,T1000423,AUTHORIZED,2026-09-04 12:06:01,2026-09-04 12:06:06,1804
E1004381,T1001540,CREATED,2026-09-13 09:39:19,2026-09-13 09:39:23,916
E1005313,T1001876,AUTHORIZED,2026-09-16 09:23:18,2026-09-16 09:23:26,2208
E1005067,T1001785,AUTHORIZED,2026-09-15 20:34:15,2026-09-15 20:34:18,79
E1009483,T1003363,CREATED,2026-09-27 13:29:25,2026-09-27 13:29:30,173
E1007561,T1002685,AUTHORIZED,2026-09-22 11:02:42,2026-09-22 11:02:45,2273
E1010636,T1003769,SETTLED,2026-09-30 16:21:14,2026-09-30 16:21:23,836
E1001139,T1000403,CREATED,2026-09-04 18:13:02,2026-09-04 18:13:12,2099
E1004660,T1001638,SETTLED,2026-09-14 20:54:07,2026-09-14 20:54:10,1941
E1002432,T1000854,CREATED,2026-09-07 19:36:02,2026-09-07 19:36:03,2476
E1005560,T1001965,CREATED,2026-09-16 17:40:39,2026-09-16 17:40:45,1597
E1005740,T1002029,CREATED,2026-09-17 18:36:25,2026-09-17 18:36:28,2356
E1005329,T1001881,SETTLED,2026-09-16 09:41:14,2026-09-16 09:41:19,1648
E1005784,T1002044,CREATED,2026-09-17 09:59:17,2026-09-17 09:59:21,387
E1006030,T1002130,SETTLED,2026-09-18 10:24:24,2026-09-18 10:24:26,1767
E1007696,T1002734,AUTHORIZED,2026-09-22 20:23:01,2026-09-22 20:23:06,1224
E1006304,T1002229,AUTHORIZED,2026-09-19 06:42:33,2026-09-19 06:42:37,821
E1008788,T1003117,FAILED,2026-09-25 11:55:02,2026-09-25 11:55:10,1942
E1007151,T1002537,SETTLED,2026-09-21 16:14:52,2026-09-21 16:15:00,1729
E1010133,T1003593,CREATED,2026-09-29 19:14:11,2026-09-29 19:14:16,2329
E1002735,T1000961,AUTHORIZED,2026-09-08 20:50:54,2026-09-08 20:50:59,761
E1009525,T1003377,SETTLED,2026-09-27 08:44:16,2026-09-27 08:44:21,84
E1004631,T1001628,SETTLED,2026-09-13 18:41:21,2026-09-13 18:41:22,786
E1001657,T1000582,AUTHORIZED,2026-09-05 12:25:51,2026-09-05 12:25:53,1413
E1002543,T1000894,CREATED,2026-09-08 18:52:58,2026-09-08 18:52:59,1074
E1009105,T1003230,AUTHORIZED,2026-09-26 17:48:29,2026-09-26 17:48:32,916
E1010242,T1003630,SETTLED,2026-09-29 15:42:20,2026-09-29 15:42:29,67
E1009988,T1003542,AUTHORIZED,2026-09-28 10:55:21,2026-09-28 10:55:27,2182
E1007961,T1002826,CREATED,2026-09-23 10:17:02,2026-09-23 10:17:12,176
E1006954,T1002468,CREATED,2026-09-20 10:33:15,2026-09-20 10:33:16,2314
E1007666,T1002723,SETTLED,2026-09-22 18:20:18,2026-09-22 18:20:26,1078
E1009226,T1003273,FAILED,2026-09-26 19:21:23,2026-09-26 19:21:31,2488
E1003888,T1001365,AUTHORIZED,2026-09-12 17:58:55,2026-09-12 17:58:56,452
E1007171,T1002544,AUTHORIZED,2026-09-21 19:56:59,2026-09-21 19:57:02,504
E1007139,T1002533,SETTLED,2026-09-20 09:30:45,2026-09-20 09:30:48,802
E1009080,T1003221,SETTLED,2026-09-26 10:19:51,2026-09-26 10:19:58,1948
E1003551,T1001246,SETTLED,2026-09-12 00:06:57,2026-09-12 00:07:05,527
E1006013,T1002124,SETTLED,2026-09-18 12:18:10,2026-09-18 12:18:20,1208
E1005030,T1001771,AUTHORIZED,2026-09-15 10:43:16,2026-09-15 10:43:21,2387
E1000085,T1000030,AUTHORIZED,2026-09-01 17:50:25,2026-09-01 17:50:32,816
E1001614,T1000567,SETTLED,2026-09-05 20:08:06,2026-09-05 20:08:09,2053
E1000644,T1000226,SETTLED,2026-09-02 13:56:13,2026-09-02 13:56:18,1363
E1010557,T1003741,CREATED,2026-09-30 19:55:43,2026-09-30 19:55:51,855
E1008176,T1002900,SETTLED,2026-09-24 21:35:11,2026-09-24 21:35:17,576
E1001698,T1000596,AUTHORIZED,2026-09-05 09:26:09,2026-09-05 09:26:12,513
E1008380,T1002974,CREATED,2026-09-24 09:05:40,2026-09-24 09:05:49,1305
E1006776,T1002404,SETTLED,2026-09-20 11:49:55,2026-09-20 11:50:01,465
E1006383,T1002258,CREATED,2026-09-19 13:01:55,2026-09-19 13:02:04,2177
E1010638,T1003770,AUTHORIZED,2026-09-30 19:06:51,2026-09-30 19:06:57,1254
E1006989,T1002480,CREATED,2026-09-20 09:45:39,2026-09-20 09:45:45,2050
E1009474,T1003360,CREATED,2026-09-27 20:39:32,2026-09-27 20:39:40,724
E1009672,T1003430,CREATED,2026-09-27 15:42:09,2026-09-27 15:42:17,135
E1001437,T1000506,CREATED,2026-09-05 13:37:53,2026-09-05 13:37:54,1310
E1004764,T1001676,AUTHORIZED,2026-09-14 10:47:58,2026-09-14 10:48:01,2296
E1006225,T1002201,AUTHORIZED,2026-09-18 12:49:39,2026-09-18 12:49:48,370
E1004342,T1001526,AUTHORIZED,2026-09-13 14:12:54,2026-09-13 14:13:02,882
E1009366,T1003321,AUTHORIZED,2026-09-27 19:15:13,2026-09-27 19:15:17,954
E1009020,T1003200,SETTLED,2026-09-26 12:34:52,2026-09-26 12:35:02,605
E1009823,T1003485,CREATED,2026-09-28 12:29:25,2026-09-28 12:29:30,1015
E1008089,T1002871,CREATED,2026-09-23 07:38:42,2026-09-23 07:38:52,1134
E1001884,T1000660,AUTHORIZED,2026-09-06 20:42:44,2026-09-06 20:42:54,2116
E1006938,T1002462,CREATED,2026-09-20 20:00:31,2026-09-20 20:00:32,1693
E1002172,T1000761,CREATED,2026-09-06 12:50:15,2026-09-06 13:31:15,241
E1009343,T1003313,SETTLED,2026-09-27 18:48:15,2026-09-27 18:48:23,283
E1002466,T1000865,SETTLED,2026-09-07 14:38:13,2026-09-07 14:38:23,1007
E1008505,T1003018,SETTLED,2026-09-25 15:34:32,2026-09-25 15:34:42,616
E1001362,T1000479,CREATED,2026-09-05 07:46:50,2026-09-05 09:10:50,1733
E1006098,T1002155,CREATED,2026-09-18 14:45:24,2026-09-18 14:45:25,134
E1010693,T1003790,CREATED,2026-09-30 09:35:09,2026-09-30 09:35:12,2016
E1010239,T1003629,SETTLED,2026-09-29 18:56:49,2026-09-29 18:56:59,1142
E1003169,T1001112,AUTHORIZED,2026-09-10 15:21:13,2026-09-10 15:21:17,1666
E1002435,T1000855,CREATED,2026-09-07 10:44:19,2026-09-07 10:44:21,1220
E1004025,T1001415,AUTHORIZED,2026-09-12 16:45:35,2026-09-12 16:45:43,1554
E1004454,T1001567,CREATED,2026-09-13 12:33:06,2026-09-13 12:33:08,1324
E1003211,T1001127,CREATED,2026-09-10 15:07:26,2026-09-10 15:07:33,1525
E1008669,T1003075,FAILED,2026-09-25 08:08:00,2026-09-25 08:08:07,1697
E1010034,T1003558,AUTHORIZED,2026-09-28 23:23:17,2026-09-28 23:23:21,59
E1006484,T1002296,CREATED,2026-09-19 17:36:38,2026-09-19 17:36:40,1161
E1008359,T1002966,SETTLED,2026-09-24 20:15:32,2026-09-24 20:15:41,548
E1000586,T1000206,AUTHORIZED,2026-09-02 14:50:19,2026-09-02 14:50:22,568
E1000853,T1000301,CREATED,2026-09-03 19:09:13,2026-09-03 19:09:15,333
E1005659,T1001999,AUTHORIZED,2026-09-17 11:30:17,2026-09-17 11:30:24,1308
E1006008,T1002123,CREATED,2026-09-18 11:23:13,2026-09-18 11:44:13,2223
E1001543,T1000542,FAILED,2026-09-05 16:52:38,2026-09-05 16:52:47,818
E1004973,T1001750,AUTHORIZED,2026-09-14 16:17:47,2026-09-14 16:17:49,1543
E1007761,T1002757,CREATED,2026-09-22 10:37:40,2026-09-22 12:07:40,336
E1000784,T1000275,SETTLED,2026-09-03 13:51:29,2026-09-03 13:51:33,1095
E1007981,T1002832,SETTLED,2026-09-23 17:34:34,2026-09-23 17:34:43,2480
E1000857,T1000302,AUTHORIZED,2026-09-03 12:51:20,2026-09-03 12:51:30,374
E1004361,T1001533,CREATED,2026-09-13 13:26:48,2026-09-13 13:26:51,2387
E1009912,T1003516,AUTHORIZED,2026-09-28 15:24:46,2026-09-28 15:24:55,1092
E1002609,T1000916,SETTLED,2026-09-08 11:15:20,2026-09-08 11:15:22,1863
E1003315,T1001163,AUTHORIZED,2026-09-10 09:49:16,2026-09-10 09:49:24,2271
E1004335,T1001524,CREATED,2026-09-13 14:40:23,2026-09-13 14:40:32,756
E1001994,T1000698,CREATED,2026-09-06 08:46:54,2026-09-06 08:46:55,883
E1005708,T1002017,SETTLED,2026-09-17 10:42:59,2026-09-17 10:43:09,2436
E1003922,T1001377,AUTHORIZED,2026-09-12 11:06:27,2026-09-12 11:06:37,814
E1007924,T1002813,FAILED,2026-09-23 10:27:09,2026-09-23 10:27:10,220
E1008180,T1002902,CREATED,2026-09-24 19:27:48,2026-09-24 19:27:51,223
E1007169,T1002543,SETTLED,2026-09-21 19:35:56,2026-09-21 19:36:01,826
E1010624,T1003765,CREATED,2026-09-30 17:36:07,2026-09-30 17:36:09,1919
E1010592,T1003753,SETTLED,2026-09-30 19:43:25,2026-09-30 20:21:25,239
E1008525,T1003025,SETTLED,2026-09-25 16:35:53,2026-09-25 16:36:02,1240
E1008050,T1002857,CREATED,2026-09-23 09:01:12,2026-09-23 09:01:15,1905
E1000643,T1000226,AUTHORIZED,2026-09-02 13:32:26,2026-09-02 13:32:27,1391
E1000308,T1000109,CREATED,2026-09-01 08:04:00,2026-09-01 08:04:06,1586
E1006200,T1002192,SETTLED,2026-09-18 12:34:38,2026-09-18 12:34:45,1570
E1005061,T1001783,AUTHORIZED,2026-09-15 17:13:14,2026-09-15 17:13:21,1548
E1003297,T1001157,AUTHORIZED,2026-09-10 17:18:52,2026-09-10 17:19:01,2044
E1007849,T1002787,AUTHORIZED,2026-09-23 10:24:50,2026-09-23 10:25:00,531
E1002406,T1000845,CREATED,2026-09-07 19:07:39,2026-09-07 19:07:46,480
E1008672,T1003076,SETTLED,2026-09-25 08:54:43,2026-09-25 08:54:51,1791
E1001474,T1000518,AUTHORIZED,2026-09-05 19:24:33,2026-09-05 19:24:37,956
E1002057,T1000721,CREATED,2026-09-06 20:59:03,2026-09-06 20:59:13,868
E1002341,T1000821,AUTHORIZED,2026-09-07 15:37:51,2026-09-07 15:37:59,2126
E1008170,T1002898,SETTLED,2026-09-24 17:16:05,2026-09-24 17:16:15,1787
E1001423,T1000500,SETTLED,2026-09-05 11:19:32,2026-09-05 11:19:40,1114
E1001208,T1000426,AUTHORIZED,2026-09-04 18:58:28,2026-09-04 18:58:32,711
E1009693,T1003437,AUTHORIZED,2026-09-27 18:39:30,2026-09-27 18:39:31,58
E1008361,T1002967,AUTHORIZED,2026-09-24 13:40:08,2026-09-24 13:40:16,1895
E1008604,T1003053,CREATED,2026-09-25 08:48:53,2026-09-25 08:49:03,1583
E1006586,T1002333,AUTHORIZED,2026-09-19 21:03:44,2026-09-19 21:03:54,285
E1001616,T1000568,AUTHORIZED,2026-09-05 20:06:53,2026-09-05 20:07:01,2442
E1010345,T1003667,CREATED,2026-09-29 15:09:16,2026-09-29 15:09:21,415
E1007112,T1002524,SETTLED,2026-09-20 16:02:18,2026-09-20 16:02:26,1690
E1001932,T1000677,CREATED,2026-09-06 17:14:35,2026-09-06 17:14:37,2402
E1009747,T1003456,AUTHORIZED,2026-09-28 18:42:43,2026-09-28 18:42:47,1067
E1003956,T1001390,CREATED,2026-09-12 14:01:58,2026-09-12 14:01:59,213
E1007136,T1002532,SETTLED,2026-09-20 13:10:51,2026-09-20 13:10:58,139
E1009459,T1003355,CREATED,2026-09-27 09:41:54,2026-09-27 09:41:56,1030
E1000253,T1000089,CREATED,2026-09-01 16:23:18,2026-09-01 16:23:22,177
E1008777,T1003113,AUTHORIZED,2026-09-25 17:25:30,2026-09-25 17:25:35,1241
E1003819,T1001342,AUTHORIZED,2026-09-12 10:00:24,2026-09-12 10:00:34,2265
E1003523,T1001237,CREATED,2026-09-11 08:05:56,2026-09-11 08:06:05,327
E1006491,T1002298,SETTLED,2026-09-19 12:43:39,2026-09-19 12:43:47,1291
E1005731,T1002026,CREATED,2026-09-17 17:36:19,2026-09-17 17:36:22,98
E1001187,T1000419,CREATED,2026-09-04 22:29:51,2026-09-04 22:29:55,779
E1003289,T1001154,FAILED,2026-09-10 20:01:22,2026-09-10 20:01:31,2205
E1009064,T1003216,CREATED,2026-09-26 15:03:39,2026-09-26 15:03:45,209
E1003178,T1001115,AUTHORIZED,2026-09-10 16:48:28,2026-09-10 16:48:32,401
E1006759,T1002399,CREATED,2026-09-20 19:09:55,2026-09-20 19:09:58,2245
E1003941,T1001384,CREATED,2026-09-12 20:23:02,2026-09-12 20:23:05,1863
E1008668,T1003075,CREATED,2026-09-25 08:07:50,2026-09-25 08:07:52,949
E1000993,T1000349,AUTHORIZED,2026-09-03 08:56:59,2026-09-03 08:57:00,2141
E1005456,T1001928,CREATED,2026-09-16 10:04:48,2026-09-16 10:04:57,1431
