settlement_id,transaction_id,settlement_ts,settlement_amount,settlement_status,settlement_batch
S1000001,T1000001,2026-09-01 20:02:53,3027.38,SETTLED,SB20260901PM
S1000002,T1000001,2026-09-01 20:06:53,756.84,SETTLED,SB20260901PM
S1000003,T1000002,2026-09-01 19:35:44,83519.53,SETTLED,SB20260901PM
S1000004,T1000003,2026-09-01 13:19:10,10607.49,SETTLED,SB20260901PM
S1000005,T1000004,2026-09-01 23:53:58,22793.18,SETTLED,SB20260901PM
S1000006,T1000005,2026-09-01 09:20:02,12313.43,SETTLED,SB20260901AM
S1000007,T1000005,2026-09-01 09:24:02,3078.36,SETTLED,SB20260901AM
S1000008,T1000007,2026-09-01 22:41:46,7519.39,SETTLED,SB20260901PM
S1000009,T1000008,2026-09-01 15:57:09,17445.61,SETTLED,SB20260901PM
S1000010,T1000010,2026-09-01 21:43:29,15500.52,SETTLED,SB20260901PM
S1000011,T1000012,2026-09-01 17:26:29,4501.24,SETTLED,SB20260901PM
S1000012,T1000013,2026-09-01 06:51:45,53809.57,SETTLED,SB20260901AM
S1000013,T1000015,2026-09-02 01:07:14,25289.96,SETTLED,SB20260902AM
S1000014,T1000016,2026-09-01 19:33:01,10107.56,SETTLED,SB20260901PM
S1000015,T1000017,2026-09-01 09:43:02,23756.53,SETTLED,SB20260901AM
S1000016,T1000017,2026-09-01 09:47:02,5939.13,SETTLED,SB20260901AM
S1000017,T1000018,2026-09-01 10:04:49,37266.24,SETTLED,SB20260901AM
S1000018,T1000019,2026-09-01 19:40:09,2156.11,SETTLED,SB20260901PM
S1000019,T1000020,2026-09-01 10:56:05,25245.90,SETTLED,SB20260901AM
S1000020,T1000021,2026-09-01 12:19:16,23138.19,SETTLED,SB20260901PM
S1000021,T1000022,2026-09-01 18:46:25,48274.31,SETTLED,SB20260901PM
S1000022,T1000023,2026-09-01 19:12:36,39744.17,SETTLED,SB20260901PM
S1000023,T1000024,2026-09-01 15:46:50,35064.29,SETTLED,SB20260901PM
S1000024,T1000025,2026-09-01 15:07:43,2031.86,SETTLED,SB20260901PM
S1000025,T1000026,2026-09-01 07:32:22,3622.73,SETTLED,SB20260901AM
S1000026,T1000027,2026-09-01 19:27:31,9862.55,SETTLED,SB20260901PM
S1000027,T1000028,2026-09-01 10:35:46,361.96,SETTLED,SB20260901AM
S1000028,T1000029,2026-09-01 20:22:18,4264.31,SETTLED,SB20260901PM
S1000029,T1000030,2026-09-01 19:24:23,72937.61,SETTLED,SB20260901PM
S1000030,T1000031,2026-09-01 11:44:33,39074.63,SETTLED,SB20260901AM
S1000031,T1000033,2026-09-01 07:46:21,1663.50,SETTLED,SB20260901AM
S1000032,T1000034,2026-09-01 08:27:44,2669.12,SETTLED,SB20260901AM
S1000033,T1000035,2026-09-01 12:37:09,14116.87,SETTLED,SB20260901PM
S1000034,T1000035,2026-09-01 12:41:09,3529.22,SETTLED,SB20260901PM
S1000035,T1000036,2026-09-01 13:18:49,5582.18,SETTLED,SB20260901PM
S1000036,T1000037,2026-09-01 22:13:27,79375.68,SETTLED,SB20260901PM
S1000037,T1000039,2026-09-01 15:38:12,4906.29,SETTLED,SB20260901PM
S1000038,T1000041,2026-09-01 20:13:25,3368.15,SETTLED,SB20260901PM
S1000039,T1000041,2026-09-01 20:17:25,842.04,SETTLED,SB20260901PM
S1000040,T1000042,2026-09-01 19:06:36,2998.59,SETTLED,SB20260901PM
S1000041,T1000043,2026-09-01 13:45:06,32784.93,SETTLED,SB20260901PM
S1000042,T1000045,2026-09-01 19:55:15,54581.40,SETTLED,SB20260901PM
S1000043,T1000046,2026-09-01 20:00:49,3890.32,SETTLED,SB20260901PM
S1000044,T1000047,2026-09-01 11:34:13,1318.02,SETTLED,SB20260901AM
S1000045,T1000048,2026-09-01 11:54:10,17829.02,SETTLED,SB20260901AM
S1000046,T1000049,2026-09-01 10:16:56,2983.37,SETTLED,SB20260901AM
S1000047,T1000050,2026-09-01 21:03:08,4722.86,SETTLED,SB20260901PM
S1000048,T1000051,2026-09-01 22:07:47,2770.42,SETTLED,SB20260901PM
S1000049,T1000053,2026-09-01 07:28:05,493.79,SETTLED,SB20260901AM
S1000050,T1000053,2026-09-01 07:32:05,123.45,SETTLED,SB20260901AM
S1000051,T1000054,2026-09-01 20:11:02,4634.26,SETTLED,SB20260901PM
S1000052,T1000056,2026-09-01 08:36:17,80741.90,SETTLED,SB20260901AM
S1000053,T1000057,2026-09-01 11:14:07,2428.41,SETTLED,SB20260901AM
S1000054,T1000058,2026-09-01 19:12:46,2175.93,SETTLED,SB20260901PM
S1000055,T1000059,2026-09-01 20:22:27,20684.12,SETTLED,SB20260901PM
S1000056,T1000060,2026-09-01 19:38:30,1337.82,SETTLED,SB20260901PM
S1000057,T1000061,2026-09-01 17:03:28,5971.30,SETTLED,SB20260901PM
S1000058,T1000062,2026-09-01 10:14:16,15439.88,SETTLED,SB20260901AM
S1000059,T1000062,2026-09-01 10:18:16,3859.97,SETTLED,SB20260901AM
S1000060,T1000063,2026-09-01 19:21:39,31277.36,SETTLED,SB20260901PM
S1000061,T1000064,2026-09-01 18:53:09,15695.29,SETTLED,SB20260901PM
S1000062,T1000065,2026-09-01 09:53:59,1874.43,SETTLED,SB20260901AM
S1000063,T1000066,2026-09-01 17:39:42,1148.66,SETTLED,SB20260901PM
S1000064,T1000066,2026-09-01 17:43:42,287.16,SETTLED,SB20260901PM
S1000065,T1000067,2026-09-01 12:54:48,242.49,SETTLED,SB20260901PM
S1000066,T1000068,2026-09-01 12:20:26,1718.21,SETTLED,SB20260901PM
S1000067,T1000069,2026-09-01 18:20:59,11263.63,SETTLED,SB20260901PM
S1000068,T1000070,2026-09-01 12:31:26,4605.11,SETTLED,SB20260901PM
S1000069,T1000071,2026-09-01 17:28:42,112.44,SETTLED,SB20260901PM
S1000070,T1000072,2026-09-01 19:15:21,2717.84,SETTLED,SB20260901PM
S1000071,T1000073,2026-09-01 20:19:33,2140.79,SETTLED,SB20260901PM
S1000072,T1000075,2026-09-01 09:51:32,10398.49,SETTLED,SB20260901AM
S1000073,T1000076,2026-09-01 21:27:57,3034.92,SETTLED,SB20260901PM
S1000074,T1000077,2026-09-01 11:55:58,7616.04,SETTLED,SB20260901AM
S1000075,T1000078,2026-09-01 18:44:41,10704.42,SETTLED,SB20260901PM
S1000076,T1000078,2026-09-01 18:48:41,2676.11,SETTLED,SB20260901PM
S1000077,T1000079,2026-09-01 18:35:56,67460.94,SETTLED,SB20260901PM
S1000078,T1000080,2026-09-01 08:03:29,58738.35,SETTLED,SB20260901AM
S1000079,T1000080,2026-09-01 08:07:29,14684.59,SETTLED,SB20260901AM
S1000080,T1000081,2026-09-01 14:08:53,3310.93,SETTLED,SB20260901PM
S1000081,T1000082,2026-09-01 21:08:54,46799.71,SETTLED,SB20260901PM
S1000082,T1000083,2026-09-01 19:47:03,5805.82,SETTLED,SB20260901PM
S1000083,T1000084,2026-09-01 15:05:02,2957.50,SETTLED,SB20260901PM
S1000084,T1000085,2026-09-01 11:27:33,1940.79,SETTLED,SB20260901AM
S1000085,T1000086,2026-09-01 09:03:23,22661.70,SETTLED,SB20260901AM
S1000086,T1000087,2026-09-01 20:35:12,2797.02,SETTLED,SB20260901PM
S1000087,T1000089,2026-09-01 16:31:18,5469.23,SETTLED,SB20260901PM
S1000088,T1000091,2026-09-01 12:30:12,12822.51,SETTLED,SB20260901PM
S1000089,T1000092,2026-09-01 12:33:05,16945.75,SETTLED,SB20260901PM
S1000090,T1000093,2026-09-01 07:05:27,2290.05,SETTLED,SB20260901AM
S1000091,T1000094,2026-09-01 13:43:17,2317.51,SETTLED,SB20260901PM
S1000092,T1000095,2026-09-01 14:27:30,470.66,SETTLED,SB20260901PM
S1000093,T1000095,2026-09-01 14:31:30,117.66,SETTLED,SB20260901PM
S1000094,T1000097,2026-09-01 15:39:28,1475.10,SETTLED,SB20260901PM
S1000095,T1000098,2026-09-01 17:49:39,59612.08,SETTLED,SB20260901PM
S1000096,T1000098,2026-09-01 17:53:39,14903.02,SETTLED,SB20260901PM
S1000097,T1000101,2026-09-01 08:38:36,9576.84,SETTLED,SB20260901AM
S1000098,T1000102,2026-09-01 20:06:20,2262.94,SETTLED,SB20260901PM
S1000099,T1000104,2026-09-01 20:00:32,31807.86,SETTLED,SB20260901PM
S1000100,T1000104,2026-09-01 20:04:32,7951.96,SETTLED,SB20260901PM
S1000101,T1000105,2026-09-01 15:53:17,585.46,SETTLED,SB20260901PM
S1000102,T1000105,2026-09-01 15:57:17,146.36,SETTLED,SB20260901PM
S1000103,T1000106,2026-09-01 20:05:31,1047.74,SETTLED,SB20260901PM
S1000104,T1000107,2026-09-01 11:08:16,1921.27,SETTLED,SB20260901AM
S1000105,T1000108,2026-09-01 20:51:52,1058.05,SETTLED,SB20260901PM
S1000106,T1000109,2026-09-01 10:55:00,9923.68,SETTLED,SB20260901AM
S1000107,T1000110,2026-09-01 11:17:22,2801.94,SETTLED,SB20260901AM
S1000108,T1000111,2026-09-01 15:54:03,3159.18,SETTLED,SB20260901PM
S1000109,T1000112,2026-09-01 19:33:49,5129.56,SETTLED,SB20260901PM
S1000110,T1000113,2026-09-01 11:46:54,889.54,SETTLED,SB20260901AM
S1000111,T1000117,2026-09-01 11:46:50,1643.33,SETTLED,SB20260901AM
S1000112,T1000118,2026-09-01 19:33:53,265.88,SETTLED,SB20260901PM
S1000113,T1000119,2026-09-01 12:18:38,556.19,SETTLED,SB20260901PM
S1000114,T1000120,2026-09-01 11:01:22,975.99,SETTLED,SB20260901AM
S1000115,T1000121,2026-09-02 00:24:23,4049.95,SETTLED,SB20260902AM
S1000116,T1000122,2026-09-01 13:25:01,2993.52,SETTLED,SB20260901PM
S1000117,T1000123,2026-09-01 19:19:44,12775.03,SETTLED,SB20260901PM
S1000118,T1000124,2026-09-01 11:34:41,617.04,SETTLED,SB20260901AM
S1000119,T1000125,2026-09-01 08:13:15,1448.41,SETTLED,SB20260901AM
S1000120,T1000126,2026-09-01 12:32:41,670.97,SETTLED,SB20260901PM
S1000121,T1000127,2026-09-01 08:35:22,552.38,SETTLED,SB20260901AM
S1000122,T1000128,2026-09-02 20:57:32,1920.79,SETTLED,SB20260902PM
S1000123,T1000129,2026-09-02 10:52:49,1094.68,SETTLED,SB20260902AM
S1000124,T1000130,2026-09-02 14:05:11,10706.89,SETTLED,SB20260902PM
S1000125,T1000131,2026-09-02 07:24:05,1151.46,SETTLED,SB20260902AM
S1000126,T1000132,2026-09-02 19:38:49,543.89,SETTLED,SB20260902PM
S1000127,T1000133,2026-09-02 07:37:17,10129.37,SETTLED,SB20260902AM
S1000128,T1000134,2026-09-02 14:14:57,1892.15,SETTLED,SB20260902PM
S1000129,T1000135,2026-09-02 12:20:12,7267.21,SETTLED,SB20260902PM
S1000130,T1000136,2026-09-02 20:12:38,2331.00,SETTLED,SB20260902PM
S1000131,T1000138,2026-09-02 14:30:08,16990.22,SETTLED,SB20260902PM
S1000132,T1000139,2026-09-02 12:34:21,5052.99,SETTLED,SB20260902PM
S1000133,T1000140,2026-09-02 08:26:57,55767.87,SETTLED,SB20260902AM
S1000134,T1000141,2026-09-02 17:53:30,2950.64,SETTLED,SB20260902PM
S1000135,T1000143,2026-09-02 13:17:50,4453.01,SETTLED,SB20260902PM
S1000136,T1000144,2026-09-02 18:04:28,1562.28,SETTLED,SB20260902PM
S1000137,T1000145,2026-09-02 18:53:18,1578.35,SETTLED,SB20260902PM
S1000138,T1000145,2026-09-02 18:57:18,394.59,SETTLED,SB20260902PM
S1000139,T1000146,2026-09-02 09:37:27,930.18,SETTLED,SB20260902AM
S1000140,T1000146,2026-09-02 09:41:27,232.55,SETTLED,SB20260902AM
S1000141,T1000148,2026-09-02 11:22:42,2719.31,SETTLED,SB20260902AM
S1000142,T1000149,2026-09-02 16:14:48,714.21,SETTLED,SB20260902PM
S1000143,T1000150,2026-09-02 08:00:30,2599.73,SETTLED,SB20260902AM
S1000144,T1000151,2026-09-02 20:48:41,1400.24,SETTLED,SB20260902PM
S1000145,T1000152,2026-09-02 11:30:25,47348.09,SETTLED,SB20260902AM
S1000146,T1000153,2026-09-02 13:59:33,45090.48,SETTLED,SB20260902PM
S1000147,T1000154,2026-09-02 22:49:31,15826.64,SETTLED,SB20260902PM
S1000148,T1000155,2026-09-02 13:15:14,651.75,SETTLED,SB20260902PM
S1000149,T1000156,2026-09-02 13:12:46,3815.91,SETTLED,SB20260902PM
S1000150,T1000157,2026-09-02 08:44:45,22881.91,SETTLED,SB20260902AM
S1000151,T1000158,2026-09-02 20:15:49,44337.79,SETTLED,SB20260902PM
S1000152,T1000159,2026-09-02 10:10:05,2402.93,SETTLED,SB20260902AM
S1000153,T1000160,2026-09-02 18:12:28,32615.05,SETTLED,SB20260902PM
S1000154,T1000161,2026-09-02 20:22:29,213.49,SETTLED,SB20260902PM
S1000155,T1000162,2026-09-02 12:17:26,1598.25,SETTLED,SB20260902PM
S1000156,T1000163,2026-09-02 18:01:53,1515.33,SETTLED,SB20260902PM
S1000157,T1000164,2026-09-02 18:26:39,151.93,SETTLED,SB20260902PM
S1000158,T1000165,2026-09-02 19:42:11,13955.62,FAILED,SB20260902PM
S1000159,T1000166,2026-09-02 11:37:22,9423.28,SETTLED,SB20260902AM
S1000160,T1000167,2026-09-02 18:58:15,5048.32,SETTLED,SB20260902PM
S1000161,T1000168,2026-09-02 20:03:21,2509.47,SETTLED,SB20260902PM
S1000162,T1000169,2026-09-02 21:26:48,57881.38,SETTLED,SB20260902PM
S1000163,T1000170,2026-09-02 11:34:14,3640.20,SETTLED,SB20260902AM
S1000164,T1000171,2026-09-02 12:28:20,1080.61,SETTLED,SB20260902PM
S1000165,T1000172,2026-09-02 20:48:16,5560.46,SETTLED,SB20260902PM
S1000166,T1000173,2026-09-02 08:56:22,2076.91,SETTLED,SB20260902AM
S1000167,T1000174,2026-09-02 18:11:57,228.09,SETTLED,SB20260902PM
S1000168,T1000176,2026-09-02 13:19:03,3424.47,SETTLED,SB20260902PM
S1000169,T1000176,2026-09-02 13:23:03,856.12,SETTLED,SB20260902PM
S1000170,T1000177,2026-09-02 12:21:07,64246.82,SETTLED,SB20260902PM
S1000171,T1000178,2026-09-02 12:27:20,14754.08,SETTLED,SB20260902PM
S1000172,T1000179,2026-09-02 17:31:44,362.93,SETTLED,SB20260902PM
S1000173,T1000179,2026-09-02 17:35:44,90.73,SETTLED,SB20260902PM
S1000174,T1000180,2026-09-02 10:35:28,46430.18,SETTLED,SB20260902AM
S1000175,T1000184,2026-09-02 15:38:34,4123.01,SETTLED,SB20260902PM
S1000176,T1000185,2026-09-02 10:38:20,3045.48,SETTLED,SB20260902AM
S1000177,T1000186,2026-09-02 08:53:56,4148.08,SETTLED,SB20260902AM
S1000178,T1000187,2026-09-02 11:13:55,3268.58,SETTLED,SB20260902AM
S1000179,T1000187,2026-09-02 11:17:55,817.14,SETTLED,SB20260902AM
S1000180,T1000188,2026-09-02 20:22:48,3924.68,SETTLED,SB20260902PM
S1000181,T1000189,2026-09-02 09:38:23,565.62,SETTLED,SB20260902AM
S1000182,T1000190,2026-09-02 13:50:27,3987.13,SETTLED,SB20260902PM
S1000183,T1000191,2026-09-02 17:41:31,18601.99,SETTLED,SB20260902PM
S1000184,T1000194,2026-09-02 12:42:19,78191.84,SETTLED,SB20260902PM
S1000185,T1000195,2026-09-02 11:55:05,12443.56,SETTLED,SB20260902AM
S1000186,T1000196,2026-09-02 18:53:25,338.14,SETTLED,SB20260902PM
S1000187,T1000197,2026-09-02 18:23:23,8537.14,SETTLED,SB20260902PM
S1000188,T1000198,2026-09-02 08:29:47,42771.86,SETTLED,SB20260902AM
S1000189,T1000199,2026-09-02 20:50:20,13900.99,SETTLED,SB20260902PM
S1000190,T1000200,2026-09-02 11:10:04,12009.27,SETTLED,SB20260902AM
S1000191,T1000200,2026-09-02 11:14:04,3002.32,SETTLED,SB20260902AM
S1000192,T1000201,2026-09-02 15:12:42,3743.98,SETTLED,SB20260902PM
S1000193,T1000201,2026-09-02 15:16:42,936.00,SETTLED,SB20260902PM
S1000194,T1000202,2026-09-02 18:43:04,14007.28,SETTLED,SB20260902PM
S1000195,T1000203,2026-09-02 11:15:20,1141.69,SETTLED,SB20260902AM
S1000196,T1000204,2026-09-02 21:58:20,2967.64,SETTLED,SB20260902PM
S1000197,T1000206,2026-09-02 15:10:03,798.41,SETTLED,SB20260902PM
S1000198,T1000207,2026-09-02 07:21:53,2339.00,SETTLED,SB20260902AM
S1000199,T1000208,2026-09-02 15:18:48,3336.78,SETTLED,SB20260902PM
S1000200,T1000209,2026-09-02 17:49:18,25775.77,SETTLED,SB20260902PM
S1000201,T1000210,2026-09-02 16:34:00,5979.94,SETTLED,SB20260902PM
S1000202,T1000212,2026-09-02 18:46:44,16069.99,SETTLED,SB20260902PM
S1000203,T1000213,2026-09-02 17:42:21,14632.45,SETTLED,SB20260902PM
S1000204,T1000214,2026-09-02 15:30:00,3721.69,SETTLED,SB20260902PM
S1000205,T1000215,2026-09-02 16:38:19,77487.24,SETTLED,SB20260902PM
S1000206,T1000216,2026-09-02 12:25:51,351.81,SETTLED,SB20260902PM
S1000207,T1000217,2026-09-02 08:43:00,186.45,SETTLED,SB20260902AM
S1000208,T1000219,2026-09-02 14:41:24,2189.60,SETTLED,SB20260902PM
S1000209,T1000219,2026-09-02 14:45:24,547.40,SETTLED,SB20260902PM
S1000210,T1000221,2026-09-02 19:08:58,2313.58,SETTLED,SB20260902PM
S1000211,T1000222,2026-09-02 19:05:06,2493.78,SETTLED,SB20260902PM
S1000212,T1000223,2026-09-02 11:00:30,865.92,SETTLED,SB20260902AM
S1000213,T1000224,2026-09-02 18:25:32,18333.69,SETTLED,SB20260902PM
S1000214,T1000225,2026-09-02 14:19:10,1788.09,SETTLED,SB20260902PM
S1000215,T1000226,2026-09-02 13:56:13,16303.18,SETTLED,SB20260902PM
S1000216,T1000227,2026-09-02 19:17:38,1986.26,SETTLED,SB20260902PM
S1000217,T1000229,2026-09-03 00:22:55,11463.76,SETTLED,SB20260903AM
S1000218,T1000230,2026-09-02 19:56:44,295.73,SETTLED,SB20260902PM
S1000219,T1000232,2026-09-02 13:29:30,9350.35,SETTLED,SB20260902PM
S1000220,T1000233,2026-09-02 11:18:14,2165.22,SETTLED,SB20260902AM
S1000221,T1000234,2026-09-02 21:40:40,44322.03,SETTLED,SB20260902PM
S1000222,T1000235,2026-09-02 21:38:26,1616.61,SETTLED,SB20260902PM
S1000223,T1000236,2026-09-02 08:25:34,137.54,SETTLED,SB20260902AM
S1000224,T1000236,2026-09-02 08:29:34,34.38,SETTLED,SB20260902AM
S1000225,T1000237,2026-09-02 09:13:11,784.36,SETTLED,SB20260902AM
S1000226,T1000238,2026-09-03 09:52:19,817.24,SETTLED,SB20260903AM
S1000227,T1000239,2026-09-03 19:05:14,1048.68,SETTLED,SB20260903PM
S1000228,T1000240,2026-09-03 22:39:47,38635.71,SETTLED,SB20260903PM
S1000229,T1000241,2026-09-03 23:26:31,1748.02,SETTLED,SB20260903PM
S1000230,T1000242,2026-09-03 13:50:45,33485.25,SETTLED,SB20260903PM
S1000231,T1000242,2026-09-03 13:54:45,8371.31,SETTLED,SB20260903PM
S1000232,T1000243,2026-09-03 15:19:07,2457.58,SETTLED,SB20260903PM
S1000233,T1000244,2026-09-03 13:57:38,15881.57,SETTLED,SB20260903PM
S1000234,T1000245,2026-09-03 15:56:00,3436.39,SETTLED,SB20260903PM
S1000235,T1000246,2026-09-03 16:41:54,4500.54,SETTLED,SB20260903PM
S1000236,T1000247,2026-09-03 21:31:52,1647.28,SETTLED,SB20260903PM
S1000237,T1000248,2026-09-03 21:47:41,3694.76,SETTLED,SB20260903PM
S1000238,T1000249,2026-09-03 22:32:42,3740.85,FAILED,SB20260903PM
S1000239,T1000250,2026-09-03 22:37:54,1088.91,SETTLED,SB20260903PM
S1000240,T1000251,2026-09-03 22:28:02,12638.65,PENDING,SB20260903PM
S1000241,T1000252,2026-09-03 20:18:30,3674.00,SETTLED,SB20260903PM
S1000242,T1000253,2026-09-03 11:14:51,223.81,SETTLED,SB20260903AM
S1000243,T1000254,2026-09-03 15:39:11,1428.47,SETTLED,SB20260903PM
S1000244,T1000255,2026-09-03 09:01:11,324.42,SETTLED,SB20260903AM
S1000245,T1000255,2026-09-03 09:05:11,81.11,SETTLED,SB20260903AM
S1000246,T1000256,2026-09-03 14:07:21,732.21,SETTLED,SB20260903PM
S1000247,T1000257,2026-09-03 21:32:11,10617.77,FAILED,SB20260903PM
S1000248,T1000258,2026-09-03 13:53:51,1894.65,SETTLED,SB20260903PM
S1000249,T1000260,2026-09-03 15:01:26,1581.61,SETTLED,SB20260903PM
S1000250,T1000261,2026-09-03 23:14:12,300.60,SETTLED,SB20260903PM
S1000251,T1000262,2026-09-03 18:23:04,1789.71,SETTLED,SB20260903PM
S1000252,T1000263,2026-09-03 13:10:52,1151.76,SETTLED,SB20260903PM
S1000253,T1000264,2026-09-03 21:17:48,1356.42,SETTLED,SB20260903PM
S1000254,T1000265,2026-09-03 14:51:44,2568.54,SETTLED,SB20260903PM
S1000255,T1000266,2026-09-03 20:53:15,1670.59,SETTLED,SB20260903PM
S1000256,T1000267,2026-09-03 06:38:02,3794.34,SETTLED,SB20260903AM
S1000257,T1000268,2026-09-03 15:56:29,1196.92,SETTLED,SB20260903PM
S1000258,T1000269,2026-09-03 17:25:15,4145.54,SETTLED,SB20260903PM
S1000259,T1000270,2026-09-03 17:35:41,4549.53,SETTLED,SB20260903PM
S1000260,T1000271,2026-09-03 18:49:26,74263.92,SETTLED,SB20260903PM
S1000261,T1000272,2026-09-03 12:35:58,6421.28,SETTLED,SB20260903PM
S1000262,T1000274,2026-09-03 16:08:35,1820.09,SETTLED,SB20260903PM
S1000263,T1000275,2026-09-03 13:51:29,21779.25,SETTLED,SB20260903PM
S1000264,T1000276,2026-09-03 17:52:41,1603.93,SETTLED,SB20260903PM
S1000265,T1000278,2026-09-03 12:45:11,1228.62,SETTLED,SB20260903PM
S1000266,T1000281,2026-09-03 11:02:42,11002.99,SETTLED,SB20260903AM
S1000267,T1000282,2026-09-03 14:03:42,1394.50,SETTLED,SB20260903PM
S1000268,T1000282,2026-09-03 14:07:42,348.62,SETTLED,SB20260903PM
S1000269,T1000283,2026-09-03 21:23:48,437.91,SETTLED,SB20260903PM
S1000270,T1000284,2026-09-03 20:04:00,88827.02,SETTLED,SB20260903PM
S1000271,T1000285,2026-09-03 22:15:47,623.48,PENDING,SB20260903PM
S1000272,T1000286,2026-09-03 07:57:05,275.47,SETTLED,SB20260903AM
S1000273,T1000287,2026-09-03 18:29:58,2996.20,SETTLED,SB20260903PM
S1000274,T1000287,2026-09-03 18:33:58,749.05,SETTLED,SB20260903PM
S1000275,T1000289,2026-09-03 14:12:59,3189.82,SETTLED,SB20260903PM
S1000276,T1000290,2026-09-03 16:20:27,2052.87,SETTLED,SB20260903PM
S1000277,T1000291,2026-09-03 21:38:29,2433.69,SETTLED,SB20260903PM
S1000278,T1000293,2026-09-03 15:35:47,5765.76,SETTLED,SB20260903PM
S1000279,T1000294,2026-09-03 09:44:02,11689.30,SETTLED,SB20260903AM
S1000280,T1000295,2026-09-03 23:08:55,1514.07,SETTLED,SB20260903PM
S1000281,T1000296,2026-09-03 18:01:19,456.61,SETTLED,SB20260903PM
S1000282,T1000298,2026-09-03 14:03:47,29792.83,SETTLED,SB20260903PM
S1000283,T1000299,2026-09-03 20:22:11,1830.24,SETTLED,SB20260903PM
S1000284,T1000300,2026-09-03 18:43:16,2041.24,SETTLED,SB20260903PM
S1000285,T1000301,2026-09-03 19:19:13,1706.50,SETTLED,SB20260903PM
S1000286,T1000302,2026-09-03 13:08:53,1967.48,SETTLED,SB20260903PM
S1000287,T1000303,2026-09-03 18:52:13,648.90,SETTLED,SB20260903PM
S1000288,T1000304,2026-09-03 08:10:11,1641.87,SETTLED,SB20260903AM
S1000289,T1000305,2026-09-03 11:38:08,5098.76,SETTLED,SB20260903AM
S1000290,T1000306,2026-09-03 12:19:33,17800.13,SETTLED,SB20260903PM
S1000291,T1000307,2026-09-03 18:14:14,5317.13,SETTLED,SB20260903PM
S1000292,T1000308,2026-09-03 15:02:37,2963.42,SETTLED,SB20260903PM
S1000293,T1000309,2026-09-03 21:01:45,1642.53,SETTLED,SB20260903PM
S1000294,T1000310,2026-09-03 10:07:53,1659.19,SETTLED,SB20260903AM
S1000295,T1000310,2026-09-03 10:11:53,414.80,SETTLED,SB20260903AM
S1000296,T1000311,2026-09-03 14:53:48,1793.35,SETTLED,SB20260903PM
S1000297,T1000311,2026-09-03 14:57:48,448.34,SETTLED,SB20260903PM
S1000298,T1000313,2026-09-03 14:44:37,431.23,SETTLED,SB20260903PM
S1000299,T1000314,2026-09-03 20:42:12,15809.18,SETTLED,SB20260903PM
S1000300,T1000315,2026-09-03 12:51:46,332.07,SETTLED,SB20260903PM
S1000301,T1000316,2026-09-03 13:21:13,10204.90,SETTLED,SB20260903PM
S1000302,T1000318,2026-09-03 19:20:28,4878.57,SETTLED,SB20260903PM
S1000303,T1000319,2026-09-03 18:15:52,77038.34,SETTLED,SB20260903PM
S1000304,T1000320,2026-09-03 14:21:46,30965.21,SETTLED,SB20260903PM
S1000305,T1000322,2026-09-03 22:43:06,2531.06,SETTLED,SB20260903PM
S1000306,T1000323,2026-09-03 12:55:03,3418.99,SETTLED,SB20260903PM
S1000307,T1000324,2026-09-03 19:02:08,4999.54,SETTLED,SB20260903PM
S1000308,T1000325,2026-09-03 08:59:47,1109.62,SETTLED,SB20260903AM
S1000309,T1000326,2026-09-03 23:11:10,1922.46,SETTLED,SB20260903PM
S1000310,T1000327,2026-09-03 14:48:37,2230.69,SETTLED,SB20260903PM
S1000311,T1000329,2026-09-03 11:30:00,31086.95,SETTLED,SB20260903AM
S1000312,T1000330,2026-09-03 12:06:47,5477.98,SETTLED,SB20260903PM
S1000313,T1000331,2026-09-03 09:17:41,10151.31,SETTLED,SB20260903AM
S1000314,T1000332,2026-09-03 18:29:25,79979.79,SETTLED,SB20260903PM
S1000315,T1000333,2026-09-03 19:50:46,7249.83,SETTLED,SB20260903PM
S1000316,T1000334,2026-09-03 10:12:29,6897.30,SETTLED,SB20260903AM
S1000317,T1000335,2026-09-03 19:25:12,5725.80,SETTLED,SB20260903PM
S1000318,T1000336,2026-09-03 14:44:54,1081.61,SETTLED,SB20260903PM
S1000319,T1000337,2026-09-03 20:01:03,27244.42,SETTLED,SB20260903PM
S1000320,T1000338,2026-09-03 20:24:13,43807.30,SETTLED,SB20260903PM
S1000321,T1000339,2026-09-03 11:09:38,8450.67,SETTLED,SB20260903AM
S1000322,T1000340,2026-09-03 20:24:21,2823.75,SETTLED,SB20260903PM
S1000323,T1000341,2026-09-03 13:04:05,14361.40,SETTLED,SB20260903PM
S1000324,T1000341,2026-09-03 13:08:05,3590.35,SETTLED,SB20260903PM
S1000325,T1000343,2026-09-03 08:29:21,23346.37,SETTLED,SB20260903AM
S1000326,T1000344,2026-09-03 22:02:51,1261.25,SETTLED,SB20260903PM
S1000327,T1000345,2026-09-03 17:55:44,44169.41,SETTLED,SB20260903PM
S1000328,T1000346,2026-09-03 15:45:59,13693.11,SETTLED,SB20260903PM
S1000329,T1000347,2026-09-03 14:23:55,1325.46,SETTLED,SB20260903PM
S1000330,T1000348,2026-09-03 18:58:25,782.74,SETTLED,SB20260903PM
S1000331,T1000349,2026-09-03 09:01:29,3456.35,SETTLED,SB20260903AM
S1000332,T1000350,2026-09-03 11:06:19,2176.93,SETTLED,SB20260903AM
S1000333,T1000353,2026-09-04 18:02:11,28739.01,SETTLED,SB20260904PM
S1000334,T1000354,2026-09-04 13:29:32,1812.52,SETTLED,SB20260904PM
S1000335,T1000355,2026-09-04 12:20:01,11861.67,FAILED,SB20260904PM
S1000336,T1000356,2026-09-04 11:15:42,20404.62,SETTLED,SB20260904AM
S1000337,T1000356,2026-09-04 11:19:42,5101.15,SETTLED,SB20260904AM
S1000338,T1000357,2026-09-04 21:31:10,16546.93,FAILED,SB20260904PM
S1000339,T1000359,2026-09-04 17:11:57,11764.83,SETTLED,SB20260904PM
S1000340,T1000360,2026-09-04 18:42:19,2947.74,SETTLED,SB20260904PM
S1000341,T1000360,2026-09-04 18:46:19,736.94,SETTLED,SB20260904PM
S1000342,T1000361,2026-09-04 20:58:21,25392.88,SETTLED,SB20260904PM
S1000343,T1000362,2026-09-04 09:21:34,876.15,SETTLED,SB20260904AM
S1000344,T1000364,2026-09-04 14:36:24,1940.63,SETTLED,SB20260904PM
S1000345,T1000365,2026-09-04 17:16:36,3080.15,SETTLED,SB20260904PM
S1000346,T1000366,2026-09-04 19:00:50,34104.36,SETTLED,SB20260904PM
S1000347,T1000367,2026-09-04 17:46:29,3613.60,SETTLED,SB20260904PM
S1000348,T1000368,2026-09-04 16:00:28,2498.79,SETTLED,SB20260904PM
S1000349,T1000368,2026-09-04 16:04:28,624.70,SETTLED,SB20260904PM
S1000350,T1000370,2026-09-04 07:57:23,415.49,SETTLED,SB20260904AM
S1000351,T1000370,2026-09-04 08:01:23,103.87,SETTLED,SB20260904AM
S1000352,T1000373,2026-09-04 21:35:38,4725.19,SETTLED,SB20260904PM
S1000353,T1000374,2026-09-04 12:40:51,905.63,PENDING,SB20260904PM
S1000354,T1000375,2026-09-04 15:30:23,1931.17,SETTLED,SB20260904PM
S1000355,T1000376,2026-09-04 13:01:46,12287.50,SETTLED,SB20260904PM
S1000356,T1000377,2026-09-04 16:32:58,2122.59,SETTLED,SB20260904PM
S1000357,T1000378,2026-09-04 11:49:40,57211.05,SETTLED,SB20260904AM
S1000358,T1000379,2026-09-04 12:22:08,749.84,SETTLED,SB20260904PM
S1000359,T1000381,2026-09-04 09:50:22,1547.21,PENDING,SB20260904AM
S1000360,T1000382,2026-09-04 09:26:50,1478.77,SETTLED,SB20260904AM
S1000361,T1000383,2026-09-04 08:09:23,3887.58,SETTLED,SB20260904AM
S1000362,T1000385,2026-09-04 10:35:06,4085.21,SETTLED,SB20260904AM
S1000363,T1000388,2026-09-04 16:43:28,77616.01,SETTLED,SB20260904PM
S1000364,T1000389,2026-09-04 08:24:57,702.68,SETTLED,SB20260904AM
S1000365,T1000390,2026-09-04 21:02:36,12717.93,SETTLED,SB20260904PM
S1000366,T1000391,2026-09-04 08:55:43,194.63,SETTLED,SB20260904AM
S1000367,T1000392,2026-09-04 11:58:15,7360.81,SETTLED,SB20260904AM
S1000368,T1000393,2026-09-04 10:56:01,2971.95,SETTLED,SB20260904AM
S1000369,T1000394,2026-09-04 11:29:38,5970.25,SETTLED,SB20260904AM
S1000370,T1000394,2026-09-04 11:33:38,1492.56,SETTLED,SB20260904AM
S1000371,T1000395,2026-09-04 07:34:25,3622.87,SETTLED,SB20260904AM
S1000372,T1000396,2026-09-04 10:27:51,42608.62,SETTLED,SB20260904AM
S1000373,T1000397,2026-09-04 18:16:15,1510.06,SETTLED,SB20260904PM
S1000374,T1000398,2026-09-04 22:25:58,7330.90,SETTLED,SB20260904PM
S1000375,T1000399,2026-09-04 13:03:48,561.80,SETTLED,SB20260904PM
S1000376,T1000400,2026-09-04 18:37:58,496.50,SETTLED,SB20260904PM
S1000377,T1000400,2026-09-04 18:41:58,124.13,SETTLED,SB20260904PM
S1000378,T1000401,2026-09-04 09:18:48,706.88,SETTLED,SB20260904AM
S1000379,T1000402,2026-09-04 08:54:30,2225.13,SETTLED,SB20260904AM
S1000380,T1000403,2026-09-04 18:26:02,1157.70,SETTLED,SB20260904PM
S1000381,T1000404,2026-09-04 20:21:48,4717.35,SETTLED,SB20260904PM
S1000382,T1000405,2026-09-04 12:46:59,1432.85,SETTLED,SB20260904PM
S1000383,T1000406,2026-09-04 12:02:30,4623.21,SETTLED,SB20260904PM
S1000384,T1000407,2026-09-04 18:49:10,1905.86,SETTLED,SB20260904PM
S1000385,T1000408,2026-09-04 13:13:51,12428.04,SETTLED,SB20260904PM
S1000386,T1000409,2026-09-04 13:16:57,3549.03,SETTLED,SB20260904PM
S1000387,T1000410,2026-09-04 21:20:14,48770.72,SETTLED,SB20260904PM
S1000388,T1000411,2026-09-04 15:07:38,2426.23,SETTLED,SB20260904PM
S1000389,T1000412,2026-09-04 09:20:28,2525.95,SETTLED,SB20260904AM
S1000390,T1000413,2026-09-04 21:55:01,2369.92,SETTLED,SB20260904PM
S1000391,T1000414,2026-09-04 13:28:29,1912.03,SETTLED,SB20260904PM
S1000392,T1000415,2026-09-04 16:22:57,27497.92,SETTLED,SB20260904PM
S1000393,T1000416,2026-09-04 16:11:09,127.93,SETTLED,SB20260904PM
S1000394,T1000417,2026-09-04 13:18:31,50037.58,SETTLED,SB20260904PM
S1000395,T1000417,2026-09-04 13:22:31,12509.40,SETTLED,SB20260904PM
S1000396,T1000418,2026-09-04 08:16:10,11434.50,SETTLED,SB20260904AM
S1000397,T1000420,2026-09-04 21:17:52,2001.93,SETTLED,SB20260904PM
S1000398,T1000421,2026-09-04 07:19:01,4419.37,SETTLED,SB20260904AM
S1000399,T1000422,2026-09-04 09:10:52,532.70,SETTLED,SB20260904AM
S1000400,T1000422,2026-09-04 09:14:52,133.18,SETTLED,SB20260904AM
S1000401,T1000423,2026-09-04 12:21:55,1080.98,SETTLED,SB20260904PM
S1000402,T1000424,2026-09-04 16:41:48,1192.55,SETTLED,SB20260904PM
S1000403,T1000425,2026-09-04 13:48:57,3678.99,SETTLED,SB20260904PM
S1000404,T1000426,2026-09-04 19:12:18,28617.73,SETTLED,SB20260904PM
S1000405,T1000427,2026-09-04 14:55:12,4348.71,SETTLED,SB20260904PM
S1000406,T1000428,2026-09-04 18:54:45,2691.33,SETTLED,SB20260904PM
S1000407,T1000429,2026-09-04 09:07:40,4052.75,SETTLED,SB20260904AM
S1000408,T1000430,2026-09-04 15:44:23,2266.33,SETTLED,SB20260904PM
S1000409,T1000431,2026-09-04 22:16:57,43854.05,SETTLED,SB20260904PM
S1000410,T1000432,2026-09-04 12:14:05,2856.02,SETTLED,SB20260904PM
S1000411,T1000433,2026-09-04 13:57:18,1596.88,SETTLED,SB20260904PM
S1000412,T1000434,2026-09-04 07:18:34,14392.18,SETTLED,SB20260904AM
S1000413,T1000435,2026-09-04 12:45:29,9822.31,SETTLED,SB20260904PM
S1000414,T1000436,2026-09-04 18:16:08,3386.71,SETTLED,SB20260904PM
S1000415,T1000437,2026-09-04 15:34:11,9509.42,SETTLED,SB20260904PM
S1000416,T1000438,2026-09-04 09:21:58,1543.90,SETTLED,SB20260904AM
S1000417,T1000439,2026-09-04 18:00:44,1374.03,SETTLED,SB20260904PM
S1000418,T1000440,2026-09-04 19:28:37,3734.12,SETTLED,SB20260904PM
S1000419,T1000441,2026-09-04 11:28:14,1717.60,SETTLED,SB20260904AM
S1000420,T1000441,2026-09-04 11:32:14,429.40,SETTLED,SB20260904AM
S1000421,T1000442,2026-09-04 12:40:36,4810.91,SETTLED,SB20260904PM
S1000422,T1000443,2026-09-04 11:20:21,13255.85,SETTLED,SB20260904AM
S1000423,T1000444,2026-09-04 15:14:05,33025.97,SETTLED,SB20260904PM
S1000424,T1000445,2026-09-04 20:22:39,38986.92,SETTLED,SB20260904PM
S1000425,T1000447,2026-09-04 15:13:06,228.04,SETTLED,SB20260904PM
S1000426,T1000450,2026-09-04 10:56:41,1624.51,SETTLED,SB20260904AM
S1000427,T1000451,2026-09-04 12:13:26,2591.20,SETTLED,SB20260904PM
S1000428,T1000452,2026-09-04 15:28:30,85736.06,SETTLED,SB20260904PM
S1000429,T1000453,2026-09-04 14:51:38,4795.47,SETTLED,SB20260904PM
S1000430,T1000454,2026-09-04 13:55:03,1990.06,SETTLED,SB20260904PM
S1000431,T1000455,2026-09-04 06:41:02,1612.41,SETTLED,SB20260904AM
S1000432,T1000456,2026-09-04 20:01:23,7887.22,SETTLED,SB20260904PM
S1000433,T1000457,2026-09-04 14:41:14,393.23,SETTLED,SB20260904PM
S1000434,T1000458,2026-09-04 12:20:19,2361.11,SETTLED,SB20260904PM
S1000435,T1000459,2026-09-04 19:47:21,2598.19,SETTLED,SB20260904PM
S1000436,T1000460,2026-09-04 12:20:15,78883.04,SETTLED,SB20260904PM
S1000437,T1000461,2026-09-04 11:01:46,8880.57,SETTLED,SB20260904AM
S1000438,T1000462,2026-09-04 18:36:08,1259.81,SETTLED,SB20260904PM
S1000439,T1000463,2026-09-04 09:24:34,653.91,SETTLED,SB20260904AM
S1000440,T1000464,2026-09-05 19:49:41,1644.42,SETTLED,SB20260905PM
S1000441,T1000465,2026-09-05 14:18:33,1813.54,SETTLED,SB20260905PM
S1000442,T1000466,2026-09-05 17:36:41,9353.91,SETTLED,SB20260905PM
S1000443,T1000467,2026-09-05 11:17:32,887.78,SETTLED,SB20260905AM
S1000444,T1000467,2026-09-05 11:21:32,221.95,SETTLED,SB20260905AM
S1000445,T1000468,2026-09-05 11:07:23,84696.80,SETTLED,SB20260905AM
S1000446,T1000469,2026-09-05 09:38:18,52501.56,SETTLED,SB20260905AM
S1000447,T1000470,2026-09-05 08:39:50,1653.21,SETTLED,SB20260905AM
S1000448,T1000471,2026-09-05 14:39:58,515.15,SETTLED,SB20260905PM
S1000449,T1000472,2026-09-05 11:01:31,3329.49,PENDING,SB20260905AM
S1000450,T1000473,2026-09-05 06:22:58,4616.24,SETTLED,SB20260905AM
S1000451,T1000474,2026-09-05 16:10:11,2027.66,SETTLED,SB20260905PM
S1000452,T1000475,2026-09-05 19:06:02,2359.39,SETTLED,SB20260905PM
S1000453,T1000476,2026-09-05 08:13:26,2228.83,SETTLED,SB20260905AM
S1000454,T1000477,2026-09-05 21:42:03,910.08,SETTLED,SB20260905PM
S1000455,T1000478,2026-09-05 14:27:36,1557.63,SETTLED,SB20260905PM
S1000456,T1000479,2026-09-05 10:28:50,2517.85,SETTLED,SB20260905AM
S1000457,T1000480,2026-09-05 19:59:18,3912.80,SETTLED,SB20260905PM
S1000458,T1000481,2026-09-05 10:31:48,10206.19,SETTLED,SB20260905AM
S1000459,T1000482,2026-09-05 20:15:21,4688.37,SETTLED,SB20260905PM
S1000460,T1000483,2026-09-05 21:02:38,19205.37,SETTLED,SB20260905PM
S1000461,T1000483,2026-09-05 21:06:38,4801.34,SETTLED,SB20260905PM
S1000462,T1000485,2026-09-05 18:11:28,6988.20,SETTLED,SB20260905PM
S1000463,T1000486,2026-09-05 22:57:09,20700.62,SETTLED,SB20260905PM
S1000464,T1000487,2026-09-05 10:16:01,2392.45,SETTLED,SB20260905AM
S1000465,T1000489,2026-09-05 12:45:43,18139.84,SETTLED,SB20260905PM
S1000466,T1000490,2026-09-05 13:24:38,1363.52,FAILED,SB20260905PM
S1000467,T1000491,2026-09-05 10:44:08,1558.05,SETTLED,SB20260905AM
S1000468,T1000492,2026-09-05 08:19:34,3894.44,SETTLED,SB20260905AM
S1000469,T1000493,2026-09-05 16:20:16,4861.28,SETTLED,SB20260905PM
S1000470,T1000494,2026-09-05 20:34:36,4922.32,SETTLED,SB20260905PM
S1000471,T1000495,2026-09-05 11:51:45,711.86,SETTLED,SB20260905AM
S1000472,T1000496,2026-09-05 13:11:18,73193.92,SETTLED,SB20260905PM
S1000473,T1000497,2026-09-05 20:48:03,39915.48,SETTLED,SB20260905PM
S1000474,T1000498,2026-09-05 07:41:50,663.78,SETTLED,SB20260905AM
S1000475,T1000500,2026-09-05 11:19:32,3830.28,SETTLED,SB20260905AM
S1000476,T1000503,2026-09-05 15:33:04,2853.87,SETTLED,SB20260905PM
S1000477,T1000504,2026-09-05 14:49:34,933.68,SETTLED,SB20260905PM
S1000478,T1000505,2026-09-05 10:23:48,2512.92,SETTLED,SB20260905AM
S1000479,T1000506,2026-09-05 13:50:53,1939.72,SETTLED,SB20260905PM
S1000480,T1000507,2026-09-05 08:13:12,2408.86,SETTLED,SB20260905AM
S1000481,T1000507,2026-09-05 08:17:12,602.21,SETTLED,SB20260905AM
S1000482,T1000508,2026-09-05 18:45:19,6317.82,SETTLED,SB20260905PM
S1000483,T1000509,2026-09-05 09:50:51,777.52,SETTLED,SB20260905AM
S1000484,T1000510,2026-09-05 11:50:03,13583.70,SETTLED,SB20260905AM
S1000485,T1000511,2026-09-05 22:24:13,1477.41,SETTLED,SB20260905PM
S1000486,T1000512,2026-09-05 20:15:58,7479.17,SETTLED,SB20260905PM
S1000487,T1000513,2026-09-05 15:45:16,2921.51,SETTLED,SB20260905PM
S1000488,T1000514,2026-09-05 13:13:21,1705.78,SETTLED,SB20260905PM
S1000489,T1000515,2026-09-05 15:47:36,11991.13,SETTLED,SB20260905PM
S1000490,T1000516,2026-09-05 18:53:20,1744.09,SETTLED,SB20260905PM
S1000491,T1000517,2026-09-05 15:22:38,1155.07,SETTLED,SB20260905PM
S1000492,T1000518,2026-09-05 19:46:09,172.00,SETTLED,SB20260905PM
S1000493,T1000519,2026-09-05 07:32:55,1294.25,SETTLED,SB20260905AM
S1000494,T1000520,2026-09-05 20:45:00,493.17,SETTLED,SB20260905PM
S1000495,T1000521,2026-09-05 10:15:10,4843.71,SETTLED,SB20260905AM
S1000496,T1000522,2026-09-05 18:50:38,3864.64,SETTLED,SB20260905PM
S1000497,T1000523,2026-09-05 14:44:59,654.86,SETTLED,SB20260905PM
S1000498,T1000523,2026-09-05 14:48:59,163.72,SETTLED,SB20260905PM
S1000499,T1000525,2026-09-05 12:10:44,1009.18,SETTLED,SB20260905PM
S1000500,T1000525,2026-09-05 12:14:44,252.30,SETTLED,SB20260905PM
S1000501,T1000526,2026-09-05 11:43:34,13378.91,SETTLED,SB20260905AM
S1000502,T1000528,2026-09-05 12:05:40,1704.47,SETTLED,SB20260905PM
S1000503,T1000528,2026-09-05 12:09:40,426.12,SETTLED,SB20260905PM
S1000504,T1000529,2026-09-05 10:27:07,49509.43,SETTLED,SB20260905AM
S1000505,T1000530,2026-09-05 09:20:41,4409.40,SETTLED,SB20260905AM
S1000506,T1000531,2026-09-05 17:31:29,21099.69,SETTLED,SB20260905PM
S1000507,T1000532,2026-09-05 14:11:04,60494.80,SETTLED,SB20260905PM
S1000508,T1000533,2026-09-05 20:09:14,1129.47,SETTLED,SB20260905PM
S1000509,T1000535,2026-09-05 14:55:00,1309.46,SETTLED,SB20260905PM
S1000510,T1000536,2026-09-05 21:20:03,16487.92,SETTLED,SB20260905PM
S1000511,T1000537,2026-09-05 21:58:55,14735.77,SETTLED,SB20260905PM
S1000512,T1000538,2026-09-05 23:39:40,10837.44,SETTLED,SB20260905PM
S1000513,T1000539,2026-09-05 11:52:29,16253.14,SETTLED,SB20260905AM
S1000514,T1000540,2026-09-05 22:23:29,1956.72,SETTLED,SB20260905PM
S1000515,T1000541,2026-09-05 18:15:03,780.24,SETTLED,SB20260905PM
S1000516,T1000543,2026-09-05 18:09:04,707.93,SETTLED,SB20260905PM
S1000517,T1000544,2026-09-05 14:15:46,3430.93,SETTLED,SB20260905PM
S1000518,T1000545,2026-09-05 18:40:05,1566.25,SETTLED,SB20260905PM
S1000519,T1000546,2026-09-05 12:56:42,21168.00,SETTLED,SB20260905PM
S1000520,T1000548,2026-09-05 13:46:04,2268.13,SETTLED,SB20260905PM
S1000521,T1000549,2026-09-05 10:29:47,59507.30,SETTLED,SB20260905AM
S1000522,T1000551,2026-09-05 12:11:14,5445.18,SETTLED,SB20260905PM
S1000523,T1000552,2026-09-05 13:48:59,12641.05,SETTLED,SB20260905PM
S1000524,T1000553,2026-09-05 09:45:00,6225.15,SETTLED,SB20260905AM
S1000525,T1000555,2026-09-05 13:43:51,3007.29,SETTLED,SB20260905PM
S1000526,T1000556,2026-09-05 14:08:29,9161.78,SETTLED,SB20260905PM
S1000527,T1000557,2026-09-05 18:18:02,4021.32,SETTLED,SB20260905PM
S1000528,T1000558,2026-09-05 16:25:34,806.78,SETTLED,SB20260905PM
S1000529,T1000559,2026-09-05 18:45:56,4310.29,SETTLED,SB20260905PM
S1000530,T1000560,2026-09-05 14:37:19,568.93,SETTLED,SB20260905PM
S1000531,T1000561,2026-09-05 09:31:24,572.35,SETTLED,SB20260905AM
S1000532,T1000562,2026-09-05 13:53:38,3154.56,SETTLED,SB20260905PM
S1000533,T1000564,2026-09-05 14:21:58,76705.48,SETTLED,SB20260905PM
S1000534,T1000565,2026-09-05 19:26:09,25691.74,SETTLED,SB20260905PM
S1000535,T1000565,2026-09-05 19:30:09,6422.93,SETTLED,SB20260905PM
S1000536,T1000566,2026-09-05 20:50:13,27490.32,SETTLED,SB20260905PM
S1000537,T1000567,2026-09-05 20:08:06,3737.77,SETTLED,SB20260905PM
S1000538,T1000568,2026-09-05 20:24:31,2045.14,SETTLED,SB20260905PM
S1000539,T1000570,2026-09-05 21:39:44,10657.20,SETTLED,SB20260905PM
S1000540,T1000571,2026-09-05 20:45:29,1805.26,SETTLED,SB20260905PM
S1000541,T1000572,2026-09-05 18:23:18,88020.54,SETTLED,SB20260905PM
S1000542,T1000573,2026-09-05 20:22:24,1785.40,SETTLED,SB20260905PM
S1000543,T1000574,2026-09-05 08:54:11,7380.64,SETTLED,SB20260905AM
S1000544,T1000575,2026-09-05 22:18:16,16862.12,SETTLED,SB20260905PM
S1000545,T1000576,2026-09-05 17:18:25,1163.14,SETTLED,SB20260905PM
S1000546,T1000577,2026-09-05 15:40:02,79643.57,SETTLED,SB20260905PM
S1000547,T1000578,2026-09-05 21:09:03,72385.68,SETTLED,SB20260905PM
S1000548,T1000579,2026-09-05 13:47:24,3930.22,SETTLED,SB20260905PM
S1000549,T1000579,2026-09-05 13:51:24,982.56,SETTLED,SB20260905PM
S1000550,T1000580,2026-09-05 18:19:06,865.19,SETTLED,SB20260905PM
S1000551,T1000581,2026-09-05 09:40:54,1170.31,SETTLED,SB20260905AM
S1000552,T1000582,2026-09-05 14:30:43,4677.71,SETTLED,SB20260905PM
S1000553,T1000583,2026-09-05 19:27:22,1123.87,SETTLED,SB20260905PM
S1000554,T1000584,2026-09-05 16:31:24,82865.97,SETTLED,SB20260905PM
S1000555,T1000585,2026-09-05 20:09:08,239.69,SETTLED,SB20260905PM
S1000556,T1000586,2026-09-05 19:31:51,3315.54,SETTLED,SB20260905PM
S1000557,T1000587,2026-09-05 20:08:24,1480.98,SETTLED,SB20260905PM
S1000558,T1000587,2026-09-05 20:12:24,370.25,SETTLED,SB20260905PM
S1000559,T1000588,2026-09-05 10:22:47,4643.35,SETTLED,SB20260905AM
S1000560,T1000589,2026-09-05 23:46:31,2068.89,SETTLED,SB20260905PM
S1000561,T1000591,2026-09-05 21:36:35,1483.93,SETTLED,SB20260905PM
S1000562,T1000592,2026-09-05 18:58:50,28098.31,SETTLED,SB20260905PM
S1000563,T1000593,2026-09-05 20:06:10,561.03,SETTLED,SB20260905PM
S1000564,T1000594,2026-09-05 21:28:58,42550.97,SETTLED,SB20260905PM
S1000565,T1000595,2026-09-05 18:51:43,53814.05,SETTLED,SB20260905PM
S1000566,T1000596,2026-09-05 09:49:00,12835.80,SETTLED,SB20260905AM
S1000567,T1000596,2026-09-05 09:53:00,3208.95,SETTLED,SB20260905AM
S1000568,T1000597,2026-09-05 18:33:08,1589.52,SETTLED,SB20260905PM
S1000569,T1000598,2026-09-05 14:04:05,1147.86,SETTLED,SB20260905PM
S1000570,T1000598,2026-09-05 14:08:05,286.96,SETTLED,SB20260905PM
S1000571,T1000599,2026-09-05 14:13:03,10039.34,SETTLED,SB20260905PM
S1000572,T1000600,2026-09-05 20:36:38,408.14,SETTLED,SB20260905PM
S1000573,T1000601,2026-09-05 15:19:15,4417.85,SETTLED,SB20260905PM
S1000574,T1000602,2026-09-05 13:10:55,559.46,SETTLED,SB20260905PM
S1000575,T1000602,2026-09-05 13:14:55,139.86,SETTLED,SB20260905PM
S1000576,T1000603,2026-09-05 11:48:22,11104.95,SETTLED,SB20260905AM
S1000577,T1000604,2026-09-05 12:46:32,56176.12,SETTLED,SB20260905PM
S1000578,T1000605,2026-09-05 10:06:31,1651.79,SETTLED,SB20260905AM
S1000579,T1000606,2026-09-05 09:58:11,1961.01,SETTLED,SB20260905AM
S1000580,T1000607,2026-09-05 07:43:33,4270.99,SETTLED,SB20260905AM
S1000581,T1000608,2026-09-05 09:44:37,832.40,SETTLED,SB20260905AM
S1000582,T1000608,2026-09-05 09:48:37,208.10,SETTLED,SB20260905AM
S1000583,T1000609,2026-09-05 14:06:28,5669.04,SETTLED,SB20260905PM
S1000584,T1000611,2026-09-05 19:27:18,2898.08,SETTLED,SB20260905PM
S1000585,T1000612,2026-09-05 22:21:19,66049.10,SETTLED,SB20260905PM
S1000586,T1000613,2026-09-05 11:22:49,2575.03,SETTLED,SB20260905AM
S1000587,T1000614,2026-09-05 17:14:14,410.28,SETTLED,SB20260905PM
S1000588,T1000615,2026-09-05 20:43:42,7564.93,SETTLED,SB20260905PM
S1000589,T1000616,2026-09-05 07:05:52,15634.30,FAILED,SB20260905AM
S1000590,T1000617,2026-09-05 10:27:36,2783.77,SETTLED,SB20260905AM
S1000591,T1000618,2026-09-06 20:26:01,1761.01,SETTLED,SB20260906PM
S1000592,T1000619,2026-09-06 21:29:20,1206.65,SETTLED,SB20260906PM
S1000593,T1000619,2026-09-06 21:33:20,301.66,SETTLED,SB20260906PM
S1000594,T1000620,2026-09-06 20:42:17,3736.30,SETTLED,SB20260906PM
S1000595,T1000621,2026-09-06 21:51:57,14641.36,SETTLED,SB20260906PM
S1000596,T1000622,2026-09-06 14:04:05,1528.41,SETTLED,SB20260906PM
S1000597,T1000623,2026-09-06 13:57:38,5637.18,SETTLED,SB20260906PM
S1000598,T1000624,2026-09-06 20:06:46,3461.82,SETTLED,SB20260906PM
S1000599,T1000624,2026-09-06 20:10:46,865.45,SETTLED,SB20260906PM
S1000600,T1000625,2026-09-06 17:46:34,2337.87,SETTLED,SB20260906PM
S1000601,T1000626,2026-09-06 18:22:52,1516.70,SETTLED,SB20260906PM
S1000602,T1000627,2026-09-06 18:56:49,1467.85,SETTLED,SB20260906PM
S1000603,T1000628,2026-09-06 20:39:58,979.37,SETTLED,SB20260906PM
S1000604,T1000629,2026-09-06 15:01:18,13051.08,SETTLED,SB20260906PM
S1000605,T1000631,2026-09-06 14:11:15,5100.65,SETTLED,SB20260906PM
S1000606,T1000631,2026-09-06 14:15:15,1275.16,SETTLED,SB20260906PM
S1000607,T1000632,2026-09-06 09:19:25,231.48,SETTLED,SB20260906AM
S1000608,T1000633,2026-09-06 10:06:15,7223.59,SETTLED,SB20260906AM
S1000609,T1000634,2026-09-06 10:05:43,46082.10,SETTLED,SB20260906AM
S1000610,T1000635,2026-09-06 19:16:34,44108.88,SETTLED,SB20260906PM
S1000611,T1000637,2026-09-06 08:30:16,818.95,SETTLED,SB20260906AM
S1000612,T1000637,2026-09-06 08:34:16,204.74,SETTLED,SB20260906AM
S1000613,T1000638,2026-09-06 16:20:34,1831.14,SETTLED,SB20260906PM
S1000614,T1000638,2026-09-06 16:24:34,457.79,SETTLED,SB20260906PM
S1000615,T1000640,2026-09-06 12:31:29,2956.52,SETTLED,SB20260906PM
S1000616,T1000640,2026-09-06 12:35:29,739.13,SETTLED,SB20260906PM
S1000617,T1000641,2026-09-06 13:57:56,6977.28,SETTLED,SB20260906PM
S1000618,T1000642,2026-09-06 17:57:33,1582.68,SETTLED,SB20260906PM
S1000619,T1000643,2026-09-06 20:17:15,6173.43,SETTLED,SB20260906PM
S1000620,T1000644,2026-09-06 18:25:51,1279.94,SETTLED,SB20260906PM
S1000621,T1000644,2026-09-06 18:29:51,319.99,SETTLED,SB20260906PM
S1000622,T1000645,2026-09-06 13:42:31,36630.90,SETTLED,SB20260906PM
S1000623,T1000645,2026-09-06 13:46:31,9157.73,SETTLED,SB20260906PM
S1000624,T1000646,2026-09-06 12:25:07,578.94,SETTLED,SB20260906PM
S1000625,T1000646,2026-09-06 12:29:07,144.74,SETTLED,SB20260906PM
S1000626,T1000647,2026-09-06 14:32:42,6618.39,SETTLED,SB20260906PM
S1000627,T1000648,2026-09-06 17:03:34,10444.00,SETTLED,SB20260906PM
S1000628,T1000649,2026-09-06 11:36:25,5552.13,SETTLED,SB20260906AM
S1000629,T1000650,2026-09-06 17:29:55,4900.72,SETTLED,SB20260906PM
S1000630,T1000651,2026-09-06 10:41:20,46994.22,SETTLED,SB20260906AM
S1000631,T1000652,2026-09-06 13:17:58,1613.81,SETTLED,SB20260906PM
S1000632,T1000653,2026-09-06 16:43:18,1803.51,SETTLED,SB20260906PM
S1000633,T1000654,2026-09-07 01:49:36,10118.93,SETTLED,SB20260907AM
S1000634,T1000655,2026-09-06 13:14:52,1954.82,SETTLED,SB20260906PM
S1000635,T1000656,2026-09-06 11:37:34,26375.18,SETTLED,SB20260906AM
S1000636,T1000658,2026-09-06 18:45:14,1640.14,SETTLED,SB20260906PM
S1000637,T1000658,2026-09-06 18:49:14,410.04,SETTLED,SB20260906PM
S1000638,T1000659,2026-09-06 12:58:26,4493.31,SETTLED,SB20260906PM
S1000639,T1000660,2026-09-06 23:15:31,518.96,SETTLED,SB20260906PM
S1000640,T1000661,2026-09-06 13:46:19,14134.11,SETTLED,SB20260906PM
S1000641,T1000662,2026-09-06 17:01:17,4958.43,SETTLED,SB20260906PM
S1000642,T1000663,2026-09-06 10:10:18,54921.85,SETTLED,SB20260906AM
S1000643,T1000664,2026-09-06 21:46:37,1792.65,SETTLED,SB20260906PM
S1000644,T1000665,2026-09-06 17:46:26,10787.85,SETTLED,SB20260906PM
S1000645,T1000666,2026-09-06 14:58:48,9591.31,SETTLED,SB20260906PM
S1000646,T1000667,2026-09-06 10:17:43,782.50,SETTLED,SB20260906AM
S1000647,T1000668,2026-09-06 18:05:17,2907.05,SETTLED,SB20260906PM
S1000648,T1000670,2026-09-06 07:36:40,2824.01,SETTLED,SB20260906AM
S1000649,T1000672,2026-09-06 21:32:43,2139.24,SETTLED,SB20260906PM
S1000650,T1000673,2026-09-06 08:19:45,2123.02,SETTLED,SB20260906AM
S1000651,T1000673,2026-09-06 08:23:45,530.76,SETTLED,SB20260906AM
S1000652,T1000674,2026-09-06 13:04:42,5964.84,SETTLED,SB20260906PM
S1000653,T1000675,2026-09-06 13:37:03,17698.92,SETTLED,SB20260906PM
S1000654,T1000676,2026-09-06 07:19:32,3564.23,SETTLED,SB20260906AM
S1000655,T1000677,2026-09-06 17:24:35,424.13,SETTLED,SB20260906PM
S1000656,T1000678,2026-09-06 18:14:06,3153.53,SETTLED,SB20260906PM
S1000657,T1000680,2026-09-06 18:19:50,80756.22,SETTLED,SB20260906PM
S1000658,T1000681,2026-09-06 20:42:30,31044.27,SETTLED,SB20260906PM
S1000659,T1000682,2026-09-06 23:36:22,11958.35,SETTLED,SB20260906PM
S1000660,T1000683,2026-09-06 18:04:03,8723.82,SETTLED,SB20260906PM
S1000661,T1000684,2026-09-06 12:19:26,811.26,SETTLED,SB20260906PM
S1000662,T1000685,2026-09-06 15:48:43,14986.61,SETTLED,SB20260906PM
S1000663,T1000686,2026-09-06 19:39:11,12403.46,SETTLED,SB20260906PM
S1000664,T1000687,2026-09-06 12:11:07,2341.81,SETTLED,SB20260906PM
S1000665,T1000688,2026-09-06 16:43:05,1466.14,SETTLED,SB20260906PM
S1000666,T1000689,2026-09-06 13:01:09,2721.46,SETTLED,SB20260906PM
S1000667,T1000689,2026-09-06 13:05:09,680.37,SETTLED,SB20260906PM
S1000668,T1000690,2026-09-06 06:47:26,1000.69,SETTLED,SB20260906AM
S1000669,T1000690,2026-09-06 06:51:26,250.17,SETTLED,SB20260906AM
S1000670,T1000691,2026-09-06 16:23:28,13323.42,SETTLED,SB20260906PM
S1000671,T1000692,2026-09-06 17:04:18,1815.42,SETTLED,SB20260906PM
S1000672,T1000693,2026-09-06 11:46:15,3983.06,SETTLED,SB20260906AM
S1000673,T1000694,2026-09-06 20:39:00,1671.35,SETTLED,SB20260906PM
S1000674,T1000695,2026-09-06 14:51:26,1702.25,SETTLED,SB20260906PM
S1000675,T1000696,2026-09-06 19:30:19,1360.96,SETTLED,SB20260906PM
S1000676,T1000697,2026-09-06 12:06:45,3171.53,SETTLED,SB20260906PM
S1000677,T1000698,2026-09-06 08:53:54,3040.11,SETTLED,SB20260906AM
S1000678,T1000699,2026-09-06 21:31:04,357.64,SETTLED,SB20260906PM
S1000679,T1000701,2026-09-06 11:16:05,951.66,SETTLED,SB20260906AM
S1000680,T1000703,2026-09-06 13:41:40,5767.64,SETTLED,SB20260906PM
S1000681,T1000704,2026-09-06 13:37:14,640.96,SETTLED,SB20260906PM
S1000682,T1000706,2026-09-06 16:26:33,6533.27,SETTLED,SB20260906PM
S1000683,T1000707,2026-09-06 12:50:57,1910.67,SETTLED,SB20260906PM
S1000684,T1000710,2026-09-06 20:48:20,43563.03,SETTLED,SB20260906PM
S1000685,T1000711,2026-09-06 08:20:37,556.33,SETTLED,SB20260906AM
S1000686,T1000712,2026-09-06 18:51:34,4419.64,SETTLED,SB20260906PM
S1000687,T1000713,2026-09-06 15:39:38,4160.23,SETTLED,SB20260906PM
S1000688,T1000714,2026-09-06 17:19:07,84585.51,SETTLED,SB20260906PM
S1000689,T1000715,2026-09-06 13:43:18,3504.17,SETTLED,SB20260906PM
S1000690,T1000716,2026-09-06 23:26:10,32769.63,SETTLED,SB20260906PM
S1000691,T1000717,2026-09-06 22:28:10,2966.37,SETTLED,SB20260906PM
S1000692,T1000719,2026-09-06 21:31:02,5069.30,SETTLED,SB20260906PM
S1000693,T1000720,2026-09-06 15:14:39,42405.65,SETTLED,SB20260906PM
S1000694,T1000722,2026-09-06 14:29:05,1401.99,SETTLED,SB20260906PM
S1000695,T1000724,2026-09-06 10:49:54,1638.34,SETTLED,SB20260906AM
S1000696,T1000725,2026-09-06 18:45:08,11083.36,SETTLED,SB20260906PM
S1000697,T1000726,2026-09-06 19:48:58,1869.50,SETTLED,SB20260906PM
S1000698,T1000727,2026-09-06 16:33:31,12788.97,SETTLED,SB20260906PM
S1000699,T1000728,2026-09-06 21:58:11,1066.18,SETTLED,SB20260906PM
S1000700,T1000728,2026-09-06 22:02:11,266.55,SETTLED,SB20260906PM
S1000701,T1000729,2026-09-06 18:39:28,2334.42,SETTLED,SB20260906PM
S1000702,T1000730,2026-09-06 11:42:50,522.50,SETTLED,SB20260906AM
S1000703,T1000731,2026-09-06 19:14:28,13518.08,SETTLED,SB20260906PM
S1000704,T1000732,2026-09-06 18:43:04,1886.12,PENDING,SB20260906PM
S1000705,T1000734,2026-09-06 13:29:22,32651.08,SETTLED,SB20260906PM
S1000706,T1000735,2026-09-06 14:21:42,1008.38,SETTLED,SB20260906PM
S1000707,T1000736,2026-09-06 12:44:37,810.66,SETTLED,SB20260906PM
S1000708,T1000737,2026-09-06 11:44:05,1227.42,SETTLED,SB20260906AM
S1000709,T1000738,2026-09-06 21:46:31,50035.91,SETTLED,SB20260906PM
S1000710,T1000740,2026-09-06 10:37:31,2661.63,SETTLED,SB20260906AM
S1000711,T1000741,2026-09-06 12:08:09,58205.64,SETTLED,SB20260906PM
S1000712,T1000742,2026-09-06 13:06:51,11611.22,SETTLED,SB20260906PM
S1000713,T1000743,2026-09-06 18:04:21,3017.79,SETTLED,SB20260906PM
S1000714,T1000744,2026-09-06 11:18:10,1080.47,SETTLED,SB20260906AM
S1000715,T1000745,2026-09-06 13:28:10,68727.94,SETTLED,SB20260906PM
S1000716,T1000746,2026-09-06 20:31:48,2474.12,SETTLED,SB20260906PM
S1000717,T1000747,2026-09-06 09:34:11,1108.31,SETTLED,SB20260906AM
S1000718,T1000748,2026-09-06 13:17:25,9265.33,SETTLED,SB20260906PM
S1000719,T1000749,2026-09-06 09:17:31,1210.55,SETTLED,SB20260906AM
S1000720,T1000750,2026-09-06 20:56:13,3879.54,SETTLED,SB20260906PM
S1000721,T1000751,2026-09-06 08:08:35,8669.33,SETTLED,SB20260906AM
S1000722,T1000752,2026-09-06 20:24:33,1565.68,SETTLED,SB20260906PM
S1000723,T1000753,2026-09-06 12:28:54,789.57,SETTLED,SB20260906PM
S1000724,T1000754,2026-09-06 10:56:08,318.13,SETTLED,SB20260906AM
S1000725,T1000755,2026-09-06 12:25:55,3949.36,SETTLED,SB20260906PM
S1000726,T1000756,2026-09-06 21:23:01,544.96,SETTLED,SB20260906PM
S1000727,T1000757,2026-09-06 12:08:34,2449.08,SETTLED,SB20260906PM
S1000728,T1000758,2026-09-06 13:24:55,4954.60,SETTLED,SB20260906PM
S1000729,T1000759,2026-09-06 09:30:03,6681.40,SETTLED,SB20260906AM
S1000730,T1000759,2026-09-06 09:34:03,1670.35,SETTLED,SB20260906AM
S1000731,T1000760,2026-09-06 20:08:51,1560.54,SETTLED,SB20260906PM
S1000732,T1000761,2026-09-06 14:17:15,29498.52,SETTLED,SB20260906PM
S1000733,T1000762,2026-09-06 20:42:26,891.56,SETTLED,SB20260906PM
S1000734,T1000764,2026-09-06 11:39:03,3509.55,PENDING,SB20260906AM
S1000735,T1000765,2026-09-06 20:31:19,2991.16,SETTLED,SB20260906PM
S1000736,T1000766,2026-09-06 20:57:32,4920.94,SETTLED,SB20260906PM
S1000737,T1000767,2026-09-06 20:36:42,15549.28,SETTLED,SB20260906PM
S1000738,T1000768,2026-09-06 20:43:08,2268.82,SETTLED,SB20260906PM
S1000739,T1000770,2026-09-06 11:17:59,3160.36,SETTLED,SB20260906AM
S1000740,T1000770,2026-09-06 11:21:59,790.09,SETTLED,SB20260906AM
S1000741,T1000771,2026-09-06 13:55:09,10710.72,SETTLED,SB20260906PM
S1000742,T1000772,2026-09-06 14:13:34,252.45,SETTLED,SB20260906PM
S1000743,T1000773,2026-09-06 08:35:39,2234.51,SETTLED,SB20260906AM
S1000744,T1000774,2026-09-07 22:46:01,2297.15,SETTLED,SB20260907PM
S1000745,T1000774,2026-09-07 22:50:01,574.29,SETTLED,SB20260907PM
S1000746,T1000775,2026-09-07 12:30:37,11205.75,SETTLED,SB20260907PM
S1000747,T1000776,2026-09-07 21:52:04,1365.29,SETTLED,SB20260907PM
S1000748,T1000777,2026-09-07 18:34:48,3218.05,SETTLED,SB20260907PM
S1000749,T1000778,2026-09-07 14:14:53,19344.52,SETTLED,SB20260907PM
S1000750,T1000779,2026-09-07 16:27:14,709.93,SETTLED,SB20260907PM
S1000751,T1000780,2026-09-07 15:35:27,49107.04,SETTLED,SB20260907PM
S1000752,T1000781,2026-09-07 18:11:40,1355.17,SETTLED,SB20260907PM
S1000753,T1000782,2026-09-07 11:27:53,2062.39,SETTLED,SB20260907AM
S1000754,T1000783,2026-09-07 10:30:36,69993.94,SETTLED,SB20260907AM
S1000755,T1000784,2026-09-08 01:46:50,77323.20,SETTLED,SB20260908AM
S1000756,T1000785,2026-09-07 16:06:51,1842.64,SETTLED,SB20260907PM
S1000757,T1000788,2026-09-07 18:43:40,12694.96,SETTLED,SB20260907PM
S1000758,T1000789,2026-09-07 18:54:19,1152.55,SETTLED,SB20260907PM
S1000759,T1000790,2026-09-07 16:34:16,1523.71,PENDING,SB20260907PM
S1000760,T1000791,2026-09-07 19:43:38,1527.60,SETTLED,SB20260907PM
S1000761,T1000792,2026-09-07 21:29:32,8441.06,SETTLED,SB20260907PM
S1000762,T1000792,2026-09-07 21:33:32,2110.27,SETTLED,SB20260907PM
S1000763,T1000794,2026-09-07 16:03:57,2431.42,SETTLED,SB20260907PM
S1000764,T1000795,2026-09-07 19:26:48,2795.90,PENDING,SB20260907PM
S1000765,T1000796,2026-09-07 23:04:57,1602.08,SETTLED,SB20260907PM
S1000766,T1000797,2026-09-07 15:24:01,13732.23,SETTLED,SB20260907PM
S1000767,T1000798,2026-09-07 21:39:55,74484.52,SETTLED,SB20260907PM
S1000768,T1000800,2026-09-07 14:02:01,961.62,SETTLED,SB20260907PM
S1000769,T1000802,2026-09-07 17:48:41,6777.82,SETTLED,SB20260907PM
S1000770,T1000803,2026-09-07 08:31:58,28057.63,SETTLED,SB20260907AM
S1000771,T1000804,2026-09-07 17:26:47,1609.52,SETTLED,SB20260907PM
S1000772,T1000805,2026-09-07 14:30:56,37032.05,SETTLED,SB20260907PM
S1000773,T1000805,2026-09-07 14:34:56,9258.01,SETTLED,SB20260907PM
S1000774,T1000806,2026-09-07 20:52:36,24312.48,SETTLED,SB20260907PM
S1000775,T1000807,2026-09-07 15:00:21,1198.85,SETTLED,SB20260907PM
S1000776,T1000808,2026-09-07 18:15:27,1141.83,SETTLED,SB20260907PM
S1000777,T1000810,2026-09-07 20:41:52,11344.86,SETTLED,SB20260907PM
S1000778,T1000811,2026-09-07 15:02:13,7263.50,SETTLED,SB20260907PM
S1000779,T1000812,2026-09-07 12:42:20,10668.08,SETTLED,SB20260907PM
S1000780,T1000812,2026-09-07 12:46:20,2667.02,SETTLED,SB20260907PM
S1000781,T1000813,2026-09-07 19:10:47,10899.42,FAILED,SB20260907PM
S1000782,T1000814,2026-09-07 20:30:54,10542.37,SETTLED,SB20260907PM
S1000783,T1000815,2026-09-07 15:27:45,409.89,SETTLED,SB20260907PM
S1000784,T1000816,2026-09-07 19:12:32,10978.02,SETTLED,SB20260907PM
S1000785,T1000817,2026-09-07 11:42:29,5584.35,SETTLED,SB20260907AM
S1000786,T1000818,2026-09-07 17:34:03,1634.17,SETTLED,SB20260907PM
S1000787,T1000819,2026-09-07 20:52:48,4535.52,SETTLED,SB20260907PM
S1000788,T1000820,2026-09-07 13:56:50,13379.19,SETTLED,SB20260907PM
S1000789,T1000822,2026-09-07 21:12:29,37146.28,SETTLED,SB20260907PM
S1000790,T1000822,2026-09-07 21:16:29,9286.57,SETTLED,SB20260907PM
S1000791,T1000823,2026-09-07 19:36:35,3165.86,SETTLED,SB20260907PM
S1000792,T1000824,2026-09-07 10:00:23,2346.21,SETTLED,SB20260907AM
S1000793,T1000825,2026-09-07 18:19:33,4191.76,SETTLED,SB20260907PM
S1000794,T1000826,2026-09-07 17:38:57,1002.97,SETTLED,SB20260907PM
S1000795,T1000826,2026-09-07 17:42:57,250.74,SETTLED,SB20260907PM
S1000796,T1000827,2026-09-07 19:53:33,3216.68,SETTLED,SB20260907PM
S1000797,T1000829,2026-09-07 22:49:40,14403.03,SETTLED,SB20260907PM
S1000798,T1000830,2026-09-07 10:54:20,5777.55,SETTLED,SB20260907AM
S1000799,T1000831,2026-09-07 12:10:06,7258.04,SETTLED,SB20260907PM
S1000800,T1000831,2026-09-07 12:14:06,1814.51,SETTLED,SB20260907PM
S1000801,T1000833,2026-09-07 21:00:58,1296.33,SETTLED,SB20260907PM
S1000802,T1000834,2026-09-07 19:27:57,2091.48,SETTLED,SB20260907PM
S1000803,T1000835,2026-09-07 11:43:12,1444.73,SETTLED,SB20260907AM
S1000804,T1000836,2026-09-07 09:00:20,765.09,SETTLED,SB20260907AM
S1000805,T1000836,2026-09-07 09:04:20,191.27,SETTLED,SB20260907AM
S1000806,T1000838,2026-09-07 11:36:56,1452.64,SETTLED,SB20260907AM
S1000807,T1000838,2026-09-07 11:40:56,363.16,SETTLED,SB20260907AM
S1000808,T1000839,2026-09-07 13:17:37,5121.04,SETTLED,SB20260907PM
S1000809,T1000841,2026-09-07 20:58:17,27745.04,SETTLED,SB20260907PM
S1000810,T1000843,2026-09-07 20:22:10,4563.66,SETTLED,SB20260907PM
S1000811,T1000844,2026-09-07 17:12:34,217.44,SETTLED,SB20260907PM
S1000812,T1000845,2026-09-07 20:09:39,4665.89,SETTLED,SB20260907PM
S1000813,T1000846,2026-09-07 12:20:55,56900.58,SETTLED,SB20260907PM
S1000814,T1000847,2026-09-07 22:25:51,2001.68,SETTLED,SB20260907PM
S1000815,T1000848,2026-09-07 14:13:52,3919.39,SETTLED,SB20260907PM
S1000816,T1000849,2026-09-07 13:54:31,1694.03,SETTLED,SB20260907PM
S1000817,T1000849,2026-09-07 13:58:31,423.51,SETTLED,SB20260907PM
S1000818,T1000850,2026-09-07 17:03:36,5802.10,SETTLED,SB20260907PM
S1000819,T1000851,2026-09-07 09:40:42,756.53,SETTLED,SB20260907AM
S1000820,T1000852,2026-09-07 10:02:37,998.02,SETTLED,SB20260907AM
S1000821,T1000854,2026-09-07 19:44:02,5120.06,SETTLED,SB20260907PM
S1000822,T1000855,2026-09-07 10:58:19,1182.46,SETTLED,SB20260907AM
S1000823,T1000856,2026-09-07 18:22:47,2725.85,SETTLED,SB20260907PM
S1000824,T1000857,2026-09-07 13:18:03,291.94,PENDING,SB20260907PM
S1000825,T1000858,2026-09-07 11:30:04,1106.66,SETTLED,SB20260907AM
S1000826,T1000859,2026-09-07 20:38:54,33475.71,SETTLED,SB20260907PM
S1000827,T1000860,2026-09-07 20:17:59,19550.82,SETTLED,SB20260907PM
S1000828,T1000861,2026-09-07 19:31:32,89598.77,SETTLED,SB20260907PM
S1000829,T1000862,2026-09-07 15:57:12,697.24,SETTLED,SB20260907PM
S1000830,T1000863,2026-09-07 18:10:54,343.69,SETTLED,SB20260907PM
S1000831,T1000864,2026-09-07 17:24:48,374.11,SETTLED,SB20260907PM
S1000832,T1000865,2026-09-07 14:38:13,83886.05,SETTLED,SB20260907PM
S1000833,T1000867,2026-09-07 06:48:15,46987.18,SETTLED,SB20260907AM
S1000834,T1000868,2026-09-07 22:28:19,20227.21,SETTLED,SB20260907PM
S1000835,T1000869,2026-09-07 20:12:11,2973.58,SETTLED,SB20260907PM
S1000836,T1000870,2026-09-07 13:12:04,614.02,SETTLED,SB20260907PM
S1000837,T1000871,2026-09-07 13:20:16,461.91,SETTLED,SB20260907PM
S1000838,T1000873,2026-09-07 09:17:11,2125.90,SETTLED,SB20260907AM
S1000839,T1000873,2026-09-07 09:21:11,531.47,SETTLED,SB20260907AM
S1000840,T1000874,2026-09-07 12:09:45,5783.68,SETTLED,SB20260907PM
S1000841,T1000875,2026-09-07 13:53:04,310.03,SETTLED,SB20260907PM
S1000842,T1000876,2026-09-07 13:26:51,1164.93,SETTLED,SB20260907PM
S1000843,T1000877,2026-09-07 15:02:43,3458.01,SETTLED,SB20260907PM
S1000844,T1000878,2026-09-07 22:15:18,2993.03,SETTLED,SB20260907PM
S1000845,T1000882,2026-09-07 19:57:35,826.56,SETTLED,SB20260907PM
S1000846,T1000883,2026-09-08 10:05:41,1153.59,SETTLED,SB20260908AM
S1000847,T1000884,2026-09-08 18:58:57,66961.77,SETTLED,SB20260908PM
S1000848,T1000884,2026-09-08 19:02:57,16740.44,SETTLED,SB20260908PM
S1000849,T1000885,2026-09-08 10:39:25,11904.05,SETTLED,SB20260908AM
S1000850,T1000885,2026-09-08 10:43:25,2976.01,SETTLED,SB20260908AM
S1000851,T1000886,2026-09-08 12:24:38,586.87,SETTLED,SB20260908PM
S1000852,T1000888,2026-09-08 09:28:27,2091.44,SETTLED,SB20260908AM
S1000853,T1000888,2026-09-08 09:32:27,522.86,SETTLED,SB20260908AM
S1000854,T1000889,2026-09-08 13:48:52,3369.34,PENDING,SB20260908PM
S1000855,T1000890,2026-09-08 07:16:21,22640.31,SETTLED,SB20260908AM
S1000856,T1000892,2026-09-08 15:20:29,10084.38,SETTLED,SB20260908PM
S1000857,T1000893,2026-09-08 14:00:39,2033.94,SETTLED,SB20260908PM
S1000858,T1000894,2026-09-08 18:57:58,56156.22,SETTLED,SB20260908PM
S1000859,T1000895,2026-09-08 12:15:27,2791.45,FAILED,SB20260908PM
S1000860,T1000896,2026-09-08 17:48:06,13136.14,SETTLED,SB20260908PM
S1000861,T1000897,2026-09-08 23:40:46,1612.03,SETTLED,SB20260908PM
S1000862,T1000898,2026-09-08 19:38:52,12832.11,SETTLED,SB20260908PM
S1000863,T1000899,2026-09-08 10:14:14,66097.61,SETTLED,SB20260908AM
S1000864,T1000900,2026-09-08 09:13:12,1743.92,SETTLED,SB20260908AM
S1000865,T1000901,2026-09-08 19:10:21,3957.75,SETTLED,SB20260908PM
S1000866,T1000902,2026-09-08 12:48:45,3446.79,SETTLED,SB20260908PM
S1000867,T1000903,2026-09-08 20:54:53,780.89,SETTLED,SB20260908PM
S1000868,T1000904,2026-09-08 07:11:06,5594.67,SETTLED,SB20260908AM
S1000869,T1000905,2026-09-08 22:09:50,4684.89,SETTLED,SB20260908PM
S1000870,T1000906,2026-09-08 13:06:45,4599.62,SETTLED,SB20260908PM
S1000871,T1000907,2026-09-08 19:41:43,4275.34,SETTLED,SB20260908PM
S1000872,T1000908,2026-09-08 14:51:32,4160.37,SETTLED,SB20260908PM
S1000873,T1000909,2026-09-08 16:22:31,2575.13,SETTLED,SB20260908PM
S1000874,T1000910,2026-09-08 20:19:45,2945.76,SETTLED,SB20260908PM
S1000875,T1000911,2026-09-08 08:32:04,2786.79,SETTLED,SB20260908AM
S1000876,T1000912,2026-09-08 20:55:50,1837.00,SETTLED,SB20260908PM
S1000877,T1000913,2026-09-08 07:41:53,88379.70,SETTLED,SB20260908AM
S1000878,T1000914,2026-09-08 17:35:35,4555.71,PENDING,SB20260908PM
S1000879,T1000915,2026-09-08 15:47:01,114.41,SETTLED,SB20260908PM
S1000880,T1000916,2026-09-08 11:15:20,11056.19,SETTLED,SB20260908AM
S1000881,T1000917,2026-09-08 13:05:03,21879.71,SETTLED,SB20260908PM
S1000882,T1000918,2026-09-08 19:13:39,33564.17,SETTLED,SB20260908PM
S1000883,T1000919,2026-09-08 23:05:13,1436.56,SETTLED,SB20260908PM
S1000884,T1000920,2026-09-08 17:34:07,4134.88,SETTLED,SB20260908PM
S1000885,T1000921,2026-09-08 11:29:42,1466.37,SETTLED,SB20260908AM
S1000886,T1000922,2026-09-08 08:24:00,7449.26,SETTLED,SB20260908AM
S1000887,T1000923,2026-09-08 09:18:51,39222.97,SETTLED,SB20260908AM
S1000888,T1000924,2026-09-08 14:01:47,4994.79,SETTLED,SB20260908PM
S1000889,T1000925,2026-09-08 19:22:01,67705.53,SETTLED,SB20260908PM
S1000890,T1000926,2026-09-08 19:59:17,846.97,SETTLED,SB20260908PM
S1000891,T1000927,2026-09-08 14:43:43,18784.94,PENDING,SB20260908PM
S1000892,T1000928,2026-09-08 13:20:04,4855.60,SETTLED,SB20260908PM
S1000893,T1000929,2026-09-08 12:27:52,4924.77,PENDING,SB20260908PM
S1000894,T1000930,2026-09-08 20:42:36,2508.94,SETTLED,SB20260908PM
S1000895,T1000931,2026-09-08 13:19:39,5420.90,SETTLED,SB20260908PM
S1000896,T1000932,2026-09-08 11:09:15,1783.81,SETTLED,SB20260908AM
S1000897,T1000934,2026-09-08 19:39:17,5202.31,SETTLED,SB20260908PM
S1000898,T1000935,2026-09-08 10:49:55,8835.27,SETTLED,SB20260908AM
S1000899,T1000937,2026-09-08 14:30:23,1219.38,SETTLED,SB20260908PM
S1000900,T1000940,2026-09-08 22:15:10,9818.17,SETTLED,SB20260908PM
S1000901,T1000941,2026-09-08 21:16:30,18079.76,SETTLED,SB20260908PM
S1000902,T1000942,2026-09-08 20:46:44,8505.18,SETTLED,SB20260908PM
S1000903,T1000943,2026-09-08 13:38:15,5165.75,SETTLED,SB20260908PM
S1000904,T1000944,2026-09-08 11:07:17,7815.60,SETTLED,SB20260908AM
S1000905,T1000946,2026-09-08 08:10:29,11226.33,SETTLED,SB20260908AM
S1000906,T1000947,2026-09-08 12:21:34,3897.94,SETTLED,SB20260908PM
S1000907,T1000948,2026-09-08 19:32:32,14493.60,SETTLED,SB20260908PM
S1000908,T1000949,2026-09-08 08:54:47,2853.41,SETTLED,SB20260908AM
S1000909,T1000950,2026-09-08 14:04:59,4296.27,SETTLED,SB20260908PM
S1000910,T1000950,2026-09-08 14:08:59,1074.07,SETTLED,SB20260908PM
S1000911,T1000951,2026-09-08 19:37:48,7899.36,SETTLED,SB20260908PM
S1000912,T1000952,2026-09-08 19:26:34,4071.98,SETTLED,SB20260908PM
S1000913,T1000953,2026-09-08 22:52:30,19265.28,SETTLED,SB20260908PM
S1000914,T1000954,2026-09-08 10:49:38,2460.99,SETTLED,SB20260908AM
S1000915,T1000955,2026-09-08 13:44:33,3196.44,SETTLED,SB20260908PM
S1000916,T1000956,2026-09-08 18:41:40,414.08,SETTLED,SB20260908PM
S1000917,T1000956,2026-09-08 18:45:40,103.52,SETTLED,SB20260908PM
S1000918,T1000957,2026-09-08 12:15:24,1434.59,SETTLED,SB20260908PM
S1000919,T1000958,2026-09-08 12:06:18,78161.67,SETTLED,SB20260908PM
S1000920,T1000959,2026-09-08 18:11:50,1043.16,SETTLED,SB20260908PM
S1000921,T1000960,2026-09-08 19:13:12,7196.09,PENDING,SB20260908PM
S1000922,T1000961,2026-09-08 21:01:49,7654.65,SETTLED,SB20260908PM
S1000923,T1000962,2026-09-08 09:37:50,1235.52,SETTLED,SB20260908AM
S1000924,T1000963,2026-09-08 12:46:02,3465.82,SETTLED,SB20260908PM
S1000925,T1000964,2026-09-08 15:52:02,13194.95,SETTLED,SB20260908PM
S1000926,T1000964,2026-09-08 15:56:02,3298.74,SETTLED,SB20260908PM
S1000927,T1000965,2026-09-08 12:28:52,56288.13,SETTLED,SB20260908PM
S1000928,T1000965,2026-09-08 12:32:52,14072.03,SETTLED,SB20260908PM
S1000929,T1000966,2026-09-08 20:23:33,2585.33,SETTLED,SB20260908PM
S1000930,T1000968,2026-09-08 09:47:28,16646.93,SETTLED,SB20260908AM
S1000931,T1000969,2026-09-08 21:37:18,6446.20,SETTLED,SB20260908PM
S1000932,T1000970,2026-09-08 13:01:24,3576.55,SETTLED,SB20260908PM
S1000933,T1000971,2026-09-08 09:28:44,6085.69,SETTLED,SB20260908AM
S1000934,T1000972,2026-09-08 14:12:48,1492.49,SETTLED,SB20260908PM
S1000935,T1000973,2026-09-08 21:29:43,2345.95,SETTLED,SB20260908PM
S1000936,T1000974,2026-09-08 14:01:58,1999.00,SETTLED,SB20260908PM
S1000937,T1000976,2026-09-08 21:19:11,1329.14,SETTLED,SB20260908PM
S1000938,T1000977,2026-09-09 00:03:36,748.65,SETTLED,SB20260909AM
S1000939,T1000978,2026-09-08 10:37:49,788.32,SETTLED,SB20260908AM
S1000940,T1000979,2026-09-08 14:34:33,2721.82,SETTLED,SB20260908PM
S1000941,T1000980,2026-09-08 18:02:39,4459.05,SETTLED,SB20260908PM
S1000942,T1000981,2026-09-08 11:17:40,3558.23,SETTLED,SB20260908AM
S1000943,T1000983,2026-09-08 10:42:51,2736.54,SETTLED,SB20260908AM
S1000944,T1000983,2026-09-08 10:46:51,684.14,SETTLED,SB20260908AM
S1000945,T1000984,2026-09-08 12:56:45,2647.93,SETTLED,SB20260908PM
S1000946,T1000985,2026-09-09 00:21:51,5301.05,SETTLED,SB20260909AM
S1000947,T1000986,2026-09-08 18:20:45,922.17,SETTLED,SB20260908PM
S1000948,T1000987,2026-09-08 09:45:54,2606.52,SETTLED,SB20260908AM
S1000949,T1000988,2026-09-08 21:28:16,1299.61,SETTLED,SB20260908PM
S1000950,T1000989,2026-09-08 08:34:49,10668.32,PENDING,SB20260908AM
S1000951,T1000990,2026-09-08 22:28:35,718.35,SETTLED,SB20260908PM
S1000952,T1000991,2026-09-08 21:50:55,12109.42,SETTLED,SB20260908PM
S1000953,T1000991,2026-09-08 21:54:55,3027.36,SETTLED,SB20260908PM
S1000954,T1000992,2026-09-08 11:44:03,637.34,SETTLED,SB20260908AM
S1000955,T1000993,2026-09-08 09:45:01,4113.02,SETTLED,SB20260908AM
S1000956,T1000995,2026-09-08 14:22:38,1590.34,SETTLED,SB20260908PM
S1000957,T1000996,2026-09-08 12:57:26,37965.48,SETTLED,SB20260908PM
S1000958,T1000998,2026-09-08 18:37:46,2089.75,SETTLED,SB20260908PM
S1000959,T1000998,2026-09-08 18:41:46,522.44,SETTLED,SB20260908PM
S1000960,T1000999,2026-09-09 19:09:48,586.56,SETTLED,SB20260909PM
S1000961,T1001000,2026-09-09 14:59:34,2839.42,SETTLED,SB20260909PM
S1000962,T1001001,2026-09-09 12:36:54,3076.64,SETTLED,SB20260909PM
S1000963,T1001002,2026-09-09 11:41:14,2858.02,SETTLED,SB20260909AM
S1000964,T1001003,2026-09-09 18:31:32,15744.01,SETTLED,SB20260909PM
S1000965,T1001004,2026-09-09 14:46:57,17322.83,SETTLED,SB20260909PM
S1000966,T1001005,2026-09-09 11:29:59,622.57,SETTLED,SB20260909AM
S1000967,T1001006,2026-09-09 21:17:13,71286.16,SETTLED,SB20260909PM
S1000968,T1001008,2026-09-09 09:28:08,5148.68,SETTLED,SB20260909AM
S1000969,T1001009,2026-09-09 17:08:20,12617.63,SETTLED,SB20260909PM
S1000970,T1001010,2026-09-09 15:31:57,2494.12,SETTLED,SB20260909PM
S1000971,T1001012,2026-09-09 16:53:57,30191.25,SETTLED,SB20260909PM
S1000972,T1001013,2026-09-09 22:09:03,1441.72,SETTLED,SB20260909PM
S1000973,T1001014,2026-09-09 08:20:23,5824.98,SETTLED,SB20260909AM
S1000974,T1001015,2026-09-09 12:04:06,3095.52,SETTLED,SB20260909PM
S1000975,T1001016,2026-09-09 20:51:56,5909.67,SETTLED,SB20260909PM
S1000976,T1001017,2026-09-09 12:27:37,2792.70,SETTLED,SB20260909PM
S1000977,T1001018,2026-09-09 14:06:42,9887.69,SETTLED,SB20260909PM
S1000978,T1001019,2026-09-09 20:53:02,1174.33,SETTLED,SB20260909PM
S1000979,T1001020,2026-09-10 00:04:26,1719.69,SETTLED,SB20260910AM
S1000980,T1001021,2026-09-09 15:00:50,65067.88,SETTLED,SB20260909PM
S1000981,T1001022,2026-09-09 18:38:28,1441.03,SETTLED,SB20260909PM
S1000982,T1001023,2026-09-09 17:56:27,68010.69,SETTLED,SB20260909PM
S1000983,T1001024,2026-09-09 22:17:02,3906.79,SETTLED,SB20260909PM
S1000984,T1001025,2026-09-09 13:46:05,465.45,SETTLED,SB20260909PM
S1000985,T1001026,2026-09-09 09:32:05,758.36,SETTLED,SB20260909AM
S1000986,T1001027,2026-09-09 10:00:41,73852.37,SETTLED,SB20260909AM
S1000987,T1001028,2026-09-09 19:00:46,3438.07,SETTLED,SB20260909PM
S1000988,T1001029,2026-09-09 19:06:36,1606.26,SETTLED,SB20260909PM
S1000989,T1001030,2026-09-09 11:56:03,623.86,SETTLED,SB20260909AM
S1000990,T1001031,2026-09-09 17:04:30,65766.65,PENDING,SB20260909PM
S1000991,T1001032,2026-09-09 17:30:52,2315.60,SETTLED,SB20260909PM
S1000992,T1001033,2026-09-09 18:38:17,846.60,SETTLED,SB20260909PM
S1000993,T1001034,2026-09-09 16:47:09,889.42,PENDING,SB20260909PM
S1000994,T1001035,2026-09-09 21:34:33,8533.84,SETTLED,SB20260909PM
S1000995,T1001036,2026-09-09 18:56:01,49762.91,SETTLED,SB20260909PM
S1000996,T1001038,2026-09-09 21:07:38,1743.94,SETTLED,SB20260909PM
S1000997,T1001038,2026-09-09 21:11:38,435.98,SETTLED,SB20260909PM
S1000998,T1001039,2026-09-09 18:24:17,2774.23,SETTLED,SB20260909PM
S1000999,T1001040,2026-09-09 15:55:58,15929.03,SETTLED,SB20260909PM
S1001000,T1001041,2026-09-09 16:12:25,3563.38,SETTLED,SB20260909PM
S1001001,T1001042,2026-09-09 17:31:12,1889.41,SETTLED,SB20260909PM
S1001002,T1001044,2026-09-09 11:13:13,41732.65,SETTLED,SB20260909AM
S1001003,T1001045,2026-09-09 21:44:50,7685.53,SETTLED,SB20260909PM
S1001004,T1001046,2026-09-09 17:39:41,7337.13,SETTLED,SB20260909PM
S1001005,T1001047,2026-09-09 10:55:29,572.35,SETTLED,SB20260909AM
S1001006,T1001048,2026-09-09 17:57:27,6458.07,SETTLED,SB20260909PM
S1001007,T1001049,2026-09-09 09:31:58,1323.77,SETTLED,SB20260909AM
S1001008,T1001050,2026-09-09 19:47:53,4562.92,SETTLED,SB20260909PM
S1001009,T1001051,2026-09-09 21:21:10,5921.84,SETTLED,SB20260909PM
S1001010,T1001052,2026-09-09 10:08:32,4320.68,SETTLED,SB20260909AM
S1001011,T1001053,2026-09-09 10:04:25,5832.72,SETTLED,SB20260909AM
S1001012,T1001054,2026-09-09 14:19:02,69949.94,SETTLED,SB20260909PM
S1001013,T1001055,2026-09-09 14:24:34,5951.52,SETTLED,SB20260909PM
S1001014,T1001055,2026-09-09 14:28:34,1487.88,SETTLED,SB20260909PM
S1001015,T1001056,2026-09-09 10:37:31,8449.22,SETTLED,SB20260909AM
S1001016,T1001057,2026-09-09 10:26:22,1117.76,SETTLED,SB20260909AM
S1001017,T1001058,2026-09-09 13:49:20,5993.80,SETTLED,SB20260909PM
S1001018,T1001059,2026-09-09 13:34:32,569.90,SETTLED,SB20260909PM
S1001019,T1001060,2026-09-09 14:40:04,10265.22,SETTLED,SB20260909PM
S1001020,T1001060,2026-09-09 14:44:04,2566.30,SETTLED,SB20260909PM
S1001021,T1001061,2026-09-09 21:17:30,36142.77,SETTLED,SB20260909PM
S1001022,T1001062,2026-09-09 17:29:04,1358.17,SETTLED,SB20260909PM
S1001023,T1001063,2026-09-09 13:23:16,32073.25,SETTLED,SB20260909PM
S1001024,T1001063,2026-09-09 13:27:16,8018.31,SETTLED,SB20260909PM
S1001025,T1001065,2026-09-09 12:38:41,43100.09,SETTLED,SB20260909PM
S1001026,T1001066,2026-09-09 10:59:10,2822.49,SETTLED,SB20260909AM
S1001027,T1001067,2026-09-09 19:34:53,2213.14,SETTLED,SB20260909PM
S1001028,T1001068,2026-09-09 23:25:52,9895.58,SETTLED,SB20260909PM
S1001029,T1001069,2026-09-09 11:24:59,1153.14,SETTLED,SB20260909AM
S1001030,T1001069,2026-09-09 11:28:59,288.29,SETTLED,SB20260909AM
S1001031,T1001070,2026-09-09 14:26:13,1640.56,SETTLED,SB20260909PM
S1001032,T1001071,2026-09-09 15:38:01,7721.23,SETTLED,SB20260909PM
S1001033,T1001072,2026-09-09 20:39:25,57605.86,SETTLED,SB20260909PM
S1001034,T1001073,2026-09-09 21:04:29,206.05,SETTLED,SB20260909PM
S1001035,T1001075,2026-09-09 18:49:10,2512.66,SETTLED,SB20260909PM
S1001036,T1001076,2026-09-09 13:16:17,1394.05,SETTLED,SB20260909PM
S1001037,T1001076,2026-09-09 13:20:17,348.51,SETTLED,SB20260909PM
S1001038,T1001077,2026-09-09 13:32:04,2556.51,SETTLED,SB20260909PM
S1001039,T1001078,2026-09-09 09:13:25,357.81,SETTLED,SB20260909AM
S1001040,T1001079,2026-09-09 16:12:14,6995.39,SETTLED,SB20260909PM
S1001041,T1001080,2026-09-09 20:08:11,1447.85,SETTLED,SB20260909PM
S1001042,T1001081,2026-09-09 10:03:11,19805.73,SETTLED,SB20260909AM
S1001043,T1001082,2026-09-09 17:45:12,1886.42,SETTLED,SB20260909PM
S1001044,T1001083,2026-09-09 12:57:06,1506.60,SETTLED,SB20260909PM
S1001045,T1001085,2026-09-09 10:15:51,991.98,SETTLED,SB20260909AM
S1001046,T1001086,2026-09-09 11:00:13,65008.15,SETTLED,SB20260909AM
S1001047,T1001087,2026-09-09 13:12:42,83138.73,SETTLED,SB20260909PM
S1001048,T1001088,2026-09-09 17:41:17,18754.59,SETTLED,SB20260909PM
S1001049,T1001091,2026-09-09 18:55:52,8816.59,SETTLED,SB20260909PM
S1001050,T1001092,2026-09-09 19:34:48,2729.83,SETTLED,SB20260909PM
S1001051,T1001093,2026-09-09 08:40:58,1889.04,SETTLED,SB20260909AM
S1001052,T1001094,2026-09-09 21:13:18,939.75,SETTLED,SB20260909PM
S1001053,T1001095,2026-09-09 11:07:23,6406.77,SETTLED,SB20260909AM
S1001054,T1001096,2026-09-09 13:57:13,10758.11,SETTLED,SB20260909PM
S1001055,T1001097,2026-09-09 12:46:09,1540.72,SETTLED,SB20260909PM
S1001056,T1001098,2026-09-10 00:12:07,3884.57,SETTLED,SB20260910AM
S1001057,T1001099,2026-09-09 21:59:04,15293.03,SETTLED,SB20260909PM
S1001058,T1001101,2026-09-09 11:28:53,5660.94,SETTLED,SB20260909AM
S1001059,T1001102,2026-09-09 13:25:22,59945.15,SETTLED,SB20260909PM
S1001060,T1001103,2026-09-09 19:16:55,1089.49,SETTLED,SB20260909PM
S1001061,T1001104,2026-09-09 14:12:02,651.56,SETTLED,SB20260909PM
S1001062,T1001105,2026-09-09 19:08:47,2172.91,SETTLED,SB20260909PM
S1001063,T1001106,2026-09-09 19:16:57,3354.18,PENDING,SB20260909PM
S1001064,T1001107,2026-09-10 19:31:07,1577.20,SETTLED,SB20260910PM
S1001065,T1001108,2026-09-10 08:03:10,23725.50,SETTLED,SB20260910AM
S1001066,T1001109,2026-09-10 08:54:57,447.44,SETTLED,SB20260910AM
S1001067,T1001110,2026-09-10 08:16:14,2596.66,SETTLED,SB20260910AM
S1001068,T1001111,2026-09-10 19:36:56,14503.97,SETTLED,SB20260910PM
S1001069,T1001112,2026-09-10 15:40:46,858.85,SETTLED,SB20260910PM
S1001070,T1001113,2026-09-10 11:13:46,1731.13,SETTLED,SB20260910AM
S1001071,T1001114,2026-09-10 12:35:34,2096.16,SETTLED,SB20260910PM
S1001072,T1001115,2026-09-10 17:13:06,2261.66,SETTLED,SB20260910PM
S1001073,T1001116,2026-09-10 10:16:59,1339.34,SETTLED,SB20260910AM
S1001074,T1001117,2026-09-10 19:41:17,4045.28,SETTLED,SB20260910PM
S1001075,T1001117,2026-09-10 19:45:17,1011.32,SETTLED,SB20260910PM
S1001076,T1001118,2026-09-10 19:46:04,910.22,SETTLED,SB20260910PM
S1001077,T1001119,2026-09-10 11:09:59,35755.42,SETTLED,SB20260910AM
S1001078,T1001120,2026-09-10 13:38:39,1102.67,SETTLED,SB20260910PM
S1001079,T1001123,2026-09-10 13:00:41,40163.60,SETTLED,SB20260910PM
S1001080,T1001124,2026-09-10 21:49:39,4182.26,SETTLED,SB20260910PM
S1001081,T1001125,2026-09-10 11:55:42,2024.99,SETTLED,SB20260910AM
S1001082,T1001126,2026-09-10 19:45:41,61469.04,SETTLED,SB20260910PM
S1001083,T1001127,2026-09-10 15:16:26,9503.37,PENDING,SB20260910PM
S1001084,T1001128,2026-09-10 14:42:42,44021.34,SETTLED,SB20260910PM
S1001085,T1001129,2026-09-10 15:51:24,4126.01,SETTLED,SB20260910PM
S1001086,T1001130,2026-09-10 11:30:27,1235.17,SETTLED,SB20260910AM
S1001087,T1001131,2026-09-10 11:15:42,38270.90,SETTLED,SB20260910AM
S1001088,T1001132,2026-09-10 13:09:56,2773.46,SETTLED,SB20260910PM
S1001089,T1001134,2026-09-10 15:45:08,3840.44,SETTLED,SB20260910PM
S1001090,T1001135,2026-09-10 21:20:39,656.11,SETTLED,SB20260910PM
S1001091,T1001136,2026-09-10 21:27:31,3339.32,SETTLED,SB20260910PM
S1001092,T1001137,2026-09-10 18:11:36,2091.77,SETTLED,SB20260910PM
S1001093,T1001138,2026-09-10 19:03:46,2295.73,SETTLED,SB20260910PM
S1001094,T1001139,2026-09-10 11:07:56,1127.07,SETTLED,SB20260910AM
S1001095,T1001140,2026-09-10 22:15:52,2846.88,SETTLED,SB20260910PM
S1001096,T1001141,2026-09-10 13:29:58,443.14,SETTLED,SB20260910PM
S1001097,T1001141,2026-09-10 13:33:58,110.78,SETTLED,SB20260910PM
S1001098,T1001142,2026-09-10 12:44:08,5354.38,FAILED,SB20260910PM
S1001099,T1001143,2026-09-10 09:31:15,3808.08,SETTLED,SB20260910AM
S1001100,T1001144,2026-09-10 12:57:54,4949.35,SETTLED,SB20260910PM
S1001101,T1001145,2026-09-10 11:02:42,11960.34,SETTLED,SB20260910AM
S1001102,T1001146,2026-09-10 21:55:33,1550.30,SETTLED,SB20260910PM
S1001103,T1001147,2026-09-10 11:30:55,1630.22,SETTLED,SB20260910AM
S1001104,T1001147,2026-09-10 11:34:55,407.56,SETTLED,SB20260910AM
S1001105,T1001148,2026-09-10 06:15:22,12206.25,SETTLED,SB20260910AM
S1001106,T1001150,2026-09-10 21:30:45,3219.90,SETTLED,SB20260910PM
S1001107,T1001151,2026-09-10 13:25:59,45025.86,SETTLED,SB20260910PM
S1001108,T1001152,2026-09-10 11:53:15,64895.75,SETTLED,SB20260910AM
S1001109,T1001153,2026-09-10 19:43:11,1153.10,SETTLED,SB20260910PM
S1001110,T1001155,2026-09-10 23:52:15,23674.86,SETTLED,SB20260910PM
S1001111,T1001156,2026-09-10 15:56:45,3741.10,SETTLED,SB20260910PM
S1001112,T1001157,2026-09-10 17:43:35,440.81,SETTLED,SB20260910PM
S1001113,T1001158,2026-09-10 13:40:17,398.47,SETTLED,SB20260910PM
S1001114,T1001159,2026-09-10 19:15:14,1389.98,SETTLED,SB20260910PM
S1001115,T1001159,2026-09-10 19:19:14,347.50,SETTLED,SB20260910PM
S1001116,T1001160,2026-09-10 11:12:33,3158.26,SETTLED,SB20260910AM
S1001117,T1001161,2026-09-10 17:29:06,12242.80,SETTLED,SB20260910PM
S1001118,T1001162,2026-09-10 16:47:46,5486.55,SETTLED,SB20260910PM
S1001119,T1001163,2026-09-10 10:06:51,6423.66,SETTLED,SB20260910AM
S1001120,T1001164,2026-09-10 21:33:43,19619.89,SETTLED,SB20260910PM
S1001121,T1001165,2026-09-10 12:04:42,19092.16,SETTLED,SB20260910PM
S1001122,T1001166,2026-09-10 10:28:12,47306.93,SETTLED,SB20260910AM
S1001123,T1001167,2026-09-10 21:55:19,9051.42,SETTLED,SB20260910PM
S1001124,T1001168,2026-09-10 19:34:39,11920.82,SETTLED,SB20260910PM
S1001125,T1001169,2026-09-10 08:45:23,2063.19,SETTLED,SB20260910AM
S1001126,T1001170,2026-09-10 13:43:41,469.87,SETTLED,SB20260910PM
S1001127,T1001170,2026-09-10 13:47:41,117.47,SETTLED,SB20260910PM
S1001128,T1001171,2026-09-10 21:14:10,11005.06,SETTLED,SB20260910PM
S1001129,T1001172,2026-09-10 20:36:01,2501.90,SETTLED,SB20260910PM
S1001130,T1001173,2026-09-10 20:25:54,23025.04,SETTLED,SB20260910PM
S1001131,T1001174,2026-09-10 09:34:24,3429.67,SETTLED,SB20260910AM
S1001132,T1001176,2026-09-10 12:29:03,4357.31,SETTLED,SB20260910PM
S1001133,T1001176,2026-09-10 12:33:03,1089.33,SETTLED,SB20260910PM
S1001134,T1001177,2026-09-10 10:56:47,5181.11,SETTLED,SB20260910AM
S1001135,T1001179,2026-09-10 13:46:10,8284.71,SETTLED,SB20260910PM
S1001136,T1001180,2026-09-10 13:52:09,1091.80,SETTLED,SB20260910PM
S1001137,T1001180,2026-09-10 13:56:09,272.95,SETTLED,SB20260910PM
S1001138,T1001181,2026-09-10 12:22:13,5592.26,SETTLED,SB20260910PM
S1001139,T1001182,2026-09-10 14:06:11,3381.19,SETTLED,SB20260910PM
S1001140,T1001183,2026-09-10 18:12:19,19559.39,SETTLED,SB20260910PM
S1001141,T1001184,2026-09-10 08:53:16,3470.04,SETTLED,SB20260910AM
S1001142,T1001185,2026-09-10 12:07:07,5995.00,PENDING,SB20260910PM
S1001143,T1001186,2026-09-10 08:47:56,16189.66,SETTLED,SB20260910AM
S1001144,T1001187,2026-09-10 11:07:07,1944.65,SETTLED,SB20260910AM
S1001145,T1001188,2026-09-10 14:00:18,379.14,SETTLED,SB20260910PM
S1001146,T1001188,2026-09-10 14:04:18,94.78,SETTLED,SB20260910PM
S1001147,T1001189,2026-09-10 20:34:03,788.65,SETTLED,SB20260910PM
S1001148,T1001190,2026-09-10 10:40:48,31671.76,SETTLED,SB20260910AM
S1001149,T1001191,2026-09-10 15:00:45,1479.13,SETTLED,SB20260910PM
S1001150,T1001192,2026-09-10 14:30:23,1852.01,SETTLED,SB20260910PM
S1001151,T1001193,2026-09-10 12:01:23,1319.27,SETTLED,SB20260910PM
S1001152,T1001194,2026-09-10 06:14:27,438.67,SETTLED,SB20260910AM
S1001153,T1001194,2026-09-10 06:18:27,109.67,SETTLED,SB20260910AM
S1001154,T1001195,2026-09-10 10:20:56,4422.83,SETTLED,SB20260910AM
S1001155,T1001196,2026-09-10 20:19:46,1877.10,SETTLED,SB20260910PM
S1001156,T1001196,2026-09-10 20:23:46,469.27,SETTLED,SB20260910PM
S1001157,T1001197,2026-09-10 11:52:54,18463.03,SETTLED,SB20260910AM
S1001158,T1001198,2026-09-10 10:30:30,87895.08,SETTLED,SB20260910AM
S1001159,T1001199,2026-09-10 20:35:13,773.74,SETTLED,SB20260910PM
S1001160,T1001200,2026-09-10 11:14:31,304.67,SETTLED,SB20260910AM
S1001161,T1001202,2026-09-10 12:01:43,1829.46,SETTLED,SB20260910PM
S1001162,T1001203,2026-09-10 22:07:39,10610.45,SETTLED,SB20260910PM
S1001163,T1001204,2026-09-10 14:40:18,653.19,SETTLED,SB20260910PM
S1001164,T1001204,2026-09-10 14:44:18,163.30,SETTLED,SB20260910PM
S1001165,T1001205,2026-09-10 20:57:26,14334.09,SETTLED,SB20260910PM
S1001166,T1001206,2026-09-10 14:42:30,21740.10,SETTLED,SB20260910PM
S1001167,T1001207,2026-09-10 15:13:36,15725.50,SETTLED,SB20260910PM
S1001168,T1001208,2026-09-10 19:26:23,1667.66,SETTLED,SB20260910PM
S1001169,T1001209,2026-09-10 08:42:48,4266.96,PENDING,SB20260910AM
S1001170,T1001210,2026-09-10 21:23:15,1541.43,SETTLED,SB20260910PM
S1001171,T1001211,2026-09-10 11:44:07,1577.63,PENDING,SB20260910AM
S1001172,T1001212,2026-09-10 11:08:17,2539.80,SETTLED,SB20260910AM
S1001173,T1001214,2026-09-10 15:56:58,4466.41,SETTLED,SB20260910PM
S1001174,T1001215,2026-09-10 14:59:44,2836.54,SETTLED,SB20260910PM
S1001175,T1001216,2026-09-10 17:41:04,80637.10,SETTLED,SB20260910PM
S1001176,T1001217,2026-09-10 20:39:18,2680.65,SETTLED,SB20260910PM
S1001177,T1001221,2026-09-10 08:13:15,1594.61,SETTLED,SB20260910AM
S1001178,T1001222,2026-09-10 07:34:07,61854.83,SETTLED,SB20260910AM
S1001179,T1001223,2026-09-11 19:35:19,11123.88,SETTLED,SB20260911PM
S1001180,T1001224,2026-09-11 16:54:06,2600.24,SETTLED,SB20260911PM
S1001181,T1001226,2026-09-11 19:54:56,1952.54,SETTLED,SB20260911PM
S1001182,T1001227,2026-09-11 13:10:08,2842.52,SETTLED,SB20260911PM
S1001183,T1001228,2026-09-11 17:21:35,4230.79,SETTLED,SB20260911PM
S1001184,T1001229,2026-09-11 18:11:54,2813.21,SETTLED,SB20260911PM
S1001185,T1001231,2026-09-11 13:52:02,4022.80,SETTLED,SB20260911PM
S1001186,T1001232,2026-09-11 10:54:19,1482.14,SETTLED,SB20260911AM
S1001187,T1001233,2026-09-11 09:53:51,983.08,SETTLED,SB20260911AM
S1001188,T1001234,2026-09-11 11:16:11,17216.17,SETTLED,SB20260911AM
S1001189,T1001236,2026-09-11 11:05:39,49668.51,SETTLED,SB20260911AM
S1001190,T1001237,2026-09-11 08:29:56,2700.20,SETTLED,SB20260911AM
S1001191,T1001239,2026-09-11 11:07:41,12442.71,SETTLED,SB20260911AM
S1001192,T1001240,2026-09-11 19:16:24,19471.01,SETTLED,SB20260911PM
S1001193,T1001241,2026-09-11 21:28:48,2835.65,SETTLED,SB20260911PM
S1001194,T1001242,2026-09-11 15:28:38,52952.74,SETTLED,SB20260911PM
S1001195,T1001243,2026-09-11 18:24:48,2413.96,SETTLED,SB20260911PM
S1001196,T1001244,2026-09-11 16:23:46,11485.76,SETTLED,SB20260911PM
S1001197,T1001245,2026-09-11 10:04:01,16694.29,SETTLED,SB20260911AM
S1001198,T1001246,2026-09-12 00:06:57,368.03,SETTLED,SB20260912AM
S1001199,T1001247,2026-09-11 17:30:21,3801.29,SETTLED,SB20260911PM
S1001200,T1001248,2026-09-11 20:42:54,12594.48,SETTLED,SB20260911PM
S1001201,T1001249,2026-09-11 12:00:46,1709.58,SETTLED,SB20260911PM
S1001202,T1001250,2026-09-11 14:52:10,2412.28,SETTLED,SB20260911PM
S1001203,T1001251,2026-09-11 13:36:15,589.53,SETTLED,SB20260911PM
S1001204,T1001252,2026-09-11 11:08:32,1720.09,SETTLED,SB20260911AM
S1001205,T1001253,2026-09-11 10:48:45,2405.58,SETTLED,SB20260911AM
S1001206,T1001253,2026-09-11 10:52:45,601.40,SETTLED,SB20260911AM
S1001207,T1001254,2026-09-11 20:36:13,10773.97,SETTLED,SB20260911PM
S1001208,T1001255,2026-09-11 14:36:29,1853.59,PENDING,SB20260911PM
S1001209,T1001256,2026-09-11 18:10:41,4896.43,SETTLED,SB20260911PM
S1001210,T1001257,2026-09-11 20:41:56,3701.42,SETTLED,SB20260911PM
S1001211,T1001258,2026-09-11 13:27:39,39698.86,SETTLED,SB20260911PM
S1001212,T1001260,2026-09-11 14:14:19,2339.39,SETTLED,SB20260911PM
S1001213,T1001261,2026-09-11 15:11:41,2046.81,SETTLED,SB20260911PM
S1001214,T1001262,2026-09-11 20:27:29,9116.41,SETTLED,SB20260911PM
S1001215,T1001263,2026-09-11 20:36:08,5507.96,SETTLED,SB20260911PM
S1001216,T1001264,2026-09-11 12:00:10,3328.41,SETTLED,SB20260911PM
S1001217,T1001266,2026-09-11 12:32:19,44989.53,SETTLED,SB20260911PM
S1001218,T1001267,2026-09-11 11:36:24,60823.64,SETTLED,SB20260911AM
S1001219,T1001267,2026-09-11 11:40:24,15205.91,SETTLED,SB20260911AM
S1001220,T1001268,2026-09-11 22:46:10,1964.44,SETTLED,SB20260911PM
S1001221,T1001269,2026-09-11 10:17:55,2572.50,SETTLED,SB20260911AM
S1001222,T1001270,2026-09-11 20:11:01,2570.49,SETTLED,SB20260911PM
S1001223,T1001270,2026-09-11 20:15:01,642.62,SETTLED,SB20260911PM
S1001224,T1001271,2026-09-11 20:23:17,423.51,SETTLED,SB20260911PM
S1001225,T1001272,2026-09-11 21:28:41,10657.30,SETTLED,SB20260911PM
S1001226,T1001273,2026-09-11 16:07:30,15809.74,SETTLED,SB20260911PM
S1001227,T1001274,2026-09-11 10:54:01,1996.31,SETTLED,SB20260911AM
S1001228,T1001275,2026-09-11 22:41:46,1410.59,SETTLED,SB20260911PM
S1001229,T1001277,2026-09-11 15:41:57,13452.38,SETTLED,SB20260911PM
S1001230,T1001278,2026-09-11 18:55:20,1868.63,SETTLED,SB20260911PM
S1001231,T1001279,2026-09-11 14:01:03,2066.98,SETTLED,SB20260911PM
S1001232,T1001280,2026-09-11 17:15:40,183.91,SETTLED,SB20260911PM
S1001233,T1001282,2026-09-11 14:13:14,5222.79,SETTLED,SB20260911PM
S1001234,T1001283,2026-09-11 18:36:23,12507.19,PENDING,SB20260911PM
S1001235,T1001284,2026-09-11 10:02:19,2563.99,SETTLED,SB20260911AM
S1001236,T1001285,2026-09-11 08:35:58,3088.19,SETTLED,SB20260911AM
S1001237,T1001286,2026-09-11 14:03:45,3635.72,SETTLED,SB20260911PM
S1001238,T1001286,2026-09-11 14:07:45,908.93,SETTLED,SB20260911PM
S1001239,T1001288,2026-09-11 20:06:30,224.21,SETTLED,SB20260911PM
S1001240,T1001289,2026-09-11 10:22:40,55958.17,SETTLED,SB20260911AM
S1001241,T1001289,2026-09-11 10:26:40,13989.54,SETTLED,SB20260911AM
S1001242,T1001290,2026-09-11 23:42:10,79670.84,SETTLED,SB20260911PM
S1001243,T1001291,2026-09-11 18:50:02,73885.06,SETTLED,SB20260911PM
S1001244,T1001292,2026-09-11 22:27:58,1071.50,SETTLED,SB20260911PM
S1001245,T1001293,2026-09-11 11:44:38,2494.65,SETTLED,SB20260911AM
S1001246,T1001294,2026-09-11 18:04:37,3162.93,SETTLED,SB20260911PM
S1001247,T1001295,2026-09-11 10:43:31,2114.80,SETTLED,SB20260911AM
S1001248,T1001296,2026-09-11 19:29:28,11767.37,SETTLED,SB20260911PM
S1001249,T1001296,2026-09-11 19:33:28,2941.84,SETTLED,SB20260911PM
S1001250,T1001297,2026-09-11 12:43:10,5152.15,SETTLED,SB20260911PM
S1001251,T1001298,2026-09-11 12:36:01,161.74,SETTLED,SB20260911PM
S1001252,T1001298,2026-09-11 12:40:01,40.44,SETTLED,SB20260911PM
S1001253,T1001299,2026-09-11 13:05:23,2767.28,SETTLED,SB20260911PM
S1001254,T1001300,2026-09-11 10:29:11,2514.58,SETTLED,SB20260911AM
S1001255,T1001301,2026-09-11 11:14:16,1592.60,PENDING,SB20260911AM
S1001256,T1001302,2026-09-11 12:27:05,458.79,SETTLED,SB20260911PM
S1001257,T1001303,2026-09-11 18:59:06,2685.05,SETTLED,SB20260911PM
S1001258,T1001305,2026-09-11 12:39:01,898.19,SETTLED,SB20260911PM
S1001259,T1001310,2026-09-11 17:56:18,13022.39,SETTLED,SB20260911PM
S1001260,T1001313,2026-09-11 07:52:28,1531.31,SETTLED,SB20260911AM
S1001261,T1001314,2026-09-11 14:45:54,12211.02,SETTLED,SB20260911PM
S1001262,T1001316,2026-09-11 11:26:38,782.32,SETTLED,SB20260911AM
S1001263,T1001317,2026-09-11 12:59:32,1128.39,SETTLED,SB20260911PM
S1001264,T1001318,2026-09-11 14:34:40,3950.56,SETTLED,SB20260911PM
S1001265,T1001319,2026-09-11 22:58:25,1815.96,SETTLED,SB20260911PM
S1001266,T1001321,2026-09-11 18:51:04,2275.09,SETTLED,SB20260911PM
S1001267,T1001322,2026-09-11 21:48:09,3225.77,SETTLED,SB20260911PM
S1001268,T1001323,2026-09-11 21:01:34,3919.65,SETTLED,SB20260911PM
S1001269,T1001324,2026-09-11 18:23:25,76420.49,SETTLED,SB20260911PM
S1001270,T1001325,2026-09-11 13:43:30,1027.58,SETTLED,SB20260911PM
S1001271,T1001325,2026-09-11 13:47:30,256.90,SETTLED,SB20260911PM
S1001272,T1001326,2026-09-11 18:50:47,51727.45,SETTLED,SB20260911PM
S1001273,T1001327,2026-09-11 14:58:23,758.60,SETTLED,SB20260911PM
S1001274,T1001328,2026-09-11 19:47:10,2554.88,SETTLED,SB20260911PM
S1001275,T1001329,2026-09-11 18:45:19,33157.86,SETTLED,SB20260911PM
S1001276,T1001330,2026-09-11 13:59:50,2665.53,SETTLED,SB20260911PM
S1001277,T1001331,2026-09-11 17:48:24,1149.07,SETTLED,SB20260911PM
S1001278,T1001332,2026-09-11 08:51:34,1044.91,SETTLED,SB20260911AM
S1001279,T1001334,2026-09-11 09:38:51,1510.78,SETTLED,SB20260911AM
S1001280,T1001335,2026-09-11 20:37:48,3916.41,SETTLED,SB20260911PM
S1001281,T1001336,2026-09-11 15:13:04,20873.86,SETTLED,SB20260911PM
S1001282,T1001337,2026-09-11 21:22:33,1427.56,SETTLED,SB20260911PM
S1001283,T1001338,2026-09-12 10:49:15,35338.05,PENDING,SB20260912AM
S1001284,T1001339,2026-09-12 14:24:23,34352.42,SETTLED,SB20260912PM
S1001285,T1001340,2026-09-12 12:40:52,1416.37,SETTLED,SB20260912PM
S1001286,T1001341,2026-09-12 08:32:32,11196.16,SETTLED,SB20260912AM
S1001287,T1001342,2026-09-12 10:04:04,2560.73,SETTLED,SB20260912AM
S1001288,T1001343,2026-09-12 11:43:31,853.26,SETTLED,SB20260912AM
S1001289,T1001344,2026-09-12 08:00:13,1844.32,SETTLED,SB20260912AM
S1001290,T1001345,2026-09-12 18:26:12,1856.08,SETTLED,SB20260912PM
S1001291,T1001346,2026-09-12 10:38:32,1896.00,SETTLED,SB20260912AM
S1001292,T1001347,2026-09-12 17:39:43,10550.88,SETTLED,SB20260912PM
S1001293,T1001348,2026-09-12 08:11:55,1821.85,SETTLED,SB20260912AM
S1001294,T1001349,2026-09-12 20:20:47,943.51,SETTLED,SB20260912PM
S1001295,T1001350,2026-09-12 17:38:03,2455.29,SETTLED,SB20260912PM
S1001296,T1001351,2026-09-12 20:16:19,1516.80,SETTLED,SB20260912PM
S1001297,T1001352,2026-09-12 21:12:19,6654.07,SETTLED,SB20260912PM
S1001298,T1001353,2026-09-12 15:42:00,953.79,SETTLED,SB20260912PM
S1001299,T1001354,2026-09-12 16:37:17,56705.84,SETTLED,SB20260912PM
S1001300,T1001355,2026-09-12 20:01:55,4396.44,SETTLED,SB20260912PM
S1001301,T1001356,2026-09-12 12:44:43,3109.53,SETTLED,SB20260912PM
S1001302,T1001357,2026-09-12 13:11:17,8434.56,SETTLED,SB20260912PM
S1001303,T1001357,2026-09-12 13:15:17,2108.64,SETTLED,SB20260912PM
S1001304,T1001358,2026-09-12 16:17:27,57207.94,SETTLED,SB20260912PM
S1001305,T1001359,2026-09-12 16:43:58,12375.74,SETTLED,SB20260912PM
S1001306,T1001360,2026-09-12 11:50:30,3784.95,SETTLED,SB20260912AM
S1001307,T1001361,2026-09-12 11:02:30,977.89,SETTLED,SB20260912AM
S1001308,T1001362,2026-09-12 10:16:19,19429.05,SETTLED,SB20260912AM
S1001309,T1001363,2026-09-12 11:16:29,880.32,SETTLED,SB20260912AM
S1001310,T1001364,2026-09-12 15:16:38,1625.21,SETTLED,SB20260912PM
S1001311,T1001365,2026-09-12 18:16:28,663.88,SETTLED,SB20260912PM
S1001312,T1001366,2026-09-12 22:05:13,412.19,SETTLED,SB20260912PM
S1001313,T1001366,2026-09-12 22:09:13,103.05,SETTLED,SB20260912PM
S1001314,T1001367,2026-09-12 23:04:59,51606.41,SETTLED,SB20260912PM
S1001315,T1001368,2026-09-12 08:52:06,1301.58,SETTLED,SB20260912AM
S1001316,T1001369,2026-09-12 16:32:48,2462.90,SETTLED,SB20260912PM
S1001317,T1001370,2026-09-12 22:11:39,3878.10,SETTLED,SB20260912PM
S1001318,T1001371,2026-09-12 18:24:54,159.29,SETTLED,SB20260912PM
S1001319,T1001373,2026-09-12 15:26:54,2601.52,SETTLED,SB20260912PM
S1001320,T1001375,2026-09-12 14:18:00,12929.87,SETTLED,SB20260912PM
S1001321,T1001376,2026-09-12 10:18:13,1540.24,SETTLED,SB20260912AM
S1001322,T1001377,2026-09-12 11:14:13,10286.49,SETTLED,SB20260912AM
S1001323,T1001378,2026-09-12 19:02:42,937.30,SETTLED,SB20260912PM
S1001324,T1001379,2026-09-12 20:54:23,3949.76,SETTLED,SB20260912PM
S1001325,T1001380,2026-09-12 15:23:20,8683.14,SETTLED,SB20260912PM
S1001326,T1001381,2026-09-12 20:43:12,1617.81,SETTLED,SB20260912PM
S1001327,T1001381,2026-09-12 20:47:12,404.45,SETTLED,SB20260912PM
S1001328,T1001382,2026-09-12 17:12:24,2384.64,SETTLED,SB20260912PM
S1001329,T1001385,2026-09-12 08:45:39,3865.92,SETTLED,SB20260912AM
S1001330,T1001387,2026-09-12 21:22:48,3635.85,SETTLED,SB20260912PM
S1001331,T1001389,2026-09-12 08:58:40,3479.85,SETTLED,SB20260912AM
S1001332,T1001390,2026-09-12 14:05:58,3807.94,SETTLED,SB20260912PM
S1001333,T1001391,2026-09-12 12:52:06,18959.53,SETTLED,SB20260912PM
S1001334,T1001392,2026-09-12 12:34:22,78493.34,SETTLED,SB20260912PM
S1001335,T1001393,2026-09-12 19:22:28,9209.49,SETTLED,SB20260912PM
S1001336,T1001394,2026-09-12 11:48:00,16527.13,PENDING,SB20260912AM
S1001337,T1001395,2026-09-12 14:07:09,1644.14,SETTLED,SB20260912PM
S1001338,T1001395,2026-09-12 14:11:09,411.04,SETTLED,SB20260912PM
S1001339,T1001396,2026-09-12 18:58:09,83569.24,SETTLED,SB20260912PM
S1001340,T1001397,2026-09-12 13:32:55,3782.32,SETTLED,SB20260912PM
S1001341,T1001398,2026-09-12 18:01:44,1764.82,SETTLED,SB20260912PM
S1001342,T1001399,2026-09-12 22:34:01,12852.43,SETTLED,SB20260912PM
S1001343,T1001401,2026-09-12 11:44:52,3368.49,SETTLED,SB20260912AM
S1001344,T1001402,2026-09-12 13:47:34,20870.24,SETTLED,SB20260912PM
S1001345,T1001403,2026-09-12 21:46:41,10833.91,FAILED,SB20260912PM
S1001346,T1001404,2026-09-12 10:24:26,623.26,SETTLED,SB20260912AM
S1001347,T1001405,2026-09-12 12:47:56,9754.03,SETTLED,SB20260912PM
S1001348,T1001406,2026-09-12 17:34:36,19577.59,SETTLED,SB20260912PM
S1001349,T1001407,2026-09-12 14:46:30,3914.47,SETTLED,SB20260912PM
S1001350,T1001408,2026-09-12 21:27:40,1722.49,PENDING,SB20260912PM
S1001351,T1001409,2026-09-12 23:29:38,6772.00,PENDING,SB20260912PM
S1001352,T1001410,2026-09-12 15:10:14,6660.60,PENDING,SB20260912PM
S1001353,T1001411,2026-09-12 19:33:19,11121.14,SETTLED,SB20260912PM
S1001354,T1001411,2026-09-12 19:37:19,2780.29,SETTLED,SB20260912PM
S1001355,T1001413,2026-09-12 20:03:06,54138.99,SETTLED,SB20260912PM
S1001356,T1001414,2026-09-12 13:33:42,87018.01,SETTLED,SB20260912PM
S1001357,T1001415,2026-09-12 17:10:30,31522.70,SETTLED,SB20260912PM
S1001358,T1001416,2026-09-12 12:03:51,3474.22,SETTLED,SB20260912PM
S1001359,T1001417,2026-09-12 15:24:52,18287.45,SETTLED,SB20260912PM
S1001360,T1001418,2026-09-12 15:44:04,2462.83,SETTLED,SB20260912PM
S1001361,T1001420,2026-09-12 17:07:05,5507.52,SETTLED,SB20260912PM
S1001362,T1001421,2026-09-12 11:23:32,4438.63,SETTLED,SB20260912AM
S1001363,T1001422,2026-09-12 06:14:26,19370.04,SETTLED,SB20260912AM
S1001364,T1001424,2026-09-12 20:44:55,11027.58,SETTLED,SB20260912PM
S1001365,T1001425,2026-09-12 21:16:05,12053.17,SETTLED,SB20260912PM
S1001366,T1001427,2026-09-12 18:15:20,37273.50,SETTLED,SB20260912PM
S1001367,T1001427,2026-09-12 18:19:20,9318.37,SETTLED,SB20260912PM
S1001368,T1001428,2026-09-12 12:04:47,3842.94,SETTLED,SB20260912PM
S1001369,T1001428,2026-09-12 12:08:47,960.73,SETTLED,SB20260912PM
S1001370,T1001430,2026-09-12 21:55:43,48225.46,SETTLED,SB20260912PM
S1001371,T1001431,2026-09-12 10:50:07,667.55,SETTLED,SB20260912AM
S1001372,T1001432,2026-09-12 14:55:04,1545.88,SETTLED,SB20260912PM
S1001373,T1001433,2026-09-12 19:24:03,2072.80,SETTLED,SB20260912PM
S1001374,T1001433,2026-09-12 19:28:03,518.20,SETTLED,SB20260912PM
S1001375,T1001434,2026-09-12 09:28:16,2268.53,SETTLED,SB20260912AM
S1001376,T1001435,2026-09-12 10:31:46,13690.60,SETTLED,SB20260912AM
S1001377,T1001436,2026-09-12 20:35:20,268.34,SETTLED,SB20260912PM
S1001378,T1001437,2026-09-12 10:04:40,59881.93,SETTLED,SB20260912AM
S1001379,T1001438,2026-09-12 13:44:10,405.16,SETTLED,SB20260912PM
S1001380,T1001439,2026-09-12 17:41:29,1547.70,SETTLED,SB20260912PM
S1001381,T1001440,2026-09-12 14:31:27,1893.19,SETTLED,SB20260912PM
S1001382,T1001441,2026-09-12 14:11:48,11372.62,SETTLED,SB20260912PM
S1001383,T1001442,2026-09-12 17:17:48,8390.24,SETTLED,SB20260912PM
S1001384,T1001443,2026-09-12 19:13:01,7617.91,SETTLED,SB20260912PM
S1001385,T1001444,2026-09-12 20:35:55,30575.05,SETTLED,SB20260912PM
S1001386,T1001445,2026-09-12 10:16:40,350.10,SETTLED,SB20260912AM
S1001387,T1001447,2026-09-12 10:08:12,3564.29,SETTLED,SB20260912AM
S1001388,T1001448,2026-09-12 13:45:47,2907.72,SETTLED,SB20260912PM
S1001389,T1001449,2026-09-12 18:07:18,34861.34,SETTLED,SB20260912PM
S1001390,T1001450,2026-09-12 13:30:12,2250.65,SETTLED,SB20260912PM
S1001391,T1001450,2026-09-12 13:34:12,562.66,SETTLED,SB20260912PM
S1001392,T1001451,2026-09-12 11:20:52,1365.89,SETTLED,SB20260912AM
S1001393,T1001452,2026-09-12 08:39:33,884.73,SETTLED,SB20260912AM
S1001394,T1001454,2026-09-12 20:52:15,53632.00,SETTLED,SB20260912PM
S1001395,T1001455,2026-09-12 07:22:30,13690.46,SETTLED,SB20260912AM
S1001396,T1001455,2026-09-12 07:26:30,3422.61,SETTLED,SB20260912AM
S1001397,T1001456,2026-09-13 01:33:31,9858.45,PENDING,SB20260913AM
S1001398,T1001457,2026-09-12 10:05:21,4906.69,SETTLED,SB20260912AM
S1001399,T1001458,2026-09-12 14:09:51,14047.77,SETTLED,SB20260912PM
S1001400,T1001459,2026-09-12 08:20:53,943.10,SETTLED,SB20260912AM
S1001401,T1001460,2026-09-12 09:51:30,5415.86,SETTLED,SB20260912AM
S1001402,T1001461,2026-09-12 20:21:44,2400.59,SETTLED,SB20260912PM
S1001403,T1001462,2026-09-12 10:13:57,2558.81,SETTLED,SB20260912AM
S1001404,T1001462,2026-09-12 10:17:57,639.70,SETTLED,SB20260912AM
S1001405,T1001463,2026-09-12 16:17:26,67077.62,SETTLED,SB20260912PM
S1001406,T1001464,2026-09-12 13:10:33,11971.97,SETTLED,SB20260912PM
S1001407,T1001465,2026-09-12 15:18:03,70580.23,SETTLED,SB20260912PM
S1001408,T1001466,2026-09-12 16:06:20,1816.40,SETTLED,SB20260912PM
S1001409,T1001467,2026-09-12 18:54:58,638.51,SETTLED,SB20260912PM
S1001410,T1001468,2026-09-12 17:50:27,1999.60,SETTLED,SB20260912PM
S1001411,T1001469,2026-09-12 20:32:22,3924.70,SETTLED,SB20260912PM
S1001412,T1001470,2026-09-12 06:43:31,4779.96,SETTLED,SB20260912AM
S1001413,T1001471,2026-09-12 21:16:26,54106.03,SETTLED,SB20260912PM
S1001414,T1001473,2026-09-12 12:34:34,1486.81,SETTLED,SB20260912PM
S1001415,T1001473,2026-09-12 12:38:34,371.70,SETTLED,SB20260912PM
S1001416,T1001474,2026-09-12 14:05:58,614.82,SETTLED,SB20260912PM
S1001417,T1001475,2026-09-12 11:20:20,1445.71,SETTLED,SB20260912AM
S1001418,T1001476,2026-09-12 22:02:38,19297.86,SETTLED,SB20260912PM
S1001419,T1001476,2026-09-12 22:06:38,4824.47,SETTLED,SB20260912PM
S1001420,T1001478,2026-09-12 12:42:49,2686.62,SETTLED,SB20260912PM
S1001421,T1001479,2026-09-12 20:31:18,1386.87,SETTLED,SB20260912PM
S1001422,T1001480,2026-09-12 22:06:11,1627.44,SETTLED,SB20260912PM
S1001423,T1001481,2026-09-12 11:03:14,893.75,SETTLED,SB20260912AM
S1001424,T1001482,2026-09-12 19:44:40,1188.59,SETTLED,SB20260912PM
S1001425,T1001483,2026-09-12 11:23:05,78863.13,SETTLED,SB20260912AM
S1001426,T1001484,2026-09-12 22:43:17,3298.01,SETTLED,SB20260912PM
S1001427,T1001485,2026-09-12 10:38:04,4506.40,SETTLED,SB20260912AM
S1001428,T1001486,2026-09-12 08:09:37,65321.58,SETTLED,SB20260912AM
S1001429,T1001487,2026-09-12 17:11:46,4285.23,SETTLED,SB20260912PM
S1001430,T1001488,2026-09-13 13:17:57,48862.31,SETTLED,SB20260913PM
S1001431,T1001489,2026-09-13 16:37:40,13366.74,SETTLED,SB20260913PM
S1001432,T1001490,2026-09-13 22:17:49,3962.26,SETTLED,SB20260913PM
S1001433,T1001491,2026-09-13 19:55:55,1195.13,SETTLED,SB20260913PM
S1001434,T1001493,2026-09-13 17:50:15,3212.26,SETTLED,SB20260913PM
S1001435,T1001494,2026-09-13 21:29:05,2060.05,SETTLED,SB20260913PM
S1001436,T1001495,2026-09-13 11:53:14,2133.43,SETTLED,SB20260913AM
S1001437,T1001496,2026-09-13 14:41:30,12292.26,FAILED,SB20260913PM
S1001438,T1001497,2026-09-13 09:41:38,20645.11,SETTLED,SB20260913AM
S1001439,T1001498,2026-09-13 10:21:24,15380.41,SETTLED,SB20260913AM
S1001440,T1001499,2026-09-13 19:53:48,11604.56,SETTLED,SB20260913PM
S1001441,T1001500,2026-09-13 21:14:00,361.30,SETTLED,SB20260913PM
S1001442,T1001501,2026-09-13 23:49:12,2992.27,SETTLED,SB20260913PM
S1001443,T1001502,2026-09-13 11:28:00,2221.19,SETTLED,SB20260913AM
S1001444,T1001503,2026-09-13 18:47:38,773.44,SETTLED,SB20260913PM
S1001445,T1001504,2026-09-13 20:15:48,83901.66,SETTLED,SB20260913PM
S1001446,T1001505,2026-09-13 18:34:07,692.84,SETTLED,SB20260913PM
S1001447,T1001506,2026-09-13 17:17:40,6778.86,SETTLED,SB20260913PM
S1001448,T1001507,2026-09-13 11:26:37,2499.29,SETTLED,SB20260913AM
S1001449,T1001508,2026-09-13 11:19:29,650.64,SETTLED,SB20260913AM
S1001450,T1001510,2026-09-13 20:51:27,1671.54,SETTLED,SB20260913PM
S1001451,T1001511,2026-09-13 19:55:55,12263.91,SETTLED,SB20260913PM
S1001452,T1001512,2026-09-13 13:12:23,1231.76,SETTLED,SB20260913PM
S1001453,T1001513,2026-09-13 20:43:39,245.14,SETTLED,SB20260913PM
S1001454,T1001514,2026-09-13 18:43:06,3945.22,SETTLED,SB20260913PM
S1001455,T1001514,2026-09-13 18:47:06,986.30,SETTLED,SB20260913PM
S1001456,T1001515,2026-09-13 21:58:18,35033.75,SETTLED,SB20260913PM
S1001457,T1001516,2026-09-13 14:26:53,657.38,SETTLED,SB20260913PM
S1001458,T1001518,2026-09-13 18:38:44,1493.31,SETTLED,SB20260913PM
S1001459,T1001519,2026-09-13 11:25:20,2150.96,SETTLED,SB20260913AM
S1001460,T1001522,2026-09-13 22:20:36,849.16,SETTLED,SB20260913PM
S1001461,T1001524,2026-09-13 14:54:23,3436.17,SETTLED,SB20260913PM
S1001462,T1001525,2026-09-13 17:37:10,4518.21,SETTLED,SB20260913PM
S1001463,T1001526,2026-09-13 14:26:43,11924.67,SETTLED,SB20260913PM
S1001464,T1001528,2026-09-13 14:44:49,3578.02,SETTLED,SB20260913PM
S1001465,T1001529,2026-09-13 21:41:36,17371.93,SETTLED,SB20260913PM
S1001466,T1001530,2026-09-13 11:21:07,14039.90,SETTLED,SB20260913AM
S1001467,T1001531,2026-09-13 11:15:05,1263.76,SETTLED,SB20260913AM
S1001468,T1001532,2026-09-13 18:29:35,17225.57,SETTLED,SB20260913PM
S1001469,T1001533,2026-09-13 15:55:48,17010.04,SETTLED,SB20260913PM
S1001470,T1001534,2026-09-13 20:07:43,1140.32,SETTLED,SB20260913PM
S1001471,T1001535,2026-09-13 18:17:27,284.77,SETTLED,SB20260913PM
S1001472,T1001536,2026-09-13 11:52:22,1141.96,SETTLED,SB20260913AM
S1001473,T1001537,2026-09-13 11:46:53,5288.38,FAILED,SB20260913AM
S1001474,T1001538,2026-09-13 17:55:37,1781.13,SETTLED,SB20260913PM
S1001475,T1001538,2026-09-13 17:59:37,445.28,SETTLED,SB20260913PM
S1001476,T1001539,2026-09-13 15:48:17,1352.49,SETTLED,SB20260913PM
S1001477,T1001539,2026-09-13 15:52:17,338.12,SETTLED,SB20260913PM
S1001478,T1001540,2026-09-13 09:58:19,4148.17,PENDING,SB20260913AM
S1001479,T1001541,2026-09-13 15:01:37,1162.41,PENDING,SB20260913PM
S1001480,T1001542,2026-09-13 17:51:43,308.87,SETTLED,SB20260913PM
S1001481,T1001544,2026-09-13 16:16:44,15530.35,SETTLED,SB20260913PM
S1001482,T1001545,2026-09-13 19:47:40,3875.18,SETTLED,SB20260913PM
S1001483,T1001546,2026-09-13 23:05:28,75738.54,SETTLED,SB20260913PM
S1001484,T1001547,2026-09-13 12:11:20,476.58,SETTLED,SB20260913PM
S1001485,T1001547,2026-09-13 12:15:20,119.14,SETTLED,SB20260913PM
S1001486,T1001548,2026-09-13 09:21:04,11598.49,SETTLED,SB20260913AM
S1001487,T1001549,2026-09-13 20:04:29,64817.42,SETTLED,SB20260913PM
S1001488,T1001549,2026-09-13 20:08:29,16204.36,SETTLED,SB20260913PM
S1001489,T1001550,2026-09-13 23:20:04,15618.85,FAILED,SB20260913PM
S1001490,T1001551,2026-09-13 21:30:37,44143.02,SETTLED,SB20260913PM
S1001491,T1001552,2026-09-13 15:07:45,67580.39,SETTLED,SB20260913PM
S1001492,T1001553,2026-09-13 12:57:24,26522.57,SETTLED,SB20260913PM
S1001493,T1001555,2026-09-13 11:29:51,4407.14,SETTLED,SB20260913AM
S1001494,T1001556,2026-09-13 19:02:13,1570.11,PENDING,SB20260913PM
S1001495,T1001557,2026-09-13 13:33:22,18794.10,SETTLED,SB20260913PM
S1001496,T1001558,2026-09-13 20:42:22,1100.65,SETTLED,SB20260913PM
S1001497,T1001559,2026-09-13 09:27:34,17331.88,SETTLED,SB20260913AM
S1001498,T1001560,2026-09-13 12:39:07,2273.91,SETTLED,SB20260913PM
S1001499,T1001561,2026-09-13 20:51:07,1544.63,SETTLED,SB20260913PM
S1001500,T1001562,2026-09-13 14:05:44,9544.93,FAILED,SB20260913PM
S1001501,T1001563,2026-09-13 14:48:19,2861.73,SETTLED,SB20260913PM
S1001502,T1001563,2026-09-13 14:52:19,715.43,SETTLED,SB20260913PM
S1001503,T1001564,2026-09-13 09:04:06,3080.49,SETTLED,SB20260913AM
S1001504,T1001565,2026-09-13 15:12:20,3497.17,SETTLED,SB20260913PM
S1001505,T1001567,2026-09-13 12:45:06,8391.04,SETTLED,SB20260913PM
S1001506,T1001568,2026-09-13 18:26:18,2615.87,SETTLED,SB20260913PM
S1001507,T1001569,2026-09-13 13:25:19,37299.75,SETTLED,SB20260913PM
S1001508,T1001570,2026-09-13 19:33:31,2242.91,SETTLED,SB20260913PM
S1001509,T1001571,2026-09-13 19:56:46,2166.99,SETTLED,SB20260913PM
S1001510,T1001572,2026-09-13 19:25:57,55878.02,SETTLED,SB20260913PM
S1001511,T1001573,2026-09-13 09:18:28,4960.27,SETTLED,SB20260913AM
S1001512,T1001574,2026-09-13 16:55:56,48143.05,SETTLED,SB20260913PM
S1001513,T1001575,2026-09-13 09:19:03,3601.94,SETTLED,SB20260913AM
S1001514,T1001576,2026-09-13 22:07:43,10486.04,SETTLED,SB20260913PM
S1001515,T1001577,2026-09-13 22:31:31,3974.88,SETTLED,SB20260913PM
S1001516,T1001578,2026-09-13 21:04:21,728.96,SETTLED,SB20260913PM
S1001517,T1001580,2026-09-13 16:51:10,47951.44,SETTLED,SB20260913PM
S1001518,T1001581,2026-09-13 20:14:26,9391.88,SETTLED,SB20260913PM
S1001519,T1001582,2026-09-13 13:44:43,3641.57,SETTLED,SB20260913PM
S1001520,T1001583,2026-09-13 23:49:48,5937.22,SETTLED,SB20260913PM
S1001521,T1001584,2026-09-13 15:39:23,3856.94,SETTLED,SB20260913PM
S1001522,T1001585,2026-09-13 15:44:54,84023.66,SETTLED,SB20260913PM
S1001523,T1001586,2026-09-13 20:33:28,821.23,SETTLED,SB20260913PM
S1001524,T1001587,2026-09-13 09:17:42,4801.91,SETTLED,SB20260913AM
S1001525,T1001588,2026-09-13 13:03:36,607.74,SETTLED,SB20260913PM
S1001526,T1001589,2026-09-13 19:36:16,1016.36,SETTLED,SB20260913PM
S1001527,T1001590,2026-09-13 14:50:55,5302.79,PENDING,SB20260913PM
S1001528,T1001591,2026-09-13 17:11:34,3970.74,SETTLED,SB20260913PM
S1001529,T1001592,2026-09-13 18:59:31,19934.21,SETTLED,SB20260913PM
S1001530,T1001593,2026-09-13 20:18:02,46312.92,SETTLED,SB20260913PM
S1001531,T1001594,2026-09-13 18:28:21,1923.05,SETTLED,SB20260913PM
S1001532,T1001595,2026-09-13 17:29:37,1724.13,SETTLED,SB20260913PM
S1001533,T1001596,2026-09-13 20:03:53,4647.69,SETTLED,SB20260913PM
S1001534,T1001597,2026-09-13 16:11:00,1346.15,SETTLED,SB20260913PM
S1001535,T1001598,2026-09-13 19:59:03,26144.72,SETTLED,SB20260913PM
S1001536,T1001599,2026-09-13 12:34:54,2513.93,SETTLED,SB20260913PM
S1001537,T1001601,2026-09-13 16:53:17,2353.91,SETTLED,SB20260913PM
S1001538,T1001602,2026-09-13 12:08:42,355.63,SETTLED,SB20260913PM
S1001539,T1001603,2026-09-13 14:25:24,51492.14,SETTLED,SB20260913PM
S1001540,T1001604,2026-09-13 14:55:10,1531.45,SETTLED,SB20260913PM
S1001541,T1001605,2026-09-13 16:14:12,2670.00,SETTLED,SB20260913PM
S1001542,T1001606,2026-09-13 11:25:06,2584.98,SETTLED,SB20260913AM
S1001543,T1001607,2026-09-13 20:14:40,2154.19,SETTLED,SB20260913PM
S1001544,T1001608,2026-09-13 08:51:02,33514.79,SETTLED,SB20260913AM
S1001545,T1001609,2026-09-13 21:05:06,21438.01,SETTLED,SB20260913PM
S1001546,T1001610,2026-09-13 19:23:40,301.17,SETTLED,SB20260913PM
S1001547,T1001610,2026-09-13 19:27:40,75.29,SETTLED,SB20260913PM
S1001548,T1001611,2026-09-13 11:22:46,1221.93,SETTLED,SB20260913AM
S1001549,T1001612,2026-09-13 17:50:17,56074.21,SETTLED,SB20260913PM
S1001550,T1001613,2026-09-13 22:30:08,350.59,SETTLED,SB20260913PM
S1001551,T1001614,2026-09-13 20:16:23,769.31,FAILED,SB20260913PM
S1001552,T1001615,2026-09-13 14:04:32,1798.96,PENDING,SB20260913PM
S1001553,T1001616,2026-09-13 09:18:35,2130.78,SETTLED,SB20260913AM
S1001554,T1001616,2026-09-13 09:22:35,532.70,SETTLED,SB20260913AM
S1001555,T1001617,2026-09-13 14:50:50,26347.53,SETTLED,SB20260913PM
S1001556,T1001618,2026-09-13 19:38:47,500.50,SETTLED,SB20260913PM
S1001557,T1001619,2026-09-13 14:51:24,5837.26,SETTLED,SB20260913PM
S1001558,T1001620,2026-09-13 19:17:06,14097.84,SETTLED,SB20260913PM
S1001559,T1001621,2026-09-13 19:08:52,34548.94,SETTLED,SB20260913PM
S1001560,T1001622,2026-09-13 18:11:44,49585.45,SETTLED,SB20260913PM
S1001561,T1001624,2026-09-13 13:55:39,2201.46,SETTLED,SB20260913PM
S1001562,T1001625,2026-09-13 07:50:18,7789.90,SETTLED,SB20260913AM
S1001563,T1001628,2026-09-13 18:41:21,1267.85,SETTLED,SB20260913PM
S1001564,T1001629,2026-09-13 18:30:42,25953.82,SETTLED,SB20260913PM
S1001565,T1001630,2026-09-13 09:49:56,70864.92,SETTLED,SB20260913AM
S1001566,T1001631,2026-09-13 18:56:50,1975.92,SETTLED,SB20260913PM
S1001567,T1001632,2026-09-14 12:43:45,2667.97,PENDING,SB20260914PM
S1001568,T1001633,2026-09-14 16:17:35,53775.16,SETTLED,SB20260914PM
S1001569,T1001634,2026-09-14 18:17:44,35807.40,SETTLED,SB20260914PM
S1001570,T1001634,2026-09-14 18:21:44,8951.85,SETTLED,SB20260914PM
S1001571,T1001635,2026-09-14 23:29:32,444.65,SETTLED,SB20260914PM
S1001572,T1001636,2026-09-14 11:05:05,1666.93,SETTLED,SB20260914AM
S1001573,T1001637,2026-09-14 20:51:14,1796.49,SETTLED,SB20260914PM
S1001574,T1001638,2026-09-14 20:54:07,4655.14,SETTLED,SB20260914PM
S1001575,T1001639,2026-09-14 14:50:04,3308.76,SETTLED,SB20260914PM
S1001576,T1001640,2026-09-14 19:43:10,3906.75,SETTLED,SB20260914PM
S1001577,T1001641,2026-09-14 14:07:45,4234.95,PENDING,SB20260914PM
S1001578,T1001642,2026-09-14 19:33:47,39062.23,SETTLED,SB20260914PM
S1001579,T1001643,2026-09-14 16:37:26,3755.03,SETTLED,SB20260914PM
S1001580,T1001644,2026-09-14 11:37:38,1936.72,SETTLED,SB20260914AM
S1001581,T1001644,2026-09-14 11:41:38,484.18,SETTLED,SB20260914AM
S1001582,T1001645,2026-09-14 14:59:19,43838.46,SETTLED,SB20260914PM
S1001583,T1001646,2026-09-14 12:16:00,1920.56,SETTLED,SB20260914PM
S1001584,T1001649,2026-09-14 19:02:54,1435.64,SETTLED,SB20260914PM
S1001585,T1001650,2026-09-14 17:21:24,2685.58,SETTLED,SB20260914PM
S1001586,T1001652,2026-09-14 17:59:44,2943.06,SETTLED,SB20260914PM
S1001587,T1001653,2026-09-14 19:46:22,1134.44,SETTLED,SB20260914PM
S1001588,T1001654,2026-09-14 13:56:48,5304.56,SETTLED,SB20260914PM
S1001589,T1001655,2026-09-14 19:25:24,1937.63,SETTLED,SB20260914PM
S1001590,T1001656,2026-09-14 13:51:43,428.90,SETTLED,SB20260914PM
S1001591,T1001657,2026-09-14 22:06:38,2413.60,SETTLED,SB20260914PM
S1001592,T1001658,2026-09-14 11:32:04,2238.21,SETTLED,SB20260914AM
S1001593,T1001660,2026-09-14 20:01:10,9667.70,SETTLED,SB20260914PM
S1001594,T1001661,2026-09-14 13:57:11,27798.32,SETTLED,SB20260914PM
S1001595,T1001662,2026-09-14 18:03:53,15150.60,PENDING,SB20260914PM
S1001596,T1001664,2026-09-14 14:39:03,3984.48,SETTLED,SB20260914PM
S1001597,T1001665,2026-09-14 15:37:57,2376.53,SETTLED,SB20260914PM
S1001598,T1001666,2026-09-14 15:00:17,1580.60,SETTLED,SB20260914PM
S1001599,T1001668,2026-09-14 12:30:22,1703.53,SETTLED,SB20260914PM
S1001600,T1001670,2026-09-14 21:28:46,3130.40,SETTLED,SB20260914PM
S1001601,T1001670,2026-09-14 21:32:46,782.60,SETTLED,SB20260914PM
S1001602,T1001671,2026-09-14 15:26:21,53204.85,SETTLED,SB20260914PM
S1001603,T1001672,2026-09-14 14:22:48,15143.42,SETTLED,SB20260914PM
S1001604,T1001673,2026-09-14 12:58:47,4093.87,SETTLED,SB20260914PM
S1001605,T1001674,2026-09-14 18:33:16,1194.01,SETTLED,SB20260914PM
S1001606,T1001675,2026-09-14 15:33:28,2297.53,SETTLED,SB20260914PM
S1001607,T1001676,2026-09-14 10:53:30,1156.60,SETTLED,SB20260914AM
S1001608,T1001678,2026-09-14 13:09:19,11419.08,SETTLED,SB20260914PM
S1001609,T1001679,2026-09-14 18:50:38,2287.13,SETTLED,SB20260914PM
S1001610,T1001680,2026-09-14 21:06:56,18511.44,PENDING,SB20260914PM
S1001611,T1001682,2026-09-14 17:28:37,8084.44,SETTLED,SB20260914PM
S1001612,T1001683,2026-09-14 17:16:01,4972.87,SETTLED,SB20260914PM
S1001613,T1001684,2026-09-14 18:17:07,11107.43,SETTLED,SB20260914PM
S1001614,T1001685,2026-09-14 19:19:48,39137.37,SETTLED,SB20260914PM
S1001615,T1001686,2026-09-14 12:46:26,13344.77,FAILED,SB20260914PM
S1001616,T1001687,2026-09-14 19:14:18,66276.90,SETTLED,SB20260914PM
S1001617,T1001688,2026-09-14 19:31:26,17425.17,SETTLED,SB20260914PM
S1001618,T1001689,2026-09-14 13:38:10,2193.21,SETTLED,SB20260914PM
S1001619,T1001692,2026-09-14 21:20:58,12022.73,SETTLED,SB20260914PM
S1001620,T1001693,2026-09-14 20:56:52,2416.77,SETTLED,SB20260914PM
S1001621,T1001694,2026-09-14 11:27:00,3681.60,SETTLED,SB20260914AM
S1001622,T1001695,2026-09-14 14:01:30,750.52,SETTLED,SB20260914PM
S1001623,T1001696,2026-09-14 06:07:49,1738.62,SETTLED,SB20260914AM
S1001624,T1001697,2026-09-14 10:39:19,2329.72,SETTLED,SB20260914AM
S1001625,T1001698,2026-09-14 20:19:55,838.98,SETTLED,SB20260914PM
S1001626,T1001699,2026-09-14 20:43:10,4633.67,SETTLED,SB20260914PM
S1001627,T1001700,2026-09-14 20:09:29,3440.83,SETTLED,SB20260914PM
S1001628,T1001700,2026-09-14 20:13:29,860.21,SETTLED,SB20260914PM
S1001629,T1001701,2026-09-14 12:43:22,4743.95,SETTLED,SB20260914PM
S1001630,T1001702,2026-09-14 22:23:28,5327.99,SETTLED,SB20260914PM
S1001631,T1001703,2026-09-14 11:26:04,5665.55,SETTLED,SB20260914AM
S1001632,T1001704,2026-09-14 23:10:56,11718.86,SETTLED,SB20260914PM
S1001633,T1001705,2026-09-14 16:17:32,1593.72,SETTLED,SB20260914PM
S1001634,T1001706,2026-09-14 18:10:31,2121.77,SETTLED,SB20260914PM
S1001635,T1001707,2026-09-14 21:13:58,1778.58,SETTLED,SB20260914PM
S1001636,T1001708,2026-09-14 17:51:26,1725.37,SETTLED,SB20260914PM
S1001637,T1001709,2026-09-14 22:15:38,19265.30,SETTLED,SB20260914PM
S1001638,T1001710,2026-09-14 16:23:59,3520.12,SETTLED,SB20260914PM
S1001639,T1001711,2026-09-14 18:27:15,509.38,SETTLED,SB20260914PM
S1001640,T1001711,2026-09-14 18:31:15,127.35,SETTLED,SB20260914PM
S1001641,T1001712,2026-09-14 20:19:04,2318.27,SETTLED,SB20260914PM
S1001642,T1001712,2026-09-14 20:23:04,579.57,SETTLED,SB20260914PM
S1001643,T1001713,2026-09-14 12:24:00,1406.39,SETTLED,SB20260914PM
S1001644,T1001715,2026-09-14 15:44:04,1780.86,SETTLED,SB20260914PM
S1001645,T1001716,2026-09-14 17:57:11,19839.92,SETTLED,SB20260914PM
S1001646,T1001719,2026-09-14 12:15:37,588.52,SETTLED,SB20260914PM
S1001647,T1001720,2026-09-14 12:55:37,5646.91,SETTLED,SB20260914PM
S1001648,T1001721,2026-09-14 20:30:46,29675.62,SETTLED,SB20260914PM
S1001649,T1001722,2026-09-14 21:19:00,1577.40,SETTLED,SB20260914PM
S1001650,T1001722,2026-09-14 21:23:00,394.35,SETTLED,SB20260914PM
S1001651,T1001723,2026-09-14 19:39:40,4145.81,SETTLED,SB20260914PM
S1001652,T1001724,2026-09-14 14:05:36,988.96,SETTLED,SB20260914PM
S1001653,T1001725,2026-09-14 14:58:00,16766.21,SETTLED,SB20260914PM
S1001654,T1001726,2026-09-14 20:10:15,6339.14,SETTLED,SB20260914PM
S1001655,T1001727,2026-09-14 14:56:01,4328.21,SETTLED,SB20260914PM
S1001656,T1001729,2026-09-14 19:00:25,4995.28,SETTLED,SB20260914PM
S1001657,T1001730,2026-09-14 21:31:37,3553.17,SETTLED,SB20260914PM
S1001658,T1001731,2026-09-14 21:26:08,2369.43,SETTLED,SB20260914PM
S1001659,T1001732,2026-09-14 12:15:35,14419.26,SETTLED,SB20260914PM
S1001660,T1001733,2026-09-14 11:20:13,2245.15,SETTLED,SB20260914AM
S1001661,T1001734,2026-09-14 09:16:28,295.87,SETTLED,SB20260914AM
S1001662,T1001735,2026-09-14 09:24:16,18708.17,SETTLED,SB20260914AM
S1001663,T1001736,2026-09-14 21:34:25,513.24,SETTLED,SB20260914PM
S1001664,T1001737,2026-09-14 18:53:25,5302.07,PENDING,SB20260914PM
S1001665,T1001738,2026-09-14 19:54:44,4633.00,SETTLED,SB20260914PM
S1001666,T1001740,2026-09-14 22:34:32,47158.84,SETTLED,SB20260914PM
S1001667,T1001742,2026-09-14 10:51:01,60680.90,SETTLED,SB20260914AM
S1001668,T1001743,2026-09-14 08:33:24,72300.01,SETTLED,SB20260914AM
S1001669,T1001744,2026-09-14 13:02:10,2168.88,SETTLED,SB20260914PM
S1001670,T1001745,2026-09-14 21:16:03,15585.19,SETTLED,SB20260914PM
S1001671,T1001746,2026-09-14 17:47:08,10386.90,SETTLED,SB20260914PM
S1001672,T1001747,2026-09-14 11:11:32,3022.44,SETTLED,SB20260914AM
S1001673,T1001748,2026-09-14 16:17:47,81210.18,SETTLED,SB20260914PM
S1001674,T1001749,2026-09-14 20:17:49,6485.35,SETTLED,SB20260914PM
S1001675,T1001750,2026-09-14 16:33:32,2722.48,SETTLED,SB20260914PM
S1001676,T1001751,2026-09-14 23:59:41,1272.73,SETTLED,SB20260914PM
S1001677,T1001752,2026-09-14 10:44:21,2666.19,SETTLED,SB20260914AM
S1001678,T1001753,2026-09-14 10:10:25,368.28,SETTLED,SB20260914AM
S1001679,T1001754,2026-09-14 19:38:53,690.24,SETTLED,SB20260914PM
S1001680,T1001755,2026-09-14 13:57:47,240.30,SETTLED,SB20260914PM
S1001681,T1001756,2026-09-14 12:10:45,3780.44,SETTLED,SB20260914PM
S1001682,T1001757,2026-09-14 14:18:56,502.06,SETTLED,SB20260914PM
S1001683,T1001757,2026-09-14 14:22:56,125.51,SETTLED,SB20260914PM
S1001684,T1001758,2026-09-14 20:09:27,2458.74,SETTLED,SB20260914PM
S1001685,T1001759,2026-09-15 19:51:07,10761.57,SETTLED,SB20260915PM
S1001686,T1001761,2026-09-15 13:49:38,763.88,SETTLED,SB20260915PM
S1001687,T1001762,2026-09-15 11:40:46,4586.57,PENDING,SB20260915AM
S1001688,T1001765,2026-09-15 22:52:51,1204.78,SETTLED,SB20260915PM
S1001689,T1001766,2026-09-15 22:39:41,14892.51,SETTLED,SB20260915PM
S1001690,T1001767,2026-09-15 21:52:09,4319.20,SETTLED,SB20260915PM
S1001691,T1001767,2026-09-15 21:56:09,1079.80,SETTLED,SB20260915PM
S1001692,T1001769,2026-09-15 15:39:31,3323.01,SETTLED,SB20260915PM
S1001693,T1001769,2026-09-15 15:43:31,830.75,SETTLED,SB20260915PM
S1001694,T1001770,2026-09-15 22:08:43,350.46,PENDING,SB20260915PM
S1001695,T1001771,2026-09-15 11:29:50,37012.98,SETTLED,SB20260915AM
S1001696,T1001774,2026-09-15 13:37:56,4318.30,FAILED,SB20260915PM
S1001697,T1001775,2026-09-15 20:56:35,3846.78,SETTLED,SB20260915PM
S1001698,T1001777,2026-09-15 23:04:50,3641.29,SETTLED,SB20260915PM
S1001699,T1001778,2026-09-15 20:42:47,864.45,SETTLED,SB20260915PM
S1001700,T1001779,2026-09-15 22:09:44,2438.34,SETTLED,SB20260915PM
S1001701,T1001780,2026-09-15 19:13:31,49286.25,SETTLED,SB20260915PM
S1001702,T1001782,2026-09-15 11:52:10,1617.25,SETTLED,SB20260915AM
S1001703,T1001783,2026-09-15 17:49:11,2078.29,SETTLED,SB20260915PM
S1001704,T1001784,2026-09-15 11:16:17,2920.93,SETTLED,SB20260915AM
S1001705,T1001786,2026-09-15 16:50:19,5870.46,SETTLED,SB20260915PM
S1001706,T1001788,2026-09-15 13:45:16,27695.06,SETTLED,SB20260915PM
S1001707,T1001788,2026-09-15 13:49:16,6923.76,SETTLED,SB20260915PM
S1001708,T1001789,2026-09-15 18:57:34,4737.72,SETTLED,SB20260915PM
S1001709,T1001791,2026-09-15 10:30:11,6484.57,SETTLED,SB20260915AM
S1001710,T1001792,2026-09-15 21:50:22,51968.26,SETTLED,SB20260915PM
S1001711,T1001793,2026-09-15 21:21:22,51774.37,SETTLED,SB20260915PM
S1001712,T1001794,2026-09-15 10:22:30,64984.07,SETTLED,SB20260915AM
S1001713,T1001795,2026-09-15 18:02:27,3725.69,SETTLED,SB20260915PM
S1001714,T1001796,2026-09-15 23:49:25,4960.94,SETTLED,SB20260915PM
S1001715,T1001797,2026-09-15 14:06:17,3350.54,SETTLED,SB20260915PM
S1001716,T1001798,2026-09-15 19:08:13,3686.00,SETTLED,SB20260915PM
S1001717,T1001799,2026-09-15 19:24:51,6164.79,SETTLED,SB20260915PM
S1001718,T1001801,2026-09-15 14:23:51,581.22,SETTLED,SB20260915PM
S1001719,T1001802,2026-09-15 22:45:31,7326.94,SETTLED,SB20260915PM
S1001720,T1001804,2026-09-15 18:55:53,471.72,SETTLED,SB20260915PM
S1001721,T1001804,2026-09-15 18:59:53,117.93,SETTLED,SB20260915PM
S1001722,T1001805,2026-09-15 20:30:19,15421.37,SETTLED,SB20260915PM
S1001723,T1001806,2026-09-15 15:53:08,2310.12,SETTLED,SB20260915PM
S1001724,T1001806,2026-09-15 15:57:08,577.53,SETTLED,SB20260915PM
S1001725,T1001808,2026-09-15 14:10:57,3448.72,SETTLED,SB20260915PM
S1001726,T1001809,2026-09-15 19:50:01,20174.09,SETTLED,SB20260915PM
S1001727,T1001810,2026-09-15 12:59:44,14231.34,SETTLED,SB20260915PM
S1001728,T1001811,2026-09-15 17:55:23,2780.65,SETTLED,SB20260915PM
S1001729,T1001812,2026-09-15 15:41:30,3236.89,SETTLED,SB20260915PM
S1001730,T1001814,2026-09-15 17:16:47,1816.96,FAILED,SB20260915PM
S1001731,T1001815,2026-09-15 13:53:19,15956.26,SETTLED,SB20260915PM
S1001732,T1001815,2026-09-15 13:57:19,3989.07,SETTLED,SB20260915PM
S1001733,T1001816,2026-09-15 15:05:57,446.84,SETTLED,SB20260915PM
S1001734,T1001816,2026-09-15 15:09:57,111.71,SETTLED,SB20260915PM
S1001735,T1001817,2026-09-15 11:05:16,61086.19,SETTLED,SB20260915AM
S1001736,T1001818,2026-09-15 15:42:18,60400.43,SETTLED,SB20260915PM
S1001737,T1001818,2026-09-15 15:46:18,15100.11,SETTLED,SB20260915PM
S1001738,T1001819,2026-09-15 13:08:19,15950.85,SETTLED,SB20260915PM
S1001739,T1001821,2026-09-15 11:48:40,9870.44,SETTLED,SB20260915AM
S1001740,T1001822,2026-09-15 22:42:15,1606.82,PENDING,SB20260915PM
S1001741,T1001823,2026-09-15 12:46:24,151.65,SETTLED,SB20260915PM
S1001742,T1001824,2026-09-15 19:03:43,59032.52,SETTLED,SB20260915PM
S1001743,T1001825,2026-09-15 20:25:41,12342.74,SETTLED,SB20260915PM
S1001744,T1001825,2026-09-15 20:29:41,3085.68,SETTLED,SB20260915PM
S1001745,T1001826,2026-09-15 11:36:57,1019.31,SETTLED,SB20260915AM
S1001746,T1001827,2026-09-15 14:32:31,9218.13,SETTLED,SB20260915PM
S1001747,T1001828,2026-09-15 23:22:02,2394.16,SETTLED,SB20260915PM
S1001748,T1001829,2026-09-15 16:27:32,1935.18,SETTLED,SB20260915PM
S1001749,T1001829,2026-09-15 16:31:32,483.80,SETTLED,SB20260915PM
S1001750,T1001830,2026-09-15 11:36:02,26979.46,SETTLED,SB20260915AM
S1001751,T1001831,2026-09-15 16:57:12,3003.86,SETTLED,SB20260915PM
S1001752,T1001832,2026-09-15 22:13:08,1873.89,SETTLED,SB20260915PM
S1001753,T1001833,2026-09-15 16:49:48,1994.18,SETTLED,SB20260915PM
S1001754,T1001834,2026-09-15 21:31:39,2179.05,SETTLED,SB20260915PM
S1001755,T1001835,2026-09-15 19:32:47,1364.02,SETTLED,SB20260915PM
S1001756,T1001836,2026-09-15 10:52:48,2161.84,PENDING,SB20260915AM
S1001757,T1001839,2026-09-15 16:21:38,4615.48,SETTLED,SB20260915PM
S1001758,T1001840,2026-09-15 15:04:52,186.91,SETTLED,SB20260915PM
S1001759,T1001840,2026-09-15 15:08:52,46.73,SETTLED,SB20260915PM
S1001760,T1001841,2026-09-15 19:59:03,658.25,SETTLED,SB20260915PM
S1001761,T1001842,2026-09-15 15:58:23,3427.39,SETTLED,SB20260915PM
S1001762,T1001843,2026-09-15 18:03:05,48507.72,SETTLED,SB20260915PM
S1001763,T1001845,2026-09-15 19:49:20,10942.39,SETTLED,SB20260915PM
S1001764,T1001847,2026-09-15 20:24:30,423.80,SETTLED,SB20260915PM
S1001765,T1001849,2026-09-15 21:06:24,10539.76,SETTLED,SB20260915PM
S1001766,T1001851,2026-09-15 12:35:54,11318.78,PENDING,SB20260915PM
S1001767,T1001852,2026-09-15 16:10:35,3190.29,PENDING,SB20260915PM
S1001768,T1001853,2026-09-16 00:56:07,17758.11,SETTLED,SB20260916AM
S1001769,T1001854,2026-09-15 19:56:04,3140.60,SETTLED,SB20260915PM
S1001770,T1001855,2026-09-15 15:56:24,74858.95,SETTLED,SB20260915PM
S1001771,T1001856,2026-09-15 13:46:42,18195.52,PENDING,SB20260915PM
S1001772,T1001857,2026-09-15 16:54:02,3903.68,SETTLED,SB20260915PM
S1001773,T1001858,2026-09-15 21:23:55,902.05,SETTLED,SB20260915PM
S1001774,T1001859,2026-09-15 18:28:19,2663.20,SETTLED,SB20260915PM
S1001775,T1001862,2026-09-15 13:06:51,3469.09,SETTLED,SB20260915PM
S1001776,T1001863,2026-09-15 21:37:18,94.78,SETTLED,SB20260915PM
S1001777,T1001864,2026-09-15 13:10:38,13554.61,SETTLED,SB20260915PM
S1001778,T1001865,2026-09-15 19:26:46,4850.31,SETTLED,SB20260915PM
S1001779,T1001869,2026-09-16 18:44:55,3539.54,SETTLED,SB20260916PM
S1001780,T1001870,2026-09-16 13:32:24,1146.14,SETTLED,SB20260916PM
S1001781,T1001872,2026-09-16 20:06:01,1036.09,SETTLED,SB20260916PM
S1001782,T1001874,2026-09-16 18:57:04,1758.54,SETTLED,SB20260916PM
S1001783,T1001875,2026-09-16 10:55:57,2738.02,SETTLED,SB20260916AM
S1001784,T1001875,2026-09-16 10:59:57,684.50,SETTLED,SB20260916AM
S1001785,T1001876,2026-09-16 09:34:06,4044.33,SETTLED,SB20260916AM
S1001786,T1001877,2026-09-16 13:07:50,1785.73,SETTLED,SB20260916PM
S1001787,T1001878,2026-09-16 12:54:51,3561.67,SETTLED,SB20260916PM
S1001788,T1001879,2026-09-16 13:28:44,13462.27,SETTLED,SB20260916PM
S1001789,T1001880,2026-09-16 12:20:02,856.92,SETTLED,SB20260916PM
S1001790,T1001881,2026-09-16 09:41:14,9331.61,SETTLED,SB20260916AM
S1001791,T1001882,2026-09-16 19:44:18,4455.52,SETTLED,SB20260916PM
S1001792,T1001883,2026-09-16 21:08:05,79443.13,SETTLED,SB20260916PM
S1001793,T1001884,2026-09-16 14:06:57,35542.24,SETTLED,SB20260916PM
S1001794,T1001885,2026-09-16 13:40:57,317.52,SETTLED,SB20260916PM
S1001795,T1001887,2026-09-16 20:33:04,1863.59,SETTLED,SB20260916PM
S1001796,T1001889,2026-09-16 19:29:29,2872.58,SETTLED,SB20260916PM
S1001797,T1001890,2026-09-16 14:31:42,2701.75,SETTLED,SB20260916PM
S1001798,T1001891,2026-09-16 11:52:22,2838.34,SETTLED,SB20260916AM
S1001799,T1001892,2026-09-16 13:41:01,507.11,SETTLED,SB20260916PM
S1001800,T1001893,2026-09-16 14:53:28,5116.43,SETTLED,SB20260916PM
S1001801,T1001894,2026-09-16 14:02:08,1395.83,SETTLED,SB20260916PM
S1001802,T1001895,2026-09-16 22:52:40,18461.52,SETTLED,SB20260916PM
S1001803,T1001896,2026-09-16 11:37:48,15096.51,SETTLED,SB20260916AM
S1001804,T1001897,2026-09-16 17:13:33,45673.89,SETTLED,SB20260916PM
S1001805,T1001898,2026-09-16 16:50:07,68514.74,SETTLED,SB20260916PM
S1001806,T1001899,2026-09-16 13:22:18,2760.83,PENDING,SB20260916PM
S1001807,T1001900,2026-09-16 16:56:41,60888.42,SETTLED,SB20260916PM
S1001808,T1001900,2026-09-16 17:00:41,15222.10,SETTLED,SB20260916PM
S1001809,T1001901,2026-09-16 23:04:56,4461.19,SETTLED,SB20260916PM
S1001810,T1001902,2026-09-16 19:10:58,57498.73,SETTLED,SB20260916PM
S1001811,T1001903,2026-09-16 19:04:30,3145.71,SETTLED,SB20260916PM
S1001812,T1001905,2026-09-16 23:14:01,252.08,SETTLED,SB20260916PM
S1001813,T1001906,2026-09-16 12:53:08,7753.05,SETTLED,SB20260916PM
S1001814,T1001909,2026-09-16 20:43:12,6138.79,SETTLED,SB20260916PM
S1001815,T1001911,2026-09-16 12:13:00,2217.21,SETTLED,SB20260916PM
S1001816,T1001912,2026-09-16 22:37:17,88597.63,SETTLED,SB20260916PM
S1001817,T1001913,2026-09-16 21:18:49,1944.89,SETTLED,SB20260916PM
S1001818,T1001917,2026-09-16 18:53:44,45638.81,SETTLED,SB20260916PM
S1001819,T1001918,2026-09-16 13:40:11,884.83,SETTLED,SB20260916PM
S1001820,T1001920,2026-09-16 13:45:27,1567.21,SETTLED,SB20260916PM
S1001821,T1001921,2026-09-16 12:45:48,27574.60,SETTLED,SB20260916PM
S1001822,T1001922,2026-09-16 22:47:59,4406.92,SETTLED,SB20260916PM
S1001823,T1001923,2026-09-16 14:24:49,5957.39,SETTLED,SB20260916PM
S1001824,T1001924,2026-09-16 08:24:20,5371.46,SETTLED,SB20260916AM
S1001825,T1001925,2026-09-16 17:07:13,25030.46,SETTLED,SB20260916PM
S1001826,T1001925,2026-09-16 17:11:13,6257.62,SETTLED,SB20260916PM
S1001827,T1001927,2026-09-16 15:45:44,4186.20,SETTLED,SB20260916PM
S1001828,T1001928,2026-09-16 10:09:48,5272.26,SETTLED,SB20260916AM
S1001829,T1001929,2026-09-16 14:26:05,1213.51,SETTLED,SB20260916PM
S1001830,T1001930,2026-09-16 09:41:24,4924.56,SETTLED,SB20260916AM
S1001831,T1001932,2026-09-16 14:33:01,2231.00,SETTLED,SB20260916PM
S1001832,T1001934,2026-09-16 20:52:21,1734.76,SETTLED,SB20260916PM
S1001833,T1001935,2026-09-16 15:06:36,22511.85,SETTLED,SB20260916PM
S1001834,T1001936,2026-09-16 23:41:24,1315.26,SETTLED,SB20260916PM
S1001835,T1001937,2026-09-16 09:24:31,1286.95,SETTLED,SB20260916AM
S1001836,T1001938,2026-09-16 19:06:24,8813.07,FAILED,SB20260916PM
S1001837,T1001939,2026-09-16 09:26:45,16226.39,SETTLED,SB20260916AM
S1001838,T1001940,2026-09-16 19:21:01,16237.93,PENDING,SB20260916PM
S1001839,T1001941,2026-09-16 13:13:18,3041.97,SETTLED,SB20260916PM
S1001840,T1001942,2026-09-16 16:37:22,5407.33,SETTLED,SB20260916PM
S1001841,T1001943,2026-09-16 19:38:06,4136.66,SETTLED,SB20260916PM
S1001842,T1001943,2026-09-16 19:42:06,1034.16,SETTLED,SB20260916PM
S1001843,T1001944,2026-09-16 15:10:40,1872.29,SETTLED,SB20260916PM
S1001844,T1001945,2026-09-16 12:23:04,15412.00,SETTLED,SB20260916PM
S1001845,T1001946,2026-09-16 12:20:21,2103.11,SETTLED,SB20260916PM
S1001846,T1001947,2026-09-16 08:16:46,2199.36,SETTLED,SB20260916AM
S1001847,T1001948,2026-09-16 15:48:18,14680.51,SETTLED,SB20260916PM
S1001848,T1001949,2026-09-16 17:49:38,2150.15,SETTLED,SB20260916PM
S1001849,T1001950,2026-09-16 22:40:21,26085.68,SETTLED,SB20260916PM
S1001850,T1001951,2026-09-16 13:48:27,4719.31,SETTLED,SB20260916PM
S1001851,T1001952,2026-09-16 10:00:38,1400.29,SETTLED,SB20260916AM
S1001852,T1001954,2026-09-16 16:28:55,42624.89,SETTLED,SB20260916PM
S1001853,T1001955,2026-09-16 14:35:15,951.12,SETTLED,SB20260916PM
S1001854,T1001957,2026-09-16 12:26:57,6744.80,SETTLED,SB20260916PM
S1001855,T1001958,2026-09-16 21:12:32,2378.70,SETTLED,SB20260916PM
S1001856,T1001959,2026-09-16 22:24:26,6704.48,SETTLED,SB20260916PM
S1001857,T1001960,2026-09-16 22:00:05,1212.66,SETTLED,SB20260916PM
S1001858,T1001961,2026-09-16 14:31:08,2528.23,SETTLED,SB20260916PM
S1001859,T1001962,2026-09-16 10:22:20,7782.50,SETTLED,SB20260916AM
S1001860,T1001963,2026-09-16 22:05:19,19258.06,SETTLED,SB20260916PM
S1001861,T1001964,2026-09-16 07:11:39,3206.39,FAILED,SB20260916AM
S1001862,T1001965,2026-09-16 18:01:39,2249.35,SETTLED,SB20260916PM
S1001863,T1001966,2026-09-16 10:11:28,3630.13,SETTLED,SB20260916AM
S1001864,T1001966,2026-09-16 10:15:28,907.53,SETTLED,SB20260916AM
S1001865,T1001967,2026-09-16 20:13:45,2147.93,SETTLED,SB20260916PM
S1001866,T1001967,2026-09-16 20:17:45,536.98,SETTLED,SB20260916PM
S1001867,T1001968,2026-09-16 17:48:03,2314.27,SETTLED,SB20260916PM
S1001868,T1001969,2026-09-16 13:47:43,5617.25,SETTLED,SB20260916PM
S1001869,T1001970,2026-09-16 20:56:48,1877.11,SETTLED,SB20260916PM
S1001870,T1001971,2026-09-16 16:43:51,1918.35,SETTLED,SB20260916PM
S1001871,T1001971,2026-09-16 16:47:51,479.59,SETTLED,SB20260916PM
S1001872,T1001972,2026-09-16 22:33:24,13563.96,SETTLED,SB20260916PM
S1001873,T1001973,2026-09-16 09:51:51,9327.28,SETTLED,SB20260916AM
S1001874,T1001974,2026-09-16 20:19:02,2771.20,SETTLED,SB20260916PM
S1001875,T1001975,2026-09-16 20:57:10,33367.49,SETTLED,SB20260916PM
S1001876,T1001976,2026-09-16 10:12:50,10775.64,SETTLED,SB20260916AM
S1001877,T1001977,2026-09-16 12:33:51,39595.34,SETTLED,SB20260916PM
S1001878,T1001978,2026-09-16 19:19:45,936.93,SETTLED,SB20260916PM
S1001879,T1001979,2026-09-16 10:52:49,56939.76,SETTLED,SB20260916AM
S1001880,T1001980,2026-09-16 20:32:12,49271.02,SETTLED,SB20260916PM
S1001881,T1001981,2026-09-16 15:05:44,2636.60,SETTLED,SB20260916PM
S1001882,T1001982,2026-09-17 01:12:49,64808.23,SETTLED,SB20260917AM
S1001883,T1001983,2026-09-16 13:13:23,17869.09,PENDING,SB20260916PM
S1001884,T1001984,2026-09-16 19:06:25,9276.31,SETTLED,SB20260916PM
S1001885,T1001985,2026-09-17 15:29:55,135.25,SETTLED,SB20260917PM
S1001886,T1001986,2026-09-17 17:10:54,37547.24,SETTLED,SB20260917PM
S1001887,T1001987,2026-09-17 19:08:52,1409.21,SETTLED,SB20260917PM
S1001888,T1001988,2026-09-17 10:54:43,1569.68,SETTLED,SB20260917AM
S1001889,T1001989,2026-09-17 12:50:48,928.97,SETTLED,SB20260917PM
S1001890,T1001990,2026-09-17 13:08:31,16015.30,SETTLED,SB20260917PM
S1001891,T1001991,2026-09-17 20:39:43,1383.97,SETTLED,SB20260917PM
S1001892,T1001992,2026-09-17 09:08:46,1241.72,SETTLED,SB20260917AM
S1001893,T1001993,2026-09-17 14:22:23,2433.00,SETTLED,SB20260917PM
S1001894,T1001994,2026-09-17 14:41:19,1028.36,SETTLED,SB20260917PM
S1001895,T1001994,2026-09-17 14:45:19,257.09,SETTLED,SB20260917PM
S1001896,T1001995,2026-09-17 15:12:02,15965.90,PENDING,SB20260917PM
S1001897,T1001997,2026-09-17 17:25:10,828.76,SETTLED,SB20260917PM
S1001898,T1001997,2026-09-17 17:29:10,207.19,SETTLED,SB20260917PM
S1001899,T1001998,2026-09-17 20:35:18,12308.30,PENDING,SB20260917PM
S1001900,T1001999,2026-09-17 11:47:56,1112.38,SETTLED,SB20260917AM
S1001901,T1002000,2026-09-17 12:51:35,5523.48,SETTLED,SB20260917PM
S1001902,T1002002,2026-09-17 22:48:41,7332.90,SETTLED,SB20260917PM
S1001903,T1002004,2026-09-17 17:58:14,1043.19,SETTLED,SB20260917PM
S1001904,T1002005,2026-09-17 10:50:14,8738.81,SETTLED,SB20260917AM
S1001905,T1002006,2026-09-17 20:30:58,1326.39,SETTLED,SB20260917PM
S1001906,T1002007,2026-09-17 10:58:37,1983.43,SETTLED,SB20260917AM
S1001907,T1002009,2026-09-17 15:50:29,2073.90,PENDING,SB20260917PM
S1001908,T1002010,2026-09-17 19:33:03,650.40,SETTLED,SB20260917PM
S1001909,T1002011,2026-09-17 19:43:02,15090.25,SETTLED,SB20260917PM
S1001910,T1002012,2026-09-17 22:56:23,4642.74,SETTLED,SB20260917PM
S1001911,T1002015,2026-09-17 09:27:48,37810.48,SETTLED,SB20260917AM
S1001912,T1002016,2026-09-17 18:13:18,70172.87,SETTLED,SB20260917PM
S1001913,T1002017,2026-09-17 10:42:59,384.50,SETTLED,SB20260917AM
S1001914,T1002018,2026-09-17 19:27:23,433.46,SETTLED,SB20260917PM
S1001915,T1002020,2026-09-17 10:23:15,1493.01,SETTLED,SB20260917AM
S1001916,T1002020,2026-09-17 10:27:15,373.25,SETTLED,SB20260917AM
S1001917,T1002021,2026-09-17 20:46:02,67741.10,SETTLED,SB20260917PM
S1001918,T1002021,2026-09-17 20:50:02,16935.28,SETTLED,SB20260917PM
S1001919,T1002023,2026-09-17 11:30:52,3267.04,SETTLED,SB20260917AM
S1001920,T1002024,2026-09-17 10:21:12,2373.39,SETTLED,SB20260917AM
S1001921,T1002025,2026-09-17 20:20:07,1362.66,SETTLED,SB20260917PM
S1001922,T1002025,2026-09-17 20:24:07,340.66,SETTLED,SB20260917PM
S1001923,T1002026,2026-09-17 17:47:19,123.58,SETTLED,SB20260917PM
S1001924,T1002026,2026-09-17 17:51:19,30.89,SETTLED,SB20260917PM
S1001925,T1002027,2026-09-17 11:21:18,7198.61,SETTLED,SB20260917AM
S1001926,T1002028,2026-09-17 11:26:27,25404.06,SETTLED,SB20260917AM
S1001927,T1002028,2026-09-17 11:30:27,6351.02,SETTLED,SB20260917AM
S1001928,T1002029,2026-09-17 18:43:25,1868.22,SETTLED,SB20260917PM
S1001929,T1002030,2026-09-17 13:24:44,1681.43,SETTLED,SB20260917PM
S1001930,T1002031,2026-09-17 13:39:32,2490.18,SETTLED,SB20260917PM
S1001931,T1002032,2026-09-17 23:10:42,75140.90,SETTLED,SB20260917PM
S1001932,T1002034,2026-09-17 21:40:54,61846.11,SETTLED,SB20260917PM
S1001933,T1002035,2026-09-17 11:51:43,266.19,SETTLED,SB20260917AM
S1001934,T1002036,2026-09-17 15:55:51,2884.65,SETTLED,SB20260917PM
S1001935,T1002036,2026-09-17 15:59:51,721.16,SETTLED,SB20260917PM
S1001936,T1002037,2026-09-17 15:42:03,2627.98,SETTLED,SB20260917PM
S1001937,T1002038,2026-09-17 18:04:12,1183.71,SETTLED,SB20260917PM
S1001938,T1002039,2026-09-17 22:36:52,1872.36,SETTLED,SB20260917PM
S1001939,T1002040,2026-09-17 13:42:18,49627.29,SETTLED,SB20260917PM
S1001940,T1002041,2026-09-17 14:37:20,1663.52,SETTLED,SB20260917PM
S1001941,T1002042,2026-09-17 13:55:24,2900.62,SETTLED,SB20260917PM
S1001942,T1002043,2026-09-17 21:33:37,1621.59,SETTLED,SB20260917PM
S1001943,T1002044,2026-09-17 10:05:17,14432.17,SETTLED,SB20260917AM
S1001944,T1002045,2026-09-17 23:30:19,20194.59,SETTLED,SB20260917PM
S1001945,T1002045,2026-09-17 23:34:19,5048.65,SETTLED,SB20260917PM
S1001946,T1002046,2026-09-17 18:56:13,5806.41,SETTLED,SB20260917PM
S1001947,T1002047,2026-09-17 13:01:43,3788.04,SETTLED,SB20260917PM
S1001948,T1002047,2026-09-17 13:05:43,947.01,SETTLED,SB20260917PM
S1001949,T1002048,2026-09-17 14:33:40,3656.21,SETTLED,SB20260917PM
S1001950,T1002049,2026-09-17 12:21:03,6209.73,SETTLED,SB20260917PM
S1001951,T1002050,2026-09-17 18:38:25,12254.94,SETTLED,SB20260917PM
S1001952,T1002051,2026-09-17 20:56:15,1268.51,SETTLED,SB20260917PM
S1001953,T1002052,2026-09-17 12:31:41,1229.78,SETTLED,SB20260917PM
S1001954,T1002053,2026-09-17 20:28:09,1284.99,FAILED,SB20260917PM
S1001955,T1002054,2026-09-17 20:46:17,3827.19,SETTLED,SB20260917PM
S1001956,T1002055,2026-09-17 19:41:16,41723.28,SETTLED,SB20260917PM
S1001957,T1002056,2026-09-17 11:00:30,1480.04,SETTLED,SB20260917AM
S1001958,T1002058,2026-09-17 18:30:41,1687.35,SETTLED,SB20260917PM
S1001959,T1002059,2026-09-17 15:52:15,42239.33,SETTLED,SB20260917PM
S1001960,T1002060,2026-09-17 10:43:27,8146.69,FAILED,SB20260917AM
S1001961,T1002061,2026-09-17 11:26:57,79715.04,SETTLED,SB20260917AM
S1001962,T1002062,2026-09-17 11:14:42,69103.70,SETTLED,SB20260917AM
S1001963,T1002063,2026-09-17 16:58:58,1227.68,SETTLED,SB20260917PM
S1001964,T1002064,2026-09-17 13:01:02,3979.86,SETTLED,SB20260917PM
S1001965,T1002065,2026-09-17 20:59:55,38608.48,SETTLED,SB20260917PM
S1001966,T1002066,2026-09-17 12:53:20,11764.56,SETTLED,SB20260917PM
S1001967,T1002066,2026-09-17 12:57:20,2941.14,SETTLED,SB20260917PM
S1001968,T1002067,2026-09-17 12:24:11,4131.00,SETTLED,SB20260917PM
S1001969,T1002068,2026-09-17 14:41:29,76289.63,SETTLED,SB20260917PM
S1001970,T1002069,2026-09-17 12:19:22,2564.36,SETTLED,SB20260917PM
S1001971,T1002070,2026-09-17 20:17:25,73353.71,SETTLED,SB20260917PM
S1001972,T1002071,2026-09-17 15:27:30,8608.32,SETTLED,SB20260917PM
S1001973,T1002072,2026-09-17 08:49:34,3565.93,SETTLED,SB20260917AM
S1001974,T1002073,2026-09-17 18:25:37,2567.09,SETTLED,SB20260917PM
S1001975,T1002074,2026-09-17 19:48:15,18941.39,SETTLED,SB20260917PM
S1001976,T1002075,2026-09-17 11:45:15,7066.36,SETTLED,SB20260917AM
S1001977,T1002075,2026-09-17 11:49:15,1766.59,SETTLED,SB20260917AM
S1001978,T1002076,2026-09-17 22:16:32,2087.70,SETTLED,SB20260917PM
S1001979,T1002076,2026-09-17 22:20:32,521.92,SETTLED,SB20260917PM
S1001980,T1002077,2026-09-17 17:09:02,1446.00,SETTLED,SB20260917PM
S1001981,T1002078,2026-09-18 00:00:52,7895.08,SETTLED,SB20260918AM
S1001982,T1002079,2026-09-17 19:47:52,1382.21,SETTLED,SB20260917PM
S1001983,T1002079,2026-09-17 19:51:52,345.55,SETTLED,SB20260917PM
S1001984,T1002080,2026-09-17 14:07:10,5434.65,SETTLED,SB20260917PM
S1001985,T1002081,2026-09-17 09:21:02,4733.16,SETTLED,SB20260917AM
S1001986,T1002082,2026-09-17 18:15:53,4357.29,SETTLED,SB20260917PM
S1001987,T1002083,2026-09-17 10:55:17,6103.66,SETTLED,SB20260917AM
S1001988,T1002084,2026-09-17 23:24:38,7047.46,SETTLED,SB20260917PM
S1001989,T1002086,2026-09-17 13:15:27,1659.48,SETTLED,SB20260917PM
S1001990,T1002088,2026-09-17 14:47:14,2845.78,SETTLED,SB20260917PM
S1001991,T1002089,2026-09-17 15:56:37,5135.08,SETTLED,SB20260917PM
S1001992,T1002091,2026-09-17 20:32:12,40006.10,SETTLED,SB20260917PM
S1001993,T1002093,2026-09-17 14:48:49,2527.58,SETTLED,SB20260917PM
S1001994,T1002094,2026-09-17 20:15:37,3378.93,SETTLED,SB20260917PM
S1001995,T1002095,2026-09-17 20:11:38,3967.68,SETTLED,SB20260917PM
S1001996,T1002096,2026-09-17 17:08:42,2236.55,SETTLED,SB20260917PM
S1001997,T1002097,2026-09-17 09:25:02,68226.89,SETTLED,SB20260917AM
S1001998,T1002098,2026-09-17 22:44:00,1915.29,SETTLED,SB20260917PM
S1001999,T1002098,2026-09-17 22:48:00,478.82,SETTLED,SB20260917PM
S1002000,T1002099,2026-09-17 12:20:06,2179.09,SETTLED,SB20260917PM
S1002001,T1002100,2026-09-17 14:24:39,3011.64,SETTLED,SB20260917PM
S1002002,T1002100,2026-09-17 14:28:39,752.91,SETTLED,SB20260917PM
S1002003,T1002101,2026-09-17 11:02:31,5158.46,SETTLED,SB20260917AM
S1002004,T1002102,2026-09-17 12:34:31,3022.26,SETTLED,SB20260917PM
S1002005,T1002103,2026-09-17 14:11:13,2835.88,SETTLED,SB20260917PM
S1002006,T1002104,2026-09-17 07:26:45,4261.31,SETTLED,SB20260917AM
S1002007,T1002105,2026-09-17 12:21:37,34654.40,SETTLED,SB20260917PM
S1002008,T1002106,2026-09-17 13:37:32,264.46,SETTLED,SB20260917PM
S1002009,T1002107,2026-09-17 12:51:20,16487.03,SETTLED,SB20260917PM
S1002010,T1002108,2026-09-18 18:22:10,152.21,SETTLED,SB20260918PM
S1002011,T1002109,2026-09-18 21:41:57,3165.55,SETTLED,SB20260918PM
S1002012,T1002112,2026-09-18 11:05:28,3172.15,SETTLED,SB20260918AM
S1002013,T1002113,2026-09-18 19:21:19,95.57,SETTLED,SB20260918PM
S1002014,T1002113,2026-09-18 19:25:19,23.89,SETTLED,SB20260918PM
S1002015,T1002114,2026-09-18 20:14:26,2502.01,SETTLED,SB20260918PM
S1002016,T1002115,2026-09-18 20:48:18,5767.43,PENDING,SB20260918PM
S1002017,T1002117,2026-09-18 13:44:32,1826.56,SETTLED,SB20260918PM
S1002018,T1002118,2026-09-18 21:09:11,459.56,SETTLED,SB20260918PM
S1002019,T1002119,2026-09-18 18:37:11,2564.98,SETTLED,SB20260918PM
S1002020,T1002120,2026-09-18 11:01:16,4023.19,SETTLED,SB20260918AM
S1002021,T1002123,2026-09-18 11:45:13,3255.24,SETTLED,SB20260918AM
S1002022,T1002124,2026-09-18 12:18:10,13228.92,SETTLED,SB20260918PM
S1002023,T1002125,2026-09-18 18:47:49,3488.34,SETTLED,SB20260918PM
S1002024,T1002126,2026-09-18 19:57:49,32986.80,SETTLED,SB20260918PM
S1002025,T1002127,2026-09-18 22:38:29,1675.84,SETTLED,SB20260918PM
S1002026,T1002129,2026-09-18 15:39:11,53391.55,SETTLED,SB20260918PM
S1002027,T1002130,2026-09-18 10:24:24,79037.64,SETTLED,SB20260918AM
S1002028,T1002131,2026-09-18 14:46:34,21758.74,SETTLED,SB20260918PM
S1002029,T1002132,2026-09-18 14:33:14,7554.96,SETTLED,SB20260918PM
S1002030,T1002133,2026-09-18 12:53:35,3070.03,SETTLED,SB20260918PM
S1002031,T1002135,2026-09-18 18:56:41,3186.96,SETTLED,SB20260918PM
S1002032,T1002136,2026-09-18 09:30:57,1601.76,SETTLED,SB20260918AM
S1002033,T1002136,2026-09-18 09:34:57,400.44,SETTLED,SB20260918AM
S1002034,T1002137,2026-09-18 10:50:30,2122.72,SETTLED,SB20260918AM
S1002035,T1002138,2026-09-18 18:27:43,2528.07,SETTLED,SB20260918PM
S1002036,T1002139,2026-09-18 21:06:15,11338.24,SETTLED,SB20260918PM
S1002037,T1002140,2026-09-18 21:02:15,20229.76,SETTLED,SB20260918PM
S1002038,T1002142,2026-09-18 13:28:21,162.00,SETTLED,SB20260918PM
S1002039,T1002143,2026-09-18 22:44:19,37591.63,SETTLED,SB20260918PM
S1002040,T1002144,2026-09-18 11:35:13,17286.49,SETTLED,SB20260918AM
S1002041,T1002145,2026-09-18 18:52:58,40878.90,SETTLED,SB20260918PM
S1002042,T1002146,2026-09-18 20:12:03,4921.11,SETTLED,SB20260918PM
S1002043,T1002147,2026-09-18 21:51:43,7547.99,SETTLED,SB20260918PM
S1002044,T1002148,2026-09-18 16:06:23,114.30,SETTLED,SB20260918PM
S1002045,T1002148,2026-09-18 16:10:23,28.57,SETTLED,SB20260918PM
S1002046,T1002149,2026-09-18 22:14:07,18686.29,SETTLED,SB20260918PM
S1002047,T1002150,2026-09-18 17:17:47,2028.33,SETTLED,SB20260918PM
S1002048,T1002154,2026-09-18 11:08:50,38020.92,SETTLED,SB20260918AM
S1002049,T1002158,2026-09-18 20:29:28,465.33,SETTLED,SB20260918PM
S1002050,T1002159,2026-09-18 22:22:39,20315.24,SETTLED,SB20260918PM
S1002051,T1002160,2026-09-18 12:18:29,4179.51,SETTLED,SB20260918PM
S1002052,T1002160,2026-09-18 12:22:29,1044.88,SETTLED,SB20260918PM
S1002053,T1002161,2026-09-18 19:08:14,35096.74,SETTLED,SB20260918PM
S1002054,T1002161,2026-09-18 19:12:14,8774.19,SETTLED,SB20260918PM
S1002055,T1002162,2026-09-18 08:55:30,44493.34,SETTLED,SB20260918AM
S1002056,T1002163,2026-09-18 17:14:44,18950.55,SETTLED,SB20260918PM
S1002057,T1002164,2026-09-18 11:27:34,11747.38,SETTLED,SB20260918AM
S1002058,T1002165,2026-09-18 12:21:01,6459.25,SETTLED,SB20260918PM
S1002059,T1002167,2026-09-18 12:41:52,2962.84,SETTLED,SB20260918PM
S1002060,T1002169,2026-09-18 16:00:28,2652.53,SETTLED,SB20260918PM
S1002061,T1002171,2026-09-18 19:07:04,8906.90,SETTLED,SB20260918PM
S1002062,T1002172,2026-09-18 18:43:40,5442.65,PENDING,SB20260918PM
S1002063,T1002173,2026-09-18 11:20:06,45269.43,SETTLED,SB20260918AM
S1002064,T1002174,2026-09-18 11:45:20,19591.25,PENDING,SB20260918AM
S1002065,T1002175,2026-09-18 10:39:43,2702.93,SETTLED,SB20260918AM
S1002066,T1002176,2026-09-18 13:57:03,8925.41,SETTLED,SB20260918PM
S1002067,T1002177,2026-09-18 14:51:47,2841.98,SETTLED,SB20260918PM
S1002068,T1002178,2026-09-18 06:41:52,1999.42,SETTLED,SB20260918AM
S1002069,T1002179,2026-09-18 15:01:40,4123.15,FAILED,SB20260918PM
S1002070,T1002180,2026-09-18 08:42:29,2414.93,SETTLED,SB20260918AM
S1002071,T1002181,2026-09-18 13:51:01,1219.62,SETTLED,SB20260918PM
S1002072,T1002182,2026-09-18 21:03:34,580.70,SETTLED,SB20260918PM
S1002073,T1002184,2026-09-18 20:20:27,429.18,SETTLED,SB20260918PM
S1002074,T1002185,2026-09-18 19:52:21,4673.87,SETTLED,SB20260918PM
S1002075,T1002186,2026-09-18 13:34:05,9173.61,SETTLED,SB20260918PM
S1002076,T1002187,2026-09-18 11:22:59,1075.79,SETTLED,SB20260918AM
S1002077,T1002188,2026-09-18 10:26:25,33262.14,SETTLED,SB20260918AM
S1002078,T1002189,2026-09-18 09:39:52,481.08,SETTLED,SB20260918AM
S1002079,T1002191,2026-09-18 18:17:06,873.40,SETTLED,SB20260918PM
S1002080,T1002192,2026-09-18 12:34:38,50508.10,SETTLED,SB20260918PM
S1002081,T1002193,2026-09-18 16:16:50,23150.71,SETTLED,SB20260918PM
S1002082,T1002194,2026-09-18 18:55:28,59745.26,SETTLED,SB20260918PM
S1002083,T1002195,2026-09-18 14:20:33,31927.18,SETTLED,SB20260918PM
S1002084,T1002196,2026-09-18 11:08:05,10474.51,SETTLED,SB20260918AM
S1002085,T1002197,2026-09-18 07:08:43,3803.24,SETTLED,SB20260918AM
S1002086,T1002198,2026-09-18 13:00:48,35328.46,SETTLED,SB20260918PM
S1002087,T1002199,2026-09-18 22:03:03,2666.47,SETTLED,SB20260918PM
S1002088,T1002201,2026-09-18 13:06:34,4068.97,SETTLED,SB20260918PM
S1002089,T1002202,2026-09-18 22:06:42,1740.40,SETTLED,SB20260918PM
S1002090,T1002203,2026-09-18 22:14:58,1637.19,SETTLED,SB20260918PM
S1002091,T1002204,2026-09-18 14:53:58,18622.73,SETTLED,SB20260918PM
S1002092,T1002206,2026-09-18 13:28:46,16210.50,SETTLED,SB20260918PM
S1002093,T1002208,2026-09-18 11:30:12,1741.96,SETTLED,SB20260918AM
S1002094,T1002209,2026-09-18 13:08:51,57083.19,SETTLED,SB20260918PM
S1002095,T1002212,2026-09-18 16:13:25,2338.41,SETTLED,SB20260918PM
S1002096,T1002213,2026-09-18 11:58:31,857.61,SETTLED,SB20260918AM
S1002097,T1002215,2026-09-18 11:39:31,9003.52,SETTLED,SB20260918AM
S1002098,T1002216,2026-09-18 07:37:15,2270.63,SETTLED,SB20260918AM
S1002099,T1002217,2026-09-18 19:42:52,11435.01,SETTLED,SB20260918PM
S1002100,T1002218,2026-09-18 13:40:58,60792.63,SETTLED,SB20260918PM
S1002101,T1002219,2026-09-18 20:43:16,2283.28,SETTLED,SB20260918PM
S1002102,T1002219,2026-09-18 20:47:16,570.82,SETTLED,SB20260918PM
S1002103,T1002220,2026-09-18 08:08:26,84630.40,SETTLED,SB20260918AM
S1002104,T1002221,2026-09-18 13:23:24,388.73,SETTLED,SB20260918PM
S1002105,T1002221,2026-09-18 13:27:24,97.18,SETTLED,SB20260918PM
S1002106,T1002222,2026-09-18 17:25:39,2909.80,SETTLED,SB20260918PM
S1002107,T1002223,2026-09-18 15:29:36,629.55,SETTLED,SB20260918PM
S1002108,T1002224,2026-09-18 16:36:09,41439.06,SETTLED,SB20260918PM
S1002109,T1002225,2026-09-18 14:02:27,327.73,SETTLED,SB20260918PM
S1002110,T1002226,2026-09-18 09:37:58,1486.87,SETTLED,SB20260918AM
S1002111,T1002227,2026-09-19 23:28:53,4957.55,SETTLED,SB20260919PM
S1002112,T1002228,2026-09-19 20:34:20,3560.57,SETTLED,SB20260919PM
S1002113,T1002229,2026-09-19 07:43:11,12754.62,SETTLED,SB20260919AM
S1002114,T1002230,2026-09-19 12:28:04,1566.51,SETTLED,SB20260919PM
S1002115,T1002231,2026-09-19 12:58:53,54365.71,SETTLED,SB20260919PM
S1002116,T1002232,2026-09-19 10:14:51,2815.58,SETTLED,SB20260919AM
S1002117,T1002233,2026-09-19 09:33:17,1578.63,SETTLED,SB20260919AM
S1002118,T1002234,2026-09-19 11:15:18,21858.39,SETTLED,SB20260919AM
S1002119,T1002235,2026-09-19 19:13:56,10036.12,SETTLED,SB20260919PM
S1002120,T1002235,2026-09-19 19:17:56,2509.03,SETTLED,SB20260919PM
S1002121,T1002237,2026-09-19 10:18:27,8969.28,SETTLED,SB20260919AM
S1002122,T1002238,2026-09-19 09:11:10,792.44,SETTLED,SB20260919AM
S1002123,T1002240,2026-09-19 16:17:05,2718.15,SETTLED,SB20260919PM
S1002124,T1002241,2026-09-19 20:55:17,1058.97,FAILED,SB20260919PM
S1002125,T1002242,2026-09-19 13:51:47,17130.29,SETTLED,SB20260919PM
S1002126,T1002243,2026-09-19 12:12:04,3696.42,SETTLED,SB20260919PM
S1002127,T1002243,2026-09-19 12:16:04,924.11,SETTLED,SB20260919PM
S1002128,T1002244,2026-09-19 08:59:33,4732.43,SETTLED,SB20260919AM
S1002129,T1002246,2026-09-19 18:54:36,2202.82,SETTLED,SB20260919PM
S1002130,T1002247,2026-09-19 15:23:10,29423.77,SETTLED,SB20260919PM
S1002131,T1002248,2026-09-19 13:39:48,25364.21,SETTLED,SB20260919PM
S1002132,T1002250,2026-09-19 20:39:48,3548.98,SETTLED,SB20260919PM
S1002133,T1002251,2026-09-19 19:49:20,1049.39,SETTLED,SB20260919PM
S1002134,T1002252,2026-09-19 15:41:50,2216.17,PENDING,SB20260919PM
S1002135,T1002253,2026-09-19 12:21:34,30613.09,SETTLED,SB20260919PM
S1002136,T1002253,2026-09-19 12:25:34,7653.27,SETTLED,SB20260919PM
S1002137,T1002254,2026-09-19 08:57:27,2370.32,SETTLED,SB20260919AM
S1002138,T1002255,2026-09-19 20:24:43,8300.81,SETTLED,SB20260919PM
S1002139,T1002256,2026-09-19 23:05:52,17799.16,SETTLED,SB20260919PM
S1002140,T1002259,2026-09-19 16:29:44,2416.33,SETTLED,SB20260919PM
S1002141,T1002260,2026-09-19 11:15:50,3970.21,SETTLED,SB20260919AM
S1002142,T1002261,2026-09-19 20:50:43,1561.02,SETTLED,SB20260919PM
S1002143,T1002262,2026-09-19 18:28:26,1812.36,SETTLED,SB20260919PM
S1002144,T1002264,2026-09-19 18:03:49,17869.55,SETTLED,SB20260919PM
S1002145,T1002265,2026-09-19 17:12:47,70360.59,SETTLED,SB20260919PM
S1002146,T1002266,2026-09-19 11:37:47,1407.95,SETTLED,SB20260919AM
S1002147,T1002268,2026-09-19 19:07:23,615.02,SETTLED,SB20260919PM
S1002148,T1002269,2026-09-19 15:38:12,2631.26,SETTLED,SB20260919PM
S1002149,T1002270,2026-09-19 18:22:36,2170.22,SETTLED,SB20260919PM
S1002150,T1002271,2026-09-19 14:44:06,811.68,SETTLED,SB20260919PM
S1002151,T1002272,2026-09-19 20:58:42,4489.20,PENDING,SB20260919PM
S1002152,T1002273,2026-09-19 12:23:02,5329.43,FAILED,SB20260919PM
S1002153,T1002275,2026-09-19 23:08:20,4965.88,SETTLED,SB20260919PM
S1002154,T1002277,2026-09-19 18:52:50,426.83,PENDING,SB20260919PM
S1002155,T1002278,2026-09-19 15:26:28,2224.55,SETTLED,SB20260919PM
S1002156,T1002280,2026-09-19 13:16:47,3583.72,SETTLED,SB20260919PM
S1002157,T1002281,2026-09-19 09:44:00,3614.88,SETTLED,SB20260919AM
S1002158,T1002282,2026-09-19 12:25:12,16026.90,SETTLED,SB20260919PM
S1002159,T1002283,2026-09-19 19:21:01,754.59,SETTLED,SB20260919PM
S1002160,T1002284,2026-09-19 13:34:22,1752.64,SETTLED,SB20260919PM
S1002161,T1002285,2026-09-19 11:17:26,36924.01,SETTLED,SB20260919AM
S1002162,T1002286,2026-09-19 14:27:42,16785.99,FAILED,SB20260919PM
S1002163,T1002287,2026-09-19 12:45:00,1211.57,SETTLED,SB20260919PM
S1002164,T1002288,2026-09-19 15:36:00,1627.54,SETTLED,SB20260919PM
S1002165,T1002289,2026-09-19 20:20:11,3007.20,SETTLED,SB20260919PM
S1002166,T1002290,2026-09-19 10:45:30,179.62,SETTLED,SB20260919AM
S1002167,T1002291,2026-09-19 20:07:17,17035.27,SETTLED,SB20260919PM
S1002168,T1002293,2026-09-19 18:35:40,16672.79,SETTLED,SB20260919PM
S1002169,T1002294,2026-09-19 17:52:53,1903.96,PENDING,SB20260919PM
S1002170,T1002296,2026-09-19 18:01:38,2322.77,SETTLED,SB20260919PM
S1002171,T1002298,2026-09-19 12:43:39,3230.13,SETTLED,SB20260919PM
S1002172,T1002299,2026-09-19 08:16:41,1964.26,SETTLED,SB20260919AM
S1002173,T1002299,2026-09-19 08:20:41,491.07,SETTLED,SB20260919AM
S1002174,T1002300,2026-09-19 09:17:11,564.50,SETTLED,SB20260919AM
S1002175,T1002301,2026-09-19 12:33:04,19819.40,SETTLED,SB20260919PM
S1002176,T1002303,2026-09-19 12:13:39,4689.08,SETTLED,SB20260919PM
S1002177,T1002304,2026-09-19 09:55:29,16674.34,SETTLED,SB20260919AM
S1002178,T1002305,2026-09-19 12:16:12,3040.79,SETTLED,SB20260919PM
S1002179,T1002306,2026-09-19 09:33:56,5274.92,SETTLED,SB20260919AM
S1002180,T1002307,2026-09-19 12:07:37,1174.26,SETTLED,SB20260919PM
S1002181,T1002308,2026-09-19 11:26:31,837.25,SETTLED,SB20260919AM
S1002182,T1002309,2026-09-19 09:23:25,1956.46,PENDING,SB20260919AM
S1002183,T1002310,2026-09-19 16:55:52,7744.54,SETTLED,SB20260919PM
S1002184,T1002310,2026-09-19 16:59:52,1936.14,SETTLED,SB20260919PM
S1002185,T1002314,2026-09-19 19:52:08,2012.91,SETTLED,SB20260919PM
S1002186,T1002315,2026-09-19 17:30:13,4781.55,SETTLED,SB20260919PM
S1002187,T1002316,2026-09-19 16:33:00,2630.48,PENDING,SB20260919PM
S1002188,T1002317,2026-09-19 20:42:14,68603.49,SETTLED,SB20260919PM
S1002189,T1002318,2026-09-19 09:55:54,57657.22,SETTLED,SB20260919AM
S1002190,T1002319,2026-09-19 14:50:58,6223.02,SETTLED,SB20260919PM
S1002191,T1002320,2026-09-19 07:57:13,5251.99,SETTLED,SB20260919AM
S1002192,T1002321,2026-09-19 19:54:32,3288.34,PENDING,SB20260919PM
S1002193,T1002322,2026-09-19 20:24:19,52042.96,SETTLED,SB20260919PM
S1002194,T1002323,2026-09-19 13:58:11,736.55,SETTLED,SB20260919PM
S1002195,T1002324,2026-09-19 08:43:21,13892.67,SETTLED,SB20260919AM
S1002196,T1002325,2026-09-19 19:10:16,3714.40,SETTLED,SB20260919PM
S1002197,T1002326,2026-09-19 20:18:32,3855.49,SETTLED,SB20260919PM
S1002198,T1002327,2026-09-19 20:51:20,752.93,SETTLED,SB20260919PM
S1002199,T1002328,2026-09-19 08:47:37,1838.68,SETTLED,SB20260919AM
S1002200,T1002329,2026-09-19 12:54:05,4202.24,SETTLED,SB20260919PM
S1002201,T1002331,2026-09-19 16:06:51,46044.57,SETTLED,SB20260919PM
S1002202,T1002333,2026-09-19 22:58:43,49043.73,SETTLED,SB20260919PM
S1002203,T1002334,2026-09-19 12:50:24,3386.31,PENDING,SB20260919PM
S1002204,T1002336,2026-09-19 10:56:33,408.17,SETTLED,SB20260919AM
S1002205,T1002338,2026-09-19 18:29:31,29102.93,SETTLED,SB20260919PM
S1002206,T1002339,2026-09-19 16:27:08,1001.29,SETTLED,SB20260919PM
S1002207,T1002341,2026-09-19 11:16:18,2142.46,SETTLED,SB20260919AM
S1002208,T1002341,2026-09-19 11:20:18,535.62,SETTLED,SB20260919AM
S1002209,T1002342,2026-09-19 19:51:11,61344.54,SETTLED,SB20260919PM
S1002210,T1002342,2026-09-19 19:55:11,15336.14,SETTLED,SB20260919PM
S1002211,T1002343,2026-09-19 12:37:02,686.65,SETTLED,SB20260919PM
S1002212,T1002344,2026-09-19 11:55:40,1156.92,SETTLED,SB20260919AM
S1002213,T1002345,2026-09-19 12:49:00,3836.02,SETTLED,SB20260919PM
S1002214,T1002346,2026-09-19 17:52:42,1216.77,SETTLED,SB20260919PM
S1002215,T1002347,2026-09-19 09:03:20,2102.65,SETTLED,SB20260919AM
S1002216,T1002349,2026-09-19 12:40:25,51977.84,SETTLED,SB20260919PM
S1002217,T1002350,2026-09-19 08:48:07,126.10,SETTLED,SB20260919AM
S1002218,T1002350,2026-09-19 08:52:07,31.52,SETTLED,SB20260919AM
S1002219,T1002353,2026-09-19 10:17:26,48470.17,SETTLED,SB20260919AM
S1002220,T1002354,2026-09-19 11:13:19,15772.27,SETTLED,SB20260919AM
S1002221,T1002355,2026-09-19 13:26:54,2728.98,SETTLED,SB20260919PM
S1002222,T1002356,2026-09-19 09:37:21,10793.33,SETTLED,SB20260919AM
S1002223,T1002357,2026-09-19 14:04:58,1357.76,FAILED,SB20260919PM
S1002224,T1002359,2026-09-19 17:38:51,2484.23,SETTLED,SB20260919PM
S1002225,T1002360,2026-09-19 07:39:09,1802.70,SETTLED,SB20260919AM
S1002226,T1002362,2026-09-19 19:27:42,3681.76,SETTLED,SB20260919PM
S1002227,T1002362,2026-09-19 19:31:42,920.44,SETTLED,SB20260919PM
S1002228,T1002364,2026-09-19 06:57:52,1280.24,SETTLED,SB20260919AM
S1002229,T1002364,2026-09-19 07:01:52,320.06,SETTLED,SB20260919AM
S1002230,T1002365,2026-09-19 21:39:34,4270.41,PENDING,SB20260919PM
S1002231,T1002366,2026-09-19 19:20:13,1231.04,FAILED,SB20260919PM
S1002232,T1002367,2026-09-19 15:35:48,80626.06,SETTLED,SB20260919PM
S1002233,T1002368,2026-09-19 18:50:56,1311.89,SETTLED,SB20260919PM
S1002234,T1002369,2026-09-19 15:00:23,1255.91,SETTLED,SB20260919PM
S1002235,T1002370,2026-09-19 11:02:22,2008.19,SETTLED,SB20260919AM
S1002236,T1002370,2026-09-19 11:06:22,502.05,SETTLED,SB20260919AM
S1002237,T1002371,2026-09-19 09:40:11,3880.54,FAILED,SB20260919AM
S1002238,T1002372,2026-09-19 08:36:34,2542.09,SETTLED,SB20260919AM
S1002239,T1002372,2026-09-19 08:40:34,635.52,SETTLED,SB20260919AM
S1002240,T1002375,2026-09-19 17:47:12,3201.31,SETTLED,SB20260919PM
S1002241,T1002377,2026-09-19 17:52:46,1474.28,SETTLED,SB20260919PM
S1002242,T1002378,2026-09-19 17:31:43,429.34,SETTLED,SB20260919PM
S1002243,T1002378,2026-09-19 17:35:43,107.34,SETTLED,SB20260919PM
S1002244,T1002380,2026-09-19 19:54:28,7812.65,SETTLED,SB20260919PM
S1002245,T1002381,2026-09-19 12:54:49,888.35,SETTLED,SB20260919PM
S1002246,T1002382,2026-09-19 09:53:54,4772.59,SETTLED,SB20260919AM
S1002247,T1002384,2026-09-19 23:39:31,431.32,SETTLED,SB20260919PM
S1002248,T1002385,2026-09-19 10:46:09,46355.76,SETTLED,SB20260919AM
S1002249,T1002386,2026-09-19 20:09:39,2868.78,SETTLED,SB20260919PM
S1002250,T1002387,2026-09-19 18:19:38,1193.18,PENDING,SB20260919PM
S1002251,T1002388,2026-09-19 18:47:44,2401.34,SETTLED,SB20260919PM
S1002252,T1002389,2026-09-19 17:09:12,2244.53,SETTLED,SB20260919PM
S1002253,T1002390,2026-09-19 13:05:52,23290.05,SETTLED,SB20260919PM
S1002254,T1002391,2026-09-19 08:37:37,2110.13,PENDING,SB20260919AM
S1002255,T1002392,2026-09-19 10:34:31,8663.28,SETTLED,SB20260919AM
S1002256,T1002393,2026-09-20 17:31:52,1022.94,SETTLED,SB20260920PM
S1002257,T1002393,2026-09-20 17:35:52,255.74,SETTLED,SB20260920PM
S1002258,T1002394,2026-09-20 08:35:11,3462.38,PENDING,SB20260920AM
S1002259,T1002395,2026-09-20 17:02:40,773.05,PENDING,SB20260920PM
S1002260,T1002396,2026-09-20 16:44:28,3289.85,SETTLED,SB20260920PM
S1002261,T1002397,2026-09-20 19:34:56,2691.89,PENDING,SB20260920PM
S1002262,T1002398,2026-09-20 12:25:25,11106.33,SETTLED,SB20260920PM
S1002263,T1002399,2026-09-20 19:12:55,4275.23,SETTLED,SB20260920PM
S1002264,T1002400,2026-09-20 16:10:26,703.27,SETTLED,SB20260920PM
S1002265,T1002401,2026-09-20 15:02:10,3211.11,SETTLED,SB20260920PM
S1002266,T1002402,2026-09-20 15:34:15,2965.34,SETTLED,SB20260920PM
S1002267,T1002403,2026-09-20 13:56:02,1509.35,SETTLED,SB20260920PM
S1002268,T1002404,2026-09-20 11:45:55,479.22,SETTLED,SB20260920AM
S1002269,T1002404,2026-09-20 11:49:55,119.81,SETTLED,SB20260920AM
S1002270,T1002405,2026-09-20 21:44:57,14619.00,SETTLED,SB20260920PM
S1002271,T1002406,2026-09-20 21:24:25,509.56,SETTLED,SB20260920PM
S1002272,T1002407,2026-09-20 19:01:10,14149.46,SETTLED,SB20260920PM
S1002273,T1002408,2026-09-20 18:17:32,10890.99,SETTLED,SB20260920PM
S1002274,T1002409,2026-09-20 17:39:27,1539.20,SETTLED,SB20260920PM
S1002275,T1002410,2026-09-21 00:06:01,489.39,SETTLED,SB20260921AM
S1002276,T1002411,2026-09-20 14:16:32,1034.32,SETTLED,SB20260920PM
S1002277,T1002412,2026-09-20 23:01:31,3052.59,SETTLED,SB20260920PM
S1002278,T1002412,2026-09-20 23:05:31,763.15,SETTLED,SB20260920PM
S1002279,T1002413,2026-09-20 18:17:31,3674.07,PENDING,SB20260920PM
S1002280,T1002414,2026-09-20 20:03:19,36784.66,SETTLED,SB20260920PM
S1002281,T1002414,2026-09-20 20:07:19,9196.17,SETTLED,SB20260920PM
S1002282,T1002415,2026-09-20 21:38:02,1741.10,SETTLED,SB20260920PM
S1002283,T1002415,2026-09-20 21:42:02,435.27,SETTLED,SB20260920PM
S1002284,T1002417,2026-09-20 10:26:04,2500.38,SETTLED,SB20260920AM
S1002285,T1002419,2026-09-20 08:49:44,10934.36,PENDING,SB20260920AM
S1002286,T1002420,2026-09-20 11:56:36,24402.95,SETTLED,SB20260920AM
S1002287,T1002421,2026-09-20 11:58:39,2862.02,SETTLED,SB20260920AM
S1002288,T1002422,2026-09-20 09:36:54,500.14,SETTLED,SB20260920AM
S1002289,T1002422,2026-09-20 09:40:54,125.04,SETTLED,SB20260920AM
S1002290,T1002423,2026-09-20 06:27:24,188.80,SETTLED,SB20260920AM
S1002291,T1002424,2026-09-20 21:34:09,815.18,SETTLED,SB20260920PM
S1002292,T1002425,2026-09-20 11:51:16,6185.90,SETTLED,SB20260920AM
S1002293,T1002426,2026-09-20 21:41:49,288.43,SETTLED,SB20260920PM
S1002294,T1002426,2026-09-20 21:45:49,72.11,SETTLED,SB20260920PM
S1002295,T1002428,2026-09-20 13:13:39,6904.45,SETTLED,SB20260920PM
S1002296,T1002429,2026-09-20 10:12:07,11595.75,SETTLED,SB20260920AM
S1002297,T1002430,2026-09-20 21:42:29,37314.23,SETTLED,SB20260920PM
S1002298,T1002431,2026-09-20 10:34:06,4474.40,SETTLED,SB20260920AM
S1002299,T1002432,2026-09-20 08:19:31,1999.22,SETTLED,SB20260920AM
S1002300,T1002434,2026-09-20 14:05:33,1183.28,SETTLED,SB20260920PM
S1002301,T1002435,2026-09-20 18:38:30,4087.55,SETTLED,SB20260920PM
S1002302,T1002436,2026-09-20 19:14:46,35313.67,SETTLED,SB20260920PM
S1002303,T1002436,2026-09-20 19:18:46,8828.42,SETTLED,SB20260920PM
S1002304,T1002437,2026-09-20 12:12:25,56073.30,SETTLED,SB20260920PM
S1002305,T1002437,2026-09-20 12:16:25,14018.32,SETTLED,SB20260920PM
S1002306,T1002438,2026-09-20 19:33:58,9359.20,SETTLED,SB20260920PM
S1002307,T1002438,2026-09-20 19:37:58,2339.80,SETTLED,SB20260920PM
S1002308,T1002439,2026-09-20 13:50:08,172.09,SETTLED,SB20260920PM
S1002309,T1002440,2026-09-20 10:19:01,2886.12,SETTLED,SB20260920AM
S1002310,T1002442,2026-09-20 20:16:39,7470.35,SETTLED,SB20260920PM
S1002311,T1002444,2026-09-20 13:52:10,3221.06,SETTLED,SB20260920PM
S1002312,T1002445,2026-09-20 14:53:47,1944.24,SETTLED,SB20260920PM
S1002313,T1002446,2026-09-20 11:52:33,57190.43,SETTLED,SB20260920AM
S1002314,T1002446,2026-09-20 11:56:33,14297.61,SETTLED,SB20260920AM
S1002315,T1002448,2026-09-20 16:56:09,4019.07,SETTLED,SB20260920PM
S1002316,T1002449,2026-09-20 11:18:30,12701.50,SETTLED,SB20260920AM
S1002317,T1002451,2026-09-20 10:52:31,1578.98,SETTLED,SB20260920AM
S1002318,T1002452,2026-09-20 19:32:44,338.13,SETTLED,SB20260920PM
S1002319,T1002453,2026-09-20 19:35:32,5344.19,SETTLED,SB20260920PM
S1002320,T1002454,2026-09-20 13:32:16,1539.57,SETTLED,SB20260920PM
S1002321,T1002454,2026-09-20 13:36:16,384.89,SETTLED,SB20260920PM
S1002322,T1002455,2026-09-20 11:28:24,682.98,SETTLED,SB20260920AM
S1002323,T1002456,2026-09-20 21:25:42,54484.83,SETTLED,SB20260920PM
S1002324,T1002457,2026-09-20 11:38:29,2322.99,SETTLED,SB20260920AM
S1002325,T1002458,2026-09-20 20:27:16,7704.22,SETTLED,SB20260920PM
S1002326,T1002459,2026-09-20 13:55:10,3839.13,SETTLED,SB20260920PM
S1002327,T1002460,2026-09-20 21:33:15,2498.50,SETTLED,SB20260920PM
S1002328,T1002461,2026-09-20 20:37:39,12840.71,SETTLED,SB20260920PM
S1002329,T1002463,2026-09-20 14:08:26,1389.42,SETTLED,SB20260920PM
S1002330,T1002463,2026-09-20 14:12:26,347.35,SETTLED,SB20260920PM
S1002331,T1002464,2026-09-20 12:11:22,802.35,SETTLED,SB20260920PM
S1002332,T1002466,2026-09-20 13:16:36,1831.40,SETTLED,SB20260920PM
S1002333,T1002467,2026-09-20 13:25:29,1309.16,SETTLED,SB20260920PM
S1002334,T1002467,2026-09-20 13:29:29,327.29,SETTLED,SB20260920PM
S1002335,T1002468,2026-09-20 10:54:15,3072.74,SETTLED,SB20260920AM
S1002336,T1002469,2026-09-20 17:01:46,3179.19,SETTLED,SB20260920PM
S1002337,T1002470,2026-09-20 15:03:06,1511.41,SETTLED,SB20260920PM
S1002338,T1002472,2026-09-20 16:55:40,1577.21,SETTLED,SB20260920PM
S1002339,T1002473,2026-09-20 18:22:48,2671.13,SETTLED,SB20260920PM
S1002340,T1002474,2026-09-20 15:15:33,8038.55,SETTLED,SB20260920PM
S1002341,T1002475,2026-09-20 09:34:30,1408.18,SETTLED,SB20260920AM
S1002342,T1002476,2026-09-20 17:04:57,18011.57,SETTLED,SB20260920PM
S1002343,T1002477,2026-09-20 16:06:31,3232.16,SETTLED,SB20260920PM
S1002344,T1002478,2026-09-20 11:29:24,9059.27,SETTLED,SB20260920AM
S1002345,T1002479,2026-09-20 10:09:51,40752.74,SETTLED,SB20260920AM
S1002346,T1002481,2026-09-20 18:19:15,13887.90,SETTLED,SB20260920PM
S1002347,T1002482,2026-09-20 10:05:38,2863.81,SETTLED,SB20260920AM
S1002348,T1002483,2026-09-20 16:25:11,2278.74,SETTLED,SB20260920PM
S1002349,T1002483,2026-09-20 16:29:11,569.69,SETTLED,SB20260920PM
S1002350,T1002484,2026-09-20 13:28:05,83888.67,SETTLED,SB20260920PM
S1002351,T1002485,2026-09-20 12:02:46,2860.06,SETTLED,SB20260920PM
S1002352,T1002486,2026-09-20 13:16:45,834.60,SETTLED,SB20260920PM
S1002353,T1002487,2026-09-20 17:28:54,47435.40,SETTLED,SB20260920PM
S1002354,T1002488,2026-09-20 14:22:39,3339.99,SETTLED,SB20260920PM
S1002355,T1002489,2026-09-20 20:35:06,2167.61,SETTLED,SB20260920PM
S1002356,T1002490,2026-09-20 19:52:34,8947.74,SETTLED,SB20260920PM
S1002357,T1002491,2026-09-20 22:28:52,10404.95,SETTLED,SB20260920PM
S1002358,T1002492,2026-09-20 18:10:00,1938.99,SETTLED,SB20260920PM
S1002359,T1002493,2026-09-20 23:46:05,35702.39,SETTLED,SB20260920PM
S1002360,T1002494,2026-09-20 19:05:24,1929.79,SETTLED,SB20260920PM
S1002361,T1002495,2026-09-20 09:19:47,3421.50,SETTLED,SB20260920AM
S1002362,T1002496,2026-09-20 18:19:40,2599.38,PENDING,SB20260920PM
S1002363,T1002497,2026-09-20 11:56:46,77201.88,SETTLED,SB20260920AM
S1002364,T1002498,2026-09-20 10:33:00,10661.01,SETTLED,SB20260920AM
S1002365,T1002500,2026-09-20 19:22:43,38229.50,SETTLED,SB20260920PM
S1002366,T1002501,2026-09-20 11:24:44,87295.22,SETTLED,SB20260920AM
S1002367,T1002504,2026-09-20 10:00:57,229.34,SETTLED,SB20260920AM
S1002368,T1002505,2026-09-20 20:12:12,23976.03,SETTLED,SB20260920PM
S1002369,T1002510,2026-09-20 20:04:27,75771.14,SETTLED,SB20260920PM
S1002370,T1002511,2026-09-20 18:04:13,294.28,SETTLED,SB20260920PM
S1002371,T1002512,2026-09-20 13:18:39,4861.04,SETTLED,SB20260920PM
S1002372,T1002513,2026-09-20 15:23:44,2050.36,SETTLED,SB20260920PM
S1002373,T1002513,2026-09-20 15:27:44,512.59,SETTLED,SB20260920PM
S1002374,T1002515,2026-09-20 17:33:34,606.29,SETTLED,SB20260920PM
S1002375,T1002516,2026-09-20 20:36:31,13868.23,SETTLED,SB20260920PM
S1002376,T1002517,2026-09-20 22:09:41,17134.03,PENDING,SB20260920PM
S1002377,T1002518,2026-09-20 12:27:01,32157.57,SETTLED,SB20260920PM
S1002378,T1002519,2026-09-20 19:35:55,32974.50,SETTLED,SB20260920PM
S1002379,T1002520,2026-09-20 19:29:13,4780.49,SETTLED,SB20260920PM
S1002380,T1002521,2026-09-20 18:02:09,1203.00,SETTLED,SB20260920PM
S1002381,T1002522,2026-09-20 17:03:53,6439.71,SETTLED,SB20260920PM
S1002382,T1002523,2026-09-20 14:23:46,2276.17,SETTLED,SB20260920PM
S1002383,T1002524,2026-09-20 16:02:18,53771.26,SETTLED,SB20260920PM
S1002384,T1002525,2026-09-20 21:24:52,1540.66,SETTLED,SB20260920PM
S1002385,T1002525,2026-09-20 21:28:52,385.17,SETTLED,SB20260920PM
S1002386,T1002526,2026-09-20 09:20:59,810.50,SETTLED,SB20260920AM
S1002387,T1002527,2026-09-20 12:47:18,2114.80,SETTLED,SB20260920PM
S1002388,T1002528,2026-09-20 14:14:22,3692.43,SETTLED,SB20260920PM
S1002389,T1002529,2026-09-20 20:40:55,349.81,SETTLED,SB20260920PM
S1002390,T1002530,2026-09-20 07:22:34,12859.40,SETTLED,SB20260920AM
S1002391,T1002531,2026-09-20 18:41:20,2014.53,SETTLED,SB20260920PM
S1002392,T1002532,2026-09-20 13:10:51,77735.83,SETTLED,SB20260920PM
S1002393,T1002533,2026-09-20 09:26:45,38694.66,SETTLED,SB20260920AM
S1002394,T1002533,2026-09-20 09:30:45,9673.67,SETTLED,SB20260920AM
S1002395,T1002534,2026-09-20 21:19:34,1479.84,SETTLED,SB20260920PM
S1002396,T1002535,2026-09-20 19:23:17,5710.78,SETTLED,SB20260920PM
S1002397,T1002535,2026-09-20 19:27:17,1427.70,SETTLED,SB20260920PM
S1002398,T1002536,2026-09-20 19:19:19,2266.06,SETTLED,SB20260920PM
S1002399,T1002537,2026-09-21 16:14:52,1598.42,SETTLED,SB20260921PM
S1002400,T1002538,2026-09-21 15:49:34,18684.93,SETTLED,SB20260921PM
S1002401,T1002539,2026-09-21 19:45:55,682.50,SETTLED,SB20260921PM
S1002402,T1002540,2026-09-21 12:50:39,2565.03,SETTLED,SB20260921PM
S1002403,T1002541,2026-09-21 15:20:21,535.38,SETTLED,SB20260921PM
S1002404,T1002542,2026-09-21 12:41:06,5991.96,SETTLED,SB20260921PM
S1002405,T1002543,2026-09-21 19:35:56,1996.64,SETTLED,SB20260921PM
S1002406,T1002545,2026-09-21 21:13:34,34958.75,SETTLED,SB20260921PM
S1002407,T1002547,2026-09-21 19:10:07,1230.08,SETTLED,SB20260921PM
S1002408,T1002548,2026-09-21 18:37:32,1388.49,SETTLED,SB20260921PM
S1002409,T1002549,2026-09-21 07:31:55,2692.23,SETTLED,SB20260921AM
S1002410,T1002550,2026-09-21 08:55:07,39515.07,SETTLED,SB20260921AM
S1002411,T1002550,2026-09-21 08:59:07,9878.77,SETTLED,SB20260921AM
S1002412,T1002551,2026-09-21 08:52:59,1434.88,SETTLED,SB20260921AM
S1002413,T1002552,2026-09-21 17:51:45,36845.22,SETTLED,SB20260921PM
S1002414,T1002553,2026-09-21 18:43:34,30465.28,SETTLED,SB20260921PM
S1002415,T1002554,2026-09-21 10:32:47,2498.44,SETTLED,SB20260921AM
S1002416,T1002555,2026-09-21 11:42:45,3224.64,SETTLED,SB20260921AM
S1002417,T1002556,2026-09-21 10:45:17,14073.04,SETTLED,SB20260921AM
S1002418,T1002557,2026-09-21 19:56:12,9322.25,SETTLED,SB20260921PM
S1002419,T1002558,2026-09-21 12:43:16,1907.78,SETTLED,SB20260921PM
S1002420,T1002559,2026-09-21 13:27:51,2356.67,SETTLED,SB20260921PM
S1002421,T1002561,2026-09-21 13:02:01,582.09,SETTLED,SB20260921PM
S1002422,T1002563,2026-09-21 15:47:42,562.51,SETTLED,SB20260921PM
S1002423,T1002564,2026-09-21 18:58:29,3152.63,SETTLED,SB20260921PM
S1002424,T1002565,2026-09-21 18:22:22,5337.75,SETTLED,SB20260921PM
S1002425,T1002566,2026-09-21 13:13:29,3606.56,SETTLED,SB20260921PM
S1002426,T1002569,2026-09-21 19:56:03,87219.64,SETTLED,SB20260921PM
S1002427,T1002570,2026-09-21 19:34:29,17035.83,SETTLED,SB20260921PM
S1002428,T1002571,2026-09-21 20:14:33,66166.87,SETTLED,SB20260921PM
S1002429,T1002572,2026-09-21 12:22:49,1412.26,SETTLED,SB20260921PM
S1002430,T1002575,2026-09-21 13:22:52,2346.81,SETTLED,SB20260921PM
S1002431,T1002576,2026-09-21 12:53:45,3636.02,FAILED,SB20260921PM
S1002432,T1002578,2026-09-21 12:39:43,2850.52,SETTLED,SB20260921PM
S1002433,T1002580,2026-09-21 20:01:58,10862.64,SETTLED,SB20260921PM
S1002434,T1002581,2026-09-21 15:00:51,73273.87,SETTLED,SB20260921PM
S1002435,T1002582,2026-09-21 11:14:05,551.36,SETTLED,SB20260921AM
S1002436,T1002583,2026-09-21 21:29:51,1657.18,SETTLED,SB20260921PM
S1002437,T1002584,2026-09-21 15:35:31,13978.05,SETTLED,SB20260921PM
S1002438,T1002586,2026-09-21 09:53:18,2532.71,SETTLED,SB20260921AM
S1002439,T1002587,2026-09-21 08:36:31,74202.78,SETTLED,SB20260921AM
S1002440,T1002588,2026-09-21 10:26:29,2600.83,SETTLED,SB20260921AM
S1002441,T1002589,2026-09-21 18:43:32,3980.84,SETTLED,SB20260921PM
S1002442,T1002591,2026-09-21 12:37:22,5569.79,SETTLED,SB20260921PM
S1002443,T1002592,2026-09-21 16:52:39,1405.73,SETTLED,SB20260921PM
S1002444,T1002594,2026-09-21 22:21:29,1670.58,SETTLED,SB20260921PM
S1002445,T1002595,2026-09-21 11:19:43,131.58,SETTLED,SB20260921AM
S1002446,T1002596,2026-09-21 09:23:45,55393.06,SETTLED,SB20260921AM
S1002447,T1002597,2026-09-21 11:43:02,4368.71,SETTLED,SB20260921AM
S1002448,T1002598,2026-09-21 15:24:24,1726.36,SETTLED,SB20260921PM
S1002449,T1002599,2026-09-21 12:54:07,66960.29,SETTLED,SB20260921PM
S1002450,T1002600,2026-09-21 11:30:51,19085.92,SETTLED,SB20260921AM
S1002451,T1002601,2026-09-21 14:18:56,324.34,SETTLED,SB20260921PM
S1002452,T1002602,2026-09-21 11:53:57,22016.02,SETTLED,SB20260921AM
S1002453,T1002602,2026-09-21 11:57:57,5504.01,SETTLED,SB20260921AM
S1002454,T1002603,2026-09-21 20:36:04,161.36,SETTLED,SB20260921PM
S1002455,T1002604,2026-09-21 11:33:50,19161.14,SETTLED,SB20260921AM
S1002456,T1002605,2026-09-21 16:25:10,88075.10,SETTLED,SB20260921PM
S1002457,T1002606,2026-09-21 15:36:58,75635.18,SETTLED,SB20260921PM
S1002458,T1002607,2026-09-21 08:26:28,2448.91,SETTLED,SB20260921AM
S1002459,T1002608,2026-09-21 21:14:42,14402.25,SETTLED,SB20260921PM
S1002460,T1002609,2026-09-21 18:22:03,2579.85,SETTLED,SB20260921PM
S1002461,T1002611,2026-09-21 21:35:41,73232.92,SETTLED,SB20260921PM
S1002462,T1002612,2026-09-21 14:28:10,21161.67,SETTLED,SB20260921PM
S1002463,T1002615,2026-09-21 18:31:44,1605.45,SETTLED,SB20260921PM
S1002464,T1002616,2026-09-21 09:46:19,19764.94,SETTLED,SB20260921AM
S1002465,T1002617,2026-09-21 21:46:46,9284.81,SETTLED,SB20260921PM
S1002466,T1002618,2026-09-21 20:34:38,26299.84,SETTLED,SB20260921PM
S1002467,T1002620,2026-09-21 19:05:20,2201.40,SETTLED,SB20260921PM
S1002468,T1002621,2026-09-21 20:54:45,165.98,SETTLED,SB20260921PM
S1002469,T1002623,2026-09-21 13:42:31,2974.53,SETTLED,SB20260921PM
S1002470,T1002624,2026-09-21 20:30:52,43990.94,SETTLED,SB20260921PM
S1002471,T1002627,2026-09-21 13:29:25,3395.27,SETTLED,SB20260921PM
S1002472,T1002628,2026-09-21 21:13:57,5392.26,SETTLED,SB20260921PM
S1002473,T1002629,2026-09-21 20:31:01,2240.45,SETTLED,SB20260921PM
S1002474,T1002631,2026-09-21 17:56:45,2221.90,SETTLED,SB20260921PM
S1002475,T1002631,2026-09-21 18:00:45,555.48,SETTLED,SB20260921PM
S1002476,T1002632,2026-09-21 12:28:53,1968.72,SETTLED,SB20260921PM
S1002477,T1002633,2026-09-21 20:54:04,2923.69,SETTLED,SB20260921PM
S1002478,T1002634,2026-09-21 18:19:50,3647.69,SETTLED,SB20260921PM
S1002479,T1002635,2026-09-21 10:07:03,939.69,SETTLED,SB20260921AM
S1002480,T1002636,2026-09-21 15:26:16,752.81,SETTLED,SB20260921PM
S1002481,T1002637,2026-09-21 09:30:03,1990.95,SETTLED,SB20260921AM
S1002482,T1002638,2026-09-21 21:42:56,3007.70,SETTLED,SB20260921PM
S1002483,T1002639,2026-09-21 20:23:00,1325.07,SETTLED,SB20260921PM
S1002484,T1002640,2026-09-21 18:37:10,223.60,SETTLED,SB20260921PM
S1002485,T1002641,2026-09-21 18:24:35,12466.61,SETTLED,SB20260921PM
S1002486,T1002642,2026-09-21 11:25:26,1565.39,SETTLED,SB20260921AM
S1002487,T1002642,2026-09-21 11:29:26,391.35,SETTLED,SB20260921AM
S1002488,T1002643,2026-09-21 22:43:12,2388.74,SETTLED,SB20260921PM
S1002489,T1002644,2026-09-21 06:31:25,2625.10,SETTLED,SB20260921AM
S1002490,T1002645,2026-09-21 18:02:47,5453.56,FAILED,SB20260921PM
S1002491,T1002647,2026-09-21 16:42:45,4138.38,SETTLED,SB20260921PM
S1002492,T1002648,2026-09-21 14:52:43,2589.69,SETTLED,SB20260921PM
S1002493,T1002649,2026-09-21 17:29:01,361.38,SETTLED,SB20260921PM
S1002494,T1002650,2026-09-21 21:22:35,62420.72,SETTLED,SB20260921PM
S1002495,T1002651,2026-09-21 10:59:34,1684.18,FAILED,SB20260921AM
S1002496,T1002652,2026-09-21 14:21:12,186.10,SETTLED,SB20260921PM
S1002497,T1002653,2026-09-21 17:24:14,14321.70,SETTLED,SB20260921PM
S1002498,T1002654,2026-09-21 17:04:32,1873.10,SETTLED,SB20260921PM
S1002499,T1002655,2026-09-21 14:02:26,1038.02,SETTLED,SB20260921PM
S1002500,T1002656,2026-09-21 11:54:23,17220.14,SETTLED,SB20260921AM
S1002501,T1002657,2026-09-21 18:01:33,1021.31,SETTLED,SB20260921PM
S1002502,T1002658,2026-09-21 16:49:58,3859.51,SETTLED,SB20260921PM
S1002503,T1002659,2026-09-21 19:16:33,64564.76,SETTLED,SB20260921PM
S1002504,T1002662,2026-09-22 12:26:32,38432.16,SETTLED,SB20260922PM
S1002505,T1002663,2026-09-22 10:39:43,1692.55,SETTLED,SB20260922AM
S1002506,T1002665,2026-09-22 20:28:04,364.31,SETTLED,SB20260922PM
S1002507,T1002666,2026-09-22 14:51:59,2446.09,SETTLED,SB20260922PM
S1002508,T1002669,2026-09-22 13:17:44,3357.60,FAILED,SB20260922PM
S1002509,T1002670,2026-09-22 12:52:49,63611.87,SETTLED,SB20260922PM
S1002510,T1002671,2026-09-22 18:34:25,4235.12,SETTLED,SB20260922PM
S1002511,T1002672,2026-09-22 19:04:46,5117.49,SETTLED,SB20260922PM
S1002512,T1002672,2026-09-22 19:08:46,1279.37,SETTLED,SB20260922PM
S1002513,T1002673,2026-09-22 18:12:12,20945.43,SETTLED,SB20260922PM
S1002514,T1002673,2026-09-22 18:16:12,5236.36,SETTLED,SB20260922PM
S1002515,T1002674,2026-09-22 21:52:16,41094.93,SETTLED,SB20260922PM
S1002516,T1002675,2026-09-22 13:16:36,4647.75,SETTLED,SB20260922PM
S1002517,T1002676,2026-09-22 08:18:28,8456.21,SETTLED,SB20260922AM
S1002518,T1002677,2026-09-22 22:03:01,69266.05,SETTLED,SB20260922PM
S1002519,T1002678,2026-09-22 12:39:53,476.20,SETTLED,SB20260922PM
S1002520,T1002679,2026-09-22 19:11:20,41836.58,SETTLED,SB20260922PM
S1002521,T1002679,2026-09-22 19:15:20,10459.15,SETTLED,SB20260922PM
S1002522,T1002680,2026-09-22 16:33:58,8913.08,SETTLED,SB20260922PM
S1002523,T1002681,2026-09-22 21:53:17,10867.77,SETTLED,SB20260922PM
S1002524,T1002682,2026-09-22 13:53:32,698.84,SETTLED,SB20260922PM
S1002525,T1002685,2026-09-22 11:18:12,2701.08,SETTLED,SB20260922AM
S1002526,T1002686,2026-09-22 10:13:48,2151.51,SETTLED,SB20260922AM
S1002527,T1002687,2026-09-22 11:44:40,32340.88,SETTLED,SB20260922AM
S1002528,T1002688,2026-09-22 19:51:00,1029.28,SETTLED,SB20260922PM
S1002529,T1002689,2026-09-22 13:11:19,1487.81,SETTLED,SB20260922PM
S1002530,T1002691,2026-09-22 18:06:32,589.31,SETTLED,SB20260922PM
S1002531,T1002693,2026-09-22 21:18:01,34106.48,SETTLED,SB20260922PM
S1002532,T1002694,2026-09-22 15:20:59,1801.39,PENDING,SB20260922PM
S1002533,T1002695,2026-09-22 20:55:37,13520.22,SETTLED,SB20260922PM
S1002534,T1002695,2026-09-22 20:59:37,3380.06,SETTLED,SB20260922PM
S1002535,T1002696,2026-09-22 10:24:45,56323.50,SETTLED,SB20260922AM
S1002536,T1002697,2026-09-22 21:39:31,6458.86,SETTLED,SB20260922PM
S1002537,T1002697,2026-09-22 21:43:31,1614.72,SETTLED,SB20260922PM
S1002538,T1002698,2026-09-22 08:53:07,11980.22,SETTLED,SB20260922AM
S1002539,T1002698,2026-09-22 08:57:07,2995.06,SETTLED,SB20260922AM
S1002540,T1002699,2026-09-22 16:47:45,606.37,SETTLED,SB20260922PM
S1002541,T1002700,2026-09-22 19:20:26,9643.07,SETTLED,SB20260922PM
S1002542,T1002701,2026-09-22 22:13:00,32869.12,SETTLED,SB20260922PM
S1002543,T1002703,2026-09-22 18:44:06,910.17,PENDING,SB20260922PM
S1002544,T1002704,2026-09-22 23:15:09,8476.34,SETTLED,SB20260922PM
S1002545,T1002704,2026-09-22 23:19:09,2119.09,SETTLED,SB20260922PM
S1002546,T1002705,2026-09-22 11:48:30,2900.22,SETTLED,SB20260922AM
S1002547,T1002706,2026-09-22 14:03:51,32635.62,SETTLED,SB20260922PM
S1002548,T1002707,2026-09-22 08:14:15,2597.30,SETTLED,SB20260922AM
S1002549,T1002708,2026-09-22 12:47:29,2233.69,SETTLED,SB20260922PM
S1002550,T1002709,2026-09-22 09:43:16,10512.44,SETTLED,SB20260922AM
S1002551,T1002710,2026-09-22 18:00:18,2145.15,SETTLED,SB20260922PM
S1002552,T1002711,2026-09-22 18:55:02,1407.77,SETTLED,SB20260922PM
S1002553,T1002713,2026-09-22 11:01:49,6157.13,SETTLED,SB20260922AM
S1002554,T1002714,2026-09-22 18:52:57,819.12,SETTLED,SB20260922PM
S1002555,T1002716,2026-09-22 15:12:22,64751.46,SETTLED,SB20260922PM
S1002556,T1002718,2026-09-22 10:17:11,39466.51,SETTLED,SB20260922AM
S1002557,T1002718,2026-09-22 10:21:11,9866.63,SETTLED,SB20260922AM
S1002558,T1002719,2026-09-22 09:14:03,1945.16,SETTLED,SB20260922AM
S1002559,T1002720,2026-09-22 18:28:33,6035.11,SETTLED,SB20260922PM
S1002560,T1002723,2026-09-22 18:16:18,50362.71,SETTLED,SB20260922PM
S1002561,T1002723,2026-09-22 18:20:18,12590.68,SETTLED,SB20260922PM
S1002562,T1002724,2026-09-22 11:22:46,16776.63,SETTLED,SB20260922AM
S1002563,T1002725,2026-09-22 12:03:59,2030.45,SETTLED,SB20260922PM
S1002564,T1002727,2026-09-22 19:33:35,66342.64,SETTLED,SB20260922PM
S1002565,T1002728,2026-09-22 22:00:13,3453.30,SETTLED,SB20260922PM
S1002566,T1002729,2026-09-22 10:42:32,4921.65,SETTLED,SB20260922AM
S1002567,T1002730,2026-09-22 13:50:08,2156.53,SETTLED,SB20260922PM
S1002568,T1002732,2026-09-22 11:26:17,1615.93,SETTLED,SB20260922AM
S1002569,T1002733,2026-09-22 15:40:44,84393.95,SETTLED,SB20260922PM
S1002570,T1002734,2026-09-22 22:32:56,1422.30,SETTLED,SB20260922PM
S1002571,T1002734,2026-09-22 22:36:56,355.57,SETTLED,SB20260922PM
S1002572,T1002735,2026-09-22 18:55:20,11498.58,SETTLED,SB20260922PM
S1002573,T1002736,2026-09-22 10:29:23,7783.53,SETTLED,SB20260922AM
S1002574,T1002738,2026-09-22 18:13:19,4347.11,SETTLED,SB20260922PM
S1002575,T1002739,2026-09-22 13:12:10,2446.20,SETTLED,SB20260922PM
S1002576,T1002740,2026-09-22 12:38:43,21016.64,SETTLED,SB20260922PM
S1002577,T1002741,2026-09-22 14:56:00,474.83,SETTLED,SB20260922PM
S1002578,T1002742,2026-09-22 09:14:09,60528.08,SETTLED,SB20260922AM
S1002579,T1002742,2026-09-22 09:18:09,15132.02,SETTLED,SB20260922AM
S1002580,T1002743,2026-09-22 20:49:21,1429.15,SETTLED,SB20260922PM
S1002581,T1002744,2026-09-22 09:38:40,74025.38,SETTLED,SB20260922AM
S1002582,T1002745,2026-09-22 19:44:27,48886.33,SETTLED,SB20260922PM
S1002583,T1002745,2026-09-22 19:48:27,12221.58,SETTLED,SB20260922PM
S1002584,T1002747,2026-09-22 09:38:33,54314.50,SETTLED,SB20260922AM
S1002585,T1002748,2026-09-22 08:22:19,777.34,SETTLED,SB20260922AM
S1002586,T1002749,2026-09-22 11:12:57,1622.33,SETTLED,SB20260922AM
S1002587,T1002749,2026-09-22 11:16:57,405.58,SETTLED,SB20260922AM
S1002588,T1002750,2026-09-22 22:33:51,3838.15,SETTLED,SB20260922PM
S1002589,T1002751,2026-09-22 20:42:25,1337.36,SETTLED,SB20260922PM
S1002590,T1002752,2026-09-22 13:13:45,2292.17,SETTLED,SB20260922PM
S1002591,T1002752,2026-09-22 13:17:45,573.04,SETTLED,SB20260922PM
S1002592,T1002753,2026-09-22 10:13:37,17015.31,SETTLED,SB20260922AM
S1002593,T1002754,2026-09-22 12:21:36,3794.04,SETTLED,SB20260922PM
S1002594,T1002756,2026-09-22 19:49:42,2628.46,SETTLED,SB20260922PM
S1002595,T1002757,2026-09-22 11:02:40,1847.70,SETTLED,SB20260922AM
S1002596,T1002757,2026-09-22 11:06:40,461.92,SETTLED,SB20260922AM
S1002597,T1002758,2026-09-22 07:40:28,2626.35,SETTLED,SB20260922AM
S1002598,T1002758,2026-09-22 07:44:28,656.59,SETTLED,SB20260922AM
S1002599,T1002759,2026-09-22 22:59:08,9693.80,SETTLED,SB20260922PM
S1002600,T1002761,2026-09-22 20:48:15,653.78,SETTLED,SB20260922PM
S1002601,T1002762,2026-09-22 09:40:41,43049.95,SETTLED,SB20260922AM
S1002602,T1002763,2026-09-22 18:20:34,13867.26,SETTLED,SB20260922PM
S1002603,T1002764,2026-09-22 15:34:03,25850.15,SETTLED,SB20260922PM
S1002604,T1002765,2026-09-22 17:53:48,809.64,SETTLED,SB20260922PM
S1002605,T1002765,2026-09-22 17:57:48,202.41,SETTLED,SB20260922PM
S1002606,T1002766,2026-09-22 19:33:15,4703.20,SETTLED,SB20260922PM
S1002607,T1002767,2026-09-22 15:00:57,3069.88,SETTLED,SB20260922PM
S1002608,T1002768,2026-09-22 13:39:38,4021.12,SETTLED,SB20260922PM
S1002609,T1002769,2026-09-22 20:01:45,1436.83,SETTLED,SB20260922PM
S1002610,T1002770,2026-09-22 14:57:44,3172.69,SETTLED,SB20260922PM
S1002611,T1002772,2026-09-22 17:24:34,3758.17,SETTLED,SB20260922PM
S1002612,T1002773,2026-09-23 11:33:24,74915.75,SETTLED,SB20260923AM
S1002613,T1002774,2026-09-23 16:12:06,2600.81,SETTLED,SB20260923PM
S1002614,T1002775,2026-09-23 16:23:52,5205.47,SETTLED,SB20260923PM
S1002615,T1002776,2026-09-23 20:23:31,18750.95,SETTLED,SB20260923PM
S1002616,T1002777,2026-09-23 22:07:13,1364.05,SETTLED,SB20260923PM
S1002617,T1002778,2026-09-23 17:44:20,1430.85,SETTLED,SB20260923PM
S1002618,T1002779,2026-09-23 11:27:13,87438.41,SETTLED,SB20260923AM
S1002619,T1002780,2026-09-23 09:23:30,1919.55,SETTLED,SB20260923AM
S1002620,T1002781,2026-09-23 22:04:56,3520.86,SETTLED,SB20260923PM
S1002621,T1002782,2026-09-23 11:57:10,32820.89,SETTLED,SB20260923AM
S1002622,T1002784,2026-09-23 13:40:44,78734.86,SETTLED,SB20260923PM
S1002623,T1002785,2026-09-23 15:27:26,2092.29,SETTLED,SB20260923PM
S1002624,T1002786,2026-09-23 16:41:17,1620.49,SETTLED,SB20260923PM
S1002625,T1002787,2026-09-23 10:32:26,35430.41,SETTLED,SB20260923AM
S1002626,T1002788,2026-09-23 11:27:43,1281.45,SETTLED,SB20260923AM
S1002627,T1002789,2026-09-23 11:56:55,3026.36,SETTLED,SB20260923AM
S1002628,T1002790,2026-09-23 19:51:21,2323.50,SETTLED,SB20260923PM
S1002629,T1002791,2026-09-23 16:44:25,1831.84,SETTLED,SB20260923PM
S1002630,T1002792,2026-09-23 20:46:12,840.70,SETTLED,SB20260923PM
S1002631,T1002794,2026-09-23 12:09:04,4353.58,SETTLED,SB20260923PM
S1002632,T1002795,2026-09-23 19:05:46,3712.29,SETTLED,SB20260923PM
S1002633,T1002796,2026-09-23 23:01:13,20227.79,SETTLED,SB20260923PM
S1002634,T1002797,2026-09-23 18:47:12,890.74,SETTLED,SB20260923PM
S1002635,T1002798,2026-09-23 13:10:05,3954.12,SETTLED,SB20260923PM
S1002636,T1002798,2026-09-23 13:14:05,988.53,SETTLED,SB20260923PM
S1002637,T1002799,2026-09-23 10:15:57,12322.49,SETTLED,SB20260923AM
S1002638,T1002800,2026-09-23 19:25:49,3615.88,SETTLED,SB20260923PM
S1002639,T1002801,2026-09-23 08:31:01,337.37,SETTLED,SB20260923AM
S1002640,T1002802,2026-09-23 11:25:46,1999.97,SETTLED,SB20260923AM
S1002641,T1002803,2026-09-23 14:44:06,14466.26,SETTLED,SB20260923PM
S1002642,T1002804,2026-09-23 16:23:15,2853.77,SETTLED,SB20260923PM
S1002643,T1002806,2026-09-23 19:48:28,2311.17,SETTLED,SB20260923PM
S1002644,T1002807,2026-09-23 09:14:00,740.28,SETTLED,SB20260923AM
S1002645,T1002808,2026-09-23 19:11:23,1757.07,SETTLED,SB20260923PM
S1002646,T1002809,2026-09-23 14:00:00,3556.74,PENDING,SB20260923PM
S1002647,T1002810,2026-09-23 13:57:09,5599.94,SETTLED,SB20260923PM
S1002648,T1002811,2026-09-23 17:36:46,5250.22,SETTLED,SB20260923PM
S1002649,T1002812,2026-09-23 15:49:58,3250.35,SETTLED,SB20260923PM
S1002650,T1002814,2026-09-23 19:50:55,2197.77,SETTLED,SB20260923PM
S1002651,T1002815,2026-09-23 10:40:02,3657.14,SETTLED,SB20260923AM
S1002652,T1002815,2026-09-23 10:44:02,914.29,SETTLED,SB20260923AM
S1002653,T1002816,2026-09-23 13:45:19,11567.40,SETTLED,SB20260923PM
S1002654,T1002817,2026-09-23 08:58:03,6331.93,SETTLED,SB20260923AM
S1002655,T1002818,2026-09-23 12:39:16,10900.24,SETTLED,SB20260923PM
S1002656,T1002818,2026-09-23 12:43:16,2725.06,SETTLED,SB20260923PM
S1002657,T1002819,2026-09-23 17:20:17,891.67,SETTLED,SB20260923PM
S1002658,T1002820,2026-09-23 07:30:44,2210.88,SETTLED,SB20260923AM
S1002659,T1002821,2026-09-23 22:07:17,1300.92,SETTLED,SB20260923PM
S1002660,T1002822,2026-09-23 11:26:07,15333.31,SETTLED,SB20260923AM
S1002661,T1002822,2026-09-23 11:30:07,3833.33,SETTLED,SB20260923AM
S1002662,T1002823,2026-09-23 22:58:32,28656.25,SETTLED,SB20260923PM
S1002663,T1002824,2026-09-23 21:32:50,14815.21,SETTLED,SB20260923PM
S1002664,T1002825,2026-09-23 21:48:49,16138.73,SETTLED,SB20260923PM
S1002665,T1002826,2026-09-23 11:12:02,650.61,SETTLED,SB20260923AM
S1002666,T1002827,2026-09-23 18:07:12,1722.18,SETTLED,SB20260923PM
S1002667,T1002828,2026-09-23 12:15:40,1043.98,SETTLED,SB20260923PM
S1002668,T1002829,2026-09-23 12:59:54,4950.05,SETTLED,SB20260923PM
S1002669,T1002829,2026-09-23 13:03:54,1237.51,SETTLED,SB20260923PM
S1002670,T1002830,2026-09-23 21:20:27,38265.62,SETTLED,SB20260923PM
S1002671,T1002830,2026-09-23 21:24:27,9566.41,SETTLED,SB20260923PM
S1002672,T1002831,2026-09-23 20:33:31,4848.31,SETTLED,SB20260923PM
S1002673,T1002832,2026-09-23 17:34:34,667.22,SETTLED,SB20260923PM
S1002674,T1002833,2026-09-23 09:15:38,1590.41,SETTLED,SB20260923AM
S1002675,T1002834,2026-09-23 20:13:38,8468.53,SETTLED,SB20260923PM
S1002676,T1002836,2026-09-23 17:22:08,153.42,SETTLED,SB20260923PM
S1002677,T1002837,2026-09-23 19:26:45,13290.08,SETTLED,SB20260923PM
S1002678,T1002838,2026-09-23 20:09:15,85903.85,SETTLED,SB20260923PM
S1002679,T1002840,2026-09-23 17:26:11,3171.78,SETTLED,SB20260923PM
S1002680,T1002840,2026-09-23 17:30:11,792.95,SETTLED,SB20260923PM
S1002681,T1002842,2026-09-23 12:44:48,75081.23,SETTLED,SB20260923PM
S1002682,T1002843,2026-09-23 19:20:04,19118.92,SETTLED,SB20260923PM
S1002683,T1002844,2026-09-23 19:09:46,417.94,SETTLED,SB20260923PM
S1002684,T1002845,2026-09-23 16:14:07,47951.65,SETTLED,SB20260923PM
S1002685,T1002846,2026-09-23 14:05:23,598.08,SETTLED,SB20260923PM
S1002686,T1002847,2026-09-23 13:43:20,2815.02,SETTLED,SB20260923PM
S1002687,T1002848,2026-09-23 16:52:13,42725.26,SETTLED,SB20260923PM
S1002688,T1002849,2026-09-23 12:10:33,2741.98,SETTLED,SB20260923PM
S1002689,T1002850,2026-09-23 11:15:09,2923.56,SETTLED,SB20260923AM
S1002690,T1002852,2026-09-23 10:44:50,14926.20,SETTLED,SB20260923AM
S1002691,T1002853,2026-09-23 19:05:24,856.38,SETTLED,SB20260923PM
S1002692,T1002854,2026-09-23 21:22:02,52631.44,SETTLED,SB20260923PM
S1002693,T1002855,2026-09-23 16:18:10,6269.11,SETTLED,SB20260923PM
S1002694,T1002856,2026-09-23 11:55:30,2932.60,SETTLED,SB20260923AM
S1002695,T1002857,2026-09-23 09:16:12,1800.67,SETTLED,SB20260923AM
S1002696,T1002859,2026-09-23 16:05:20,3801.63,SETTLED,SB20260923PM
S1002697,T1002860,2026-09-23 20:00:51,3648.55,SETTLED,SB20260923PM
S1002698,T1002861,2026-09-23 20:33:24,4457.47,SETTLED,SB20260923PM
S1002699,T1002862,2026-09-23 10:40:28,2764.37,SETTLED,SB20260923AM
S1002700,T1002864,2026-09-23 22:12:54,4812.03,SETTLED,SB20260923PM
S1002701,T1002865,2026-09-23 10:29:25,663.95,SETTLED,SB20260923AM
S1002702,T1002866,2026-09-23 21:55:06,2221.44,SETTLED,SB20260923PM
S1002703,T1002867,2026-09-23 19:11:45,34770.93,SETTLED,SB20260923PM
S1002704,T1002868,2026-09-23 11:53:42,1881.56,SETTLED,SB20260923AM
S1002705,T1002869,2026-09-23 07:18:03,789.67,SETTLED,SB20260923AM
S1002706,T1002870,2026-09-23 08:48:49,14474.43,FAILED,SB20260923AM
S1002707,T1002872,2026-09-23 12:15:55,2153.23,SETTLED,SB20260923PM
S1002708,T1002873,2026-09-23 13:29:56,1171.20,SETTLED,SB20260923PM
S1002709,T1002874,2026-09-23 14:16:11,2595.81,SETTLED,SB20260923PM
S1002710,T1002875,2026-09-23 19:02:20,1318.26,SETTLED,SB20260923PM
S1002711,T1002876,2026-09-23 18:54:04,398.95,SETTLED,SB20260923PM
S1002712,T1002877,2026-09-23 12:46:55,1797.59,SETTLED,SB20260923PM
S1002713,T1002877,2026-09-23 12:50:55,449.40,SETTLED,SB20260923PM
S1002714,T1002878,2026-09-23 19:24:42,807.53,SETTLED,SB20260923PM
S1002715,T1002878,2026-09-23 19:28:42,201.88,SETTLED,SB20260923PM
S1002716,T1002879,2026-09-23 11:41:27,4629.56,SETTLED,SB20260923AM
S1002717,T1002880,2026-09-23 18:36:20,1152.12,SETTLED,SB20260923PM
S1002718,T1002881,2026-09-23 14:37:18,1623.64,SETTLED,SB20260923PM
S1002719,T1002883,2026-09-23 12:32:23,18906.75,SETTLED,SB20260923PM
S1002720,T1002884,2026-09-23 09:31:51,6866.56,SETTLED,SB20260923AM
S1002721,T1002885,2026-09-23 20:51:55,35787.28,SETTLED,SB20260923PM
S1002722,T1002886,2026-09-24 18:55:59,13643.43,SETTLED,SB20260924PM
S1002723,T1002887,2026-09-24 08:18:38,1247.75,SETTLED,SB20260924AM
S1002724,T1002888,2026-09-24 15:44:36,9154.21,SETTLED,SB20260924PM
S1002725,T1002889,2026-09-24 15:21:53,16957.88,SETTLED,SB20260924PM
S1002726,T1002890,2026-09-24 17:59:40,491.19,SETTLED,SB20260924PM
S1002727,T1002891,2026-09-24 13:47:07,71470.79,SETTLED,SB20260924PM
S1002728,T1002892,2026-09-24 19:25:04,657.23,SETTLED,SB20260924PM
S1002729,T1002893,2026-09-24 09:47:56,22020.91,SETTLED,SB20260924AM
S1002730,T1002894,2026-09-24 09:39:12,2199.91,SETTLED,SB20260924AM
S1002731,T1002895,2026-09-24 13:11:50,2827.40,SETTLED,SB20260924PM
S1002732,T1002896,2026-09-24 15:02:59,13136.92,SETTLED,SB20260924PM
S1002733,T1002897,2026-09-24 22:20:26,670.52,SETTLED,SB20260924PM
S1002734,T1002897,2026-09-24 22:24:26,167.63,SETTLED,SB20260924PM
S1002735,T1002898,2026-09-24 17:12:05,10978.51,SETTLED,SB20260924PM
S1002736,T1002898,2026-09-24 17:16:05,2744.63,SETTLED,SB20260924PM
S1002737,T1002899,2026-09-24 14:08:16,1065.48,SETTLED,SB20260924PM
S1002738,T1002900,2026-09-24 21:35:11,10434.35,SETTLED,SB20260924PM
S1002739,T1002901,2026-09-24 15:26:29,381.99,SETTLED,SB20260924PM
S1002740,T1002902,2026-09-24 19:40:48,2747.86,SETTLED,SB20260924PM
S1002741,T1002903,2026-09-24 14:11:18,19201.97,SETTLED,SB20260924PM
S1002742,T1002904,2026-09-24 12:26:44,15347.16,SETTLED,SB20260924PM
S1002743,T1002905,2026-09-24 22:13:47,4714.62,SETTLED,SB20260924PM
S1002744,T1002906,2026-09-24 13:28:48,1923.91,SETTLED,SB20260924PM
S1002745,T1002907,2026-09-24 09:07:10,2189.68,SETTLED,SB20260924AM
S1002746,T1002907,2026-09-24 09:11:10,547.42,SETTLED,SB20260924AM
S1002747,T1002908,2026-09-24 07:33:33,81577.80,SETTLED,SB20260924AM
S1002748,T1002909,2026-09-24 17:22:17,487.16,SETTLED,SB20260924PM
S1002749,T1002910,2026-09-24 18:05:37,9577.74,SETTLED,SB20260924PM
S1002750,T1002911,2026-09-24 09:04:09,8373.15,SETTLED,SB20260924AM
S1002751,T1002911,2026-09-24 09:08:09,2093.29,SETTLED,SB20260924AM
S1002752,T1002912,2026-09-24 10:49:02,1633.46,SETTLED,SB20260924AM
S1002753,T1002913,2026-09-24 18:14:52,2832.65,SETTLED,SB20260924PM
S1002754,T1002913,2026-09-24 18:18:52,708.16,SETTLED,SB20260924PM
S1002755,T1002914,2026-09-24 13:52:05,1068.85,SETTLED,SB20260924PM
S1002756,T1002914,2026-09-24 13:56:05,267.21,SETTLED,SB20260924PM
S1002757,T1002915,2026-09-24 19:28:59,1453.61,SETTLED,SB20260924PM
S1002758,T1002917,2026-09-24 11:18:29,11732.67,SETTLED,SB20260924AM
S1002759,T1002918,2026-09-24 14:05:30,1724.21,SETTLED,SB20260924PM
S1002760,T1002919,2026-09-24 14:27:53,931.38,SETTLED,SB20260924PM
S1002761,T1002921,2026-09-24 21:22:01,30660.23,SETTLED,SB20260924PM
S1002762,T1002923,2026-09-24 12:09:52,2838.84,SETTLED,SB20260924PM
S1002763,T1002924,2026-09-24 08:53:23,1045.77,SETTLED,SB20260924AM
S1002764,T1002925,2026-09-24 19:07:29,3846.35,SETTLED,SB20260924PM
S1002765,T1002926,2026-09-24 20:01:54,57944.46,SETTLED,SB20260924PM
S1002766,T1002928,2026-09-24 22:01:15,16746.56,SETTLED,SB20260924PM
S1002767,T1002930,2026-09-24 18:41:43,3890.36,SETTLED,SB20260924PM
S1002768,T1002930,2026-09-24 18:45:43,972.59,SETTLED,SB20260924PM
S1002769,T1002931,2026-09-24 20:51:15,22716.64,SETTLED,SB20260924PM
S1002770,T1002932,2026-09-24 16:36:03,4453.99,SETTLED,SB20260924PM
S1002771,T1002933,2026-09-24 20:03:25,43181.16,SETTLED,SB20260924PM
S1002772,T1002934,2026-09-24 20:23:12,57717.30,SETTLED,SB20260924PM
S1002773,T1002934,2026-09-24 20:27:12,14429.32,SETTLED,SB20260924PM
S1002774,T1002936,2026-09-24 08:41:11,2114.44,PENDING,SB20260924AM
S1002775,T1002937,2026-09-24 13:44:39,3019.41,SETTLED,SB20260924PM
S1002776,T1002937,2026-09-24 13:48:39,754.85,SETTLED,SB20260924PM
S1002777,T1002938,2026-09-24 15:02:38,12200.80,PENDING,SB20260924PM
S1002778,T1002939,2026-09-24 09:18:12,9970.34,SETTLED,SB20260924AM
S1002779,T1002940,2026-09-24 18:20:32,770.80,PENDING,SB20260924PM
S1002780,T1002941,2026-09-24 09:38:37,72214.32,SETTLED,SB20260924AM
S1002781,T1002942,2026-09-24 17:36:05,1672.18,SETTLED,SB20260924PM
S1002782,T1002942,2026-09-24 17:40:05,418.04,SETTLED,SB20260924PM
S1002783,T1002944,2026-09-24 20:11:54,15135.34,FAILED,SB20260924PM
S1002784,T1002945,2026-09-24 15:40:23,71247.83,SETTLED,SB20260924PM
S1002785,T1002946,2026-09-24 09:08:41,18965.47,PENDING,SB20260924AM
S1002786,T1002947,2026-09-24 10:39:53,8974.58,SETTLED,SB20260924AM
S1002787,T1002948,2026-09-24 18:22:21,1598.91,SETTLED,SB20260924PM
S1002788,T1002950,2026-09-24 21:07:16,3325.64,SETTLED,SB20260924PM
S1002789,T1002951,2026-09-24 14:38:26,3321.72,SETTLED,SB20260924PM
S1002790,T1002952,2026-09-24 17:39:42,10577.55,SETTLED,SB20260924PM
S1002791,T1002953,2026-09-24 12:44:03,3219.56,SETTLED,SB20260924PM
S1002792,T1002954,2026-09-24 19:09:49,2132.86,SETTLED,SB20260924PM
S1002793,T1002954,2026-09-24 19:13:49,533.22,SETTLED,SB20260924PM
S1002794,T1002955,2026-09-24 11:38:52,11634.11,SETTLED,SB20260924AM
S1002795,T1002956,2026-09-24 15:55:45,418.45,SETTLED,SB20260924PM
S1002796,T1002957,2026-09-24 18:48:40,3965.55,SETTLED,SB20260924PM
S1002797,T1002958,2026-09-24 20:44:46,1803.46,SETTLED,SB20260924PM
S1002798,T1002960,2026-09-24 13:48:58,12242.60,SETTLED,SB20260924PM
S1002799,T1002961,2026-09-24 16:58:37,6483.99,SETTLED,SB20260924PM
S1002800,T1002962,2026-09-24 12:52:26,14959.45,SETTLED,SB20260924PM
S1002801,T1002964,2026-09-24 14:36:59,1106.36,SETTLED,SB20260924PM
S1002802,T1002965,2026-09-24 16:33:28,4860.93,SETTLED,SB20260924PM
S1002803,T1002966,2026-09-24 20:11:32,2034.02,SETTLED,SB20260924PM
S1002804,T1002966,2026-09-24 20:15:32,508.50,SETTLED,SB20260924PM
S1002805,T1002967,2026-09-24 13:49:50,41288.55,SETTLED,SB20260924PM
S1002806,T1002969,2026-09-24 20:50:21,921.87,SETTLED,SB20260924PM
S1002807,T1002970,2026-09-24 07:32:24,11983.61,SETTLED,SB20260924AM
S1002808,T1002971,2026-09-24 16:27:31,35627.50,SETTLED,SB20260924PM
S1002809,T1002972,2026-09-24 06:51:20,2022.83,SETTLED,SB20260924AM
S1002810,T1002973,2026-09-24 18:45:39,10418.86,SETTLED,SB20260924PM
S1002811,T1002974,2026-09-24 09:44:40,9146.23,SETTLED,SB20260924AM
S1002812,T1002975,2026-09-24 14:04:58,443.78,SETTLED,SB20260924PM
S1002813,T1002975,2026-09-24 14:08:58,110.95,SETTLED,SB20260924PM
S1002814,T1002978,2026-09-24 10:57:49,12699.26,SETTLED,SB20260924AM
S1002815,T1002979,2026-09-24 06:21:02,189.91,SETTLED,SB20260924AM
S1002816,T1002980,2026-09-24 12:10:27,2313.72,SETTLED,SB20260924PM
S1002817,T1002981,2026-09-25 01:52:02,6376.52,SETTLED,SB20260925AM
S1002818,T1002982,2026-09-24 16:09:39,1217.36,SETTLED,SB20260924PM
S1002819,T1002983,2026-09-24 19:27:06,17412.62,SETTLED,SB20260924PM
S1002820,T1002984,2026-09-24 21:17:07,2358.63,SETTLED,SB20260924PM
S1002821,T1002985,2026-09-24 13:03:28,5817.05,SETTLED,SB20260924PM
S1002822,T1002988,2026-09-24 08:58:10,7551.96,SETTLED,SB20260924AM
S1002823,T1002989,2026-09-24 22:17:37,14450.36,SETTLED,SB20260924PM
S1002824,T1002990,2026-09-24 20:17:13,2152.53,SETTLED,SB20260924PM
S1002825,T1002991,2026-09-24 09:20:12,2603.75,SETTLED,SB20260924AM
S1002826,T1002992,2026-09-24 13:56:27,1192.21,SETTLED,SB20260924PM
S1002827,T1002993,2026-09-24 21:47:30,2333.40,SETTLED,SB20260924PM
S1002828,T1002994,2026-09-24 17:30:10,17196.04,SETTLED,SB20260924PM
S1002829,T1002995,2026-09-24 09:34:09,2780.11,SETTLED,SB20260924AM
S1002830,T1002996,2026-09-24 17:54:07,1114.04,SETTLED,SB20260924PM
S1002831,T1002997,2026-09-24 18:22:08,1876.27,SETTLED,SB20260924PM
S1002832,T1003000,2026-09-24 18:26:34,27048.45,SETTLED,SB20260924PM
S1002833,T1003001,2026-09-24 23:23:02,2865.84,SETTLED,SB20260924PM
S1002834,T1003002,2026-09-24 19:33:31,23366.94,SETTLED,SB20260924PM
S1002835,T1003003,2026-09-24 19:59:36,834.49,SETTLED,SB20260924PM
S1002836,T1003004,2026-09-24 12:57:12,3231.81,SETTLED,SB20260924PM
S1002837,T1003004,2026-09-24 13:01:12,807.95,SETTLED,SB20260924PM
S1002838,T1003005,2026-09-24 09:15:34,41876.88,SETTLED,SB20260924AM
S1002839,T1003006,2026-09-24 10:41:02,39682.32,SETTLED,SB20260924AM
S1002840,T1003007,2026-09-25 15:21:23,18026.27,PENDING,SB20260925PM
S1002841,T1003008,2026-09-25 08:58:44,6361.34,SETTLED,SB20260925AM
S1002842,T1003009,2026-09-25 15:23:08,6058.41,SETTLED,SB20260925PM
S1002843,T1003010,2026-09-25 13:02:22,3445.16,SETTLED,SB20260925PM
S1002844,T1003011,2026-09-25 21:01:19,33514.34,SETTLED,SB20260925PM
S1002845,T1003014,2026-09-25 21:24:46,25591.94,SETTLED,SB20260925PM
S1002846,T1003015,2026-09-25 13:01:50,2076.29,SETTLED,SB20260925PM
S1002847,T1003016,2026-09-25 15:25:48,87255.01,SETTLED,SB20260925PM
S1002848,T1003017,2026-09-25 09:07:59,390.11,SETTLED,SB20260925AM
S1002849,T1003018,2026-09-25 15:34:32,1488.40,SETTLED,SB20260925PM
S1002850,T1003019,2026-09-25 11:32:31,873.32,SETTLED,SB20260925AM
S1002851,T1003020,2026-09-25 20:19:06,40213.42,SETTLED,SB20260925PM
S1002852,T1003021,2026-09-25 15:54:55,11622.41,SETTLED,SB20260925PM
S1002853,T1003022,2026-09-25 21:20:47,4389.43,SETTLED,SB20260925PM
S1002854,T1003023,2026-09-25 19:26:33,1434.16,SETTLED,SB20260925PM
S1002855,T1003024,2026-09-26 00:03:41,88798.93,PENDING,SB20260926AM
S1002856,T1003025,2026-09-25 16:35:53,1546.68,SETTLED,SB20260925PM
S1002857,T1003026,2026-09-25 09:06:10,5679.75,SETTLED,SB20260925AM
S1002858,T1003026,2026-09-25 09:10:10,1419.94,SETTLED,SB20260925AM
S1002859,T1003027,2026-09-25 12:45:14,2194.40,SETTLED,SB20260925PM
S1002860,T1003029,2026-09-25 14:03:39,1513.16,SETTLED,SB20260925PM
S1002861,T1003030,2026-09-25 12:54:36,5757.15,SETTLED,SB20260925PM
S1002862,T1003031,2026-09-25 11:31:02,3976.53,SETTLED,SB20260925AM
S1002863,T1003032,2026-09-25 13:04:26,975.20,SETTLED,SB20260925PM
S1002864,T1003033,2026-09-25 19:53:04,1243.39,SETTLED,SB20260925PM
S1002865,T1003033,2026-09-25 19:57:04,310.85,SETTLED,SB20260925PM
S1002866,T1003034,2026-09-25 08:39:37,1247.25,SETTLED,SB20260925AM
S1002867,T1003035,2026-09-25 10:57:29,5887.82,SETTLED,SB20260925AM
S1002868,T1003036,2026-09-25 19:57:21,4106.77,SETTLED,SB20260925PM
S1002869,T1003037,2026-09-25 09:28:29,1693.84,SETTLED,SB20260925AM
S1002870,T1003039,2026-09-25 22:15:26,2130.35,SETTLED,SB20260925PM
S1002871,T1003040,2026-09-25 23:41:34,56438.93,SETTLED,SB20260925PM
S1002872,T1003041,2026-09-25 11:11:30,12018.76,SETTLED,SB20260925AM
S1002873,T1003042,2026-09-25 21:08:51,17665.94,SETTLED,SB20260925PM
S1002874,T1003043,2026-09-26 00:57:10,16423.73,SETTLED,SB20260926AM
S1002875,T1003044,2026-09-25 10:16:46,8029.89,SETTLED,SB20260925AM
S1002876,T1003045,2026-09-25 10:09:42,2639.01,SETTLED,SB20260925AM
S1002877,T1003046,2026-09-25 12:57:22,14571.18,SETTLED,SB20260925PM
S1002878,T1003048,2026-09-25 22:00:51,570.04,SETTLED,SB20260925PM
S1002879,T1003049,2026-09-25 10:18:12,4749.18,SETTLED,SB20260925AM
S1002880,T1003049,2026-09-25 10:22:12,1187.30,SETTLED,SB20260925AM
S1002881,T1003050,2026-09-25 21:52:33,6701.65,SETTLED,SB20260925PM
S1002882,T1003051,2026-09-25 14:45:32,1588.64,SETTLED,SB20260925PM
S1002883,T1003052,2026-09-25 20:32:41,645.38,SETTLED,SB20260925PM
S1002884,T1003053,2026-09-25 08:58:53,994.38,SETTLED,SB20260925AM
S1002885,T1003053,2026-09-25 09:02:53,248.59,SETTLED,SB20260925AM
S1002886,T1003054,2026-09-25 23:08:11,7512.21,SETTLED,SB20260925PM
S1002887,T1003055,2026-09-25 21:40:24,64519.42,SETTLED,SB20260925PM
S1002888,T1003056,2026-09-25 17:59:55,4084.46,SETTLED,SB20260925PM
S1002889,T1003058,2026-09-25 10:52:29,20328.84,SETTLED,SB20260925AM
S1002890,T1003059,2026-09-25 21:18:21,13628.25,SETTLED,SB20260925PM
S1002891,T1003060,2026-09-25 18:26:39,1549.28,SETTLED,SB20260925PM
S1002892,T1003061,2026-09-25 20:16:01,12642.09,SETTLED,SB20260925PM
S1002893,T1003062,2026-09-25 14:15:10,8681.59,SETTLED,SB20260925PM
S1002894,T1003063,2026-09-25 21:45:24,2972.37,SETTLED,SB20260925PM
S1002895,T1003064,2026-09-25 19:51:18,1770.64,SETTLED,SB20260925PM
S1002896,T1003066,2026-09-25 09:40:11,578.15,SETTLED,SB20260925AM
S1002897,T1003066,2026-09-25 09:44:11,144.54,SETTLED,SB20260925AM
S1002898,T1003067,2026-09-25 12:36:59,6541.35,SETTLED,SB20260925PM
S1002899,T1003068,2026-09-25 10:45:09,2303.69,SETTLED,SB20260925AM
S1002900,T1003069,2026-09-25 08:58:12,14299.02,SETTLED,SB20260925AM
S1002901,T1003069,2026-09-25 09:02:12,3574.76,SETTLED,SB20260925AM
S1002902,T1003070,2026-09-25 21:55:18,46482.96,SETTLED,SB20260925PM
S1002903,T1003071,2026-09-25 11:57:26,1991.53,SETTLED,SB20260925AM
S1002904,T1003072,2026-09-25 22:07:35,4510.88,SETTLED,SB20260925PM
S1002905,T1003073,2026-09-25 17:06:51,2548.57,SETTLED,SB20260925PM
S1002906,T1003074,2026-09-25 17:47:53,937.10,SETTLED,SB20260925PM
S1002907,T1003076,2026-09-25 08:54:43,2214.32,SETTLED,SB20260925AM
S1002908,T1003077,2026-09-25 20:30:20,5991.26,SETTLED,SB20260925PM
S1002909,T1003078,2026-09-25 12:35:37,103.29,SETTLED,SB20260925PM
S1002910,T1003079,2026-09-25 13:51:06,43383.57,SETTLED,SB20260925PM
S1002911,T1003080,2026-09-25 14:02:25,4599.64,SETTLED,SB20260925PM
S1002912,T1003081,2026-09-25 16:17:14,67811.30,SETTLED,SB20260925PM
S1002913,T1003081,2026-09-25 16:21:14,16952.83,SETTLED,SB20260925PM
S1002914,T1003082,2026-09-25 09:57:58,2783.39,SETTLED,SB20260925AM
S1002915,T1003083,2026-09-26 00:03:54,79311.63,SETTLED,SB20260926AM
S1002916,T1003084,2026-09-25 21:13:09,39875.13,SETTLED,SB20260925PM
S1002917,T1003084,2026-09-25 21:17:09,9968.78,SETTLED,SB20260925PM
S1002918,T1003086,2026-09-25 20:32:01,281.39,SETTLED,SB20260925PM
S1002919,T1003087,2026-09-25 13:22:51,1610.91,SETTLED,SB20260925PM
S1002920,T1003088,2026-09-25 18:04:04,1250.84,SETTLED,SB20260925PM
S1002921,T1003089,2026-09-26 00:22:34,34052.08,SETTLED,SB20260926AM
S1002922,T1003090,2026-09-25 11:05:43,22759.33,SETTLED,SB20260925AM
S1002923,T1003091,2026-09-25 12:33:50,1099.43,SETTLED,SB20260925PM
S1002924,T1003092,2026-09-25 15:30:47,217.78,SETTLED,SB20260925PM
S1002925,T1003093,2026-09-25 17:27:32,665.36,SETTLED,SB20260925PM
S1002926,T1003093,2026-09-25 17:31:32,166.34,SETTLED,SB20260925PM
S1002927,T1003094,2026-09-25 23:11:32,1557.90,SETTLED,SB20260925PM
S1002928,T1003094,2026-09-25 23:15:32,389.48,SETTLED,SB20260925PM
S1002929,T1003095,2026-09-25 12:27:03,11141.54,SETTLED,SB20260925PM
S1002930,T1003096,2026-09-25 20:18:40,774.98,SETTLED,SB20260925PM
S1002931,T1003097,2026-09-25 20:51:12,41664.15,SETTLED,SB20260925PM
S1002932,T1003098,2026-09-25 15:49:41,49088.30,SETTLED,SB20260925PM
S1002933,T1003099,2026-09-25 14:47:21,2272.64,SETTLED,SB20260925PM
S1002934,T1003100,2026-09-25 14:37:46,3107.32,SETTLED,SB20260925PM
S1002935,T1003101,2026-09-25 15:39:06,2142.63,SETTLED,SB20260925PM
S1002936,T1003102,2026-09-25 11:41:08,80928.55,SETTLED,SB20260925AM
S1002937,T1003103,2026-09-25 20:37:28,12474.07,SETTLED,SB20260925PM
S1002938,T1003104,2026-09-25 14:20:55,3632.11,SETTLED,SB20260925PM
S1002939,T1003106,2026-09-25 14:40:12,57580.12,SETTLED,SB20260925PM
S1002940,T1003108,2026-09-25 11:51:36,61283.65,SETTLED,SB20260925AM
S1002941,T1003109,2026-09-25 10:47:25,4605.74,SETTLED,SB20260925AM
S1002942,T1003111,2026-09-25 14:47:11,9417.45,FAILED,SB20260925PM
S1002943,T1003112,2026-09-25 20:15:05,1315.76,SETTLED,SB20260925PM
S1002944,T1003113,2026-09-25 17:29:08,2700.84,SETTLED,SB20260925PM
S1002945,T1003114,2026-09-25 12:45:00,62228.87,SETTLED,SB20260925PM
S1002946,T1003115,2026-09-25 08:29:32,32724.98,SETTLED,SB20260925AM
S1002947,T1003115,2026-09-25 08:33:32,8181.25,SETTLED,SB20260925AM
S1002948,T1003118,2026-09-25 13:10:14,5847.98,SETTLED,SB20260925PM
S1002949,T1003120,2026-09-25 21:02:25,3221.53,SETTLED,SB20260925PM
S1002950,T1003121,2026-09-25 11:10:58,3312.49,SETTLED,SB20260925AM
S1002951,T1003122,2026-09-25 17:53:54,4003.99,SETTLED,SB20260925PM
S1002952,T1003123,2026-09-25 19:26:12,7416.89,SETTLED,SB20260925PM
S1002953,T1003124,2026-09-25 23:20:47,16426.90,SETTLED,SB20260925PM
S1002954,T1003125,2026-09-25 07:24:06,2101.02,SETTLED,SB20260925AM
S1002955,T1003125,2026-09-25 07:28:06,525.25,SETTLED,SB20260925AM
S1002956,T1003126,2026-09-25 14:20:57,26019.28,SETTLED,SB20260925PM
S1002957,T1003127,2026-09-25 18:00:27,15719.62,SETTLED,SB20260925PM
S1002958,T1003128,2026-09-25 14:38:19,11933.05,SETTLED,SB20260925PM
S1002959,T1003129,2026-09-25 10:49:56,2815.66,SETTLED,SB20260925AM
S1002960,T1003130,2026-09-25 21:21:37,3485.37,SETTLED,SB20260925PM
S1002961,T1003130,2026-09-25 21:25:37,871.34,SETTLED,SB20260925PM
S1002962,T1003131,2026-09-25 21:22:18,2272.85,SETTLED,SB20260925PM
S1002963,T1003132,2026-09-25 16:17:04,34408.83,SETTLED,SB20260925PM
S1002964,T1003134,2026-09-26 13:30:14,4967.48,SETTLED,SB20260926PM
S1002965,T1003135,2026-09-26 14:33:57,7086.20,SETTLED,SB20260926PM
S1002966,T1003136,2026-09-26 16:18:37,10222.98,SETTLED,SB20260926PM
S1002967,T1003137,2026-09-26 18:11:58,1635.71,SETTLED,SB20260926PM
S1002968,T1003138,2026-09-26 13:18:18,2145.98,SETTLED,SB20260926PM
S1002969,T1003139,2026-09-26 07:17:20,2664.89,SETTLED,SB20260926AM
S1002970,T1003140,2026-09-26 19:07:56,2106.35,SETTLED,SB20260926PM
S1002971,T1003141,2026-09-26 07:34:04,1017.95,SETTLED,SB20260926AM
S1002972,T1003142,2026-09-26 08:36:12,780.27,SETTLED,SB20260926AM
S1002973,T1003143,2026-09-26 15:29:49,50390.88,SETTLED,SB20260926PM
S1002974,T1003145,2026-09-26 15:54:18,656.65,SETTLED,SB20260926PM
S1002975,T1003146,2026-09-26 19:53:36,2924.07,SETTLED,SB20260926PM
S1002976,T1003147,2026-09-26 13:07:38,16993.77,PENDING,SB20260926PM
S1002977,T1003148,2026-09-26 19:33:23,24658.45,SETTLED,SB20260926PM
S1002978,T1003149,2026-09-26 18:59:42,13987.81,SETTLED,SB20260926PM
S1002979,T1003150,2026-09-26 12:07:03,59281.71,SETTLED,SB20260926PM
S1002980,T1003151,2026-09-26 22:25:05,13716.23,SETTLED,SB20260926PM
S1002981,T1003152,2026-09-26 16:50:39,32613.65,SETTLED,SB20260926PM
S1002982,T1003153,2026-09-26 22:42:46,30089.19,SETTLED,SB20260926PM
S1002983,T1003154,2026-09-26 14:56:10,314.11,SETTLED,SB20260926PM
S1002984,T1003156,2026-09-26 13:53:24,24821.83,SETTLED,SB20260926PM
S1002985,T1003157,2026-09-26 13:53:34,13939.56,FAILED,SB20260926PM
S1002986,T1003158,2026-09-26 13:20:55,2433.66,SETTLED,SB20260926PM
S1002987,T1003159,2026-09-26 09:10:48,854.26,SETTLED,SB20260926AM
S1002988,T1003160,2026-09-26 20:24:37,17874.20,SETTLED,SB20260926PM
S1002989,T1003161,2026-09-26 12:04:43,1141.24,SETTLED,SB20260926PM
S1002990,T1003163,2026-09-26 18:51:18,3013.80,SETTLED,SB20260926PM
S1002991,T1003164,2026-09-27 00:26:52,2500.75,FAILED,SB20260927AM
S1002992,T1003165,2026-09-26 08:13:05,1174.31,SETTLED,SB20260926AM
S1002993,T1003167,2026-09-26 11:54:10,8266.64,SETTLED,SB20260926AM
S1002994,T1003168,2026-09-26 11:33:58,16699.15,PENDING,SB20260926AM
S1002995,T1003169,2026-09-26 10:04:25,2469.43,SETTLED,SB20260926AM
S1002996,T1003171,2026-09-26 12:19:43,2568.74,SETTLED,SB20260926PM
S1002997,T1003172,2026-09-26 17:19:36,11487.88,SETTLED,SB20260926PM
S1002998,T1003173,2026-09-26 20:56:33,1920.59,SETTLED,SB20260926PM
S1002999,T1003174,2026-09-26 13:15:10,23280.09,SETTLED,SB20260926PM
S1003000,T1003175,2026-09-26 14:38:35,1804.23,SETTLED,SB20260926PM
S1003001,T1003176,2026-09-26 21:24:24,3151.52,SETTLED,SB20260926PM
S1003002,T1003177,2026-09-26 11:30:25,72147.76,SETTLED,SB20260926AM
S1003003,T1003178,2026-09-26 12:08:17,19871.12,SETTLED,SB20260926PM
S1003004,T1003179,2026-09-26 20:08:05,3229.84,SETTLED,SB20260926PM
S1003005,T1003180,2026-09-26 11:28:52,6227.99,SETTLED,SB20260926AM
S1003006,T1003183,2026-09-26 12:43:25,17429.54,SETTLED,SB20260926PM
S1003007,T1003185,2026-09-26 19:49:56,1239.12,SETTLED,SB20260926PM
S1003008,T1003187,2026-09-26 14:24:36,4266.45,SETTLED,SB20260926PM
S1003009,T1003188,2026-09-26 20:23:51,54749.14,SETTLED,SB20260926PM
S1003010,T1003190,2026-09-26 13:49:36,4370.36,SETTLED,SB20260926PM
S1003011,T1003190,2026-09-26 13:53:36,1092.59,SETTLED,SB20260926PM
S1003012,T1003191,2026-09-26 21:59:45,582.78,SETTLED,SB20260926PM
S1003013,T1003192,2026-09-26 17:07:05,9847.55,SETTLED,SB20260926PM
S1003014,T1003193,2026-09-26 18:55:53,33176.86,SETTLED,SB20260926PM
S1003015,T1003194,2026-09-26 10:41:47,714.89,SETTLED,SB20260926AM
S1003016,T1003195,2026-09-26 15:00:15,4326.75,SETTLED,SB20260926PM
S1003017,T1003196,2026-09-26 12:00:27,1319.19,SETTLED,SB20260926PM
S1003018,T1003196,2026-09-26 12:04:27,329.80,SETTLED,SB20260926PM
S1003019,T1003197,2026-09-26 15:15:14,2083.57,SETTLED,SB20260926PM
S1003020,T1003198,2026-09-26 21:31:32,501.80,SETTLED,SB20260926PM
S1003021,T1003200,2026-09-26 12:30:52,14180.22,SETTLED,SB20260926PM
S1003022,T1003200,2026-09-26 12:34:52,3545.06,SETTLED,SB20260926PM
S1003023,T1003201,2026-09-26 22:03:35,6832.58,SETTLED,SB20260926PM
S1003024,T1003202,2026-09-26 09:33:10,3089.32,SETTLED,SB20260926AM
S1003025,T1003203,2026-09-26 22:55:40,1801.20,SETTLED,SB20260926PM
S1003026,T1003204,2026-09-26 22:06:46,799.08,SETTLED,SB20260926PM
S1003027,T1003205,2026-09-26 18:57:43,11219.30,SETTLED,SB20260926PM
S1003028,T1003206,2026-09-26 14:18:34,3042.17,SETTLED,SB20260926PM
S1003029,T1003207,2026-09-26 17:44:08,1174.78,SETTLED,SB20260926PM
S1003030,T1003208,2026-09-26 11:54:42,38273.06,SETTLED,SB20260926AM
S1003031,T1003209,2026-09-26 19:54:53,4300.58,SETTLED,SB20260926PM
S1003032,T1003212,2026-09-26 16:37:36,10176.25,SETTLED,SB20260926PM
S1003033,T1003213,2026-09-26 20:46:44,3420.37,SETTLED,SB20260926PM
S1003034,T1003214,2026-09-26 12:41:06,2598.05,SETTLED,SB20260926PM
S1003035,T1003215,2026-09-26 14:19:13,4931.52,SETTLED,SB20260926PM
S1003036,T1003215,2026-09-26 14:23:13,1232.88,SETTLED,SB20260926PM
S1003037,T1003216,2026-09-26 15:24:39,2032.68,SETTLED,SB20260926PM
S1003038,T1003217,2026-09-26 20:03:40,2335.82,SETTLED,SB20260926PM
S1003039,T1003218,2026-09-26 09:44:57,36027.30,SETTLED,SB20260926AM
S1003040,T1003220,2026-09-26 14:37:23,510.26,SETTLED,SB20260926PM
S1003041,T1003221,2026-09-26 10:19:51,2983.24,SETTLED,SB20260926AM
S1003042,T1003222,2026-09-26 18:24:28,2142.09,SETTLED,SB20260926PM
S1003043,T1003223,2026-09-26 19:24:35,1288.60,SETTLED,SB20260926PM
S1003044,T1003224,2026-09-26 14:44:03,43807.39,SETTLED,SB20260926PM
S1003045,T1003225,2026-09-26 09:52:41,19347.01,FAILED,SB20260926AM
S1003046,T1003226,2026-09-26 08:19:45,332.84,SETTLED,SB20260926AM
S1003047,T1003227,2026-09-27 00:11:51,71858.50,SETTLED,SB20260927AM
S1003048,T1003228,2026-09-26 17:47:43,22588.82,SETTLED,SB20260926PM
S1003049,T1003229,2026-09-26 17:52:55,1044.62,SETTLED,SB20260926PM
S1003050,T1003230,2026-09-26 17:52:28,17833.22,PENDING,SB20260926PM
S1003051,T1003231,2026-09-26 13:04:04,14024.56,FAILED,SB20260926PM
S1003052,T1003232,2026-09-26 13:47:58,1806.70,SETTLED,SB20260926PM
S1003053,T1003232,2026-09-26 13:51:58,451.68,SETTLED,SB20260926PM
S1003054,T1003233,2026-09-26 23:59:17,1570.91,SETTLED,SB20260926PM
S1003055,T1003233,2026-09-27 00:03:17,392.73,SETTLED,SB20260927AM
S1003056,T1003234,2026-09-26 14:22:04,5925.18,SETTLED,SB20260926PM
S1003057,T1003235,2026-09-26 20:35:49,4484.44,SETTLED,SB20260926PM
S1003058,T1003236,2026-09-26 20:09:30,19529.13,SETTLED,SB20260926PM
S1003059,T1003237,2026-09-26 13:25:31,389.58,SETTLED,SB20260926PM
S1003060,T1003238,2026-09-26 20:27:16,6010.90,FAILED,SB20260926PM
S1003061,T1003240,2026-09-26 17:31:57,13185.59,SETTLED,SB20260926PM
S1003062,T1003241,2026-09-26 12:37:39,2751.52,SETTLED,SB20260926PM
S1003063,T1003242,2026-09-26 16:58:47,12355.80,SETTLED,SB20260926PM
S1003064,T1003243,2026-09-26 12:14:13,482.14,SETTLED,SB20260926PM
S1003065,T1003244,2026-09-26 13:58:27,39066.11,SETTLED,SB20260926PM
S1003066,T1003245,2026-09-26 12:28:38,1528.04,SETTLED,SB20260926PM
S1003067,T1003246,2026-09-27 00:52:15,61155.45,SETTLED,SB20260927AM
S1003068,T1003247,2026-09-26 17:46:41,1290.44,SETTLED,SB20260926PM
S1003069,T1003247,2026-09-26 17:50:41,322.61,SETTLED,SB20260926PM
S1003070,T1003248,2026-09-26 16:30:42,5309.84,SETTLED,SB20260926PM
S1003071,T1003249,2026-09-26 16:47:32,3645.07,SETTLED,SB20260926PM
S1003072,T1003250,2026-09-26 21:29:31,699.86,SETTLED,SB20260926PM
S1003073,T1003250,2026-09-26 21:33:31,174.97,SETTLED,SB20260926PM
S1003074,T1003251,2026-09-26 17:41:23,3277.83,SETTLED,SB20260926PM
S1003075,T1003252,2026-09-26 08:20:15,12706.59,SETTLED,SB20260926AM
S1003076,T1003253,2026-09-26 17:08:41,1412.36,SETTLED,SB20260926PM
S1003077,T1003254,2026-09-26 11:37:53,2084.34,SETTLED,SB20260926AM
S1003078,T1003255,2026-09-26 12:08:52,3366.93,SETTLED,SB20260926PM
S1003079,T1003256,2026-09-26 09:36:28,238.83,SETTLED,SB20260926AM
S1003080,T1003258,2026-09-26 21:29:56,2745.56,SETTLED,SB20260926PM
S1003081,T1003259,2026-09-26 19:46:51,7547.14,SETTLED,SB20260926PM
S1003082,T1003261,2026-09-26 22:37:22,323.79,SETTLED,SB20260926PM
S1003083,T1003262,2026-09-26 17:07:12,2138.54,SETTLED,SB20260926PM
S1003084,T1003263,2026-09-26 18:18:22,7742.37,SETTLED,SB20260926PM
S1003085,T1003263,2026-09-26 18:22:22,1935.59,SETTLED,SB20260926PM
S1003086,T1003264,2026-09-26 10:48:34,1542.59,SETTLED,SB20260926AM
S1003087,T1003265,2026-09-26 08:31:12,966.12,SETTLED,SB20260926AM
S1003088,T1003266,2026-09-26 17:55:30,19759.64,PENDING,SB20260926PM
S1003089,T1003267,2026-09-26 11:12:48,2243.91,SETTLED,SB20260926AM
S1003090,T1003268,2026-09-26 18:21:19,496.67,PENDING,SB20260926PM
S1003091,T1003269,2026-09-26 08:48:10,64436.00,SETTLED,SB20260926AM
S1003092,T1003270,2026-09-26 15:50:43,2064.64,SETTLED,SB20260926PM
S1003093,T1003271,2026-09-26 07:01:02,269.90,SETTLED,SB20260926AM
S1003094,T1003272,2026-09-26 12:00:46,3737.51,SETTLED,SB20260926PM
S1003095,T1003272,2026-09-26 12:04:46,934.38,SETTLED,SB20260926PM
S1003096,T1003274,2026-09-26 10:20:54,1108.03,SETTLED,SB20260926AM
S1003097,T1003274,2026-09-26 10:24:54,277.01,SETTLED,SB20260926AM
S1003098,T1003275,2026-09-26 18:27:04,86903.38,SETTLED,SB20260926PM
S1003099,T1003276,2026-09-26 10:41:06,7162.95,SETTLED,SB20260926AM
S1003100,T1003277,2026-09-26 17:56:33,4516.49,SETTLED,SB20260926PM
S1003101,T1003278,2026-09-26 13:27:04,15583.25,SETTLED,SB20260926PM
S1003102,T1003279,2026-09-26 20:27:49,5738.42,SETTLED,SB20260926PM
S1003103,T1003281,2026-09-26 09:09:16,9517.57,SETTLED,SB20260926AM
S1003104,T1003282,2026-09-26 13:12:00,203.25,SETTLED,SB20260926PM
S1003105,T1003282,2026-09-26 13:16:00,50.81,SETTLED,SB20260926PM
S1003106,T1003283,2026-09-26 11:25:58,7343.51,SETTLED,SB20260926AM
S1003107,T1003284,2026-09-26 16:34:56,2979.31,SETTLED,SB20260926PM
S1003108,T1003285,2026-09-26 18:08:47,2035.31,SETTLED,SB20260926PM
S1003109,T1003286,2026-09-26 13:50:45,473.18,SETTLED,SB20260926PM
S1003110,T1003287,2026-09-26 14:29:18,82335.26,SETTLED,SB20260926PM
S1003111,T1003288,2026-09-26 22:13:23,2870.16,SETTLED,SB20260926PM
S1003112,T1003289,2026-09-26 18:28:26,1170.92,SETTLED,SB20260926PM
S1003113,T1003290,2026-09-26 09:43:58,1520.29,SETTLED,SB20260926AM
S1003114,T1003291,2026-09-26 12:48:09,1243.47,SETTLED,SB20260926PM
S1003115,T1003292,2026-09-26 12:43:10,5462.19,SETTLED,SB20260926PM
S1003116,T1003293,2026-09-26 21:52:06,804.67,SETTLED,SB20260926PM
S1003117,T1003294,2026-09-26 14:31:10,2421.06,SETTLED,SB20260926PM
S1003118,T1003295,2026-09-26 15:53:35,16988.71,SETTLED,SB20260926PM
S1003119,T1003296,2026-09-26 12:08:08,3479.07,SETTLED,SB20260926PM
S1003120,T1003297,2026-09-26 18:39:38,880.26,SETTLED,SB20260926PM
S1003121,T1003298,2026-09-26 15:58:13,12643.70,SETTLED,SB20260926PM
S1003122,T1003299,2026-09-26 11:23:44,3552.50,SETTLED,SB20260926AM
S1003123,T1003300,2026-09-26 14:55:42,2367.62,SETTLED,SB20260926PM
S1003124,T1003301,2026-09-26 11:43:48,268.43,SETTLED,SB20260926AM
S1003125,T1003302,2026-09-26 17:13:34,13672.95,SETTLED,SB20260926PM
S1003126,T1003304,2026-09-27 17:07:27,702.00,SETTLED,SB20260927PM
S1003127,T1003305,2026-09-27 19:17:37,68765.55,SETTLED,SB20260927PM
S1003128,T1003306,2026-09-27 22:53:10,11279.89,SETTLED,SB20260927PM
S1003129,T1003307,2026-09-27 14:23:06,1098.45,SETTLED,SB20260927PM
S1003130,T1003308,2026-09-27 15:55:05,29470.07,SETTLED,SB20260927PM
S1003131,T1003309,2026-09-27 15:04:33,1826.94,SETTLED,SB20260927PM
S1003132,T1003309,2026-09-27 15:08:33,456.73,SETTLED,SB20260927PM
S1003133,T1003310,2026-09-27 19:22:16,186.48,SETTLED,SB20260927PM
S1003134,T1003312,2026-09-27 11:44:15,991.34,SETTLED,SB20260927AM
S1003135,T1003313,2026-09-27 18:48:15,2932.55,SETTLED,SB20260927PM
S1003136,T1003314,2026-09-27 14:21:53,4005.02,SETTLED,SB20260927PM
S1003137,T1003315,2026-09-27 19:01:19,4427.64,SETTLED,SB20260927PM
S1003138,T1003316,2026-09-27 11:59:13,3720.37,SETTLED,SB20260927AM
S1003139,T1003317,2026-09-27 11:50:01,3935.03,SETTLED,SB20260927AM
S1003140,T1003318,2026-09-27 18:09:01,2090.12,SETTLED,SB20260927PM
S1003141,T1003319,2026-09-27 22:14:20,4477.33,SETTLED,SB20260927PM
S1003142,T1003320,2026-09-27 09:40:01,3840.98,SETTLED,SB20260927AM
S1003143,T1003321,2026-09-27 19:28:47,635.03,SETTLED,SB20260927PM
S1003144,T1003322,2026-09-27 14:40:52,19762.93,SETTLED,SB20260927PM
S1003145,T1003323,2026-09-28 00:10:04,9634.24,SETTLED,SB20260928AM
S1003146,T1003324,2026-09-27 19:25:15,53804.68,SETTLED,SB20260927PM
S1003147,T1003325,2026-09-27 17:02:07,33720.38,SETTLED,SB20260927PM
S1003148,T1003326,2026-09-27 19:31:00,8927.61,SETTLED,SB20260927PM
S1003149,T1003327,2026-09-27 18:59:54,524.44,SETTLED,SB20260927PM
S1003150,T1003328,2026-09-27 11:01:32,8965.26,SETTLED,SB20260927AM
S1003151,T1003329,2026-09-27 18:36:59,2082.40,SETTLED,SB20260927PM
S1003152,T1003330,2026-09-27 22:03:49,147.09,SETTLED,SB20260927PM
S1003153,T1003331,2026-09-27 21:48:02,2852.47,SETTLED,SB20260927PM
S1003154,T1003333,2026-09-27 16:38:00,5106.70,SETTLED,SB20260927PM
S1003155,T1003334,2026-09-27 16:18:48,50913.01,SETTLED,SB20260927PM
S1003156,T1003335,2026-09-27 21:34:26,539.66,SETTLED,SB20260927PM
S1003157,T1003335,2026-09-27 21:38:26,134.92,SETTLED,SB20260927PM
S1003158,T1003336,2026-09-27 14:39:19,41762.80,SETTLED,SB20260927PM
S1003159,T1003338,2026-09-27 22:36:37,18846.74,PENDING,SB20260927PM
S1003160,T1003339,2026-09-27 20:45:59,2137.17,SETTLED,SB20260927PM
S1003161,T1003341,2026-09-27 15:52:18,35479.14,SETTLED,SB20260927PM
S1003162,T1003342,2026-09-27 15:02:44,2704.26,SETTLED,SB20260927PM
S1003163,T1003344,2026-09-27 13:42:39,51732.72,SETTLED,SB20260927PM
S1003164,T1003345,2026-09-27 20:04:58,1006.10,SETTLED,SB20260927PM
S1003165,T1003346,2026-09-27 19:38:12,7505.21,SETTLED,SB20260927PM
S1003166,T1003347,2026-09-27 08:49:51,2090.38,SETTLED,SB20260927AM
S1003167,T1003347,2026-09-27 08:53:51,522.59,SETTLED,SB20260927AM
S1003168,T1003348,2026-09-27 21:28:43,2913.75,SETTLED,SB20260927PM
S1003169,T1003351,2026-09-27 11:22:31,88.14,SETTLED,SB20260927AM
S1003170,T1003351,2026-09-27 11:26:31,22.04,SETTLED,SB20260927AM
S1003171,T1003352,2026-09-27 17:08:53,87632.25,SETTLED,SB20260927PM
S1003172,T1003354,2026-09-27 20:56:07,1175.54,SETTLED,SB20260927PM
S1003173,T1003354,2026-09-27 21:00:07,293.89,SETTLED,SB20260927PM
S1003174,T1003355,2026-09-27 11:07:54,1698.60,SETTLED,SB20260927AM
S1003175,T1003355,2026-09-27 11:11:54,424.65,SETTLED,SB20260927AM
S1003176,T1003356,2026-09-27 20:05:42,59601.58,SETTLED,SB20260927PM
S1003177,T1003357,2026-09-27 14:42:22,656.40,SETTLED,SB20260927PM
S1003178,T1003357,2026-09-27 14:46:22,164.10,SETTLED,SB20260927PM
S1003179,T1003358,2026-09-27 13:23:02,4343.47,SETTLED,SB20260927PM
S1003180,T1003359,2026-09-27 12:23:29,6376.53,SETTLED,SB20260927PM
S1003181,T1003360,2026-09-27 20:48:32,1546.70,SETTLED,SB20260927PM
S1003182,T1003361,2026-09-27 14:03:20,3741.79,SETTLED,SB20260927PM
S1003183,T1003362,2026-09-27 08:29:12,2517.94,SETTLED,SB20260927AM
S1003184,T1003363,2026-09-27 13:50:25,2320.41,SETTLED,SB20260927PM
S1003185,T1003364,2026-09-27 14:08:57,592.02,SETTLED,SB20260927PM
S1003186,T1003365,2026-09-27 19:48:10,1515.86,SETTLED,SB20260927PM
S1003187,T1003366,2026-09-27 20:18:45,1139.31,SETTLED,SB20260927PM
S1003188,T1003367,2026-09-27 10:47:39,2483.62,SETTLED,SB20260927AM
S1003189,T1003368,2026-09-27 23:40:41,2231.86,SETTLED,SB20260927PM
S1003190,T1003369,2026-09-27 18:56:05,1569.26,SETTLED,SB20260927PM
S1003191,T1003370,2026-09-27 14:13:49,2127.83,SETTLED,SB20260927PM
S1003192,T1003371,2026-09-27 16:29:45,2975.33,SETTLED,SB20260927PM
S1003193,T1003373,2026-09-27 09:06:50,3093.47,SETTLED,SB20260927AM
S1003194,T1003373,2026-09-27 09:10:50,773.37,SETTLED,SB20260927AM
S1003195,T1003375,2026-09-27 11:29:02,2164.42,SETTLED,SB20260927AM
S1003196,T1003376,2026-09-27 10:21:37,1912.36,SETTLED,SB20260927AM
S1003197,T1003377,2026-09-27 08:44:16,51197.75,SETTLED,SB20260927AM
S1003198,T1003378,2026-09-27 20:18:24,53658.00,SETTLED,SB20260927PM
S1003199,T1003379,2026-09-27 19:52:27,1891.12,SETTLED,SB20260927PM
S1003200,T1003380,2026-09-27 19:20:17,4366.94,SETTLED,SB20260927PM
S1003201,T1003381,2026-09-27 08:56:03,1125.62,SETTLED,SB20260927AM
S1003202,T1003383,2026-09-27 10:19:51,1189.66,SETTLED,SB20260927AM
S1003203,T1003384,2026-09-27 15:49:22,991.93,SETTLED,SB20260927PM
S1003204,T1003385,2026-09-27 22:04:49,1482.17,SETTLED,SB20260927PM
S1003205,T1003386,2026-09-27 18:14:52,1286.98,SETTLED,SB20260927PM
S1003206,T1003386,2026-09-27 18:18:52,321.75,SETTLED,SB20260927PM
S1003207,T1003387,2026-09-27 09:31:12,3814.69,SETTLED,SB20260927AM
S1003208,T1003388,2026-09-27 17:42:19,1651.34,SETTLED,SB20260927PM
S1003209,T1003389,2026-09-27 13:03:18,9237.34,SETTLED,SB20260927PM
S1003210,T1003390,2026-09-27 23:05:20,4460.04,SETTLED,SB20260927PM
S1003211,T1003390,2026-09-27 23:09:20,1115.01,SETTLED,SB20260927PM
S1003212,T1003391,2026-09-27 15:59:59,16287.95,SETTLED,SB20260927PM
S1003213,T1003392,2026-09-27 10:20:43,4847.61,SETTLED,SB20260927AM
S1003214,T1003393,2026-09-27 08:59:18,9306.86,SETTLED,SB20260927AM
S1003215,T1003395,2026-09-27 21:57:48,17416.06,SETTLED,SB20260927PM
S1003216,T1003396,2026-09-27 13:00:59,6928.44,SETTLED,SB20260927PM
S1003217,T1003397,2026-09-27 17:07:11,70820.55,SETTLED,SB20260927PM
S1003218,T1003398,2026-09-27 20:38:40,365.88,SETTLED,SB20260927PM
S1003219,T1003399,2026-09-27 16:52:52,1333.22,SETTLED,SB20260927PM
S1003220,T1003400,2026-09-27 15:32:08,24020.35,SETTLED,SB20260927PM
S1003221,T1003400,2026-09-27 15:36:08,6005.09,SETTLED,SB20260927PM
S1003222,T1003401,2026-09-27 10:47:21,18299.26,SETTLED,SB20260927AM
S1003223,T1003403,2026-09-27 17:45:30,1214.52,SETTLED,SB20260927PM
S1003224,T1003404,2026-09-27 18:50:02,1829.44,SETTLED,SB20260927PM
S1003225,T1003405,2026-09-27 19:09:56,16089.82,SETTLED,SB20260927PM
S1003226,T1003406,2026-09-27 14:34:47,9656.42,SETTLED,SB20260927PM
S1003227,T1003408,2026-09-27 19:48:58,2820.58,SETTLED,SB20260927PM
S1003228,T1003409,2026-09-27 23:00:34,4512.94,SETTLED,SB20260927PM
S1003229,T1003410,2026-09-27 12:41:39,4350.49,SETTLED,SB20260927PM
S1003230,T1003411,2026-09-27 18:38:16,32580.25,SETTLED,SB20260927PM
S1003231,T1003414,2026-09-27 15:41:18,1872.19,SETTLED,SB20260927PM
S1003232,T1003415,2026-09-27 19:33:32,214.09,SETTLED,SB20260927PM
S1003233,T1003416,2026-09-27 12:50:27,3785.66,SETTLED,SB20260927PM
S1003234,T1003417,2026-09-27 07:54:21,1516.93,SETTLED,SB20260927AM
S1003235,T1003417,2026-09-27 07:58:21,379.23,SETTLED,SB20260927AM
S1003236,T1003419,2026-09-27 08:32:23,23246.74,SETTLED,SB20260927AM
S1003237,T1003420,2026-09-27 12:45:55,8755.46,SETTLED,SB20260927PM
S1003238,T1003421,2026-09-27 17:50:44,1269.04,SETTLED,SB20260927PM
S1003239,T1003422,2026-09-27 09:41:09,4499.10,SETTLED,SB20260927AM
S1003240,T1003423,2026-09-27 12:13:13,17829.15,SETTLED,SB20260927PM
S1003241,T1003425,2026-09-27 20:51:25,50020.77,SETTLED,SB20260927PM
S1003242,T1003427,2026-09-27 17:49:40,131.26,SETTLED,SB20260927PM
S1003243,T1003429,2026-09-27 20:58:25,85559.38,SETTLED,SB20260927PM
S1003244,T1003430,2026-09-27 16:04:09,41006.23,SETTLED,SB20260927PM
S1003245,T1003431,2026-09-27 17:42:18,58027.40,SETTLED,SB20260927PM
S1003246,T1003432,2026-09-27 18:35:16,668.25,SETTLED,SB20260927PM
S1003247,T1003434,2026-09-27 11:59:22,79711.69,SETTLED,SB20260927AM
S1003248,T1003435,2026-09-27 18:23:38,2820.04,SETTLED,SB20260927PM
S1003249,T1003436,2026-09-27 08:38:11,7969.68,SETTLED,SB20260927AM
S1003250,T1003437,2026-09-27 18:43:29,5538.89,SETTLED,SB20260927PM
S1003251,T1003438,2026-09-27 12:27:07,1706.18,SETTLED,SB20260927PM
S1003252,T1003439,2026-09-27 08:34:08,180.75,SETTLED,SB20260927AM
S1003253,T1003440,2026-09-27 12:12:41,13740.25,SETTLED,SB20260927PM
S1003254,T1003440,2026-09-27 12:16:41,3435.06,SETTLED,SB20260927PM
S1003255,T1003441,2026-09-27 11:44:22,35358.33,SETTLED,SB20260927AM
S1003256,T1003442,2026-09-27 18:46:32,1033.23,SETTLED,SB20260927PM
S1003257,T1003443,2026-09-27 19:36:06,716.44,SETTLED,SB20260927PM
S1003258,T1003445,2026-09-27 15:52:47,2539.86,SETTLED,SB20260927PM
S1003259,T1003446,2026-09-27 20:49:10,1538.31,SETTLED,SB20260927PM
S1003260,T1003447,2026-09-27 19:00:17,5845.89,SETTLED,SB20260927PM
S1003261,T1003448,2026-09-27 14:04:52,1166.97,SETTLED,SB20260927PM
S1003262,T1003449,2026-09-27 14:53:31,5712.29,SETTLED,SB20260927PM
S1003263,T1003450,2026-09-27 18:18:59,2447.75,SETTLED,SB20260927PM
S1003264,T1003451,2026-09-27 12:10:08,4083.77,SETTLED,SB20260927PM
S1003265,T1003452,2026-09-27 15:41:33,4450.63,SETTLED,SB20260927PM
S1003266,T1003453,2026-09-27 10:52:30,4591.92,SETTLED,SB20260927AM
S1003267,T1003457,2026-09-28 21:31:44,43075.85,SETTLED,SB20260928PM
S1003268,T1003458,2026-09-28 16:38:33,3179.11,SETTLED,SB20260928PM
S1003269,T1003459,2026-09-28 22:05:10,1820.54,PENDING,SB20260928PM
S1003270,T1003460,2026-09-28 13:48:50,852.94,SETTLED,SB20260928PM
S1003271,T1003460,2026-09-28 13:52:50,213.24,SETTLED,SB20260928PM
S1003272,T1003461,2026-09-28 15:57:22,5785.32,SETTLED,SB20260928PM
S1003273,T1003462,2026-09-28 14:56:41,1648.46,SETTLED,SB20260928PM
S1003274,T1003464,2026-09-28 11:36:05,5389.27,SETTLED,SB20260928AM
S1003275,T1003466,2026-09-28 14:25:37,17634.05,SETTLED,SB20260928PM
S1003276,T1003467,2026-09-28 16:27:13,2095.59,SETTLED,SB20260928PM
S1003277,T1003468,2026-09-28 18:23:06,1120.73,SETTLED,SB20260928PM
S1003278,T1003469,2026-09-28 13:57:40,1477.00,SETTLED,SB20260928PM
S1003279,T1003471,2026-09-28 20:42:23,6144.11,SETTLED,SB20260928PM
S1003280,T1003472,2026-09-28 15:48:46,18918.07,FAILED,SB20260928PM
S1003281,T1003473,2026-09-28 13:51:30,38528.80,SETTLED,SB20260928PM
S1003282,T1003474,2026-09-28 13:42:10,261.95,SETTLED,SB20260928PM
S1003283,T1003475,2026-09-28 19:48:03,1214.38,SETTLED,SB20260928PM
S1003284,T1003475,2026-09-28 19:52:03,303.59,SETTLED,SB20260928PM
S1003285,T1003476,2026-09-28 16:39:41,729.65,SETTLED,SB20260928PM
S1003286,T1003478,2026-09-28 18:12:24,56188.41,SETTLED,SB20260928PM
S1003287,T1003480,2026-09-28 15:22:55,351.18,SETTLED,SB20260928PM
S1003288,T1003481,2026-09-28 10:17:11,4082.06,FAILED,SB20260928AM
S1003289,T1003482,2026-09-28 13:11:24,3951.05,SETTLED,SB20260928PM
S1003290,T1003483,2026-09-28 12:03:11,1230.12,SETTLED,SB20260928PM
S1003291,T1003485,2026-09-28 13:37:25,18597.28,SETTLED,SB20260928PM
S1003292,T1003486,2026-09-28 19:15:55,2606.20,SETTLED,SB20260928PM
S1003293,T1003487,2026-09-28 12:40:49,3041.45,SETTLED,SB20260928PM
S1003294,T1003488,2026-09-28 16:36:30,1351.55,SETTLED,SB20260928PM
S1003295,T1003489,2026-09-28 19:17:32,2652.35,SETTLED,SB20260928PM
S1003296,T1003491,2026-09-28 17:56:33,22428.85,SETTLED,SB20260928PM
S1003297,T1003491,2026-09-28 18:00:33,5607.21,SETTLED,SB20260928PM
S1003298,T1003493,2026-09-28 15:44:06,3056.26,SETTLED,SB20260928PM
S1003299,T1003494,2026-09-28 19:01:59,1051.61,SETTLED,SB20260928PM
S1003300,T1003494,2026-09-28 19:05:59,262.90,SETTLED,SB20260928PM
S1003301,T1003495,2026-09-28 12:04:24,4403.49,SETTLED,SB20260928PM
S1003302,T1003496,2026-09-28 19:52:23,1508.85,SETTLED,SB20260928PM
S1003303,T1003497,2026-09-28 18:32:27,17045.06,SETTLED,SB20260928PM
S1003304,T1003498,2026-09-28 18:59:57,3882.48,SETTLED,SB20260928PM
S1003305,T1003499,2026-09-28 09:10:14,3938.17,SETTLED,SB20260928AM
S1003306,T1003500,2026-09-28 09:46:06,4951.83,SETTLED,SB20260928AM
S1003307,T1003501,2026-09-28 10:30:44,76463.44,SETTLED,SB20260928AM
S1003308,T1003502,2026-09-28 13:17:17,1400.64,SETTLED,SB20260928PM
S1003309,T1003503,2026-09-28 16:22:40,12351.22,SETTLED,SB20260928PM
S1003310,T1003504,2026-09-28 11:28:48,2452.91,FAILED,SB20260928AM
S1003311,T1003505,2026-09-28 12:22:49,790.05,SETTLED,SB20260928PM
S1003312,T1003506,2026-09-28 21:19:56,2472.42,SETTLED,SB20260928PM
S1003313,T1003507,2026-09-28 15:49:53,4378.32,SETTLED,SB20260928PM
S1003314,T1003509,2026-09-28 09:07:33,438.30,SETTLED,SB20260928AM
S1003315,T1003510,2026-09-28 13:17:57,1303.98,SETTLED,SB20260928PM
S1003316,T1003511,2026-09-28 15:47:48,1223.30,SETTLED,SB20260928PM
S1003317,T1003512,2026-09-28 11:41:31,3958.47,SETTLED,SB20260928AM
S1003318,T1003514,2026-09-28 13:35:56,2166.25,SETTLED,SB20260928PM
S1003319,T1003514,2026-09-28 13:39:56,541.56,SETTLED,SB20260928PM
S1003320,T1003515,2026-09-28 13:55:55,25558.81,SETTLED,SB20260928PM
S1003321,T1003517,2026-09-28 19:32:42,2339.33,SETTLED,SB20260928PM
S1003322,T1003518,2026-09-28 10:56:41,989.62,SETTLED,SB20260928AM
S1003323,T1003518,2026-09-28 11:00:41,247.41,SETTLED,SB20260928AM
S1003324,T1003519,2026-09-28 13:16:06,1328.14,SETTLED,SB20260928PM
S1003325,T1003520,2026-09-28 14:05:23,1804.25,SETTLED,SB20260928PM
S1003326,T1003521,2026-09-28 14:30:37,2857.98,SETTLED,SB20260928PM
S1003327,T1003522,2026-09-28 10:02:31,813.42,SETTLED,SB20260928AM
S1003328,T1003522,2026-09-28 10:06:31,203.36,SETTLED,SB20260928AM
S1003329,T1003523,2026-09-28 19:28:34,1623.85,SETTLED,SB20260928PM
S1003330,T1003524,2026-09-28 18:18:24,2314.24,SETTLED,SB20260928PM
S1003331,T1003524,2026-09-28 18:22:24,578.56,SETTLED,SB20260928PM
S1003332,T1003525,2026-09-28 15:02:24,1484.29,SETTLED,SB20260928PM
S1003333,T1003525,2026-09-28 15:06:24,371.07,SETTLED,SB20260928PM
S1003334,T1003526,2026-09-28 10:00:30,263.15,SETTLED,SB20260928AM
S1003335,T1003527,2026-09-28 12:42:25,48135.37,SETTLED,SB20260928PM
S1003336,T1003528,2026-09-28 14:38:57,3571.31,SETTLED,SB20260928PM
S1003337,T1003529,2026-09-28 13:51:39,4803.37,SETTLED,SB20260928PM
S1003338,T1003530,2026-09-28 12:35:03,1062.97,SETTLED,SB20260928PM
S1003339,T1003531,2026-09-28 12:20:54,174.33,SETTLED,SB20260928PM
S1003340,T1003532,2026-09-28 10:48:59,55626.89,SETTLED,SB20260928AM
S1003341,T1003533,2026-09-28 12:28:07,2117.65,SETTLED,SB20260928PM
S1003342,T1003534,2026-09-28 14:08:42,69479.07,SETTLED,SB20260928PM
S1003343,T1003535,2026-09-28 13:54:32,37422.32,SETTLED,SB20260928PM
S1003344,T1003536,2026-09-28 19:49:57,2455.19,SETTLED,SB20260928PM
S1003345,T1003537,2026-09-28 08:29:01,696.08,SETTLED,SB20260928AM
S1003346,T1003538,2026-09-28 08:41:49,6680.28,SETTLED,SB20260928AM
S1003347,T1003539,2026-09-28 14:42:33,19725.64,FAILED,SB20260928PM
S1003348,T1003540,2026-09-28 13:14:17,2933.46,SETTLED,SB20260928PM
S1003349,T1003541,2026-09-28 11:21:50,596.13,SETTLED,SB20260928AM
S1003350,T1003542,2026-09-28 11:05:09,3327.32,SETTLED,SB20260928AM
S1003351,T1003543,2026-09-28 13:30:01,1073.63,SETTLED,SB20260928PM
S1003352,T1003544,2026-09-28 19:03:55,67868.55,SETTLED,SB20260928PM
S1003353,T1003545,2026-09-28 22:56:09,1568.93,SETTLED,SB20260928PM
S1003354,T1003546,2026-09-28 17:59:21,56809.24,SETTLED,SB20260928PM
S1003355,T1003547,2026-09-28 15:55:16,1392.21,SETTLED,SB20260928PM
S1003356,T1003548,2026-09-28 08:36:30,1511.74,SETTLED,SB20260928AM
S1003357,T1003549,2026-09-28 19:47:40,2624.00,SETTLED,SB20260928PM
S1003358,T1003551,2026-09-28 14:43:15,3830.52,SETTLED,SB20260928PM
S1003359,T1003552,2026-09-28 11:59:46,1092.76,SETTLED,SB20260928AM
S1003360,T1003554,2026-09-28 23:09:40,54174.38,SETTLED,SB20260928PM
S1003361,T1003555,2026-09-28 19:37:03,69775.61,SETTLED,SB20260928PM
S1003362,T1003556,2026-09-28 19:34:44,2860.00,SETTLED,SB20260928PM
S1003363,T1003557,2026-09-28 17:04:43,13097.66,SETTLED,SB20260928PM
S1003364,T1003558,2026-09-28 23:26:11,941.93,SETTLED,SB20260928PM
S1003365,T1003559,2026-09-28 13:18:59,30677.57,SETTLED,SB20260928PM
S1003366,T1003559,2026-09-28 13:22:59,7669.39,SETTLED,SB20260928PM
S1003367,T1003560,2026-09-28 20:32:24,1018.73,SETTLED,SB20260928PM
S1003368,T1003561,2026-09-28 22:59:29,43843.33,SETTLED,SB20260928PM
S1003369,T1003563,2026-09-28 12:14:32,4976.77,SETTLED,SB20260928PM
S1003370,T1003564,2026-09-28 13:17:52,2801.36,SETTLED,SB20260928PM
S1003371,T1003565,2026-09-28 20:27:45,22254.64,SETTLED,SB20260928PM
S1003372,T1003566,2026-09-28 22:07:05,17360.52,SETTLED,SB20260928PM
S1003373,T1003567,2026-09-28 16:37:14,1671.72,SETTLED,SB20260928PM
S1003374,T1003568,2026-09-28 19:09:30,1417.92,SETTLED,SB20260928PM
S1003375,T1003569,2026-09-28 13:33:25,72347.01,SETTLED,SB20260928PM
S1003376,T1003570,2026-09-28 16:13:42,1835.48,SETTLED,SB20260928PM
S1003377,T1003571,2026-09-28 13:30:17,9082.59,PENDING,SB20260928PM
S1003378,T1003572,2026-09-28 14:28:09,1165.27,SETTLED,SB20260928PM
S1003379,T1003574,2026-09-28 19:59:10,85035.75,SETTLED,SB20260928PM
S1003380,T1003575,2026-09-28 20:35:42,2469.70,SETTLED,SB20260928PM
S1003381,T1003576,2026-09-28 13:03:28,2582.92,SETTLED,SB20260928PM
S1003382,T1003577,2026-09-28 16:04:00,2797.37,SETTLED,SB20260928PM
S1003383,T1003578,2026-09-28 08:23:38,753.63,SETTLED,SB20260928AM
S1003384,T1003579,2026-09-28 14:57:41,4646.10,SETTLED,SB20260928PM
S1003385,T1003580,2026-09-28 11:41:37,4134.19,SETTLED,SB20260928AM
S1003386,T1003581,2026-09-28 09:56:15,7620.07,SETTLED,SB20260928AM
S1003387,T1003582,2026-09-28 15:21:15,4660.20,SETTLED,SB20260928PM
S1003388,T1003582,2026-09-28 15:25:15,1165.05,SETTLED,SB20260928PM
S1003389,T1003583,2026-09-28 21:20:29,121.21,SETTLED,SB20260928PM
S1003390,T1003583,2026-09-28 21:24:29,30.30,SETTLED,SB20260928PM
S1003391,T1003584,2026-09-28 16:45:09,7303.04,SETTLED,SB20260928PM
S1003392,T1003586,2026-09-29 12:33:21,17361.67,SETTLED,SB20260929PM
S1003393,T1003588,2026-09-29 20:09:37,9739.73,SETTLED,SB20260929PM
S1003394,T1003589,2026-09-29 10:58:09,18749.74,SETTLED,SB20260929AM
S1003395,T1003590,2026-09-29 12:36:51,15853.96,SETTLED,SB20260929PM
S1003396,T1003591,2026-09-29 19:15:38,52392.82,SETTLED,SB20260929PM
S1003397,T1003591,2026-09-29 19:19:38,13098.21,SETTLED,SB20260929PM
S1003398,T1003592,2026-09-29 17:59:46,51256.98,SETTLED,SB20260929PM
S1003399,T1003593,2026-09-29 19:20:11,80402.95,SETTLED,SB20260929PM
S1003400,T1003594,2026-09-29 22:00:44,2968.79,SETTLED,SB20260929PM
S1003401,T1003595,2026-09-29 20:36:13,423.71,SETTLED,SB20260929PM
S1003402,T1003597,2026-09-29 11:37:30,41941.50,SETTLED,SB20260929AM
S1003403,T1003598,2026-09-29 20:57:06,59939.59,SETTLED,SB20260929PM
S1003404,T1003599,2026-09-29 16:07:12,2516.66,SETTLED,SB20260929PM
S1003405,T1003600,2026-09-29 19:54:05,7810.94,SETTLED,SB20260929PM
S1003406,T1003601,2026-09-29 22:38:41,1860.03,SETTLED,SB20260929PM
S1003407,T1003602,2026-09-29 18:20:22,2385.31,SETTLED,SB20260929PM
S1003408,T1003603,2026-09-29 20:24:37,1084.09,SETTLED,SB20260929PM
S1003409,T1003604,2026-09-29 13:50:05,1567.12,SETTLED,SB20260929PM
S1003410,T1003605,2026-09-29 18:59:56,9250.12,SETTLED,SB20260929PM
S1003411,T1003606,2026-09-29 20:40:20,2730.05,SETTLED,SB20260929PM
S1003412,T1003608,2026-09-29 12:51:41,7923.93,SETTLED,SB20260929PM
S1003413,T1003609,2026-09-29 12:41:16,4729.86,SETTLED,SB20260929PM
S1003414,T1003610,2026-09-29 16:53:43,31570.98,SETTLED,SB20260929PM
S1003415,T1003611,2026-09-29 17:48:08,2501.30,SETTLED,SB20260929PM
S1003416,T1003612,2026-09-29 17:08:48,4364.14,SETTLED,SB20260929PM
S1003417,T1003613,2026-09-29 22:42:14,9315.48,SETTLED,SB20260929PM
S1003418,T1003614,2026-09-29 13:00:55,977.96,SETTLED,SB20260929PM
S1003419,T1003615,2026-09-29 18:02:14,161.81,SETTLED,SB20260929PM
S1003420,T1003616,2026-09-29 19:09:43,12636.48,SETTLED,SB20260929PM
S1003421,T1003617,2026-09-29 18:51:26,2151.05,SETTLED,SB20260929PM
S1003422,T1003618,2026-09-29 09:55:25,2802.03,SETTLED,SB20260929AM
S1003423,T1003620,2026-09-29 12:48:48,798.57,SETTLED,SB20260929PM
S1003424,T1003622,2026-09-29 12:31:30,2373.82,SETTLED,SB20260929PM
S1003425,T1003623,2026-09-29 14:36:19,2925.48,SETTLED,SB20260929PM
S1003426,T1003624,2026-09-29 16:41:44,11121.72,SETTLED,SB20260929PM
S1003427,T1003625,2026-09-29 10:45:03,40896.47,SETTLED,SB20260929AM
S1003428,T1003626,2026-09-29 14:16:59,71631.12,SETTLED,SB20260929PM
S1003429,T1003627,2026-09-29 23:39:49,19174.67,SETTLED,SB20260929PM
S1003430,T1003628,2026-09-29 19:29:46,45880.96,SETTLED,SB20260929PM
S1003431,T1003629,2026-09-29 18:56:49,44524.92,SETTLED,SB20260929PM
S1003432,T1003630,2026-09-29 15:38:20,533.55,SETTLED,SB20260929PM
S1003433,T1003630,2026-09-29 15:42:20,133.39,SETTLED,SB20260929PM
S1003434,T1003631,2026-09-29 07:59:00,4744.40,SETTLED,SB20260929AM
S1003435,T1003631,2026-09-29 08:03:00,1186.10,SETTLED,SB20260929AM
S1003436,T1003632,2026-09-29 16:26:26,12958.99,SETTLED,SB20260929PM
S1003437,T1003633,2026-09-29 13:33:13,13516.80,SETTLED,SB20260929PM
S1003438,T1003634,2026-09-29 10:02:37,6988.10,SETTLED,SB20260929AM
S1003439,T1003635,2026-09-29 21:22:13,10598.19,SETTLED,SB20260929PM
S1003440,T1003636,2026-09-29 09:49:51,1941.47,SETTLED,SB20260929AM
S1003441,T1003637,2026-09-29 10:17:30,7411.41,SETTLED,SB20260929AM
S1003442,T1003638,2026-09-29 23:51:12,2956.14,SETTLED,SB20260929PM
S1003443,T1003639,2026-09-29 07:11:11,1511.46,SETTLED,SB20260929AM
S1003444,T1003640,2026-09-29 14:19:22,356.27,SETTLED,SB20260929PM
S1003445,T1003641,2026-09-29 12:43:49,5311.95,SETTLED,SB20260929PM
S1003446,T1003642,2026-09-29 14:04:06,17051.88,SETTLED,SB20260929PM
S1003447,T1003643,2026-09-29 19:22:57,2734.57,SETTLED,SB20260929PM
S1003448,T1003644,2026-09-29 10:56:43,1853.16,SETTLED,SB20260929AM
S1003449,T1003645,2026-09-29 17:17:28,2932.42,SETTLED,SB20260929PM
S1003450,T1003646,2026-09-29 20:07:20,4690.18,SETTLED,SB20260929PM
S1003451,T1003647,2026-09-29 22:00:42,4857.91,SETTLED,SB20260929PM
S1003452,T1003648,2026-09-29 13:05:56,651.55,SETTLED,SB20260929PM
S1003453,T1003649,2026-09-29 10:14:30,27036.06,SETTLED,SB20260929AM
S1003454,T1003650,2026-09-29 17:56:59,2322.31,SETTLED,SB20260929PM
S1003455,T1003651,2026-09-29 12:30:12,23394.00,SETTLED,SB20260929PM
S1003456,T1003652,2026-09-29 16:59:55,11237.33,SETTLED,SB20260929PM
S1003457,T1003654,2026-09-29 09:55:49,315.90,SETTLED,SB20260929AM
S1003458,T1003655,2026-09-29 23:19:35,3893.40,SETTLED,SB20260929PM
S1003459,T1003656,2026-09-29 15:50:17,25253.82,SETTLED,SB20260929PM
S1003460,T1003657,2026-09-29 08:40:45,2462.91,SETTLED,SB20260929AM
S1003461,T1003659,2026-09-29 13:05:32,3483.50,SETTLED,SB20260929PM
S1003462,T1003660,2026-09-29 10:09:47,18816.89,PENDING,SB20260929AM
S1003463,T1003663,2026-09-29 13:25:24,2810.95,SETTLED,SB20260929PM
S1003464,T1003665,2026-09-29 18:14:45,2248.49,SETTLED,SB20260929PM
S1003465,T1003666,2026-09-29 11:51:42,1295.39,SETTLED,SB20260929AM
S1003466,T1003667,2026-09-29 15:29:16,2342.18,SETTLED,SB20260929PM
S1003467,T1003668,2026-09-29 11:46:06,1874.08,SETTLED,SB20260929AM
S1003468,T1003669,2026-09-29 15:43:47,4031.74,SETTLED,SB20260929PM
S1003469,T1003670,2026-09-29 18:32:57,2345.20,SETTLED,SB20260929PM
S1003470,T1003671,2026-09-29 20:28:48,11488.86,SETTLED,SB20260929PM
S1003471,T1003672,2026-09-29 15:49:19,32078.27,SETTLED,SB20260929PM
S1003472,T1003673,2026-09-29 14:19:48,1336.51,SETTLED,SB20260929PM
S1003473,T1003674,2026-09-29 15:04:00,15515.32,SETTLED,SB20260929PM
S1003474,T1003675,2026-09-29 09:51:30,2132.82,PENDING,SB20260929AM
S1003475,T1003676,2026-09-29 15:30:37,23911.49,SETTLED,SB20260929PM
S1003476,T1003677,2026-09-29 13:22:47,6600.89,SETTLED,SB20260929PM
S1003477,T1003678,2026-09-29 10:31:42,5837.26,FAILED,SB20260929AM
S1003478,T1003679,2026-09-29 13:38:40,456.14,SETTLED,SB20260929PM
S1003479,T1003680,2026-09-29 21:29:49,705.55,SETTLED,SB20260929PM
S1003480,T1003681,2026-09-29 11:03:58,885.80,SETTLED,SB20260929AM
S1003481,T1003682,2026-09-29 22:06:54,10515.98,SETTLED,SB20260929PM
S1003482,T1003683,2026-09-29 20:21:37,11488.17,SETTLED,SB20260929PM
S1003483,T1003684,2026-09-29 14:45:26,1458.22,SETTLED,SB20260929PM
S1003484,T1003684,2026-09-29 14:49:26,364.56,SETTLED,SB20260929PM
S1003485,T1003685,2026-09-29 23:42:14,399.38,SETTLED,SB20260929PM
S1003486,T1003685,2026-09-29 23:46:14,99.85,SETTLED,SB20260929PM
S1003487,T1003686,2026-09-29 20:54:56,6512.43,SETTLED,SB20260929PM
S1003488,T1003687,2026-09-29 23:20:25,371.27,SETTLED,SB20260929PM
S1003489,T1003688,2026-09-29 17:56:00,17750.08,SETTLED,SB20260929PM
S1003490,T1003690,2026-09-29 17:30:18,42644.46,SETTLED,SB20260929PM
S1003491,T1003690,2026-09-29 17:34:18,10661.12,SETTLED,SB20260929PM
S1003492,T1003691,2026-09-29 12:44:32,80611.46,SETTLED,SB20260929PM
S1003493,T1003692,2026-09-29 14:10:30,7688.04,SETTLED,SB20260929PM
S1003494,T1003693,2026-09-29 12:53:31,1688.65,SETTLED,SB20260929PM
S1003495,T1003694,2026-09-29 20:14:59,5556.95,SETTLED,SB20260929PM
S1003496,T1003695,2026-09-29 14:34:37,2024.01,SETTLED,SB20260929PM
S1003497,T1003696,2026-09-29 20:53:37,7465.27,PENDING,SB20260929PM
S1003498,T1003697,2026-09-29 19:47:39,9259.25,SETTLED,SB20260929PM
S1003499,T1003698,2026-09-29 16:48:40,3338.10,SETTLED,SB20260929PM
S1003500,T1003699,2026-09-29 08:37:28,2496.68,SETTLED,SB20260929AM
S1003501,T1003700,2026-09-29 10:14:36,9844.25,SETTLED,SB20260929AM
S1003502,T1003701,2026-09-29 09:15:24,1012.40,SETTLED,SB20260929AM
S1003503,T1003703,2026-09-29 18:58:43,796.80,SETTLED,SB20260929PM
S1003504,T1003705,2026-09-29 12:33:34,524.24,SETTLED,SB20260929PM
S1003505,T1003706,2026-09-29 16:48:58,8604.43,SETTLED,SB20260929PM
S1003506,T1003707,2026-09-29 12:27:16,3198.12,FAILED,SB20260929PM
S1003507,T1003708,2026-09-29 16:08:31,58845.52,SETTLED,SB20260929PM
S1003508,T1003709,2026-09-29 16:58:42,4636.38,SETTLED,SB20260929PM
S1003509,T1003710,2026-09-29 14:14:14,9880.90,SETTLED,SB20260929PM
S1003510,T1003711,2026-09-29 09:06:09,514.48,SETTLED,SB20260929AM
S1003511,T1003712,2026-09-30 22:15:16,6094.31,SETTLED,SB20260930PM
S1003512,T1003713,2026-09-30 12:50:24,26659.02,SETTLED,SB20260930PM
S1003513,T1003714,2026-09-30 14:08:00,9217.37,SETTLED,SB20260930PM
S1003514,T1003715,2026-09-30 12:41:53,14382.19,SETTLED,SB20260930PM
S1003515,T1003716,2026-09-30 11:53:04,10122.98,SETTLED,SB20260930AM
S1003516,T1003717,2026-09-30 19:20:30,5699.91,SETTLED,SB20260930PM
S1003517,T1003718,2026-09-30 10:59:14,7764.34,SETTLED,SB20260930AM
S1003518,T1003719,2026-09-30 10:31:39,3028.91,SETTLED,SB20260930AM
S1003519,T1003720,2026-09-30 08:22:58,4727.41,SETTLED,SB20260930AM
S1003520,T1003721,2026-09-30 15:57:41,12947.04,SETTLED,SB20260930PM
S1003521,T1003722,2026-09-30 20:00:27,38994.83,SETTLED,SB20260930PM
S1003522,T1003723,2026-09-30 11:44:30,449.64,SETTLED,SB20260930AM
S1003523,T1003724,2026-09-30 10:24:25,2333.24,SETTLED,SB20260930AM
S1003524,T1003725,2026-10-01 00:22:43,5597.16,SETTLED,SB20261001AM
S1003525,T1003726,2026-09-30 12:49:55,6598.35,SETTLED,SB20260930PM
S1003526,T1003727,2026-09-30 10:05:16,3344.07,SETTLED,SB20260930AM
S1003527,T1003728,2026-09-30 11:10:52,2821.47,SETTLED,SB20260930AM
S1003528,T1003730,2026-09-30 16:52:10,927.01,SETTLED,SB20260930PM
S1003529,T1003731,2026-09-30 11:34:14,586.45,SETTLED,SB20260930AM
S1003530,T1003732,2026-09-30 14:24:15,1344.76,SETTLED,SB20260930PM
S1003531,T1003734,2026-09-30 11:37:38,4230.64,SETTLED,SB20260930AM
S1003532,T1003736,2026-09-30 16:28:12,14794.81,SETTLED,SB20260930PM
S1003533,T1003737,2026-09-30 11:13:41,6870.07,SETTLED,SB20260930AM
S1003534,T1003738,2026-09-30 21:57:09,558.96,SETTLED,SB20260930PM
S1003535,T1003739,2026-09-30 21:40:40,7060.91,SETTLED,SB20260930PM
S1003536,T1003740,2026-09-30 17:41:12,2928.02,SETTLED,SB20260930PM
S1003537,T1003742,2026-09-30 12:36:58,617.91,SETTLED,SB20260930PM
S1003538,T1003743,2026-09-30 21:05:39,28583.52,SETTLED,SB20260930PM
S1003539,T1003745,2026-09-30 16:21:50,38148.01,SETTLED,SB20260930PM
S1003540,T1003746,2026-09-30 17:32:42,65410.07,SETTLED,SB20260930PM
S1003541,T1003747,2026-09-30 16:38:33,2559.72,SETTLED,SB20260930PM
S1003542,T1003748,2026-09-30 19:05:40,2014.76,SETTLED,SB20260930PM
S1003543,T1003750,2026-09-30 18:09:51,3697.08,SETTLED,SB20260930PM
S1003544,T1003751,2026-09-30 12:56:37,375.07,SETTLED,SB20260930PM
S1003545,T1003752,2026-09-30 17:48:59,10606.62,SETTLED,SB20260930PM
S1003546,T1003752,2026-09-30 17:52:59,2651.65,SETTLED,SB20260930PM
S1003547,T1003753,2026-09-30 19:43:25,1830.39,SETTLED,SB20260930PM
S1003548,T1003754,2026-09-30 13:23:00,5434.16,PENDING,SB20260930PM
S1003549,T1003755,2026-09-30 10:52:25,540.48,SETTLED,SB20260930AM
S1003550,T1003756,2026-09-30 20:16:01,144.91,SETTLED,SB20260930PM
S1003551,T1003757,2026-09-30 14:26:13,1899.54,SETTLED,SB20260930PM
S1003552,T1003758,2026-09-30 15:42:41,2198.50,SETTLED,SB20260930PM
S1003553,T1003759,2026-09-30 11:57:47,902.62,SETTLED,SB20260930AM
S1003554,T1003760,2026-09-30 11:21:49,5971.62,SETTLED,SB20260930AM
S1003555,T1003761,2026-09-30 10:14:40,2122.60,SETTLED,SB20260930AM
S1003556,T1003762,2026-09-30 12:58:03,1983.69,SETTLED,SB20260930PM
S1003557,T1003764,2026-09-30 17:06:16,80501.23,SETTLED,SB20260930PM
S1003558,T1003765,2026-09-30 17:44:07,1394.82,SETTLED,SB20260930PM
S1003559,T1003766,2026-09-30 18:54:45,5556.18,FAILED,SB20260930PM
S1003560,T1003767,2026-09-30 19:04:47,1619.04,SETTLED,SB20260930PM
S1003561,T1003767,2026-09-30 19:08:47,404.76,SETTLED,SB20260930PM
S1003562,T1003769,2026-09-30 16:21:14,17358.34,SETTLED,SB20260930PM
S1003563,T1003771,2026-09-30 18:06:39,78067.61,SETTLED,SB20260930PM
S1003564,T1003772,2026-09-30 12:43:21,921.98,SETTLED,SB20260930PM
S1003565,T1003772,2026-09-30 12:47:21,230.49,SETTLED,SB20260930PM
S1003566,T1003773,2026-09-30 19:54:13,3254.78,SETTLED,SB20260930PM
S1003567,T1003774,2026-09-30 18:21:45,3098.57,SETTLED,SB20260930PM
S1003568,T1003774,2026-09-30 18:25:45,774.64,SETTLED,SB20260930PM
S1003569,T1003775,2026-09-30 20:09:33,66250.72,SETTLED,SB20260930PM
S1003570,T1003777,2026-09-30 09:57:13,9720.86,SETTLED,SB20260930AM
S1003571,T1003778,2026-09-30 19:31:06,1541.02,SETTLED,SB20260930PM
S1003572,T1003778,2026-09-30 19:35:06,385.25,SETTLED,SB20260930PM
S1003573,T1003779,2026-09-30 13:31:40,5508.07,SETTLED,SB20260930PM
S1003574,T1003780,2026-09-30 07:13:00,55025.31,SETTLED,SB20260930AM
S1003575,T1003781,2026-09-30 17:46:24,42826.28,SETTLED,SB20260930PM
S1003576,T1003782,2026-09-30 12:12:08,2335.46,SETTLED,SB20260930PM
S1003577,T1003783,2026-09-30 21:37:49,81715.08,SETTLED,SB20260930PM
S1003578,T1003785,2026-09-30 19:34:48,1511.56,SETTLED,SB20260930PM
S1003579,T1003786,2026-09-30 07:29:46,9024.63,SETTLED,SB20260930AM
S1003580,T1003786,2026-09-30 07:33:46,2256.16,SETTLED,SB20260930AM
S1003581,T1003788,2026-09-30 20:01:49,1032.72,SETTLED,SB20260930PM
S1003582,T1003789,2026-09-30 12:07:15,1537.00,SETTLED,SB20260930PM
S1003583,T1003790,2026-09-30 09:49:09,474.56,SETTLED,SB20260930AM
S1003584,T1003791,2026-09-30 16:22:34,33790.22,SETTLED,SB20260930PM
S1003585,T1003792,2026-09-30 07:19:39,2271.03,SETTLED,SB20260930AM
S1003586,T1003793,2026-09-30 19:47:22,2546.63,SETTLED,SB20260930PM
S1003587,T1003794,2026-09-30 18:07:28,10540.61,SETTLED,SB20260930PM
S1003588,T1003795,2026-09-30 10:45:27,278.43,SETTLED,SB20260930AM
S1003589,T1003795,2026-09-30 10:49:27,69.61,SETTLED,SB20260930AM
S1003590,T1003796,2026-09-30 18:27:33,37370.01,SETTLED,SB20260930PM
S1003591,T1003797,2026-09-30 12:36:04,2453.99,SETTLED,SB20260930PM
S1003592,T1003799,2026-09-30 21:14:23,3031.56,SETTLED,SB20260930PM
S1003593,T1003801,2026-09-30 13:52:46,567.34,SETTLED,SB20260930PM
S1003594,T1003802,2026-09-30 13:05:02,2017.06,SETTLED,SB20260930PM
S1003595,T1003802,2026-09-30 13:09:02,504.26,SETTLED,SB20260930PM
S1003596,T1003804,2026-09-30 14:08:13,758.67,SETTLED,SB20260930PM
S1003597,T1003805,2026-09-30 09:50:53,6899.02,SETTLED,SB20260930AM
S1003598,T1003806,2026-09-30 09:29:55,5132.56,SETTLED,SB20260930AM
S1003599,T1003807,2026-09-30 16:51:09,35868.68,SETTLED,SB20260930PM
S1003600,T1003808,2026-09-30 18:09:16,86549.89,SETTLED,SB20260930PM
S1003601,T1003809,2026-09-30 17:18:50,5722.44,SETTLED,SB20260930PM
S1003602,T1003810,2026-09-30 18:37:28,1701.75,SETTLED,SB20260930PM
S1003603,T1003812,2026-09-30 23:30:46,5741.61,PENDING,SB20260930PM
S1003604,T1003813,2026-09-30 16:10:55,23784.76,SETTLED,SB20260930PM
S1003605,T1003814,2026-09-30 19:22:49,2931.67,SETTLED,SB20260930PM
S1003606,T1003815,2026-09-30 17:34:36,2613.59,SETTLED,SB20260930PM
S1003607,T1003816,2026-09-30 14:59:57,4818.85,SETTLED,SB20260930PM
S1003608,T1003817,2026-09-30 12:35:12,1125.77,SETTLED,SB20260930PM
S1003609,T1003819,2026-09-30 18:28:02,895.98,SETTLED,SB20260930PM
S1003610,T1003821,2026-09-30 09:30:22,28517.78,SETTLED,SB20260930AM
S1003611,T1003821,2026-09-30 09:34:22,7129.44,SETTLED,SB20260930AM
S1003612,T1003822,2026-09-30 11:32:34,63644.45,SETTLED,SB20260930AM
S1003613,T1003823,2026-09-30 12:26:02,11794.95,SETTLED,SB20260930PM
S1003614,T1003824,2026-09-30 20:24:37,933.63,SETTLED,SB20260930PM
S1003615,T1003825,2026-09-30 14:52:51,626.13,SETTLED,SB20260930PM
S1003616,T1003826,2026-09-30 13:12:36,289.45,SETTLED,SB20260930PM
S1003617,T1003827,2026-09-30 11:26:05,45621.58,SETTLED,SB20260930AM
S1003618,T1003828,2026-09-30 20:19:18,16157.12,SETTLED,SB20260930PM
S1003619,T1001,2026-09-02 10:10:00,8000.00,SETTLED,SB20260902AM
S1003620,T1001,2026-09-02 10:12:00,2000.00,SETTLED,SB20260902AM
S1003621,T1000744,2026-09-06 13:01:10,-478.16,SETTLED,SB20260906PM
S1003622,T1003121,2026-09-25 13:05:58,-985.49,SETTLED,SB20260925PM
S1003623,T1003580,2026-09-28 13:35:37,-233.15,SETTLED,SB20260928PM
S1003624,T1002428,2026-09-20 14:48:39,-517.70,SETTLED,SB20260920PM
S1003625,T1000819,2026-09-07 22:33:48,-883.59,SETTLED,SB20260907PM
S1003626,T1001535,2026-09-13 20:00:27,-351.17,SETTLED,SB20260913PM
S1003627,T1002532,2026-09-20 15:02:51,-920.03,SETTLED,SB20260920PM
S1003628,T1003287,2026-09-26 16:19:18,-409.79,SETTLED,SB20260926PM
S1003629,T1999900,2026-09-05 15:00:00,3800.68,SETTLED,SB20260905PM
S1003630,T1999901,2026-09-06 15:00:00,1564.06,SETTLED,SB20260906PM
S1003631,T1999902,2026-09-07 15:00:00,4716.05,SETTLED,SB20260907PM
S1003632,T1999903,2026-09-08 15:00:00,2803.04,SETTLED,SB20260908PM
S1003633,T1999904,2026-09-09 15:00:00,3875.94,SETTLED,SB20260909PM
S1003634,T1999905,2026-09-10 15:00:00,1110.49,SETTLED,SB20260910PM
S1003635,T1999906,2026-09-11 15:00:00,4015.02,SETTLED,SB20260911PM
S1003636,T1999907,2026-09-12 15:00:00,1372.57,SETTLED,SB20260912PM
S1003637,T1999908,2026-09-13 15:00:00,4118.66,SETTLED,SB20260913PM
S1003638,T1999909,2026-09-14 15:00:00,1814.74,SETTLED,SB20260914PM
S1003639,T1001268,2026-09-31 25:61:00,100.00,SETTLED,SB-BAD
S1003640,T1001812,2026-09-31 25:61:00,100.00,SETTLED,SB-BAD
S1003641,T1003214,2026-09-31 25:61:00,100.00,SETTLED,SB-BAD
